{"0.40816326530612246": 0.0, "0.0": 0.0, "0.20408163265306123": 0.0, "0.6122448979591837": 0.0, "0.8163265306122449": 0.0, "1.0204081632653061": 0.0, "3.2653061224489797": 0.3545613924422485, "3.4693877551020407": 0.4272596227693529, "2.6530612244897958": 0.04544498400480011, "3.0612244897959187": 0.26900603046568033, "1.2244897959183674": 0.0, "1.4285714285714286": 0.0, "2.857142857142857": 0.1673850381087628, "3.673469387755102": 0.48951821834549814, "3.8775510204081636": 0.5432212913230472, "1.836734693877551": 0.0, "1.6326530612244898": 0.0, "2.0408163265306123": 0.0, "2.2448979591836737": 0.0, "2.4489795918367347": 5e-323, "4.081632653061225": 0.5898316662117362, "4.4897959183673475": 0.6662144271188856, "4.6938775510204085": 0.697675125396768, "4.285714285714286": 0.6305192956477279, "4.8979591836734695": 0.7255221889440316, "5.1020408163265305": 0.7502613705614176, "5.510204081632653": 0.7920468438177302, "5.3061224489795915": 0.7723190988389259, "6.122448979591837": 0.8400175392207597, "5.714285714285714": 0.8097445941045438, "6.326530612244898": 0.8529929926341477, "5.918367346938775": 0.8256630086568002, "6.530612244897959": 0.8647458352882315, "6.73469387755102": 0.8754139214437613, "6.938775510204081": 0.8851146329879082, "7.142857142857143": 0.8939515235715637, "7.346938775510204": 0.9020153249538826, "7.755102040816327": 0.9161277238822918, "7.551020408163265": 0.909384071386619, "7.959183673469388": 0.9223082186300566, "8.16326530612245": 0.9279789348668348, "8.36734693877551": 0.9331888557881338, "8.571428571428571": 0.937980267853474, "8.775510204081632": 0.9423916964041217, "8.979591836734695": 0.9464576867582375, "9.183673469387756": 0.9502083323144773, "9.387755102040817": 0.9536713990444231, "9.591836734693878": 0.9568719500943564, "9.795918367346939": 0.9598318018297463, "10.0": 0.9625715281503939}