{"0.20408163265306123": 0.0, "0.6122448979591837": -2.220446049250313e-16, "0.8163265306122449": 1.3766765505351941e-14, "0.0": 0.0, "0.40816326530612246": -1.7275070263167436e-13, "1.2244897959183674": 6.217248937900877e-15, "1.0204081632653061": 0.0, "2.0408163265306123": 3.278821658625475e-12, "3.0612244897959187": 0.14073280844384384, "1.4285714285714286": 5.349054532644004e-13, "1.6326530612244898": 5.67323965583455e-14, "2.4489795918367347": 6.628977367029165e-10, "1.836734693877551": 8.947287355454137e-12, "2.6530612244897958": 0.04544385241117044, "2.857142857142857": 0.09517688946852187, "3.8775510204081636": 0.2914313774174975, "3.2653061224489797": 0.18270379625772493, "3.4693877551020407": 0.22156461600103405, "4.081632653061225": 0.3230193741149301, "3.673469387755102": 0.2577012466075025, "2.2448979591836737": 6.238587424434172e-11, "4.4897959183673475": 0.38062384220403067, "4.285714285714286": 0.35268740440219937, "5.1020408163265305": 0.4555459545011997, "4.6938775510204085": 0.40698970761444464, "4.8979591836734695": 0.43192366602644183, "5.3061224489795915": 0.4779614986367722, "5.918367346938775": 0.5388364759483149, "7.142857142857143": 0.6376779582137722, "6.73469387755102": 0.6076439939174942, "5.714285714285714": 0.519530011640853, "6.938775510204081": 0.6229901760706331, "6.326530612244898": 0.574816857174038, "5.510204081632653": 0.4992624110034456, "7.755102040816327": 0.6781336371236542, "6.530612244897959": 0.591600456067013, "7.346938775510204": 0.6517430175875205, "9.387755102040817": 0.7643062244763438, "7.551020408163265": 0.665218154718195, "8.16326530612245": 0.7023957715589428, "6.122448979591837": 0.5572461873566178, "7.959183673469388": 0.6905174942952202, "8.36734693877551": 0.7137927490672988, "10.0": 0.790101917684542, "8.775510204081632": 0.7352322099009106, "8.571428571428571": 0.724731131089957, "9.591836734693878": 0.7732473687739219, "9.183673469387756": 0.7550014006691743, "9.795918367346939": 0.7818408572095894, "8.979591836734695": 0.7453160078544205}