{"0.20408163265306123": -2.220446049250313e-16, "0.6122448979591837": -4.440892098500626e-16, "0.8163265306122449": 4.6074255521943996e-14, "0.0": 0.0, "0.40816326530612246": -5.755396159656812e-13, "1.2244897959183674": 2.0650148258027912e-14, "1.0204081632653061": 1.1102230246251565e-16, "2.0408163265306123": 1.0713763209935223e-11, "3.0612244897959187": 0.39684708212105746, "1.4285714285714286": 1.783129199850464e-12, "1.6326530612244898": 1.8540724511240114e-13, "1.836734693877551": 2.9791946687396376e-11, "2.4489795918367347": 2.2040173019988174e-09, "2.6530612244897958": 0.14360998207033515, "2.857142857142857": 0.2835064552313509, "3.8775510204081636": 0.6828439083379592, "3.2653061224489797": 0.4895753898666907, "3.4693877551020407": 0.5660811042113872, "4.081632653061225": 0.7275704974215429, "3.673469387755102": 0.6296641363293766, "2.2448979591836737": 2.0675205991693701e-10, "4.4897959183673475": 0.7974580621134565, "4.285714285714286": 0.765371804578493, "4.6938775510204085": 0.8247972980799572, "5.1020408163265305": 0.8682135197753367, "4.8979591836734695": 0.8481706580160073, "5.3061224489795915": 0.8854464339069071, "5.918367346938775": 0.9242265138799223, "7.142857142857143": 0.9660901407831021, "6.73469387755102": 0.9557813380531401, "5.714285714285714": 0.9131263590995811, "6.938775510204081": 0.9612876899838994, "6.326530612244898": 0.9422007676032894, "5.510204081632653": 0.900298675173096, "7.755102040816327": 0.9771467092159766, "6.530612244897959": 0.949461714589459, "9.387755102040817": 0.9919060307393249, "7.346938775510204": 0.9702823677435899, "7.551020408163265": 0.9739448120263352, "8.16326530612245": 0.9823996155470803, "6.122448979591837": 0.9338481083089387, "7.959183673469388": 0.9799477756857404, "8.36734693877551": 0.9845468995305547, "10.0": 0.9944952455348447, "8.775510204081632": 0.9880776121403613, "8.571428571428571": 0.9864283567432693, "9.591836734693878": 0.9928833696380553, "9.183673469387756": 0.9907926481906834, "9.795918367346939": 0.9937415310403445, "8.979591836734695": 0.9895238961893746}