{"3.8775510204081636": 0.7009990422219841, "0.20408163265306123": 5.462186286752792e-07, "3.0612244897959187": 0.5196366990410639, "3.673469387755102": 0.6649205800766868, "2.857142857142857": 0.45429431658229213, "3.2653061224489797": 0.5754426119961087, "0.40816326530612246": 6.039675702922421e-07, "3.4693877551020407": 0.6234234187023127, "0.8163265306122449": 7.780714323880503e-07, "2.6530612244897958": 0.37720055067451014, "2.4489795918367347": 0.2854411984665225, "2.2448979591836737": 0.1751085106751435, "1.0204081632653061": 9.191129026993975e-07, "0.6122448979591837": 6.783593034704115e-07, "0.0": 5e-07, "1.4285714285714286": 1.5063566463892588e-06, "1.2244897959183674": 1.1346439692563349e-06, "1.6326530612244898": 2.304514809160431e-06, "4.081632653061225": 0.732513830918086, "1.836734693877551": 5.274605910713416e-06, "2.0408163265306123": 0.040851876067686664, "4.285714285714286": 0.7601584013152257, "5.918367346938775": 0.8935031479201577, "5.1020408163265305": 0.8420142388790481, "4.4897959183673475": 0.7845003079238498, "4.8979591836734695": 0.8250705629623742, "5.3061224489795915": 0.8571134658163146, "4.6938775510204085": 0.8060079004186813, "7.142857142857143": 0.9392429082646921, "6.122448979591837": 0.9032330301075953, "5.714285714285714": 0.8826742318264245, "5.510204081632653": 0.8706007956294171, "6.73469387755102": 0.9270004130043737, "7.346938775510204": 0.9444980416617873, "6.326530612244898": 0.9119893014389279, "6.938775510204081": 0.933430921030521, "6.530612244897959": 0.9198804219114415, "7.551020408163265": 0.9492498344983057, "7.755102040816327": 0.9535445852586982, "8.979591836734695": 0.9715673316533261, "8.36734693877551": 0.9640566236161809, "8.16326530612245": 0.960916575374553, "9.387755102040817": 0.9751261709755442, "7.959183673469388": 0.9574221496750185, "8.775510204081632": 0.9693647029529204, "8.571428571428571": 0.966866198741307, "9.591836734693878": 0.9764938196462416, "9.183673469387756": 0.9734853226525537, "10.0": 0.9784085790353687, "9.795918367346939": 0.9775888356322898}