{"3.8775510204081636": 0.7970247474823655, "0.20408163265306123": 5.599087744277498e-07, "3.0612244897959187": 0.6238191789565467, "3.673469387755102": 0.7647565785055723, "2.857142857142857": 0.5551813068151181, "3.2653061224489797": 0.6799354740213609, "0.40816326530612246": 6.354142336954542e-07, "3.4693877551020407": 0.7262395115087933, "0.8163265306122449": 8.658918033755882e-07, "2.6530612244897958": 0.4703317783486388, "2.4489795918367347": 0.3641401824800843, "2.2448979591836737": 0.22930181581049722, "1.0204081632653061": 1.05446468974806e-06, "0.6122448979591837": 7.334720742751243e-07, "0.0": 5e-07, "1.4285714285714286": 1.8467234927342057e-06, "1.2244897959183674": 1.34433434443955e-06, "1.6326530612244898": 2.9296088559122087e-06, "4.081632653061225": 0.8242285573332437, "1.836734693877551": 6.969590594520163e-06, "2.0408163265306123": 0.055132071734723696, "4.285714285714286": 0.8472917392697342, "5.918367346938775": 0.9460922372903228, "5.1020408163265305": 0.9106821142019459, "4.4897959183673475": 0.8669427518550867, "4.8979591836734695": 0.8982156294635615, "5.3061224489795915": 0.9214701497404755, "4.6938775510204085": 0.8837618842922229, "7.142857142857143": 0.9736724254881098, "6.122448979591837": 0.9523082634000385, "5.714285714285714": 0.938982759979793, "5.510204081632653": 0.9308336657117953, "7.346938775510204": 0.9765325389306135, "6.73469387755102": 0.9667300104086248, "6.326530612244898": 0.9577535898651827, "6.938775510204081": 0.9704226552744859, "6.530612244897959": 0.9625316837512009, "7.551020408163265": 0.9790479837771131, "7.755102040816327": 0.9812566134055944, "8.979591836734695": 0.9894756992936913, "8.36734693877551": 0.9863304588685375, "8.16326530612245": 0.9848742827498392, "9.387755102040817": 0.9906305410218094, "7.959183673469388": 0.9831900278541317, "8.775510204081632": 0.9886206788836885, "8.571428571428571": 0.9875751195775263, "9.591836734693878": 0.9909302413208892, "9.183673469387756": 0.9901451359194496, "10.0": 0.9909506642380062, "9.795918367346939": 0.991039498793472}