{"0.0": 0.0, "0.20408163265306123": 0.0, "0.40816326530612246": 0.0, "0.6122448979591837": 0.0, "2.0408163265306123": 0.18929616454006007, "0.8163265306122449": 0.0, "1.836734693877551": 0.09406655306036103, "2.2448979591836737": 0.26965477182599623, "2.4489795918367347": 0.33842464531318983, "2.6530612244897958": 0.3979664432672938, "3.0612244897959187": 0.4959132337184051, "1.0204081632653061": 0.0, "2.857142857142857": 0.4500229458943107, "3.4693877551020407": 0.5730508426240494, "3.8775510204081636": 0.6352279283630825, "3.2653061224489797": 0.5366559717889349, "3.673469387755102": 0.6057362662410751, "1.2244897959183674": 0.0, "4.285714285714286": 0.6862461042912541, "4.081632653061225": 0.6619482215499108, "1.4285714285714286": 0.0, "1.6326530612244898": -2.5e-323, "4.4897959183673475": 0.7084133438114671, "4.6938775510204085": 0.7286954243695006, "4.8979591836734695": 0.7473009933383639, "5.1020408163265305": 0.7644086131229013, "5.3061224489795915": 0.7801716878436716, "5.714285714285714": 0.8081797723106277, "5.510204081632653": 0.7947234910163511, "5.918367346938775": 0.8206421435569405, "6.122448979591837": 0.8321996942967143, "6.326530612244898": 0.8429312086013544, "6.73469387755102": 0.8621872864298947, "6.530612244897959": 0.8529064951331826, "6.938775510204081": 0.8708287255321675, "7.142857142857143": 0.878879651623445, "7.346938775510204": 0.8863836776719412, "7.551020408163265": 0.8933793532253054, "7.755102040816327": 0.899900861253998, "7.959183673469388": 0.9059782752574329, "8.16326530612245": 0.911637674745162, "8.36734693877551": 0.9169016481222413, "8.775510204081632": 0.9263159871399174, "8.571428571428571": 0.9217891785245077, "8.979591836734695": 0.9304945712716323, "9.387755102040817": 0.9378410819554731, "9.183673469387756": 0.9343341812170101, "9.591836734693878": 0.941018554377945, "9.795918367346939": 0.9438668624931645, "10.0": 0.9463835532738033}