{"0.6122448979591837": 5.987119405364766e-07, "3.4693877551020407": 0.8621575159528233, "0.20408163265306123": 1.3716811999199476e-07, "3.2653061224489797": 0.8361528856659914, "2.2448979591836737": 0.5744220376138033, "3.0612244897959187": 0.8042994159559059, "2.857142857142857": 0.7649436422181196, "0.8163265306122449": 1.0333315621276848e-06, "3.8775510204081636": 0.901255025832524, "1.0204081632653061": 1.830701579082346e-06, "2.6530612244897958": 0.7158294750164353, "2.0408163265306123": 0.4710840255778241, "3.673469387755102": 0.8835467371704474, "1.2244897959183674": 3.7702245198254353e-06, "2.4489795918367347": 0.6538153221496781, "0.40816326530612246": 3.251746924509616e-07, "1.6326530612244898": 0.14705662336004569, "0.0": 0.0, "4.081632653061225": 0.9160001205910584, "1.836734693877551": 0.33385492304408343, "4.6938775510204085": 0.9474680064373506, "4.285714285714286": 0.92834003115299, "5.1020408163265305": 0.9611822913891399, "4.4897959183673475": 0.9387133139273958, "4.8979591836734695": 0.9548827299489504, "5.510204081632653": 0.9711333151003553, "5.3061224489795915": 0.9665493616352946, "6.530612244897959": 0.9859384990017792, "1.4285714285714286": 1.5497621435988468e-05, "5.714285714285714": 0.9750569883952049, "7.142857142857143": 0.9907347328989046, "6.73469387755102": 0.9877818399012213, "6.938775510204081": 0.9893692171854541, "6.326530612244898": 0.9837982939871789, "7.551020408163265": 0.9929083310252177, "7.346938775510204": 0.9919066807896165, "6.122448979591837": 0.9813122792227168, "5.918367346938775": 0.9784218947566804, "8.16326530612245": 0.9950609408627664, "7.959183673469388": 0.9944722837574237, "8.36734693877551": 0.9955326791976841, "7.755102040816327": 0.9937585495213185, "8.571428571428571": 0.9958926312273908, "9.183673469387756": 0.9963109913137219, "8.979591836734695": 0.9962835525427107, "8.775510204081632": 0.9961430728775457, "9.387755102040817": 0.9962197646634388, "10.0": 0.9951411767551092, "9.795918367346939": 0.9956465208987639, "9.591836734693878": 0.9960017746811055}