{"0.6122448979591837": 1.7381959563962228e-07, "3.4693877551020407": 0.25030379495404537, "0.20408163265306123": 3.982300257832105e-08, "3.2653061224489797": 0.24275406358044913, "2.2448979591836737": 0.1667676883394912, "3.0612244897959187": 0.2335062820517145, "2.857142857142857": 0.2220804122568734, "0.8163265306122449": 2.999994857790051e-07, "3.8775510204081636": 0.26165468491911975, "1.0204081632653061": 5.314940068303583e-07, "2.6530612244897958": 0.20782146048864253, "2.0408163265306123": 0.13676633000646504, "3.673469387755102": 0.2565135688559363, "1.2244897959183674": 1.0945813122073842e-06, "2.4489795918367347": 0.18981735159184204, "0.40816326530612246": 9.440555587285978e-08, "1.6326530612244898": 0.04269385839485194, "0.0": 0.0, "4.081632653061225": 0.265935518881275, "1.836734693877551": 0.09692562281925003, "4.6938775510204085": 0.27507135670761795, "4.285714285714286": 0.2695180735605454, "5.1020408163265305": 0.27905292330652454, "4.4897959183673475": 0.2725296717853728, "4.8979591836734695": 0.27722401837227595, "5.510204081632653": 0.28194193019042574, "5.3061224489795915": 0.280611104990892, "6.530612244897959": 0.2862402093876133, "1.4285714285714286": 4.499309449157939e-06, "5.714285714285714": 0.28308106114699494, "7.142857142857143": 0.2876326643900046, "6.73469387755102": 0.2867753728745481, "6.938775510204081": 0.28723622434416407, "6.326530612244898": 0.2856188595446648, "7.551020408163265": 0.2882637090073213, "7.346938775510204": 0.28797290732601766, "6.122448979591837": 0.28489711332272427, "5.918367346938775": 0.28405796944548783, "8.16326530612245": 0.2888886602504806, "7.959183673469388": 0.28871775980054226, "8.36734693877551": 0.289025616541263, "7.755102040816327": 0.2885105466352214, "8.571428571428571": 0.28913011874343597, "9.183673469387756": 0.2892515781233386, "8.979591836734695": 0.2892436120285289, "8.775510204081632": 0.28920282760961, "9.387755102040817": 0.28922509296680465, "10.0": 0.28891195454180596, "9.795918367346939": 0.28905866735770563, "9.591836734693878": 0.2891618055525789}