{"0.6122448979591837": 4.2489234489685455e-07, "3.4693877551020407": 0.6118537209987778, "0.20408163265306123": 9.73451174136737e-08, "3.2653061224489797": 0.5933988220855426, "2.2448979591836737": 0.40765434927431204, "3.0612244897959187": 0.5707931339041913, "2.857142857142857": 0.5428632299612465, "0.8163265306122449": 7.333320763486797e-07, "3.8775510204081636": 0.6396003409134042, "1.0204081632653061": 1.299207572251988e-06, "2.6530612244897958": 0.5080080145277929, "2.0408163265306123": 0.334317695571359, "3.673469387755102": 0.6270331683145112, "1.2244897959183674": 2.6756432076180507e-06, "2.4489795918367347": 0.46399797055783615, "0.40816326530612246": 2.3076913657810172e-07, "1.6326530612244898": 0.1043627649651937, "0.0": 0.0, "4.081632653061225": 0.6500646017097834, "1.836734693877551": 0.23692930022483344, "4.6938775510204085": 0.6723966497297328, "4.285714285714286": 0.6588219575924446, "5.1020408163265305": 0.6821293680826156, "4.4897959183673475": 0.6661836421420229, "4.8979591836734695": 0.6776587115766747, "5.510204081632653": 0.6891913849099296, "5.3061224489795915": 0.6859382566444028, "6.530612244897959": 0.6996982896141659, "1.4285714285714286": 1.0998311986830525e-05, "5.714285714285714": 0.6919759272482099, "7.142857142857143": 0.7031020685089002, "6.73469387755102": 0.7010064670266731, "6.938775510204081": 0.7021329928412903, "6.326530612244898": 0.6981794344425141, "7.551020408163265": 0.7046446220178962, "7.346938775510204": 0.7039337734635988, "6.122448979591837": 0.6964151658999926, "5.918367346938775": 0.6943639253111927, "8.16326530612245": 0.7061722806122859, "7.959183673469388": 0.7057545239568814, "8.36734693877551": 0.7065070626564206, "7.755102040816327": 0.7052480028860969, "8.571428571428571": 0.7067625124839546, "9.183673469387756": 0.7070594131903835, "8.979591836734695": 0.707039940514182, "8.775510204081632": 0.7069402452679356, "9.387755102040817": 0.7069946716966338, "10.0": 0.7062292222133033, "9.795918367346939": 0.7065878535410584, "9.591836734693878": 0.7068399691285268}