{"0.0": 0.0, "0.20408163265306123": 0.0, "0.40816326530612246": 0.0, "0.6122448979591837": 0.0, "0.8163265306122449": 0.0, "1.0204081632653061": 0.0, "1.2244897959183674": 0.0, "1.4285714285714286": 0.0, "1.6326530612244898": 0.0, "1.836734693877551": 0.0, "2.0408163265306123": 0.0, "2.2448979591836737": 0.0, "2.4489795918367347": 0.0, "2.6530612244897958": 0.0, "2.857142857142857": 0.0, "3.4693877551020407": 0.0, "3.0612244897959187": 0.0, "3.2653061224489797": 0.0, "3.673469387755102": 0.0, "6.122448979591837": 0.10397002376555835, "5.918367346938775": 0.04616813842259847, "6.326530612244898": 0.15715758682228534, "3.8775510204081636": 0.0, "6.530612244897959": 0.20620771529743864, "6.73469387755102": 0.25153289347387237, "4.081632653061225": 0.0, "7.142857142857143": 0.3324178291949273, "4.6938775510204085": 0.0, "4.285714285714286": 0.0, "6.938775510204081": 0.2934972802754888, "7.346938775510204": 0.3685756574709484, "4.8979591836734695": 0.0, "7.551020408163265": 0.40221721016349543, "4.4897959183673475": 0.0, "7.755102040816327": 0.4335614890384909, "8.16326530612245": 0.4901119602918322, "7.959183673469388": 0.46280269726648726, "8.36734693877551": 0.5156424354236301, "8.775510204081632": 0.5618920254217342, "8.571428571428571": 0.5395290319936141, "5.1020408163265305": -2e-323, "9.183673469387756": 0.602460481850089, "8.979591836734695": 0.5828380210198838, "5.3061224489795915": -1.5e-323, "9.387755102040817": 0.620842286911351, "9.795918367346939": 0.654164790493884, "5.510204081632653": -3e-323, "9.591836734693878": 0.6380561601333562, "10.0": 0.6692231343830554, "5.714285714285714": 7.36e-322}