{"0.20408163265306123": 3.0109248427834245e-13, "3.8775510204081636": 0.4924536805932884, "3.0612244897959187": 0.3591337279011466, "0.6122448979591837": 1.8677059898664083e-11, "3.4693877551020407": 0.4308573597289641, "0.40816326530612246": 9.736655925962623e-14, "1.0204081632653061": 4.266742514857924e-11, "0.8163265306122449": 1.1928236176572682e-12, "3.673469387755102": 0.4627732197180566, "1.2244897959183674": 2.290612144406623e-12, "3.2653061224489797": 0.3964246711587259, "2.857142857142857": 0.31856499626756607, "2.4489795918367347": 0.22536287212041362, "2.2448979591836737": 0.17121191596277663, "2.6530612244897958": 0.27419553996742185, "2.0408163265306123": 0.11061475976982926, "1.4285714285714286": 7.666645096549018e-12, "1.6326530612244898": 3.474032173045316e-11, "1.836734693877551": 0.04204479587970189, "0.0": 0.0, "4.285714285714286": 0.546010129758141, "4.081632653061225": 0.5201334057000991, "4.6938775510204085": 0.5930037171900576, "4.4897959183673475": 0.5702520900676562, "5.3061224489795915": 0.6534900400096142, "5.1020408163265305": 0.634520186143908, "4.8979591836734695": 0.6143900481323906, "5.510204081632653": 0.671384510701511, "6.326530612244898": 0.7336111299494037, "6.73469387755102": 0.7599171615537859, "6.530612244897959": 0.7471233410214037, "5.918367346938775": 0.7042421026093777, "5.714285714285714": 0.6882792533344164, "7.142857142857143": 0.7835166259871129, "6.122448979591837": 0.7193342364852894, "6.938775510204081": 0.7720351584925089, "7.346938775510204": 0.7943979646641244, "7.755102040816327": 0.8144932588005916, "7.551020408163265": 0.8047130011970207, "7.959183673469388": 0.8237681872867706, "8.16326530612245": 0.8325653597248557, "8.571428571428571": 0.848828336233263, "8.775510204081632": 0.8563413131880231, "8.36734693877551": 0.8409106414639225, "8.979591836734695": 0.8634711180736244, "9.795918367346939": 0.8885483961557872, "9.591836734693878": 0.8827590860813126, "9.183673469387756": 0.870238071114275, "9.387755102040817": 0.8766613537646728, "10.0": 0.894045482795031}