{"0.0": 0.0, "0.40816326530612246": 5.672403624635507e-08, "0.20408163265306123": 2.6860776773712372e-08, "0.6122448979591837": 9.012191259400068e-08, "1.0204081632653061": 1.7036277960484775e-07, "0.8163265306122449": 1.277201435754378e-07, "1.2244897959183674": 2.191361932035518e-07, "1.6326530612244898": 3.412415093532126e-07, "1.4285714285714286": 2.7546242952377e-07, "2.0408163265306123": 5.125772305080408e-07, "1.836734693877551": 4.1906707562862125e-07, "2.2448979591836737": 6.27042008426169e-07, "2.4489795918367347": 7.703834009558859e-07, "2.6530612244897958": 9.551032357305796e-07, "3.0612244897959187": 1.5493309133862556e-06, "3.4693877551020407": 2.9543096409425677e-06, "2.857142857142857": 1.202122794719399e-06, "3.2653061224489797": 2.073168816837821e-06, "3.673469387755102": 4.747440341863988e-06, "3.8775510204081636": 1.0385815401294479e-05, "4.4897959183673475": 0.1849777069258556, "4.8979591836734695": 0.32350532760696693, "4.285714285714286": 0.10172403607513222, "4.6938775510204085": 0.25842319042768347, "5.1020408163265305": 0.38141340143177804, "5.510204081632653": 0.4794783420009775, "4.081632653061225": 0.007019597497613618, "5.3061224489795915": 0.43313015961658585, "5.714285714285714": 0.5211467128474804, "6.530612244897959": 0.6514582088715067, "6.122448979591837": 0.5926894741492051, "6.326530612244898": 0.623481504716065, "5.918367346938775": 0.5587189165361297, "6.73469387755102": 0.6769315718436845, "6.938775510204081": 0.7001725131923796, "7.142857142857143": 0.7214153022618105, "7.551020408163265": 0.7586981388205596, "7.346938775510204": 0.7408645323684264, "7.755102040816327": 0.7750719669431535, "7.959183673469388": 0.7901224260876671, "8.16326530612245": 0.8039684907425942, "8.36734693877551": 0.8167146571402096, "8.571428571428571": 0.8284518035712314, "8.775510204081632": 0.8392592670330273, "8.979591836734695": 0.8492058528244661, "9.387755102040817": 0.8667440631825833, "9.183673469387756": 0.8583505778207718, "9.795918367346939": 0.8814410304110233, "9.591836734693878": 0.8744290964241456, "10.0": 0.8878089307060212}