{"0.0": 0.0, "0.8163265306122449": 0.0, "0.6122448979591837": 0.0, "0.20408163265306123": 0.0, "3.2653061224489797": 0.3176534613580073, "0.40816326530612246": 0.0, "1.4285714285714286": 0.0, "1.0204081632653061": 0.0, "2.6530612244897958": 0.017262633483272265, "2.857142857142857": 0.13503055484296272, "1.2244897959183674": 0.0, "3.4693877551020407": 0.3893418754883614, "1.836734693877551": 0.0, "3.0612244897959187": 0.23386510848687944, "3.673469387755102": 0.45115598118999556, "1.6326530612244898": 0.0, "3.8775510204081636": 0.5048384902421772, "2.4489795918367347": 0.0, "2.2448979591836737": 0.0, "2.0408163265306123": -2e-323, "4.081632653061225": 0.5517459354641453, "4.6938775510204085": 0.6616757071846756, "4.285714285714286": 0.5929683099357433, "4.4897959183673475": 0.6293745151338437, "5.1020408163265305": 0.7161943348852482, "4.8979591836734695": 0.6904565446151032, "5.3061224489795915": 0.7392937729511252, "5.510204081632653": 0.7600889877511637, "5.918367346938775": 0.7958670710199474, "6.326530612244898": 0.8253361352367943, "5.714285714285714": 0.7788667373605453, "6.530612244897959": 0.8381348750965849, "6.122448979591837": 0.8112973412106858, "7.142857142857143": 0.8703414530075102, "6.73469387755102": 0.8498278479618947, "7.346938775510204": 0.8793530037432734, "6.938775510204081": 0.8605295222319453, "7.551020408163265": 0.8876410949096184, "7.959183673469388": 0.9023169123271324, "7.755102040816327": 0.8952751508913429, "8.16326530612245": 0.908819570925104, "8.571428571428571": 0.9203978700515242, "8.979591836734695": 0.9303389415775934, "8.775510204081632": 0.925555006748053, "8.36734693877551": 0.9148323922551027, "9.387755102040817": 0.938907441237039, "9.183673469387756": 0.9347802634106726, "9.795918367346939": 0.9463192798402683, "9.591836734693878": 0.9427463012310221, "10.0": 0.9496477883980404}