{"0.0": 0.0, "0.8163265306122449": 0.0, "0.6122448979591837": 0.0, "0.20408163265306123": 0.0, "3.2653061224489797": 0.3991284633738442, "0.40816326530612246": 0.0, "1.4285714285714286": 0.0, "1.0204081632653061": 0.0, "2.6530612244897958": 0.022664803898932682, "2.857142857142857": 0.1745232810908966, "1.2244897959183674": 0.0, "3.4693877551020407": 0.4830179326841973, "1.836734693877551": 0.0, "3.0612244897959187": 0.2978793094114271, "3.673469387755102": 0.5530782716929803, "1.6326530612244898": 0.0, "3.8775510204081636": 0.6120173656550969, "2.4489795918367347": 0.0, "2.2448979591836737": 0.0, "2.0408163265306123": -2e-323, "4.081632653061225": 0.6619109382676501, "4.6938775510204085": 0.7719982225171061, "4.285714285714286": 0.7043927283955198, "4.4897959183673475": 0.7407454521586774, "5.1020408163265305": 0.8223629884653749, "4.8979591836734695": 0.7989812248810072, "5.3061224489795915": 0.8426970167839137, "5.510204081632653": 0.8604345487255618, "5.918367346938775": 0.8895669747258732, "6.326530612244898": 0.9120901025863115, "5.714285714285714": 0.8759537267551368, "6.530612244897959": 0.9214093637907079, "6.122448979591837": 0.9015381807670674, "7.142857142857143": 0.9434613316917337, "6.73469387755102": 0.9296569117231865, "7.346938775510204": 0.9492366718254411, "6.938775510204081": 0.9369684438760273, "7.551020408163265": 0.954380591279595, "7.959183673469388": 0.963066308814016, "7.755102040816327": 0.958968589126402, "8.16326530612245": 0.9667299213998177, "8.571428571428571": 0.9729480253819809, "8.979591836734695": 0.9779499758743077, "8.775510204081632": 0.9755836552400547, "8.36734693877551": 0.970009505757123, "9.387755102040817": 0.9819879034542068, "9.183673469387756": 0.9800760399090949, "9.795918367346939": 0.9852581557103732, "9.591836734693878": 0.9837086165951273, "10.0": 0.98665468993613}