{"1.0204081632653061": 7.295275494811904e-13, "0.6122448979591837": 7.223110998211268e-13, "0.20408163265306123": 2.919886554764162e-14, "0.40816326530612246": 1.910360758472507e-11, "0.8163265306122449": 2.9876212614965425e-11, "3.4693877551020407": 0.28441522801269103, "2.857142857142857": 0.16482113319423097, "3.673469387755102": 0.31856499716320275, "3.0612244897959187": 0.20795259608343597, "1.2244897959183674": 1.50597312398304e-11, "3.2653061224489797": 0.2476667959713289, "2.6530612244897958": 0.11770929206137881, "1.4285714285714286": 5.300204719560497e-13, "1.836734693877551": 7.968736781549524e-12, "1.6326530612244898": 5.87008219810059e-12, "3.8775510204081636": 0.3504183054945855, "2.4489795918367347": 0.06590340236400916, "2.0408163265306123": 4.89475127096739e-12, "4.081632653061225": 0.380226680749578, "0.0": 0.0, "2.2448979591836737": 0.00848207634207676, "4.4897959183673475": 0.43452225446739556, "4.285714285714286": 0.40820155490177745, "4.8979591836734695": 0.48279327394746374, "4.6938775510204085": 0.45934212309904, "5.918367346938775": 0.5830677796595586, "5.1020408163265305": 0.5049903218919208, "5.3061224489795915": 0.5260333452147331, "5.714285714285714": 0.5649987403511437, "6.530612244897959": 0.6323434723550376, "6.73469387755102": 0.6472916924587145, "5.510204081632653": 0.5460102603220797, "6.938775510204081": 0.6615732796365161, "6.122448979591837": 0.6002789782015261, "6.326530612244898": 0.616687603228194, "7.142857142857143": 0.6752256857602297, "7.346938775510204": 0.6882832421070602, "7.551020408163265": 0.7007775389937887, "7.959183673469388": 0.7241909092809908, "7.755102040816327": 0.7127377498737693, "8.16326530612245": 0.7351621518885256, "8.775510204081632": 0.7654113652708914, "8.571428571428571": 0.7557511350357271, "8.36734693877551": 0.7456749186596432, "9.183673469387756": 0.7835601043483476, "8.979591836734695": 0.7746749463466627, "9.387755102040817": 0.7920840557331607, "9.591836734693878": 0.8002630955488306, "10.0": 0.8156474653461728, "9.795918367346939": 0.80811267435502}