{"1.0204081632653061": 2.3981927554928006e-12, "0.6122448979591837": 2.380207142493873e-12, "0.20408163265306123": 9.747758156208874e-14, "0.40816326530612246": 6.319467171778115e-11, "0.8163265306122449": 9.823530877639541e-11, "3.4693877551020407": 0.6722543267029464, "2.857142857142857": 0.4513883972791416, "3.673469387755102": 0.721549419569354, "3.0612244897959187": 0.5402688659447233, "1.2244897959183674": 4.9542592250872985e-11, "3.2653061224489797": 0.6127119477908098, "2.6530612244897958": 0.34127266653357924, "1.4285714285714286": 1.7464918400378338e-12, "1.836734693877551": 2.6320834400905824e-11, "1.6326530612244898": 1.9378831872529645e-11, "3.8775510204081636": 0.7626190146230654, "2.4489795918367347": 0.20327954506564838, "2.0408163265306123": 1.572442176467348e-11, "4.081632653061225": 0.797024824486281, "0.0": 0.0, "2.2448979591836737": 0.027994853288949684, "4.4897959183673475": 0.85047341629259, "4.285714285714286": 0.8259879158810279, "4.8979591836734695": 0.8889426580380352, "4.6938775510204085": 0.8712516073260951, "5.918367346938775": 0.9458557452122403, "5.1020408163265305": 0.9040498313654933, "5.3061224489795915": 0.9169844435149352, "5.714285714285714": 0.9376309817721474, "6.530612244897959": 0.964397743949292, "6.73469387755102": 0.9689979410531536, "5.510204081632653": 0.9280848411949455, "6.938775510204081": 0.9729880387672558, "6.122448979591837": 0.9529537890427319, "6.326530612244898": 0.9590885379727233, "7.142857142857143": 0.97645223909715, "7.346938775510204": 0.9794624179216705, "7.551020408163265": 0.9820800803332422, "7.959183673469388": 0.9863414278702182, "7.755102040816327": 0.9843579741571534, "8.16326530612245": 0.9880694649786128, "8.775510204081632": 0.9920352910667665, "8.571428571428571": 0.9908893015743295, "8.36734693877551": 0.9895757360942108, "9.183673469387756": 0.9939086685478726, "8.979591836734695": 0.9930354611899074, "9.387755102040817": 0.9946712720862215, "9.591836734693878": 0.9953374762478392, "10.0": 0.99642844995429, "9.795918367346939": 0.9959196243490936}