{"0.20408163265306123": 1.5432100042289676e-14, "0.40816326530612246": 9.640399589727622e-12, "0.6122448979591837": 1.8174350913113813e-13, "1.0204081632653061": 1.3064238579829635e-10, "0.8163265306122449": 7.403855306620244e-12, "1.6326530612244898": 1.7104451188743042e-10, "1.2244897959183674": 1.6603385333269216e-12, "3.4693877551020407": 0.4714444896920823, "3.673469387755102": 0.5426576882579197, "1.836734693877551": 5.217715148830848e-12, "1.4285714285714286": 2.0523138744010794e-11, "3.8775510204081636": 0.6028015070104378, "2.0408163265306123": 2.4481772165074744e-10, "3.0612244897959187": 0.28458077107862334, "3.2653061224489797": 0.3865543512684192, "2.2448979591836737": 1.193499743479265e-10, "2.4489795918367347": 3.2589397847004875e-10, "2.857142857142857": 0.1610034213588023, "0.0": 0.0, "2.6530612244897958": 0.009716413110102406, "4.285714285714286": 0.6975427163558376, "4.081632653061225": 0.6538997640139796, "4.4897959183673475": 0.7349938424274972, "4.8979591836734695": 0.7951833175994308, "5.1020408163265305": 0.8194129214292784, "4.6938775510204085": 0.7672670443348765, "5.3061224489795915": 0.8405071542537129, "6.326530612244898": 0.9125476263383425, "5.510204081632653": 0.8589225720599757, "6.73469387755102": 0.9307305896046629, "6.938775510204081": 0.9382769253072837, "5.918367346938775": 0.8891772482098946, "5.714285714285714": 0.8750396417714701, "6.530612244897959": 0.9222013809626847, "6.122448979591837": 0.9016040778814948, "7.142857142857143": 0.9449622820614424, "7.346938775510204": 0.9508918818724498, "7.551020408163265": 0.9561568323136387, "7.959183673469388": 0.9649989847478039, "7.755102040816327": 0.9608362428422427, "8.571428571428571": 0.9749516028938284, "8.36734693877551": 0.972007342208049, "8.16326530612245": 0.9687051613318183, "8.775510204081632": 0.9775784047191065, "8.979591836734695": 0.979923342025182, "9.387755102040817": 0.983889394334392, "9.795918367346939": 0.9870591854691019, "9.183673469387756": 0.9820177790065605, "10.0": 0.9883981805911544, "9.591836734693878": 0.9855626484113708}