{"0.40816326530612246": 2.9465319073551655e-13, "0.20408163265306123": 4.440892098500626e-16, "1.4285714285714286": 1.0723377741328477e-10, "0.8163265306122449": 7.083222897108499e-14, "0.6122448979591837": 1.284039541360471e-11, "1.2244897959183674": 1.441324837259117e-11, "2.2448979591836737": 1.4919210311603592e-10, "1.0204081632653061": 1.3291590050812374e-12, "1.6326530612244898": 5.418998583195389e-13, "1.836734693877551": 4.773736961283248e-12, "2.0408163265306123": 3.0378921600515696e-11, "2.4489795918367347": 2.2602586469133712e-11, "2.6530612244897958": 1.0805867312058126e-10, "3.0612244897959187": 1.7247288042199216e-09, "2.857142857142857": 4.918945251120022e-10, "3.2653061224489797": 7.176558680654921e-09, "3.4693877551020407": 3.0886342705649383e-08, "3.673469387755102": 2.047360200263526e-07, "0.0": 0.0, "3.8775510204081636": 0.017983464599383492, "5.714285714285714": 0.3283245755396196, "6.326530612244898": 0.39998258358415995, "5.510204081632653": 0.30174798103885714, "6.122448979591837": 0.37733440111804406, "4.8979591836734695": 0.21212808222598678, "4.285714285714286": 0.10387081386726371, "4.4897959183673475": 0.14239863855385126, "6.530612244897959": 0.42151696297338437, "4.6938775510204085": 0.1783990991635881, "5.3061224489795915": 0.27362376238830965, "6.73469387755102": 0.44201845876897894, "5.918367346938775": 0.35348211764003645, "5.1020408163265305": 0.24380596789354247, "4.081632653061225": 0.06251646957184454, "6.938775510204081": 0.4615598560290419, "7.142857142857143": 0.4802068554667488, "7.346938775510204": 0.4980189646788432, "7.551020408163265": 0.5150502583055234, "7.755102040816327": 0.531350029377626, "7.959183673469388": 0.5469633497809798, "9.591836734693878": 0.6515039860129461, "8.979591836734695": 0.616071136080188, "8.571428571428571": 0.5900817328047927, "8.36734693877551": 0.5762926604764109, "8.16326530612245": 0.5619315543593588, "9.183673469387756": 0.6283294958618294, "8.775510204081632": 0.6033312006492354, "9.795918367346939": 0.662467233838931, "10.0": 0.6730434449667071, "9.387755102040817": 0.6401323337376879}