{"0.40816326530612246": 7.149836278586008e-13, "0.20408163265306123": 1.1102230246251565e-15, "1.4285714285714286": 2.59694821203027e-10, "0.8163265306122449": 1.7141843500212417e-13, "0.6122448979591837": 3.1092572960744747e-11, "1.2244897959183674": 3.487310440419833e-11, "2.2448979591836737": 3.626435818304685e-10, "1.0204081632653061": 3.2146507678021408e-12, "1.6326530612244898": 1.3096190798478347e-12, "1.836734693877551": 1.1558087820162655e-11, "2.0408163265306123": 7.36980476645499e-11, "2.4489795918367347": 4.81451545297773e-11, "2.6530612244897958": 2.361328910183147e-10, "3.0612244897959187": 3.918174118489048e-09, "2.857142857142857": 1.106129743355666e-09, "3.2653061224489797": 1.6764912014188837e-08, "3.4693877551020407": 7.398427082083714e-08, "3.673469387755102": 5.035353171090051e-07, "0.0": 0.0, "3.8775510204081636": 0.04435408047216938, "5.714285714285714": 0.6302569843896477, "6.326530612244898": 0.7211218308718507, "5.510204081632653": 0.5925903274377772, "6.122448979591837": 0.6940570863056114, "4.8979591836734695": 0.4490156861917729, "4.285714285714286": 0.23980223736368877, "4.4897959183673475": 0.31889555746266474, "6.530612244897959": 0.745473003819732, "4.6938775510204085": 0.38813956441503483, "5.3061224489795915": 0.5503189518892311, "6.73469387755102": 0.7674264654077627, "5.918367346938775": 0.6639116620765644, "5.1020408163265305": 0.502740117320145, "4.081632653061225": 0.14904002454384646, "6.938775510204081": 0.7872551153135058, "7.142857142857143": 0.8051956556761026, "7.346938775510204": 0.8214541432294593, "7.551020408163265": 0.8362105727859209, "7.755102040816327": 0.8496226809668672, "7.959183673469388": 0.8618291185006488, "9.591836734693878": 0.9281849630725256, "8.979591836734695": 0.9085951261392038, "8.571428571428571": 0.892367574046538, "8.36734693877551": 0.8830996826921826, "8.16326530612245": 0.8729521083191937, "9.183673469387756": 0.9156980424337081, "8.775510204081632": 0.9008408191557714, "9.795918367346939": 0.9336716023434816, "10.0": 0.938713510300239, "9.387755102040817": 0.9222099570478278}