{"0.0": 0.0, "0.20408163265306123": 3.1578943880441455e-08, "0.6122448979591837": 1.0112354664044505e-07, "0.40816326530612246": 6.521736770540311e-08, "1.0204081632653061": 1.8072281414627543e-07, "0.8163265306122449": 1.3953481732222585e-07, "1.2244897959183674": 2.2499991160758598e-07, "1.4285714285714286": 2.727269937774462e-07, "1.6326530612244898": 3.243240799002576e-07, "1.836734693877551": 3.80281449346065e-07, "2.0408163265306123": 4.411759283752533e-07, "2.2448979591836737": 5.076918256104332e-07, "2.4489795918367347": 5.806441309517543e-07, "2.6530612244897958": 6.610160738430966e-07, "2.857142857142857": 7.499991248081773e-07, "3.4693877551020407": 1.0851039132925985e-06, "3.0612244897959187": 8.490551108955466e-07, "3.2653061224489797": 9.599985084405217e-07, "3.8775510204081636": 1.3902398068032973e-06, "3.673469387755102": 1.2272701980684536e-06, "4.285714285714286": 1.7999929073418489e-06, "4.081632653061225": 1.5789429558555726e-06, "4.4897959183673475": 2.06249170530091e-06, "4.6938775510204085": 2.3792967968262527e-06, "4.8979591836734695": 2.7692069123586276e-06, "5.1020408163265305": 3.2608391695564514e-06, "5.3061224489795915": 3.89994433668048e-06, "5.714285714285714": 5.999830863567138e-06, "6.326530612244898": 1.859706615495645e-05, "5.510204081632653": 4.7646211214626375e-06, "6.122448979591837": 1.1249189551504157e-05, "5.918367346938775": 7.90876938229122e-06, "6.530612244897959": 4.796652379571456e-05, "7.142857142857143": 0.24360249286263266, "7.755102040816327": 0.46244378660004687, "7.346938775510204": 0.3263756667289199, "6.73469387755102": 0.03994996462104625, "6.938775510204081": 0.14879982573342662, "7.551020408163265": 0.398840301299445, "8.16326530612245": 0.5677465917370563, "7.959183673469388": 0.518404092399404, "8.36734693877551": 0.6113424218509979, "8.775510204081632": 0.6841355353108363, "8.979591836734695": 0.7144985211277907, "8.571428571428571": 0.6499290534570163, "9.387755102040817": 0.7654581664185258, "9.183673469387756": 0.7414753184074586, "9.591836734693878": 0.7867829253669413, "9.795918367346939": 0.8057362261786095, "10.0": 0.8225644626680457}