{"0.0": 0.0, "0.20408163265306123": 1.578947206487444e-08, "0.6122448979591837": 5.056177459846903e-08, "0.40816326530612246": 3.2608684384364695e-08, "1.0204081632653061": 9.036141115573002e-08, "0.8163265306122449": 6.976741109485874e-08, "1.2244897959183674": 1.1249996213191372e-07, "1.4285714285714286": 1.363635061862259e-07, "1.6326530612244898": 1.6216205309839455e-07, "1.836734693877551": 1.901407427497835e-07, "2.0408163265306123": 2.2058798851715697e-07, "2.2448979591836737": 2.5384594502409837e-07, "2.4489795918367347": 2.9032210761934016e-07, "2.6530612244897958": 3.305080915393476e-07, "2.857142857142857": 3.7499963271645085e-07, "3.4693877551020407": 5.425521038276889e-07, "3.0612244897959187": 4.2452764555963386e-07, "3.2653061224489797": 4.799993694199572e-07, "3.8775510204081636": 6.95120144997634e-07, "3.673469387755102": 6.136352873083515e-07, "4.285714285714286": 8.999968586679492e-07, "4.081632653061225": 7.894717895605805e-07, "4.4897959183673475": 1.0312463843846505e-06, "4.6938775510204085": 1.189649106044785e-06, "4.8979591836734695": 1.3846044147420646e-06, "5.1020408163265305": 1.6304209139099586e-06, "5.3061224489795915": 1.949974069529487e-06, "5.714285714285714": 2.9999199314864386e-06, "6.326530612244898": 9.298576307591641e-06, "5.510204081632653": 2.3823133984162033e-06, "6.122448979591837": 5.62461059344713e-06, "5.918367346938775": 3.95439250960943e-06, "6.530612244897959": 2.3983549488049907e-05, "7.142857142857143": 0.1302881536883339, "7.755102040816327": 0.2668162358584805, "7.346938775510204": 0.1792525151636551, "6.73469387755102": 0.0201785559089261, "6.938775510204081": 0.07739467182173401, "7.551020408163265": 0.22465337113912504, "8.16326530612245": 0.3425455591177541, "7.959183673469388": 0.30602923415016886, "8.36734693877551": 0.3765918130533045, "8.775510204081632": 0.4380501483593828, "8.979591836734695": 0.46579828365757314, "8.571428571428571": 0.40836734988429324, "9.387755102040817": 0.5160317316141625, "9.183673469387756": 0.4917507947816936, "9.591836734693878": 0.5387508051390094, "9.795918367346939": 0.5600036184311125, "10.0": 0.5798751887897451}