{"0.40816326530612246": 7.017718293443196e-08, "0.20408163265306123": 3.269590996017044e-08, "1.6326530612244898": 5.03471539085717e-07, "1.2244897959183674": 2.9830671387082257e-07, "0.8163265306122449": 1.6450254273202462e-07, "1.0204081632653061": 2.2505152619735844e-07, "1.4285714285714286": 3.887912927721351e-07, "3.673469387755102": 0.2548965825515127, "0.6122448979591837": 1.1359471795830073e-07, "2.0408163265306123": 8.590685863834623e-07, "2.2448979591836737": 1.1572782577507172e-06, "2.4489795918367347": 1.6301043802640906e-06, "2.6530612244897958": 2.495652190195726e-06, "0.0": 0.0, "3.8775510204081636": 0.33035937050222425, "3.4693877551020407": 0.1681276688634183, "1.836734693877551": 6.536650090497963e-07, "2.857142857142857": 4.594788778585255e-06, "3.2653061224489797": 0.06779514495772737, "3.0612244897959187": 1.7156298647135843e-05, "5.510204081632653": 0.6877799293390696, "4.285714285714286": 0.4542761996322866, "4.081632653061225": 0.3963299170956387, "4.4897959183673475": 0.505395833786465, "6.122448979591837": 0.7582656427956488, "5.918367346938775": 0.7371144316577893, "6.938775510204081": 0.8250389246594645, "6.73469387755102": 0.8106358980404806, "4.8979591836734695": 0.5909238638478346, "5.3061224489795915": 0.6589519522672116, "7.551020408163265": 0.8611258014539288, "5.1020408163265305": 0.6268268038555133, "5.714285714285714": 0.7137183096444577, "6.530612244897959": 0.7948206669373284, "4.6938775510204085": 0.5506733419529523, "7.142857142857143": 0.8381738769571335, "7.755102040816327": 0.8711477853026018, "6.326530612244898": 0.7774275446458478, "7.959183673469388": 0.8803154928029134, "7.346938775510204": 0.8501663326891309, "8.979591836734695": 0.9155536099633912, "8.16326530612245": 0.8887012688201427, "8.571428571428571": 0.9033690726703411, "8.775510204081632": 0.9097513124857876, "9.387755102040817": 0.9255428872737789, "8.36734693877551": 0.8963677907232502, "9.795918367346939": 0.9335291197682632, "10.0": 0.9368085355794793, "9.183673469387756": 0.9208085808756743, "9.591836734693878": 0.9297777016220997}