{"0.40816326530612246": 7.751851884286428e-08, "0.20408163265306123": 3.603918946744201e-08, "1.6326530612244898": 5.6459664560187e-07, "1.2244897959183674": 3.3268353591135927e-07, "0.8163265306122449": 1.825433290642637e-07, "1.0204081632653061": 2.503440087565099e-07, "1.4285714285714286": 4.347632185339243e-07, "3.673469387755102": 0.2851255581995423, "0.6122448979591837": 1.2575848672085246e-07, "2.0408163265306123": 9.692631505259333e-07, "2.2448979591836737": 1.3100437912139568e-06, "2.4489795918367347": 1.851733060365878e-06, "2.6530612244897958": 2.8454423149251136e-06, "0.0": 0.0, "3.8775510204081636": 0.36628871488854037, "3.4693877551020407": 0.18995152682280958, "1.836734693877551": 7.352066694426846e-07, "2.857142857142857": 5.2593209882363265e-06, "3.2653061224489797": 0.07746923130094162, "3.0612244897959187": 1.9719233038001614e-05, "5.510204081632653": 0.7287882927149084, "4.285714285714286": 0.496223208062996, "4.081632653061225": 0.4359897758186094, "4.4897959183673475": 0.5485684658419928, "6.122448979591837": 0.7953433742813838, "5.918367346938775": 0.775577230312872, "6.938775510204081": 0.8564420995341325, "6.73469387755102": 0.8434436202523196, "4.8979591836734695": 0.634409928285266, "5.3061224489795915": 0.7010322433391896, "7.551020408163265": 0.8885086433687835, "5.1020408163265305": 0.6697621338145073, "5.714285714285714": 0.7535040749384727, "6.530612244897959": 0.8290514272634228, "4.6938775510204085": 0.5942899702193812, "7.142857142857143": 0.868200410884743, "7.755102040816327": 0.897272166993926, "6.326530612244898": 0.8130872238219821, "7.959183673469388": 0.9052272723830583, "7.346938775510204": 0.8788510775136256, "8.979591836734695": 0.9351235525081331, "8.16326530612245": 0.9124478411234919, "8.571428571428571": 0.9249303507854683, "8.775510204081632": 0.9302928093729473, "9.387755102040817": 0.9433120179722871, "8.36734693877551": 0.9189974131960207, "9.795918367346939": 0.9496818304894773, "10.0": 0.9522198579414813, "9.183673469387756": 0.9394546404563978, "9.591836734693878": 0.9467160224582577}