{"0.40816326530612246": 1.4769570177729622e-07, "0.20408163265306123": 6.873509942761246e-08, "1.6326530612244898": 1.0680681846875868e-06, "1.2244897959183674": 6.309902497821817e-07, "0.8163265306122449": 3.470458717962883e-07, "1.0204081632653061": 4.7539553495386824e-07, "1.4285714285714286": 8.235545113060593e-07, "3.673469387755102": 0.5400221407510548, "0.6122448979591837": 2.393532046791532e-07, "2.0408163265306123": 1.8283317369093956e-06, "2.2448979591836737": 2.467322048964675e-06, "2.4489795918367347": 3.48183744062997e-06, "2.6530612244897958": 5.341094505120841e-06, "0.0": 0.0, "3.8775510204081636": 0.6966480853907645, "3.4693877551020407": 0.3580791956862278, "1.836734693877551": 1.3888716784924812e-06, "2.857142857142857": 9.854109766821586e-06, "3.2653061224489797": 0.145264376258669, "3.0612244897959187": 3.687553168513744e-05, "5.510204081632653": 1.4165682220539781, "4.285714285714286": 0.9504994076952826, "4.081632653061225": 0.8323196929142481, "4.4897959183673475": 1.0539642996284575, "6.122448979591837": 1.553609017077033, "5.918367346938775": 1.5126916619706612, "6.938775510204081": 1.6814810241935974, "6.73469387755102": 1.6540795182928003, "4.8979591836734695": 1.2253337921331002, "5.3061224489795915": 1.3599841956064005, "7.551020408163265": 1.7496344448227121, "5.1020408163265305": 1.2965889376700208, "5.714285714285714": 1.46722238458293, "6.530612244897959": 1.6238720942007512, "4.6938775510204085": 1.1449633121723333, "7.142857142857143": 1.7063742878418768, "7.755102040816327": 1.7684199522965278, "6.326530612244898": 1.5905147684678298, "7.959183673469388": 1.7855427651859717, "7.346938775510204": 1.729017410202756, "8.979591836734695": 1.8506771624715241, "8.16326530612245": 1.8011491099436343, "8.571428571428571": 1.828299423455809, "8.775510204081632": 1.8400441218587353, "9.387755102040817": 1.8688549052460657, "8.36734693877551": 1.8153652039192707, "9.795918367346939": 1.8832109502577405, "10.0": 1.8890283935209604, "9.183673469387756": 1.860263221332072, "9.591836734693878": 1.8764937240803568}