{"0.40816326530612246": -9.86322135076989e-13, "0.0": 0.0, "2.4489795918367347": 0.14169375441511767, "1.6326530612244898": 1.2441159213949504e-12, "1.4285714285714286": 2.913902452661432e-11, "3.0612244897959187": 0.7174059401018328, "1.836734693877551": 1.0809131367750524e-12, "2.6530612244897958": 0.3706277553136059, "0.20408163265306123": -2.220446049250313e-16, "2.2448979591836737": 2.0817680912443848e-10, "3.4693877551020407": 0.964767153056905, "2.0408163265306123": 1.2068124277675452e-11, "0.6122448979591837": 4.884981308350689e-15, "1.2244897959183674": 6.483702463810914e-14, "1.0204081632653061": -1.5543122344752192e-15, "0.8163265306122449": 4.837241718291807e-13, "3.2653061224489797": 0.8508535914963153, "3.673469387755102": 1.0628606014016473, "3.8775510204081636": 1.1479937931387854, "2.857142857142857": 0.5595243617380699, "4.081632653061225": 1.2223999290238705, "4.285714285714286": 1.2878448202227897, "4.6938775510204085": 1.3972276935488532, "4.4897959183673475": 1.3457405084989473, "5.1020408163265305": 1.4845315302937616, "6.938775510204081": 1.7216799790590542, "5.510204081632653": 1.5554109260211038, "5.714285714285714": 1.5859686064879017, "5.3061224489795915": 1.5217467067083803, "4.8979591836734695": 1.4432364437349652, "5.918367346938775": 1.6137954474794431, "7.142857142857143": 1.7384538142098127, "6.73469387755102": 1.703533461087894, "6.326530612244898": 1.662487978762242, "6.530612244897959": 1.68386133141246, "6.122448979591837": 1.639210884450049, "7.959183673469388": 1.7942653156881603, "7.551020408163265": 1.7684019537205806, "8.36734693877551": 1.8167369800589304, "7.346938775510204": 1.7539886828086544, "7.755102040816327": 1.781797026640906, "9.387755102040817": 1.861415376663051, "8.979591836734695": 1.8452544028780506, "9.795918367346939": 1.8756817297935768, "9.591836734693878": 1.8687676499454315, "8.571428571428571": 1.8268769442247574, "8.16326530612245": 1.8058879115343798, "10.0": 1.8821890646062127, "8.775510204081632": 1.8363654865996526, "9.183673469387756": 1.853590331088185}