{"0.6122448979591837": 6.932647124972062e-08, "0.40816326530612246": 4.319733606591497e-08, "0.20408163265306123": 2.0273781503175614e-08, "1.0204081632653061": 1.3432829707447582e-07, "0.8163265306122449": 9.938412592316585e-08, "2.2448979591836737": 5.768696365065351e-07, "2.0408163265306123": 4.5261026145943053e-07, "1.836734693877551": 3.582845800995903e-07, "1.4285714285714286": 2.2456794897419641e-07, "1.2244897959183674": 1.7545602655743055e-07, "2.4489795918367347": 7.479988500022662e-07, "1.6326530612244898": 2.842389728871642e-07, "2.857142857142857": 1.4011809084283895e-06, "0.0": 0.0, "3.8775510204081636": 0.06496079892817126, "3.0612244897959187": 2.1533206857003478e-06, "3.673469387755102": 0.02869960040324729, "3.2653061224489797": 4.060419864597096e-06, "3.4693877551020407": 1.8561932152014333e-05, "2.6530612244897958": 9.98679943729378e-07, "5.1020408163265305": 0.20437971633730695, "4.4897959183673475": 0.1478491793956049, "4.6938775510204085": 0.1690184923078155, "4.081632653061225": 0.09639984803952696, "5.3061224489795915": 0.21920711649748043, "4.285714285714286": 0.12381566616578055, "5.918367346938775": 0.25507032784616435, "5.714285714285714": 0.24436625166747517, "6.326530612244898": 0.2734560730865217, "6.530612244897959": 0.28136730561861273, "4.8979591836734695": 0.18774616741755634, "6.73469387755102": 0.28855062046067015, "7.142857142857143": 0.30103792433895654, "5.510204081632653": 0.23246868416929772, "6.122448979591837": 0.26472573368003466, "6.938775510204081": 0.2950847623609492, "7.551020408163265": 0.3114303325036688, "7.346938775510204": 0.3064692955013676, "7.755102040816327": 0.3159658082876719, "7.959183673469388": 0.3201146804140783, "8.16326530612245": 0.3239108126649204, "8.775510204081632": 0.3334569740410276, "9.591836734693878": 0.3426201593945507, "9.387755102040817": 0.3406677604584412, "10.0": 0.3459025295293277, "8.979591836734695": 0.33609804241545577, "9.795918367346939": 0.34436293757505776, "8.571428571428571": 0.3305583572996489, "9.183673469387756": 0.3384972782308342, "8.36734693877551": 0.32738357693792713}