{"0.6122448979591837": 1.1554411874953429e-07, "0.40816326530612246": 7.19955601098583e-08, "0.20408163265306123": 3.378963583862602e-08, "1.0204081632653061": 2.238804951241263e-07, "0.8163265306122449": 1.6564020987194308e-07, "2.2448979591836737": 9.614493941775587e-07, "2.0408163265306123": 7.543504357657177e-07, "1.836734693877551": 5.971409668326507e-07, "1.4285714285714286": 3.74279914956994e-07, "1.2244897959183674": 2.9242671092905105e-07, "2.4489795918367347": 1.246664750003777e-06, "1.6326530612244898": 4.7373162147860697e-07, "2.857142857142857": 2.3353015140473158e-06, "0.0": 0.0, "3.8775510204081636": 0.10826799821361875, "3.0612244897959187": 3.5888678095005788e-06, "3.673469387755102": 0.04783266733874548, "3.2653061224489797": 6.767366440995159e-06, "3.4693877551020407": 3.0936553586690563e-05, "2.6530612244897958": 1.6644665728822962e-06, "5.1020408163265305": 0.3406328605621782, "4.4897959183673475": 0.2464152989926748, "4.6938775510204085": 0.28169748717969245, "4.081632653061225": 0.16066641339921162, "5.3061224489795915": 0.3653451941624673, "4.285714285714286": 0.20635944360963424, "5.918367346938775": 0.42511721307694056, "5.714285714285714": 0.40727708611245855, "6.326530612244898": 0.45576012181086967, "6.530612244897959": 0.46894550936435453, "4.8979591836734695": 0.31291027902926044, "6.73469387755102": 0.48091770076778356, "7.142857142857143": 0.5017298738982611, "5.510204081632653": 0.3874478069488294, "6.122448979591837": 0.44120955613339113, "6.938775510204081": 0.4918079372682487, "7.551020408163265": 0.5190505541727813, "7.346938775510204": 0.5107821591689462, "7.755102040816327": 0.5266096804794532, "7.959183673469388": 0.5335244673567971, "8.16326530612245": 0.5398513544415341, "8.775510204081632": 0.5557616234017128, "9.591836734693878": 0.571033598990918, "9.387755102040817": 0.5677796007640685, "10.0": 0.5765042158822128, "8.979591836734695": 0.5601634040257599, "9.795918367346939": 0.573938229291763, "8.571428571428571": 0.5509305954994149, "9.183673469387756": 0.5641621303847238, "8.36734693877551": 0.5456392948965453}