{"0.6122448979591837": 1.8487058999925489e-07, "0.40816326530612246": 1.1519289617577327e-07, "0.20408163265306123": 5.4063417341801627e-08, "1.0204081632653061": 3.582087921986022e-07, "0.8163265306122449": 2.650243357951089e-07, "2.2448979591836737": 1.538319030684094e-06, "2.0408163265306123": 1.206960697225148e-06, "1.836734693877551": 9.554255469322406e-07, "1.4285714285714286": 5.988478639311902e-07, "1.2244897959183674": 4.6788273748648163e-07, "2.4489795918367347": 1.9946636000060434e-06, "1.6326530612244898": 7.57970594365771e-07, "2.857142857142857": 3.736482422475704e-06, "0.0": 0.0, "3.8775510204081636": 0.17322879714179, "3.0612244897959187": 5.742188495200929e-06, "3.673469387755102": 0.07653226774199276, "3.2653061224489797": 1.0827786305592252e-05, "3.4693877551020407": 4.949848573870489e-05, "2.6530612244897958": 2.6631465166116752e-06, "5.1020408163265305": 0.5450125768994852, "4.4897959183673475": 0.39426447838827977, "4.6938775510204085": 0.450715979487508, "4.081632653061225": 0.2570662614387386, "5.3061224489795915": 0.5845523106599476, "4.285714285714286": 0.3301751097754148, "5.918367346938775": 0.6801875409231047, "5.714285714285714": 0.6516433377799334, "6.326530612244898": 0.7292161948973916, "6.530612244897959": 0.7503128149829672, "4.8979591836734695": 0.500656446446817, "6.73469387755102": 0.7694683212284538, "7.142857142857143": 0.8027677982372176, "5.510204081632653": 0.6199164911181271, "6.122448979591837": 0.7059352898134259, "6.938775510204081": 0.786892699629198, "7.551020408163265": 0.83048088667645, "7.346938775510204": 0.8172514546703136, "7.755102040816327": 0.842575488767125, "7.959183673469388": 0.8536391477708754, "8.16326530612245": 0.8637621671064544, "8.775510204081632": 0.8892185974427405, "9.591836734693878": 0.9136537583854687, "9.387755102040817": 0.9084473612225098, "10.0": 0.9224067454115408, "8.979591836734695": 0.8962614464412154, "9.795918367346939": 0.9183011668668207, "8.571428571428571": 0.8814889527990638, "9.183673469387756": 0.9026594086155583, "8.36734693877551": 0.8730228718344724}