{"0.20408163265306123": 2.3314683517128287e-15, "0.8163265306122449": -1.1452816472967697e-10, "1.0204081632653061": 8.68660698927215e-12, "0.0": 0.0, "0.40816326530612246": 1.7799650642302822e-11, "1.6326530612244898": 1.0107537029568903e-10, "0.6122448979591837": -1.4923617897011354e-12, "1.4285714285714286": -1.641686786513219e-10, "2.0408163265306123": 0.07548206277024194, "3.4693877551020407": 0.7344248446503511, "2.4489795918367347": 0.3780844425730583, "2.2448979591836737": 0.24586666753862152, "1.836734693877551": 2.274158639181678e-11, "4.081632653061225": 0.8309403723394159, "1.2244897959183674": 3.146912730400686e-10, "2.6530612244897958": 0.4824108691742548, "3.8775510204081636": 0.8041667255777177, "3.673469387755102": 0.7723827470122601, "3.0612244897959187": 0.633487603186244, "4.285714285714286": 0.8536132634949883, "2.857142857142857": 0.5658902614298348, "4.6938775510204085": 0.8893872355039464, "4.4897959183673475": 0.8729042789976766, "4.8979591836734695": 0.9035242723173729, "5.3061224489795915": 0.9261931784430966, "5.1020408163265305": 0.9156906156242007, "5.510204081632653": 0.9352846914253882, "5.714285714285714": 0.9431745517253541, "6.530612244897959": 0.965811832050736, "5.918367346938775": 0.9500372331419044, "6.73469387755102": 0.9698153141029788, "6.122448979591837": 0.9560188644916359, "6.938775510204081": 0.9733279992487494, "7.755102040816327": 0.9836262913725987, "7.142857142857143": 0.9764141086509371, "7.959183673469388": 0.9854854120338258, "6.326530612244898": 0.9612424178170388, "7.551020408163265": 0.981519158086444, "3.2653061224489797": 0.6887860590991128, "8.36734693877551": 0.9885779485184405, "8.775510204081632": 0.9909965326865539, "8.979591836734695": 0.9920020182152263, "8.16326530612245": 0.987127109987202, "9.387755102040817": 0.9936826020782114, "9.795918367346939": 0.9950044392953047, "8.571428571428571": 0.9898610402917536, "10.0": 0.9955560596714784, "9.183673469387756": 0.9928928827715974, "7.346938775510204": 0.9791287093779001, "9.591836734693878": 0.9943829948028852}