{"0.40816326530612246": 2.2892354678560878e-11, "0.6122448979591837": 7.325251516476783e-13, "0.20408163265306123": 3.7192471324942744e-14, "1.4285714285714286": 1.7255197271026645e-10, "0.8163265306122449": 3.1578850645530565e-11, "1.2244897959183674": 1.1169620783846312e-11, "1.0204081632653061": 3.5360603334311236e-13, "3.2653061224489797": 0.2598291987661394, "3.4693877551020407": 0.31334289927704273, "1.6326530612244898": 6.358913395843047e-12, "3.673469387755102": 0.36153808272229204, "1.836734693877551": 9.534084632889517e-11, "2.2448979591836737": 5.0553672359399116e-11, "3.0612244897959187": 0.2000837784323345, "2.857142857142857": 0.13296223459481282, "3.8775510204081636": 0.40515328699622, "2.0408163265306123": 2.3458124331909858e-11, "0.0": 0.0, "2.6530612244897958": 0.057008464776366896, "2.4489795918367347": 4.303543077455174e-10, "4.081632653061225": 0.4447929455889773, "4.4897959183673475": 0.5140631057102822, "4.8979591836734695": 0.5724551499013893, "4.285714285714286": 0.4809570338557715, "6.938775510204081": 0.7624570708668909, "5.714285714285714": 0.6649595301890181, "4.6938775510204085": 0.5444629187187778, "6.73469387755102": 0.7487994254498949, "5.1020408163265305": 0.5982952406296527, "6.122448979591837": 0.7019763649338664, "5.3061224489795915": 0.6222031049059994, "5.510204081632653": 0.6443692270559175, "6.530612244897959": 0.7342216105073458, "7.142857142857143": 0.7752662695520448, "6.326530612244898": 0.7186437089627613, "7.346938775510204": 0.7872916014466272, "5.918367346938775": 0.6841192992788296, "7.551020408163265": 0.7985913927965694, "7.959183673469388": 0.8192208315733862, "7.755102040816327": 0.8092184746763165, "8.16326530612245": 0.8286421586052168, "8.36734693877551": 0.837522342159943, "8.571428571428571": 0.845897876060698, "9.387755102040817": 0.8749836602086275, "8.775510204081632": 0.8538022232016593, "9.183673469387756": 0.8683179066089091, "8.979591836734695": 0.8612661308747759, "9.591836734693878": 0.8812875167543391, "10.0": 0.892897221516663, "9.795918367346939": 0.8872518045670207}