{"0.40816326530612246": 5.000000030380325e-07, "0.20408163265306123": 5.000000007595082e-07, "0.6122448979591837": 5.000000068355731e-07, "0.8163265306122449": 5.0000001215213e-07, "1.2244897959183674": 5.000000273422935e-07, "1.0204081632653061": 5.000000189877034e-07, "1.4285714285714286": 5.000000372159008e-07, "1.6326530612244898": 5.000000486085256e-07, "2.4489795918367347": 5.000001093692126e-07, "3.0612244897959187": 5.00000170889447e-07, "1.836734693877551": 5.000000615201685e-07, "2.2448979591836737": 5.000000919005112e-07, "2.857142857142857": 5.000001488636797e-07, "2.0408163265306123": 5.000000759508302e-07, "2.6530612244897958": 5.000001283569351e-07, "3.2653061224489797": 5.000001944342377e-07, "3.4693877551020407": 5.000002194980514e-07, "3.673469387755102": 5.000002460808855e-07, "3.8775510204081636": 5.000002741827335e-07, "0.0": 5e-07, "4.285714285714286": 5.000003349433958e-07, "4.081632653061225": 5.000003038035803e-07, "4.4897959183673475": 5.000003676021231e-07, "4.6938775510204085": 5.000004017796603e-07, "4.8979591836734695": 5.000004374758318e-07, "5.918367346938775": 5.000006387178181e-07, "5.1020408163265305": 5.000004746903466e-07, "7.755102040816327": 0.4190515850118023, "5.3061224489795915": 5.000005134227367e-07, "7.959183673469388": 0.5051807231756104, "5.510204081632653": 5.000005536722728e-07, "5.714285714285714": 5.000005954378469e-07, "8.36734693877551": 0.5873942007976479, "6.122448979591837": 5.000006835098105e-07, "6.530612244897959": 5.000007776150822e-07, "8.16326530612245": 0.5519835836845857, "6.326530612244898": 5.000007298104573e-07, "8.979591836734695": 0.6624490059658515, "8.571428571428571": 0.6163897008074342, "8.775510204081632": 0.64103821782803, "9.387755102040817": 0.6980522942391747, "9.591836734693878": 0.7130168193428558, "10.0": 0.7384608774995126, "9.183673469387756": 0.681302592145945, "9.795918367346939": 0.7264285112723279, "6.73469387755102": 0.27420224133907317, "7.142857142857143": 0.3254214335146246, "7.551020408163265": 0.36574259683102517, "6.938775510204081": 0.3022013432200562, "7.346938775510204": 0.3467696097812992}