{"0.6122448979591837": -2.4868995751603507e-14, "0.0": 0.0, "1.4285714285714286": -3.19300141882195e-13, "0.40816326530612246": 8.645306692756094e-13, "0.20408163265306123": 1.1102230246251565e-16, "1.0204081632653061": 6.139533326177116e-14, "2.0408163265306123": 6.24167384444263e-12, "1.836734693877551": 1.3235967877278654e-11, "2.857142857142857": 0.16545353854079814, "0.8163265306122449": -1.907141111701094e-12, "2.6530612244897958": 0.12087071900340651, "1.2244897959183674": 1.5413226250871048e-12, "3.2653061224489797": 0.2437656969229709, "3.4693877551020407": 0.27847493665956813, "1.6326530612244898": -1.483080325215269e-11, "2.4489795918367347": 0.07179946468497478, "3.8775510204081636": 0.34079116405163123, "2.2448979591836737": 0.01734973299089526, "3.673469387755102": 0.3107194838979591, "3.0612244897959187": 0.2062372435724522, "4.081632653061225": 0.36893284386288505, "4.285714285714286": 0.39534864048481044, "4.6938775510204085": 0.44366975066819747, "4.4897959183673475": 0.420211629818279, "4.8979591836734695": 0.4658503868377626, "5.3061224489795915": 0.5068067982569452, "5.1020408163265305": 0.4868639626686806, "5.918367346938775": 0.5610075586383778, "5.510204081632653": 0.5257633963200897, "6.122448979591837": 0.5774200506850798, "5.714285714285714": 0.5438082915894686, "6.73469387755102": 0.6224374484439936, "6.530612244897959": 0.6080899947894084, "6.326530612244898": 0.5930984246241442, "7.346938775510204": 0.6619846127471625, "7.551020408163265": 0.6741092152265491, "6.938775510204081": 0.6361794488293024, "7.142857142857143": 0.6493511461774808, "7.755102040816327": 0.6857519343834568, "8.16326530612245": 0.7076893339090307, "8.571428571428571": 0.7279745351230704, "8.36734693877551": 0.7180283483672653, "8.775510204081632": 0.7375464182763266, "7.959183673469388": 0.6969376408779382, "9.591836734693878": 0.7724221890186446, "8.979591836734695": 0.746761332543066, "9.183673469387756": 0.7556355434290998, "10.0": 0.7880187765351826, "9.387755102040817": 0.7641843524135918, "9.795918367346939": 0.7803626913588385}