{"0.6122448979591837": -8.282263763703668e-14, "0.0": 0.0, "0.40816326530612246": 2.8813618158096688e-12, "1.4285714285714286": -1.0651479698253752e-12, "0.20408163265306123": 3.3306690738754696e-16, "1.0204081632653061": 2.05613304160579e-13, "2.0408163265306123": 2.0589308036278453e-11, "1.836734693877551": 4.4088621642401904e-11, "0.8163265306122449": -6.355804771374096e-12, "2.6530612244897958": 0.3491076745645154, "2.857142857142857": 0.45277188744640495, "3.2653061224489797": 0.6059772985535594, "1.2244897959183674": 5.138445224872612e-12, "3.4693877551020407": 0.6630971080292318, "1.6326530612244898": -4.943956355418777e-11, "2.4489795918367347": 0.21991957177122679, "3.8775510204081636": 0.750687874548027, "3.673469387755102": 0.7107189342346802, "3.0612244897959187": 0.5369416433763321, "2.2448979591836737": 0.05667084973834846, "4.081632653061225": 0.7844315184283965, "4.6938775510204085": 0.8583851040617075, "4.285714285714286": 0.8130680865122187, "4.4897959183673475": 0.8374831693978322, "4.8979591836734695": 0.8763455443989298, "5.3061224489795915": 0.9052184640472045, "5.918367346938775": 0.9357029854799274, "5.1020408163265305": 0.8918295929377982, "5.510204081632653": 0.9168267236207883, "6.122448979591837": 0.9433720676657457, "5.714285714285714": 0.9269155426717492, "6.73469387755102": 0.9610984238123836, "7.346938775510204": 0.9730969177339355, "6.530612244897959": 0.9559488547644875, "7.551020408163265": 0.9761808123564676, "6.326530612244898": 0.9500771202429291, "7.142857142857143": 0.9695969279216543, "6.938775510204081": 0.9656206980810927, "8.16326530612245": 0.9834217495597881, "8.571428571428571": 0.9869541716123418, "8.36734693877551": 0.9852962041301099, "7.755102040816327": 0.9789005722297118, "8.775510204081632": 0.9884215029278511, "9.591836734693878": 0.9927966347327095, "8.979591836734695": 0.9897208036597744, "7.959183673469388": 0.9813011976652602, "9.183673469387756": 0.9908718710085808, "10.0": 0.9943108872259558, "9.387755102040817": 0.9918920664798478, "9.795918367346939": 0.9935989771543836}