{"0.6122448979591837": -1.0769163338864018e-13, "0.0": 0.0, "0.40816326530612246": 3.745781462782816e-12, "1.0204081632653061": 2.6700863742235015e-13, "0.20408163265306123": 5.551115123125783e-16, "1.4285714285714286": -1.3844481117075702e-12, "2.0408163265306123": 2.6830981880721083e-11, "1.836734693877551": 5.732470054198302e-11, "0.8163265306122449": -8.26294588307519e-12, "2.6530612244897958": 0.4699783935679219, "2.857142857142857": 0.6182254259872032, "1.2244897959183674": 6.679878872262179e-12, "3.4693877551020407": 0.9415720446888, "3.2653061224489797": 0.8497429954765303, "1.6326530612244898": -6.427036680634046e-11, "2.4489795918367347": 0.29171903645620156, "3.8775510204081636": 1.0914790385996582, "3.673469387755102": 1.0214384181326395, "3.0612244897959187": 0.7431788869487843, "2.2448979591836737": 0.07402058272924383, "4.081632653061225": 1.1533643622912817, "4.285714285714286": 1.208416726997029, "4.6938775510204085": 1.302054854729905, "4.4897959183673475": 1.2576947992161112, "4.8979591836734695": 1.3421959312366925, "5.3061224489795915": 1.4120252623041498, "7.346938775510204": 1.635081530481098, "5.918367346938775": 1.4967105441183053, "7.551020408163265": 1.6502900275830166, "5.1020408163265305": 1.3786935556064788, "5.510204081632653": 1.4425901199408782, "6.122448979591837": 1.5207921183508253, "5.714285714285714": 1.4707238342612179, "6.73469387755102": 1.5835358722563773, "6.530612244897959": 1.5640388495538957, "6.326530612244898": 1.5431755448670734, "7.142857142857143": 1.618948074099135, "8.36734693877551": 1.7033245524973752, "8.775510204081632": 1.7259679212041776, "6.938775510204081": 1.6018001469103953, "9.591836734693878": 1.7652188237513542, "8.16326530612245": 1.6911110834688188, "8.979591836734695": 1.7364821362028404, "8.571428571428571": 1.7149287067354122, "7.959183673469388": 1.6782388385431983, "9.183673469387756": 1.7465074144376804, "7.755102040816327": 1.6646525066131688, "10.0": 1.7823296637611383, "9.387755102040817": 1.7560764188934397, "9.795918367346939": 1.7739616685132222}