{"0.8163265306122449": 8.72368843829463e-12, "1.4285714285714286": 3.4822145167368035e-11, "1.0204081632653061": 1.602744603701467e-10, "0.6122448979591837": 1.979527652906654e-13, "0.20408163265306123": 1.7541523789077473e-14, "0.40816326530612246": 1.0635603509001612e-11, "1.2244897959183674": 2.2283286327251517e-12, "3.673469387755102": 0.5050988750611218, "3.0612244897959187": 0.21815387798641894, "1.6326530612244898": 2.8544067109947946e-10, "2.0408163265306123": -4.4785952724168965e-11, "3.8775510204081636": 0.5716971976628813, "3.4693877551020407": 0.42608283459780316, "3.2653061224489797": 0.33171307889471124, "1.836734693877551": 7.006395463804438e-12, "2.2448979591836737": 2.3953061756287752e-11, "2.4489795918367347": 2.438982349417529e-10, "2.857142857142857": 0.0803153265026979, "4.081632653061225": 0.6281563431392387, "0.0": 0.0, "2.6530612244897958": 2.7396713786487226e-09, "4.4897959183673475": 0.717449730522106, "5.1020408163265305": 0.8098079391489239, "5.714285714285714": 0.8701190392850725, "4.8979591836734695": 0.7833817798960304, "4.285714285714286": 0.6762664956979132, "5.510204081632653": 0.8527064512085637, "6.938775510204081": 0.9376683600495528, "4.6938775510204085": 0.7528469632305834, "6.122448979591837": 0.8986730592483132, "5.918367346938775": 0.8853408034784256, "5.3061224489795915": 0.8327451688822757, "7.551020408163265": 0.9564020062046463, "7.346938775510204": 0.9509116701111389, "6.530612244897959": 0.9206503823030795, "6.73469387755102": 0.929696847370466, "7.755102040816327": 0.9612597380180754, "7.142857142857143": 0.9447008974250509, "7.959183673469388": 0.9655611871475313, "6.326530612244898": 0.9103707180456314, "8.16326530612245": 0.969372823227304, "8.36734693877551": 0.9727526561616155, "8.979591836734695": 0.9807779487024955, "8.775510204081632": 0.9784135136663742, "8.571428571428571": 0.9757514095745201, "9.183673469387756": 0.9828789637369147, "9.591836734693878": 0.986407675224698, "9.795918367346939": 0.9878853235228081, "9.387755102040817": 0.9847466913894554, "10.0": 0.9892003008021494}