{"0.8163265306122449": 5.675182546127644e-12, "1.4285714285714286": 2.2685686662526905e-11, "1.0204081632653061": 1.0435186048596279e-10, "0.6122448979591837": 1.2861933740282439e-13, "0.20408163265306123": 1.1324274851176597e-14, "0.40816326530612246": 6.899369964230573e-12, "1.2244897959183674": 1.4514500712436984e-12, "3.673469387755102": 0.3476701725704539, "3.0612244897959187": 0.1446617767199666, "1.6326530612244898": 1.859541409743315e-10, "2.0408163265306123": -2.907585283651315e-11, "3.8775510204081636": 0.3981490661710884, "3.2653061224489797": 0.22280026357514154, "3.4693877551020407": 0.289764321944998, "1.836734693877551": 4.575395617933964e-12, "2.2448979591836737": 1.6037005057256692e-11, "2.4489795918367347": 1.607404764847331e-10, "2.857142857142857": 0.05255991762032047, "4.081632653061225": 0.4424761103482412, "0.0": 0.0, "2.6530612244897958": 1.789693115927804e-09, "4.4897959183673475": 0.5165101265995317, "5.1020408163265305": 0.6010061037593255, "5.714285714285714": 0.6640195564052329, "4.285714285714286": 0.48166053399008235, "4.8979591836734695": 0.5756971642454078, "5.510204081632653": 0.644887884453158, "6.938775510204081": 0.7513746759473683, "4.6938775510204085": 0.5476780189552318, "6.122448979591837": 0.6977504121414976, "5.918367346938775": 0.6815792484065935, "5.3061224489795915": 0.6239684646574495, "7.551020408163265": 0.7828580777875669, "7.346938775510204": 0.7730351912650614, "6.530612244897959": 0.726532162591599, "6.73469387755102": 0.7393935609264626, "7.755102040816327": 0.7920906783057058, "7.142857142857143": 0.7625630647477881, "7.959183673469388": 0.8007850261925007, "6.326530612244898": 0.71268983406711, "8.16326530612245": 0.8089871977211677, "8.36734693877551": 0.8167381244498936, "8.979591836734695": 0.8376293156488281, "8.775510204081632": 0.8310282689681608, "8.571428571428571": 0.8240742810088215, "9.183673469387756": 0.843903699536668, "9.591836734693878": 0.8555649898204702, "9.795918367346939": 0.8609927486605704, "9.387755102040817": 0.8498751157062218, "10.0": 0.866176053654873}