{"0.40816326530612246": 2.7794794015463816e-08, "0.6122448979591837": 4.277929099476063e-08, "0.8163265306122449": 5.8564883004493445e-08, "0.20408163265306123": 1.3552726355751318e-08, "3.4693877551020407": 3.8039856474209517e-07, "1.4285714285714286": 1.1141524044644803e-07, "1.2244897959183674": 9.2806539537845e-08, "1.6326530612244898": 1.3113254328222267e-07, "3.673469387755102": 4.197230485001499e-07, "1.836734693877551": 1.5205919008454291e-07, "2.2448979591836737": 1.9800830173760618e-07, "1.0204081632653061": 7.52165653056644e-08, "3.2653061224489797": 3.441136404590688e-07, "2.0408163265306123": 1.7430848258377972e-07, "2.4489795918367347": 2.233035298662e-07, "3.0612244897959187": 3.105313929281645e-07, "3.8775510204081636": 4.6248231588937134e-07, "2.6530612244897958": 2.503589722311788e-07, "2.857142857142857": 2.79362902462182e-07, "0.0": 0.0, "4.081632653061225": 5.091431243830275e-07, "4.4897959183673475": 6.165007129415089e-07, "4.285714285714286": 5.602606999496406e-07, "4.6938775510204085": 6.786681314949372e-07, "5.3061224489795915": 9.117792813248842e-07, "4.8979591836734695": 7.477455945143409e-07, "5.1020408163265305": 8.249451716190568e-07, "5.918367346938775": 1.252108516441071e-06, "6.326530612244898": 1.5813220556048589e-06, "5.510204081632653": 1.0101595663524364e-06, "6.122448979591837": 1.4031168270871994e-06, "6.530612244897959": 1.7947399457450621e-06, "6.938775510204081": 2.3787731497567446e-06, "5.714285714285714": 1.1225374652258614e-06, "6.73469387755102": 2.054863536185778e-06, "7.551020408163265": 4.099730663094917e-06, "7.142857142857143": 2.792993921937949e-06, "7.346938775510204": 3.3410597724293795e-06, "7.959183673469388": 7.029267115137711e-06, "7.755102040816327": 5.218132673358839e-06, "8.16326530612245": 1.0459489316469434e-05, "9.387755102040817": 0.08196863950490459, "9.591836734693878": 0.10037593306957267, "10.0": 0.13339473159735865, "9.183673469387756": 0.062205740220338965, "9.795918367346939": 0.1174974871357087, "8.36734693877551": 1.94096890009616e-05, "8.775510204081632": 0.018297719146149048, "8.979591836734695": 0.041008821680638415, "8.571428571428571": 0.00010028268270708013}