{"0.40816326530612246": 2.426520437053244e-08, "0.6122448979591837": 3.73238648388512e-08, "0.8163265306122449": 5.106465437760787e-08, "0.20408163265306123": 1.1838923748869579e-08, "3.4693877551020407": 3.288326073768554e-07, "1.4285714285714286": 9.69623222954036e-08, "1.2244897959183674": 8.08191765849125e-08, "1.6326530612244898": 1.1404831592856215e-07, "3.673469387755102": 3.6256920375721836e-07, "1.836734693877551": 1.3216255805073884e-07, "2.2448979591836737": 1.7187230818509268e-07, "1.0204081632653061": 6.55426854433814e-08, "3.2653061224489797": 2.9767532283767437e-07, "2.0408163265306123": 1.5140109066988083e-07, "2.4489795918367347": 1.9369900941331285e-07, "3.0612244897959187": 2.68811884041082e-07, "3.8775510204081636": 3.9922000542017934e-07, "2.6530612244897958": 2.1702087273872057e-07, "2.857142857142857": 2.4199745977809073e-07, "0.0": 0.0, "4.081632653061225": 4.39180509136753e-07, "4.4897959183673475": 5.310059802329071e-07, "4.285714285714286": 4.829211622386871e-07, "4.6938775510204085": 5.841169908920469e-07, "5.3061224489795915": 7.829646039852767e-07, "4.8979591836734695": 6.430867431211265e-07, "5.1020408163265305": 7.089421569551287e-07, "5.918367346938775": 1.0726896391030281e-06, "6.326530612244898": 1.3525551896097123e-06, "5.510204081632653": 8.667736724605103e-07, "6.122448979591837": 1.2010994307034353e-06, "6.530612244897959": 1.533847788729976e-06, "6.938775510204081": 2.0296240659410985e-06, "5.714285714285714": 9.62446256631922e-07, "6.73469387755102": 1.75471400432062e-06, "7.551020408163265": 3.489121515307615e-06, "7.142857142857143": 2.381049697341485e-06, "7.346938775510204": 2.8458722052479947e-06, "7.959183673469388": 5.972027048338431e-06, "7.755102040816327": 4.437135110522492e-06, "8.16326530612245": 8.878592883530541e-06, "9.387755102040817": 0.06944275239538793, "9.591836734693878": 0.0850371650160441, "10.0": 0.11301024899131859, "9.183673469387756": 0.05269988876415296, "9.795918367346939": 0.09954231635342962, "8.36734693877551": 1.6461613736078123e-05, "8.775510204081632": 0.015501601284101541, "8.979591836734695": 0.03474214322515812, "8.571428571428571": 8.497666470246376e-05}