{"0.40816326530612246": 5.2059998385996246e-08, "0.6122448979591837": 8.010315583361182e-08, "0.8163265306122449": 1.0962953738210134e-07, "0.20408163265306123": 2.5391650104620888e-08, "3.4693877551020407": 7.092311721189506e-07, "1.4285714285714286": 2.0837756274185164e-07, "1.2244897959183674": 1.7362571612275752e-07, "1.6326530612244898": 2.4518085921078475e-07, "3.673469387755102": 7.822922522573683e-07, "1.836734693877551": 2.842217481352817e-07, "2.2448979591836737": 3.6988060992269884e-07, "1.0204081632653061": 1.4075925074904582e-07, "3.2653061224489797": 6.41788963296743e-07, "2.0408163265306123": 3.2570957325366054e-07, "2.4489795918367347": 4.170025392795128e-07, "3.0612244897959187": 5.793432769692464e-07, "3.8775510204081636": 8.617023213095508e-07, "2.6530612244897958": 4.6737984496989943e-07, "2.857142857142857": 5.213603622402727e-07, "0.0": 0.0, "4.081632653061225": 9.483236335197807e-07, "4.4897959183673475": 1.1475066931744154e-06, "4.285714285714286": 1.0431818621883277e-06, "4.6938775510204085": 1.2627851223869844e-06, "5.3061224489795915": 1.6947438853101607e-06, "4.8979591836734695": 1.3908323376354674e-06, "5.1020408163265305": 1.5338873285741852e-06, "5.918367346938775": 2.324798155544099e-06, "6.326530612244898": 2.933877245214571e-06, "5.510204081632653": 1.8769332388129467e-06, "6.122448979591837": 2.604216257790635e-06, "6.530612244897959": 3.3285877344750376e-06, "6.938775510204081": 4.408397215697842e-06, "5.714285714285714": 2.084983721857783e-06, "6.73469387755102": 3.809577540506397e-06, "7.551020408163265": 7.5888521784025315e-06, "7.142857142857143": 5.1740436192794335e-06, "7.346938775510204": 6.186931977677375e-06, "7.959183673469388": 1.3001294163476141e-05, "7.755102040816327": 9.655267783881332e-06, "8.16326530612245": 1.9338082199999977e-05, "9.387755102040817": 0.1514113919002925, "9.591836734693878": 0.18541309808561673, "10.0": 0.24640498058867724, "9.183673469387756": 0.11490562898449193, "9.795918367346939": 0.21703980348913834, "8.36734693877551": 3.587130273703973e-05, "8.775510204081632": 0.033799320430250586, "8.979591836734695": 0.07575096490579655, "8.571428571428571": 0.00018525934740954388}