{"0.40816326530612246": 5.051449194767996e-08, "0.20408163265306123": 2.3539667111505602e-08, "0.6122448979591837": 8.173559992442955e-08, "1.2244897959183674": 2.140024770429679e-07, "0.8163265306122449": 1.1829130196231431e-07, "1.0204081632653061": 1.6167655781898645e-07, "1.836734693877551": 4.6462616503921033e-07, "2.4489795918367347": 1.1210983469849455e-06, "1.6326530612244898": 3.594004607176996e-07, "2.2448979591836737": 8.092604444769419e-07, "3.8775510204081636": 0.12207054496665987, "1.4285714285714286": 2.783502171745898e-07, "0.0": 0.0, "3.673469387755102": 0.09137427444611079, "3.0612244897959187": 7.361947748329158e-06, "3.2653061224489797": 0.013754602230656686, "2.6530612244897958": 1.6634816869592958e-06, "2.857142857142857": 2.8419943648102475e-06, "3.4693877551020407": 0.05564182054928618, "2.0408163265306123": 6.06739690073228e-07, "4.285714285714286": 0.17169302688072616, "5.1020408163265305": 0.23908261511270346, "4.081632653061225": 0.1486113847845181, "4.8979591836734695": 0.2252335116736691, "5.3061224489795915": 0.25139266532735066, "6.530612244897959": 0.30251474955751434, "5.918367346938775": 0.2810001341540347, "4.6938775510204085": 0.2095967100066358, "6.122448979591837": 0.28892222748058327, "4.4897959183673475": 0.19187179624658757, "6.73469387755102": 0.30835399707726163, "5.510204081632653": 0.26237090270837926, "6.326530612244898": 0.2960635016120569, "5.714285714285714": 0.272191166515938, "7.142857142857143": 0.3184564800645295, "6.938775510204081": 0.3136485193969039, "7.346938775510204": 0.3228282690514961, "7.551020408163265": 0.32680759989563457, "8.571428571428571": 0.3419815788765508, "8.36734693877551": 0.3394873303495035, "9.183673469387756": 0.34814670552489374, "8.775510204081632": 0.34424649933827917, "8.979591836734695": 0.3462973162677174, "9.387755102040817": 0.34980501467460107, "9.591836734693878": 0.35128045433975147, "9.795918367346939": 0.35257926699887204, "8.16326530612245": 0.33674572351932697, "10.0": 0.35370587872054443, "7.755102040816327": 0.33043241267254264, "7.959183673469388": 0.33373561972029664}