{"0.40816326530612246": 1.3470531186047986e-07, "0.20408163265306123": 6.277244563068161e-08, "0.6122448979591837": 2.1796159979847872e-07, "1.2244897959183674": 5.70673272114581e-07, "0.8163265306122449": 3.154434718995047e-07, "1.0204081632653061": 4.3113748751729734e-07, "1.836734693877551": 1.2390031067712273e-06, "2.4489795918367347": 2.989595591959854e-06, "1.6326530612244898": 9.584012285805325e-07, "2.2448979591836737": 2.1580278519385123e-06, "3.8775510204081636": 0.3255214532444264, "1.4285714285714286": 7.422672457989056e-07, "0.0": 0.0, "3.673469387755102": 0.24366473185629534, "3.0612244897959187": 1.9631860662211085e-05, "3.2653061224489797": 0.036678939281751165, "2.6530612244897958": 4.43595116522479e-06, "2.857142857142857": 7.5786516394939926e-06, "3.4693877551020407": 0.1483781881314298, "2.0408163265306123": 1.6179725068619414e-06, "4.285714285714286": 0.4578480716819364, "5.1020408163265305": 0.6375536403005426, "4.081632653061225": 0.39629702609204814, "4.8979591836734695": 0.600622697796451, "5.3061224489795915": 0.6703804408729347, "6.530612244897959": 0.8067059988200385, "5.918367346938775": 0.7493336910774258, "4.6938775510204085": 0.5589245600176956, "6.122448979591837": 0.7704592732815554, "4.4897959183673475": 0.5116581233242335, "6.73469387755102": 0.8222773255393645, "5.510204081632653": 0.6996557405556784, "6.326530612244898": 0.7895026709654852, "7.142857142857143": 0.8492172801720786, "5.714285714285714": 0.7258431107091678, "6.938775510204081": 0.8363960517250772, "7.346938775510204": 0.860875384137323, "7.551020408163265": 0.8714869330550256, "8.571428571428571": 0.9119508770041354, "8.36734693877551": 0.9052995475986758, "9.183673469387756": 0.9283912147330501, "8.775510204081632": 0.9179906649020777, "8.979591836734695": 0.9234595100472466, "9.387755102040817": 0.9328133724656028, "9.591836734693878": 0.9367478782393375, "9.795918367346939": 0.9402113786636593, "8.16326530612245": 0.8979885960515382, "10.0": 0.9432156765881186, "7.755102040816327": 0.8811531004601135, "7.959183673469388": 0.8899616525874575}