{"0.40816326530612246": 8.419081991279995e-08, "0.20408163265306123": 3.9232778519175994e-08, "0.6122448979591837": 1.362259998740492e-07, "1.2244897959183674": 3.566707950716131e-07, "0.8163265306122449": 1.9715216993719044e-07, "1.0204081632653061": 2.694609296983107e-07, "1.836734693877551": 7.743769417320174e-07, "2.4489795918367347": 1.8684972449749086e-06, "1.6326530612244898": 5.990007678628326e-07, "2.2448979591836737": 1.3487674074615696e-06, "3.8775510204081636": 0.20345090827776655, "1.4285714285714286": 4.6391702862431607e-07, "0.0": 0.0, "3.673469387755102": 0.15229045741018457, "3.0612244897959187": 1.2269912913881926e-05, "3.2653061224489797": 0.02292433705109447, "2.6530612244897958": 2.772469478265493e-06, "2.857142857142857": 4.736657274683746e-06, "3.4693877551020407": 0.09273636758214364, "2.0408163265306123": 1.0112328167887143e-06, "4.285714285714286": 0.28615504480121023, "5.1020408163265305": 0.39847102518783917, "4.081632653061225": 0.24768564130753015, "4.8979591836734695": 0.37538918612278205, "5.3061224489795915": 0.4189877755455844, "6.530612244897959": 0.504191249262524, "5.918367346938775": 0.46833355692339107, "4.6938775510204085": 0.3493278500110598, "6.122448979591837": 0.4815370458009721, "4.4897959183673475": 0.319786327077646, "6.73469387755102": 0.5139233284621026, "5.510204081632653": 0.43728483784729877, "6.326530612244898": 0.4934391693534282, "7.142857142857143": 0.5307608001075493, "5.714285714285714": 0.4536519441932299, "6.938775510204081": 0.5227475323281734, "7.346938775510204": 0.5380471150858268, "7.551020408163265": 0.5446793331593909, "8.571428571428571": 0.5699692981275847, "8.36734693877551": 0.5658122172491724, "9.183673469387756": 0.5802445092081563, "8.775510204081632": 0.5737441655637986, "8.979591836734695": 0.577162193779529, "9.387755102040817": 0.5830083577910015, "9.591836734693878": 0.585467423899586, "9.795918367346939": 0.587632111664787, "8.16326530612245": 0.5612428725322115, "10.0": 0.5895097978675741, "7.755102040816327": 0.5507206877875711, "7.959183673469388": 0.5562260328671612}