{"0.0": 0.0, "0.20408163265306123": 0.0, "0.40816326530612246": 0.0, "0.6122448979591837": 0.0, "0.8163265306122449": 0.0, "2.0408163265306123": 0.06044402137375498, "2.4489795918367347": 0.3617312269207811, "2.6530612244897958": 0.46604443800804213, "2.2448979591836737": 0.2298994017890563, "3.0612244897959187": 0.6177731256348867, "1.0204081632653061": 0.0, "2.857142857142857": 0.5497637197750206, "3.2653061224489797": 0.6735995084491188, "3.4693877551020407": 0.7198410190834778, "1.4285714285714286": 0.0, "3.673469387755102": 0.7584476866880099, "1.2244897959183674": 0.0, "3.8775510204081636": 0.7909049730839328, "4.081632653061225": 0.8183613494850348, "1.6326530612244898": -1.5e-323, "4.285714285714286": 0.8417149340653114, "4.6938775510204085": 0.8788142476069019, "4.4897959183673475": 0.8616766409559661, "1.836734693877551": 2.5e-323, "4.8979591836734695": 0.8935857655099594, "5.1020408163265305": 0.9063636172676277, "5.3061224489795915": 0.9174525764299085, "5.714285714285714": 0.935527206504798, "5.510204081632653": 0.9271042604117528, "5.918367346938775": 0.9428955969440301, "6.122448979591837": 0.9493553260082723, "6.326530612244898": 0.9550293499657626, "6.530612244897959": 0.9600216178769946, "6.73469387755102": 0.9644201318248787, "6.938775510204081": 0.9682997703958305, "7.142857142857143": 0.971724094922222, "7.346938775510204": 0.9747472044374519, "7.551020408163265": 0.9774149092128889, "7.755102040816327": 0.9797659212523882, "8.16326530612245": 0.9836420041699862, "7.959183673469388": 0.9818326813335445, "8.571428571428571": 0.9865711297657372, "8.36734693877551": 0.9852157399323357, "8.775510204081632": 0.987721238425558, "8.979591836734695": 0.9886752256023862, "9.387755102040817": 0.9900132773421106, "9.183673469387756": 0.9894385604226338, "9.795918367346939": 0.9905887473862475, "9.591836734693878": 0.9903981333678578, "10.0": 0.99057780781355}