{"0.0": 0.0, "0.20408163265306123": 0.0, "0.40816326530612246": 0.0, "0.6122448979591837": 0.0, "0.8163265306122449": 0.0, "2.0408163265306123": 0.05689618548330757, "2.4489795918367347": 0.34332457207059924, "2.6530612244897958": 0.4439264505063695, "2.2448979591836737": 0.21734321878450516, "3.0612244897959187": 0.592205658004264, "1.0204081632653061": 0.0, "2.857142857142857": 0.5254077324410229, "3.2653061224489797": 0.6475407527162864, "3.4693877551020407": 0.6937973827694025, "1.4285714285714286": 0.0, "3.673469387755102": 0.7327741445651392, "1.2244897959183674": 0.0, "3.8775510204081636": 0.7658479325448903, "4.081632653061225": 0.7940886393856085, "1.6326530612244898": -1.5e-323, "4.285714285714286": 0.8183370773656643, "4.6938775510204085": 0.8574008484115438, "4.4897959183673475": 0.8392621759788707, "1.836734693877551": 2.5e-323, "4.8979591836734695": 0.8731884302165711, "5.1020408163265305": 0.8869807330845055, "5.3061224489795915": 0.8990704160219949, "5.714285714285714": 0.9190730526067868, "5.510204081632653": 0.9097003989415787, "5.918367346938775": 0.9273583469235268, "6.122448979591837": 0.9346994076969055, "6.326530612244898": 0.9412175445896385, "6.530612244897959": 0.9470159038725776, "6.73469387755102": 0.95218229811424, "6.938775510204081": 0.9567919140787012, "7.142857142857143": 0.960908954133984, "7.346938775510204": 0.9645884336981351, "7.551020408163265": 0.9678772500765424, "7.755102040816327": 0.9708153402524703, "8.16326530612245": 0.9757687649004588, "7.959183673469388": 0.973436456836434, "8.571428571428571": 0.9796552959689873, "8.36734693877551": 0.977835503680627, "8.775510204081632": 0.9812425847868185, "8.979591836734695": 0.982607886808807, "9.387755102040817": 0.9846962087835442, "9.183673469387756": 0.9837579876846998, "9.795918367346939": 0.9859338305091534, "9.591836734693878": 0.9854225530007324, "10.0": 0.9862238844612947}