{"0.0": 0.0, "0.20408163265306123": 0.0, "0.40816326530612246": 3.5083047578154947e-14, "3.0612244897959187": 0.0656037601140127, "0.6122448979591837": -6.661338147750939e-16, "1.6326530612244898": 6.89925894192811e-12, "4.081632653061225": 0.23895674765015118, "2.4489795918367347": 5.825495641431644e-11, "4.285714285714286": 0.2671638302298339, "1.4285714285714286": 2.843281166065026e-13, "0.8163265306122449": -5.218048215738236e-14, "2.2448979591836737": 8.631095838040892e-12, "3.2653061224489797": 0.1055586400819345, "2.857142857142857": 0.022188708479397246, "3.673469387755102": 0.17687623870778946, "1.836734693877551": -4.134470543704083e-13, "4.4897959183673475": 0.2937411920133255, "4.6938775510204085": 0.3188477052949723, "2.6530612244897958": 6.936482499497743e-10, "1.2244897959183674": 2.2315482794965646e-14, "1.0204081632653061": -1.4506174039752295e-12, "5.1020408163265305": 0.3651768336638025, "3.4693877551020407": 0.14252237650439614, "2.0408163265306123": -1.0826006757724826e-11, "3.8775510204081636": 0.20893400411947238, "4.8979591836734695": 0.3426201004235392, "5.3061224489795915": 0.38662115561594423, "5.510204081632653": 0.4070435698763756, "5.918367346938775": 0.4451325159666466, "6.122448979591837": 0.46293245634405866, "6.326530612244898": 0.4799797409987939, "6.73469387755102": 0.5120125970047485, "6.938775510204081": 0.527084418470221, "5.714285714285714": 0.4265238211006396, "7.346938775510204": 0.5555250111628649, "7.142857142857143": 0.5415772887654868, "7.551020408163265": 0.5689584590231211, "7.959183673469388": 0.5943934222828386, "7.755102040816327": 0.5819059248320375, "8.571428571428571": 0.6293273385200646, "8.775510204081632": 0.6401980317103166, "6.530612244897959": 0.49632468621137227, "8.36734693877551": 0.6180827135846767, "8.979591836734695": 0.6507127410897218, "9.591836734693878": 0.6802842392759465, "9.387755102040817": 0.6707404858039111, "10.0": 0.6985020241717266, "9.795918367346939": 0.6895336364587752, "9.183673469387756": 0.6608882883009966, "8.16326530612245": 0.6064449486805055}