{"0.20408163265306123": 1.4432899320127035e-15, "0.40816326530612246": 8.578693311278585e-13, "0.6122448979591837": 3.812750115628205e-11, "1.0204081632653061": 4.686140364640323e-12, "1.4285714285714286": 3.654917479778419e-10, "1.2244897959183674": 4.975242440252714e-11, "2.0408163265306123": 1.175319841451028e-10, "0.8163265306122449": 2.5623947408348613e-13, "1.6326530612244898": 2.9983793226051603e-12, "2.857142857142857": 1.4078931354077895e-09, "3.0612244897959187": 6.671711516581524e-09, "1.836734693877551": 2.2448265468710815e-11, "3.8775510204081636": 0.19269302124928234, "3.673469387755102": 0.08543092798731233, "2.4489795918367347": 6.246481110139257e-11, "2.2448979591836737": 4.732638725357674e-10, "3.2653061224489797": 3.5777755980070935e-08, "2.6530612244897958": 3.17688986228859e-10, "3.4693877551020407": 4.327655553915122e-07, "0.0": 0.0, "5.3061224489795915": 0.635164210915653, "5.1020408163265305": 0.5940300086870798, "4.081632653061225": 0.2849208544663515, "5.510204081632653": 0.6715749130049558, "6.938775510204081": 0.8367717080548192, "4.6938775510204085": 0.49442288694740966, "4.4897959183673475": 0.43394895113211307, "4.8979591836734695": 0.5474181364386328, "6.326530612244898": 0.7812397767062919, "6.530612244897959": 0.8017784462550649, "6.122448979591837": 0.7583083437873729, "5.714285714285714": 0.7038941469299267, "4.285714285714286": 0.3646616147406342, "6.73469387755102": 0.820207581812369, "5.918367346938775": 0.7326547374476114, "7.551020408163265": 0.8772593778197361, "7.142857142857143": 0.851682745116185, "7.346938775510204": 0.8651250156805529, "7.755102040816327": 0.8882266541692189, "7.959183673469388": 0.8981504913791939, "8.36734693877551": 0.9152905488691516, "8.16326530612245": 0.9071397557497477, "8.571428571428571": 0.9226879115718472, "8.775510204081632": 0.9294072689886269, "9.795918367346939": 0.9549418585392474, "8.979591836734695": 0.9355156616545685, "9.387755102040817": 0.9461319558868713, "9.591836734693878": 0.9507407616276199, "9.183673469387756": 0.9410727977824154, "10.0": 0.9587734889222819}