{"0.20408163265306123": 8.437694987151189e-16, "0.40816326530612246": 4.976241640974876e-13, "0.6122448979591837": 2.214721739335346e-11, "1.0204081632653061": 2.7269742020052947e-12, "1.4285714285714286": 2.128591081174136e-10, "1.2244897959183674": 2.8966451459666584e-11, "2.0408163265306123": 6.851099687565921e-11, "0.8163265306122449": 1.489253165232185e-13, "1.6326530612244898": 1.7474466318390116e-12, "2.857142857142857": 8.477328838907283e-10, "3.0612244897959187": 3.971076534270424e-09, "1.836734693877551": 1.3084555661180276e-11, "3.8775510204081636": 0.11439541985217527, "3.673469387755102": 0.05003337210230157, "2.4489795918367347": 3.836275741520012e-11, "2.2448979591836737": 2.7595057350282557e-10, "3.2653061224489797": 2.105359002690932e-08, "2.6530612244897958": 1.9293291408928325e-10, "3.4693877551020407": 2.518379386362568e-07, "0.0": 0.0, "5.3061224489795915": 0.4106814416205947, "5.1020408163265305": 0.37978722190105285, "4.081632653061225": 0.171396216796345, "5.510204081632653": 0.43901265375397075, "6.938775510204081": 0.5863855968482898, "4.6938775510204085": 0.308793283650763, "4.4897959183673475": 0.26774570930906233, "4.8979591836734695": 0.34596815106696377, "6.326530612244898": 0.5321844284752237, "6.530612244897959": 0.5514847535075755, "6.122448979591837": 0.5114657718526305, "5.714285714285714": 0.4650866833611652, "4.285714285714286": 0.22220058836230056, "6.73469387755102": 0.569510138107515, "5.918367346938775": 0.48916358999108644, "7.551020408163265": 0.6311425897618573, "7.142857142857143": 0.6022205779770546, "7.346938775510204": 0.6171112826386442, "7.755102040816327": 0.6443896621881333, "7.959183673469388": 0.6569192935182918, "8.36734693877551": 0.6800581944891705, "8.16326530612245": 0.6687910428713422, "8.571428571428571": 0.6907685738310931, "8.775510204081632": 0.7009652421266661, "9.795918367346939": 0.7454847875211894, "8.979591836734695": 0.7106870908316649, "9.387755102040817": 0.7288440319439049, "9.591836734693878": 0.7373402964943545, "9.183673469387756": 0.7199693511642855, "10.0": 0.7533019073847563}