{"0.20408163265306123": 1.1001418022781457e-08, "0.6122448979591837": 3.472977129865321e-08, "0.40816326530612246": 2.25633935859781e-08, "1.6326530612244898": 1.0653032759798343e-07, "1.2244897959183674": 7.536817448033563e-08, "2.2448979591836737": 1.6098733086868326e-07, "1.0204081632653061": 6.10752329999985e-08, "1.836734693877551": 1.2355879237673565e-07, "0.8163265306122449": 4.754909089568432e-08, "1.4285714285714286": 9.049487573619527e-08, "2.857142857142857": 2.2740803394290718e-07, "2.6530612244897958": 2.0370408787894307e-07, "2.4489795918367347": 1.8161712453456877e-07, "3.8775510204081636": 3.7777773522077207e-07, "2.0408163265306123": 1.4167528240930066e-07, "3.4693877551020407": 3.10213628351684e-07, "3.673469387755102": 3.4254794227096796e-07, "3.0612244897959187": 2.529130325066878e-07, "0.0": 0.0, "3.2653061224489797": 2.804321934822101e-07, "4.081632653061225": 4.1630976905320337e-07, "4.8979591836734695": 6.148749846505116e-07, "4.285714285714286": 4.58630714160377e-07, "5.3061224489795915": 7.529674103776532e-07, "5.1020408163265305": 6.79699202310285e-07, "4.4897959183673475": 5.05327765021528e-07, "4.6938775510204085": 5.571159722581646e-07, "5.510204081632653": 8.364413166271814e-07, "5.918367346938775": 1.0438909928464845e-06, "6.122448979591837": 1.174971607050877e-06, "6.326530612244898": 1.331294663310525e-06, "6.938775510204081": 2.053604721465612e-06, "5.714285714285714": 9.324080106386957e-07, "6.530612244897959": 1.5208943490030847e-06, "7.142857142857143": 2.4443162741321206e-06, "7.551020408163265": 3.7532131071706574e-06, "7.755102040816327": 4.975599805094804e-06, "7.959183673469388": 7.189407004433137e-06, "6.73469387755102": 1.755605021844731e-06, "7.346938775510204": 2.9786811453999254e-06, "9.183673469387756": 0.05806156191386616, "8.16326530612245": 1.2413138762844593e-05, "9.387755102040817": 0.07207470113757108, "8.775510204081632": 0.02690912644138568, "8.979591836734695": 0.04302734740658005, "8.36734693877551": 3.962100889423296e-05, "9.591836734693878": 0.08512325478424368, "9.795918367346939": 0.09725705817739252, "10.0": 0.10851979883164746, "8.571428571428571": 0.009649196535580879}