{"0.20408163265306123": 2.7939365496768105e-08, "0.6122448979591837": 8.817881815877093e-08, "0.40816326530612246": 5.72953667042204e-08, "1.6326530612244898": 2.7031662084830945e-07, "1.2244897959183674": 1.9129008835103215e-07, "2.2448979591836737": 4.0835145887638674e-07, "1.0204081632653061": 1.5503229516261134e-07, "1.836734693877551": 3.134878622749649e-07, "0.8163265306122449": 1.207124010141836e-07, "1.4285714285714286": 2.2965501873485456e-07, "2.857142857142857": 5.76622544563605e-07, "2.6530612244897958": 5.165801392276128e-07, "2.4489795918367347": 4.606244163383511e-07, "3.8775510204081636": 9.573312532912143e-07, "2.0408163265306123": 3.594088805721978e-07, "3.4693877551020407": 7.863041504892782e-07, "3.673469387755102": 8.681587030408842e-07, "3.0612244897959187": 6.412168566575375e-07, "0.0": 0.0, "3.2653061224489797": 7.109016968180686e-07, "4.081632653061225": 1.0548498648999273e-06, "4.8979591836734695": 1.557234748661913e-06, "4.285714285714286": 1.161944565011957e-06, "5.3061224489795915": 1.9065156247301414e-06, "5.1020408163265305": 1.7212044416832632e-06, "4.4897959183673475": 1.2800994486595815e-06, "4.6938775510204085": 1.411121758679293e-06, "5.510204081632653": 2.117620895789281e-06, "5.918367346938775": 2.642196789821221e-06, "6.122448979591837": 2.9736244268194337e-06, "6.326530612244898": 3.3688505065486007e-06, "6.938775510204081": 5.1948299863767085e-06, "5.714285714285714": 2.3603007197132215e-06, "6.530612244897959": 3.848180894640058e-06, "7.142857142857143": 6.182456674687698e-06, "7.551020408163265": 9.490864059280852e-06, "7.755102040816327": 1.2580493505871705e-05, "7.959183673469388": 1.81758718904209e-05, "6.73469387755102": 4.441526131250542e-06, "7.346938775510204": 7.533157332762308e-06, "9.183673469387756": 0.14674673631215124, "8.16326530612245": 3.137863371376736e-05, "9.387755102040817": 0.18216401243488442, "8.775510204081632": 0.06801103038774954, "8.979591836734695": 0.10874876041376741, "8.36734693877551": 0.00010014484051660625, "9.591836734693878": 0.21514336275313223, "9.795918367346939": 0.2458107427281032, "10.0": 0.2742765696435067, "8.571428571428571": 0.024387707051876012}