{"0.20408163265306123": 1.6937947473986646e-08, "0.6122448979591837": 5.3449046860117706e-08, "0.40816326530612246": 3.473197311824231e-08, "1.6326530612244898": 1.6378629325032596e-07, "1.2244897959183674": 1.159219138706965e-07, "2.2448979591836737": 2.4736412800770366e-07, "1.0204081632653061": 9.395706216261287e-08, "1.836734693877551": 1.8992906989822917e-07, "0.8163265306122449": 7.316331011849933e-08, "1.4285714285714286": 1.3916014299865925e-07, "2.857142857142857": 3.492145106206978e-07, "2.6530612244897958": 3.128760513486699e-07, "2.4489795918367347": 2.7900729180378247e-07, "3.8775510204081636": 5.79553518070442e-07, "2.0408163265306123": 2.177335981628971e-07, "3.4693877551020407": 4.760905221375942e-07, "3.673469387755102": 5.256107607699164e-07, "3.0612244897959187": 3.8830382415084953e-07, "0.0": 0.0, "3.2653061224489797": 4.304695033358586e-07, "4.081632653061225": 6.385400958467238e-07, "4.8979591836734695": 9.423597640114017e-07, "4.285714285714286": 7.033138508515799e-07, "5.3061224489795915": 1.1535482143524881e-06, "5.1020408163265305": 1.0415052393729782e-06, "4.4897959183673475": 7.747716836380538e-07, "4.6938775510204085": 8.540057864211286e-07, "5.510204081632653": 1.2811795791620993e-06, "5.918367346938775": 1.5983057969747362e-06, "6.122448979591837": 1.7986528197685563e-06, "6.326530612244898": 2.0375558432380758e-06, "6.938775510204081": 3.1412252649110956e-06, "5.714285714285714": 1.4278927090745256e-06, "6.530612244897959": 2.327286545636974e-06, "7.142857142857143": 3.7381404005555764e-06, "7.551020408163265": 5.737650952110193e-06, "7.755102040816327": 7.604893700776903e-06, "7.959183673469388": 1.0986464885987764e-05, "6.73469387755102": 2.685921109405812e-06, "7.346938775510204": 4.5544761873623805e-06, "9.183673469387756": 0.08868517439828509, "8.16326530612245": 1.896549495092276e-05, "9.387755102040817": 0.11008931129731334, "8.775510204081632": 0.041101903946363844, "8.979591836734695": 0.06572141300718737, "8.36734693877551": 6.052383162237328e-05, "9.591836734693878": 0.1300201079688885, "9.795918367346939": 0.14855368455071066, "10.0": 0.1657567708118593, "8.571428571428571": 0.014738510516295137}