{"0.20408163265306123": 2.2487505000147546e-08, "0.6122448979591837": 8.192849480942788e-08, "1.0204081632653061": 1.7381959563962223e-07, "3.8775510204081636": 0.17669803547898694, "0.40816326530612246": 4.9330075482490864e-08, "0.8163265306122449": 1.2235642791153874e-07, "1.2244897959183674": 2.4155038551511404e-07, "3.673469387755102": 0.16139867907704822, "2.0408163265306123": 1.0945813121660937e-06, "1.4285714285714286": 3.347100774111346e-07, "1.6326530612244898": 4.7092870912564143e-07, "3.2653061224489797": 0.12221828151699413, "1.836734693877551": 6.890319553832812e-07, "3.0612244897959187": 0.09692562188800573, "0.0": 0.0, "3.4693877551020407": 0.14344296403408882, "2.6530612244897958": 0.029534077620252567, "2.4489795918367347": 9.340319067461846e-06, "2.2448979591836737": 2.111294344543443e-06, "2.857142857142857": 0.06650641791848652, "4.081632653061225": 0.18981732149005537, "4.4897959183673475": 0.21093900674175453, "4.8979591836734695": 0.22694905009531138, "5.3061224489795915": 0.23928159695381332, "5.1020408163265305": 0.23350578878621675, "4.6938775510204085": 0.21947992830301893, "5.714285714285714": 0.24890906760354273, "5.918367346938775": 0.2529285812817832, "5.510204081632653": 0.2443856223121216, "6.73469387755102": 0.26512522067357847, "6.530612244897959": 0.2625637829772366, "6.122448979591837": 0.2565089171367083, "6.938775510204081": 0.26742371601078924, "6.326530612244898": 0.25970503672757284, "7.346938775510204": 0.27134592809716884, "7.142857142857143": 0.2694888100329131, "7.551020408163265": 0.2730169579930548, "4.285714285714286": 0.20113148253757793, "7.959183673469388": 0.275873364787341, "7.755102040816327": 0.27452072224768914, "8.16326530612245": 0.2770886680561611, "8.979591836734695": 0.2807828595003156, "8.36734693877551": 0.27817831358563594, "8.571428571428571": 0.2791520966201435, "8.775510204081632": 0.28001810355517154, "9.183673469387756": 0.28145145213743533, "9.591836734693878": 0.28251392956907984, "9.387755102040817": 0.2820276371275468, "10.0": 0.2832211759294285, "9.795918367346939": 0.2829116853796774}