{"0.6122448979591837": 5.367928324062632e-13, "0.40816326530612246": 3.207700771667987e-11, "0.20408163265306123": 3.6637359812630166e-14, "0.8163265306122449": 1.602584731585921e-11, "3.2653061224489797": 0.37306341017351496, "1.0204081632653061": 7.105427357601002e-14, "2.857142857142857": 0.283790938436873, "2.6530612244897958": 0.2315881404886535, "3.0612244897959187": 0.3306774336230024, "2.4489795918367347": 0.17302464267203355, "1.4285714285714286": -2.9283908631327904e-11, "1.2244897959183674": 5.045941442460844e-11, "3.8775510204081636": 0.4790997161277062, "3.673469387755102": 0.44680012788856227, "3.4693877551020407": 0.4115968654226161, "1.836734693877551": 2.7764457399825915e-12, "2.2448979591836737": 0.10673718638765739, "1.6326530612244898": 9.165224135188055e-12, "2.0408163265306123": 0.0309054824347893, "0.0": 0.0, "4.285714285714286": 0.5363388682045638, "4.4897959183673475": 0.5618201820310402, "4.8979591836734695": 0.607565462970726, "6.122448979591837": 0.7133800115523508, "4.081632653061225": 0.5088479479526771, "4.6938775510204085": 0.5855023271426232, "6.326530612244898": 0.7275150575153968, "5.1020408163265305": 0.6281649197175098, "6.938775510204081": 0.7653494235347985, "6.530612244897959": 0.7408506794582839, "5.714285714285714": 0.682446348223942, "5.918367346938775": 0.698381114612416, "6.73469387755102": 0.7534447443545254, "5.3061224489795915": 0.6474354933776332, "7.346938775510204": 0.7872750903427395, "5.510204081632653": 0.6654948650645683, "7.142857142857143": 0.7766119210129832, "7.551020408163265": 0.7973779595764163, "7.755102040816327": 0.8069561800372899, "7.959183673469388": 0.8160424115963143, "8.16326530612245": 0.8246666547657662, "8.36734693877551": 0.8328565380359425, "8.979591836734695": 0.8550657524193087, "9.183673469387756": 0.8617551308808865, "8.571428571428571": 0.8406375673759713, "9.591836734693878": 0.8741792632964613, "8.775510204081632": 0.8480333436117637, "10.0": 0.8854426140588592, "9.795918367346939": 0.8799481817864655, "9.387755102040817": 0.8681204139064967}