{"0.20408163265306123": 3.795480117303884e-08, "0.40816326530612246": 8.152172932446508e-08, "1.6326530612244898": 5.860552584384591e-07, "1.836734693877551": 7.603406305951765e-07, "0.8163265306122449": 1.9133488871724344e-07, "0.6122448979591837": 1.3204489916150527e-07, "1.2244897959183674": 3.472589755113894e-07, "3.8775510204081636": 0.3636426807473869, "1.0204081632653061": 2.618903158399608e-07, "3.4693877551020407": 0.1802243440896916, "3.2653061224489797": 0.06309711194541576, "2.0408163265306123": 9.977041856130048e-07, "2.2448979591836737": 1.339956244010203e-06, "0.0": 0.0, "3.673469387755102": 0.2792720558498969, "1.4285714285714286": 4.5265311961920576e-07, "2.6530612244897958": 2.8374004454839154e-06, "2.857142857142857": 5.057994538268983e-06, "2.4489795918367347": 1.8763374364909263e-06, "4.4897959183673475": 0.5524691289353018, "3.0612244897959187": 1.5719271508371127e-05, "4.081632653061225": 0.43598296497856837, "4.285714285714286": 0.4983737303043795, "4.6938775510204085": 0.5995975156822421, "6.326530612244898": 0.8223508904880434, "5.918367346938775": 0.7846459723938575, "5.510204081632653": 0.73726112732846, "5.3061224489795915": 0.7090044600058157, "5.1020408163265305": 0.6770629108199733, "4.8979591836734695": 0.6408354802257307, "5.714285714285714": 0.7623345664838796, "7.346938775510204": 0.8875871216715853, "6.122448979591837": 0.8045508857153864, "6.530612244897959": 0.8383029246492935, "6.938775510204081": 0.8655109145670562, "6.73469387755102": 0.8526267398790788, "7.142857142857143": 0.8771177266776288, "7.551020408163265": 0.8970399573209143, "7.755102040816327": 0.9055806672362247, "8.775510204081632": 0.9373546492571642, "8.16326530612245": 0.9202741051597985, "8.36734693877551": 0.9265714888361452, "8.571428571428571": 0.9322488098107082, "10.0": 0.9578177163385145, "7.959183673469388": 0.9132994546734703, "8.979591836734695": 0.9419298407317791, "9.591836734693878": 0.952778437109987, "9.183673469387756": 0.9460082096670164, "9.795918367346939": 0.9555081663322998, "9.387755102040817": 0.9496172038020066}