{"0.6122448979591837": 1.268469142982473e-07, "0.20408163265306123": 3.959377612474796e-08, "1.2244897959183674": 2.860504858142998e-07, "2.6530612244897958": 9.056156316045806e-07, "0.8163265306122449": 1.755591843954545e-07, "1.0204081632653061": 2.2841429817583392e-07, "0.40816326530612246": 8.170321341868487e-08, "1.4285714285714286": 3.49196072647594e-07, "2.2448979591836737": 6.765375878694149e-07, "1.6326530612244898": 4.187001125336183e-07, "2.0408163265306123": 5.810208836867841e-07, "2.857142857142857": 1.0444597635079002e-06, "2.4489795918367347": 7.839628579102634e-07, "3.2653061224489797": 1.390383858989911e-06, "3.4693877551020407": 1.6094763691135163e-06, "1.836734693877551": 4.955701950224822e-07, "3.0612244897959187": 1.2043479239261894e-06, "3.8775510204081636": 2.189311182616972e-06, "0.0": 0.0, "3.673469387755102": 1.8712152375603638e-06, "6.122448979591837": 0.23404567027162318, "4.285714285714286": 3.0869292746630647e-06, "4.8979591836734695": 5.995465584573415e-06, "7.551020408163265": 0.8950333008427146, "4.081632653061225": 2.58407483116921e-06, "6.938775510204081": 0.6604785852142746, "4.6938775510204085": 4.660908441776865e-06, "4.4897959183673475": 3.749210970796625e-06, "7.142857142857143": 0.745366450813052, "7.346938775510204": 0.823324465091457, "7.755102040816327": 0.9610863128685806, "6.326530612244898": 0.35578883975629894, "5.1020408163265305": 8.135710291353411e-06, "7.959183673469388": 1.0220017076782166, "6.530612244897959": 0.46666285464971785, "6.73469387755102": 0.5678781985226811, "5.3061224489795915": 1.2126346344716096e-05, "5.510204081632653": 2.219287172352169e-05, "5.918367346938775": 0.100035104233035, "5.714285714285714": 9.63225560065046e-05, "8.36734693877551": 1.1301758763419296, "8.16326530612245": 1.0782326772429247, "8.775510204081632": 1.2225445386757965, "9.591836734693878": 1.3684658407229857, "9.183673469387756": 1.3013947875397975, "8.571428571428571": 1.1781785475958817, "8.979591836734695": 1.2635394091809498, "9.387755102040817": 1.3363121088085748, "9.795918367346939": 1.3980062864805916, "10.0": 1.4250620374805794}