{"0.6122448979591837": 5.223108270197822e-08, "0.20408163265306123": 1.6303319614282557e-08, "1.2244897959183674": 1.1778549590758013e-07, "2.6530612244897958": 3.7290057171804324e-07, "0.8163265306122449": 7.228907658624311e-08, "1.0204081632653061": 9.405294742273295e-08, "0.40816326530612246": 3.3642499785653996e-08, "1.4285714285714286": 1.437866207550504e-07, "2.2448979591836737": 2.7857431066937885e-07, "1.6326530612244898": 1.7240593243701175e-07, "2.0408163265306123": 2.3924390049762283e-07, "2.857142857142857": 4.3007169064127893e-07, "2.4489795918367347": 3.228082487452142e-07, "3.2653061224489797": 5.725110420759628e-07, "3.4693877551020407": 6.627256191146358e-07, "3.0612244897959187": 4.959079996744098e-07, "1.836734693877551": 2.04058320846207e-07, "3.8775510204081636": 9.014811776324137e-07, "0.0": 0.0, "3.673469387755102": 7.705004667691033e-07, "6.122448979591837": 0.09759555902920738, "4.285714285714286": 1.2710887285166856e-06, "4.8979591836734695": 2.4687218912837976e-06, "7.551020408163265": 0.389341383224094, "4.081632653061225": 1.0640309555438625e-06, "6.938775510204081": 0.2826442288575892, "4.6938775510204085": 1.9191980579566287e-06, "4.4897959183673475": 1.543793053096437e-06, "7.142857142857143": 0.32080048967716757, "7.346938775510204": 0.35629033518373887, "7.755102040816327": 0.42015393093531966, "6.326530612244898": 0.14939986297366478, "5.1020408163265305": 3.3499997698599862e-06, "7.959183673469388": 0.4489043635240279, "6.530612244897959": 0.19726019264850428, "6.73469387755102": 0.24156254795867438, "5.3061224489795915": 4.993204578746385e-06, "5.918367346938775": 0.041408791896026274, "5.510204081632653": 9.138251824025098e-06, "5.714285714285714": 3.966242723378573e-05, "8.36734693877551": 0.5008216375514372, "8.16326530612245": 0.4757480235515872, "8.775510204081632": 0.5461246321008777, "9.591836734693878": 0.6198664079904722, "9.183673469387756": 0.5856061667126664, "8.571428571428571": 0.5242453789897099, "8.979591836734695": 0.5665515094569556, "9.387755102040817": 0.603357950343735, "9.795918367346939": 0.6351821859400234, "10.0": 0.6493478341009405}