{"0.40816326530612246": 3.1457059179729185e-12, "0.6122448979591837": 1.452911124744105e-10, "0.8163265306122449": 2.574385149500813e-12, "0.20408163265306123": 4.9960036108132044e-15, "1.2244897959183674": 3.412825577697731e-13, "1.4285714285714286": 8.572587084643146e-12, "1.836734693877551": 1.0907842407092971e-09, "1.0204081632653061": 5.387712498361452e-11, "1.6326530612244898": 1.242888014729715e-10, "2.4489795918367347": -5.09061681697176e-11, "2.2448979591836737": 2.3916413294244876e-10, "2.0408163265306123": 4.97214491801401e-11, "3.4693877551020407": 0.11471510613543168, "2.6530612244897958": -1.3933689757550383e-09, "3.673469387755102": 0.16509045790981358, "3.8775510204081636": 0.21138924993170383, "3.2653061224489797": 0.05966856854143521, "2.857142857142857": 2.0722902283054623e-09, "0.0": 0.0, "4.081632653061225": 0.25410301288132964, "5.1020408163265305": 0.4262533928692166, "4.285714285714286": 0.29364226416603056, "4.4897959183673475": 0.33035306321407787, "5.3061224489795915": 0.4542068856481454, "5.510204081632653": 0.4804493127049898, "4.8979591836734695": 0.3964238991819584, "5.714285714285714": 0.5051255590107755, "4.6938775510204085": 0.36452959971652843, "3.0612244897959187": 5.294962983626306e-07, "6.938775510204081": 0.626555173972478, "5.918367346938775": 0.5283635577643764, "6.73469387755102": 0.609028300040499, "7.346938775510204": 0.6589340557740412, "6.326530612244898": 0.5709665220019084, "7.142857142857143": 0.6431703031641759, "6.530612244897959": 0.5905232202626614, "7.551020408163265": 0.6739014413196642, "6.122448979591837": 0.5502768210091447, "7.755102040816327": 0.6881227379587544, "8.571428571428571": 0.7384151862461773, "7.959183673469388": 0.7016440312610998, "9.387755102040817": 0.7798724051727108, "8.775510204081632": 0.7495284833918157, "8.16326530612245": 0.7145076787854718, "10.0": 0.8062688198034582, "9.591836734693878": 0.7890780115779482, "8.979591836734695": 0.7601235792871635, "9.795918367346939": 0.7978695084268415, "9.183673469387756": 0.770229275622941, "8.36734693877551": 0.7267527121563718}