{"0.40816326530612246": 5.119060730862656e-12, "0.6122448979591837": 2.3490325240516085e-10, "0.8163265306122449": 4.141220699693804e-12, "0.20408163265306123": 8.282263763703667e-15, "1.2244897959183674": 5.451639140119368e-13, "1.4285714285714286": 1.3670331533433001e-11, "1.836734693877551": 1.7371876159799626e-09, "1.0204081632653061": 8.631948489323805e-11, "1.6326530612244898": 1.9800765471700287e-10, "2.4489795918367347": -8.616853897081e-11, "2.2448979591836737": 3.8021419346279117e-10, "2.0408163265306123": 7.902454246533353e-11, "3.4693877551020407": 0.17386600593681947, "2.6530612244897958": -2.245737285022642e-09, "3.673469387755102": 0.24427825099682998, "3.8775510204081636": 0.30592286172412525, "3.2653061224489797": 0.09282621237234723, "2.857142857142857": 3.2404279481923485e-09, "0.0": 0.0, "4.081632653061225": 0.36026014820203467, "5.1020408163265305": 0.5560140767479371, "4.285714285714286": 0.4084510999065476, "4.4897959183673475": 0.45142918282096167, "5.3061224489795915": 0.5844941956816789, "5.510204081632653": 0.6104425993818282, "4.8979591836734695": 0.5246429361069768, "5.714285714285714": 0.6341628006706801, "4.6938775510204085": 0.489952602647193, "3.0612244897959187": 8.469496163954205e-07, "6.938775510204081": 0.7418425673666339, "5.918367346938775": 0.6559127577468147, "6.73469387755102": 0.7271848379560868, "7.346938775510204": 0.7681853082032084, "6.326530612244898": 0.6943528982188558, "7.142857142857143": 0.7554776752611327, "6.530612244897959": 0.7113961947241358, "7.551020408163265": 0.7800493772913637, "6.122448979591837": 0.6759129646834565, "7.755102040816327": 0.791144149426988, "8.571428571428571": 0.8290470567490127, "7.959183673469388": 0.801535579884474, "9.387755102040817": 0.8588235774604673, "8.775510204081632": 0.8371542362534685, "8.16326530612245": 0.8112824334257684, "10.0": 0.8771445072884967, "9.591836734693878": 0.8652671834023185, "8.979591836734695": 0.8447969282842948, "9.795918367346939": 0.8713662951331795, "9.183673469387756": 0.852009623495659, "8.36734693877551": 0.8204372316409689}