{"0.40816326530612246": -2.886579864025407e-15, "0.8163265306122449": 1.1102230246251565e-16, "0.20408163265306123": 0.0, "0.0": 0.0, "1.6326530612244898": 9.658940314238862e-15, "2.6530612244897958": 1.6191803453580178e-10, "1.0204081632653061": 7.66053886991358e-15, "0.6122448979591837": -2.815525590449397e-13, "2.0408163265306123": 1.6818768600046496e-12, "1.836734693877551": 1.2034817586936697e-13, "3.0612244897959187": 2.9437188242553702e-09, "1.2244897959183674": 1.3677947663381929e-13, "1.4285714285714286": 2.4094060080415147e-12, "3.2653061224489797": 1.5866187585977798e-08, "3.673469387755102": 0.041395672705288544, "2.857142857142857": 6.291915877199017e-10, "2.2448979591836737": 4.914069151595868e-12, "2.4489795918367347": 2.7336355401530454e-11, "3.8775510204081636": 0.0897660070025208, "3.4693877551020407": 2.5403511505484033e-07, "4.081632653061225": 0.13447714566397462, "4.285714285714286": 0.17595169866932692, "4.4897959183673475": 0.21454563970301188, "4.6938775510204085": 0.2505613122409096, "5.1020408163265305": 0.31585707996247436, "5.510204081632653": 0.3735155820586892, "5.3061224489795915": 0.3455535473484308, "5.714285714285714": 0.3998911774817887, "4.8979591836734695": 0.28425746487960035, "6.122448979591837": 0.44839006245674695, "6.326530612244898": 0.4707317718237052, "7.142857142857143": 0.5494262728712257, "6.530612244897959": 0.4919278249501663, "5.918367346938775": 0.4248108108617248, "8.36734693877551": 0.6424495453088664, "8.571428571428571": 0.6556528529186941, "6.73469387755102": 0.5120606449337862, "7.551020408163265": 0.5833417020940654, "6.938775510204081": 0.5312044427954761, "8.979591836734695": 0.6804142945614862, "8.775510204081632": 0.6682974854819523, "9.183673469387756": 0.6920319536945205, "7.346938775510204": 0.5667869279498515, "9.387755102040817": 0.7031771709496288, "8.16326530612245": 0.6286542905078202, "9.591836734693878": 0.7138748754292578, "9.795918367346939": 0.7241483810601879, "7.755102040816327": 0.5991410441298566, "7.959183673469388": 0.6142311185495875, "10.0": 0.7340195305226345}