{"0.40816326530612246": -7.105427357601002e-15, "0.8163265306122449": 4.440892098500626e-16, "0.20408163265306123": 1.1102230246251565e-16, "0.0": 0.0, "1.6326530612244898": 2.220446049250313e-14, "1.0204081632653061": 1.9317880628477724e-14, "2.6530612244897958": 3.899714995370118e-10, "0.6122448979591837": -7.041034422172743e-13, "2.0408163265306123": 4.065969783084711e-12, "1.836734693877551": 2.8044233602031454e-13, "3.0612244897959187": 7.182991090814994e-09, "1.4285714285714286": 6.023292975498862e-12, "1.2244897959183674": 3.4205971388701073e-13, "3.2653061224489797": 3.9136915153115126e-08, "3.673469387755102": 0.10029845880712296, "2.857142857142857": 1.519176340281092e-09, "2.2448979591836737": 1.1513123787665336e-11, "2.4489795918367347": 6.471456703849299e-11, "3.8775510204081636": 0.20953502864478912, "3.4693877551020407": 6.336222390102009e-07, "4.081632653061225": 0.3030584494547637, "4.285714285714286": 0.3835729540660652, "4.4897959183673475": 0.45323285033123306, "5.1020408163265305": 0.6128607186640489, "4.6938775510204085": 0.51377160238867, "5.510204081632653": 0.6893466121891424, "5.3061224489795915": 0.6535141181236614, "5.714285714285714": 0.7210183147116485, "4.8979591836734695": 0.5665967603756772, "6.122448979591837": 0.77401383317021, "6.326530612244898": 0.7962056684683537, "7.142857142857143": 0.8637216387487117, "6.530612244897959": 0.8160001909457515, "8.36734693877551": 0.9235403202008664, "5.918367346938775": 0.7490842957989334, "8.571428571428571": 0.9303997466682964, "6.73469387755102": 0.8336892376479743, "7.551020408163265": 0.8879337302576674, "6.938775510204081": 0.8495240295448843, "8.979591836734695": 0.9422332756945724, "8.775510204081632": 0.936608523144716, "9.183673469387756": 0.9473331259487372, "9.387755102040817": 0.9519606333283788, "7.346938775510204": 0.8764702899328245, "9.591836734693878": 0.956162604650152, "8.16326530612245": 0.9159550130841463, "9.795918367346939": 0.9599807919540534, "7.755102040816327": 0.8982548507058687, "7.959183673469388": 0.9075587010806528, "10.0": 0.9634524957813385}