{"0.40816326530612246": -9.992007221626409e-15, "0.20408163265306123": 0.0, "0.8163265306122449": 5.551115123125783e-16, "0.0": 0.0, "1.6326530612244898": 3.186340080674199e-14, "1.0204081632653061": 2.6978419498391304e-14, "0.6122448979591837": -9.85656001262214e-13, "2.6530612244897958": 5.518896450951161e-10, "2.0408163265306123": 5.747957665391823e-12, "1.4285714285714286": 8.432587961237914e-12, "3.0612244897959187": 1.0126709915070364e-08, "1.2244897959183674": 4.787281682183675e-13, "1.836734693877551": 4.007905118896815e-13, "3.2653061224489797": 5.500310262807062e-08, "3.673469387755102": 0.1416941315124115, "2.857142857142857": 2.1483679280009937e-09, "2.2448979591836737": 1.642708191695874e-11, "2.4489795918367347": 9.205081141772098e-11, "3.8775510204081636": 0.2993010356473098, "3.4693877551020407": 8.876573541760635e-07, "4.081632653061225": 0.4375355951187383, "4.285714285714286": 0.5595246527353922, "4.4897959183673475": 0.6677784900342449, "5.1020408163265305": 0.9287177986265233, "4.6938775510204085": 0.7643329146295796, "5.3061224489795915": 0.9990676654720922, "5.510204081632653": 1.0628621942478316, "5.714285714285714": 1.1209094921934373, "4.8979591836734695": 0.8508542252552775, "7.142857142857143": 1.4131479116199372, "6.326530612244898": 1.2669374402920588, "6.122448979591837": 1.222403895626957, "6.530612244897959": 1.307928015895918, "8.36734693877551": 1.5659898655097328, "5.918367346938775": 1.1738951066606582, "8.571428571428571": 1.5860525995869903, "6.73469387755102": 1.3457498825817606, "7.551020408163265": 1.4712754323517327, "8.979591836734695": 1.6226475702560585, "6.938775510204081": 1.3807284723403603, "8.775510204081632": 1.6049060086266682, "9.183673469387756": 1.6393650796432577, "9.387755102040817": 1.6551378042780076, "9.591836734693878": 1.6700374800794098, "7.346938775510204": 1.443257217882676, "9.795918367346939": 1.6841291730142411, "8.16326530612245": 1.5446093035919666, "7.959183673469388": 1.5217898196302404, "7.755102040816327": 1.4973958948357253, "10.0": 1.697472026303973}