{"1.2244897959183674": 6.1725249384883e-07, "0.20408163265306123": 5.157332032334074e-07, "2.0408163265306123": 7.442149990803583e-07, "0.40816326530612246": 5.327264740965503e-07, "0.6122448979591837": 5.511501151883375e-07, "0.8163265306122449": 5.71207307147395e-07, "1.0204081632653061": 5.931424965194921e-07, "2.4489795918367347": 8.36047629595391e-07, "2.6530612244897958": 8.932928734714078e-07, "1.4285714285714286": 6.43901362216549e-07, "1.6326530612244898": 6.735406982608647e-07, "0.0": 5e-07, "3.2653061224489797": 1.1418377496928355e-06, "1.836734693877551": 7.067377313268189e-07, "2.2448979591836737": 7.869075750814148e-07, "3.8775510204081636": 1.6498145766900966e-06, "2.857142857142857": 9.60927971639169e-07, "3.4693877551020407": 1.2671282121656072e-06, "3.673469387755102": 1.4297545723154611e-06, "3.0612244897959187": 1.042192350748724e-06, "4.081632653061225": 1.9650288960563065e-06, "4.6938775510204085": 5.308509286812363e-06, "6.326530612244898": 0.2703955443596435, "6.73469387755102": 0.335432683824968, "6.530612244897959": 0.3038483049972996, "4.4897959183673475": 3.3263542411885486e-06, "4.285714285714286": 2.4554853971928045e-06, "5.714285714285714": 0.15743760814170513, "6.938775510204081": 0.36526922170803494, "7.551020408163265": 0.4453404140598488, "7.142857142857143": 0.3934676748548922, "6.122448979591837": 0.2349420797867718, "5.510204081632653": 0.11505147551447244, "7.959183673469388": 0.49174275336794093, "7.755102040816327": 0.4691873677054478, "5.918367346938775": 0.1973426361250798, "5.3061224489795915": 0.06999127696088765, "7.346938775510204": 0.4201278657935971, "4.8979591836734695": 1.4340978333770545e-05, "5.1020408163265305": 0.022051536342721712, "8.571428571428571": 0.5522892367904797, "8.16326530612245": 0.5130730598284415, "8.36734693877551": 0.5332376677909633, "8.775510204081632": 0.5702740586321923, "9.183673469387756": 0.603198739190937, "9.591836734693878": 0.632266739998561, "8.979591836734695": 0.5872323854284378, "9.387755102040817": 0.6182022088916642, "10.0": 0.6576507679510818, "9.795918367346939": 0.6454114206591763}