{"1.2244897959183674": 6.723940624048566e-07, "0.20408163265306123": 5.225527899857393e-07, "2.0408163265306123": 8.674405429343286e-07, "0.40816326530612246": 5.471375385432138e-07, "0.6122448979591837": 5.740381952526233e-07, "0.8163265306122449": 6.035940123910423e-07, "1.0204081632653061": 6.362136850287894e-07, "2.4489795918367347": 1.0120269889720303e-06, "2.6530612244897958": 1.1032224574128237e-06, "1.4285714285714286": 7.127452527969966e-07, "1.6326530612244898": 7.580248243627518e-07, "0.0": 5e-07, "3.2653061224489797": 1.505475030548227e-06, "1.836734693877551": 8.091851938120708e-07, "2.2448979591836737": 9.343633432217386e-07, "3.8775510204081636": 2.3438754454760002e-06, "2.857142857142857": 1.2117980631393937e-06, "3.4693877551020407": 1.7108330844366717e-06, "3.673469387755102": 1.979001172464319e-06, "3.0612244897959187": 1.3432124309543595e-06, "4.081632653061225": 2.869080481687844e-06, "4.6938775510204085": 8.488484063495897e-06, "6.326530612244898": 0.40077377598947556, "6.73469387755102": 0.48186123487988647, "6.530612244897959": 0.4431761525679553, "4.4897959183673475": 5.151869265295692e-06, "4.285714285714286": 3.6897114033885416e-06, "5.714285714285714": 0.24632662784873194, "6.938775510204081": 0.5172235820801865, "7.551020408163265": 0.6065846299328664, "7.142857142857143": 0.5496057669222707, "6.122448979591837": 0.3541982374742809, "5.510204081632653": 0.18369594987997973, "7.959183673469388": 0.6547583676157024, "7.755102040816327": 0.6316690390231593, "5.918367346938775": 0.3029209573343055, "5.3061224489795915": 0.11418473854710798, "7.346938775510204": 0.5793060351374288, "4.8979591836734695": 2.3718264292586293e-05, "5.1020408163265305": 0.03680906823203371, "8.571428571428571": 0.7136940806699528, "8.16326530612245": 0.6760269990097119, "8.36734693877551": 0.6956276721978805, "8.775510204081632": 0.7303430768899667, "9.183673469387756": 0.7597830423901236, "9.591836734693878": 0.7846106112501787, "8.979591836734695": 0.7456765513027672, "9.387755102040817": 0.772739124378259, "10.0": 0.8053154448521133, "9.795918367346939": 0.7954536092583119}