{"1.2244897959183674": 6.475803565546446e-07, "0.20408163265306123": 5.1948397594719e-07, "2.0408163265306123": 8.11989048200042e-07, "0.40816326530612246": 5.406525595422153e-07, "0.6122448979591837": 5.637385592236946e-07, "0.8163265306122449": 5.89019995031401e-07, "1.0204081632653061": 6.168316501996056e-07, "2.4489795918367347": 9.328362772525426e-07, "2.6530612244897958": 1.0087541446391866e-06, "1.4285714285714286": 6.817655020357952e-07, "1.6326530612244898": 7.200069676169026e-07, "0.0": 5e-07, "3.2653061224489797": 1.3418382541633008e-06, "1.836734693877551": 7.630838356937076e-07, "2.2448979591836737": 8.68008247558593e-07, "3.8775510204081636": 2.031548054522344e-06, "2.857142857142857": 1.0989065219642926e-06, "3.4693877551020407": 1.5111658919146927e-06, "3.673469387755102": 1.731840202397333e-06, "3.0612244897959187": 1.2077533948618237e-06, "4.081632653061225": 2.4622572681536523e-06, "4.6938775510204085": 7.057495413988306e-06, "6.326530612244898": 0.34210357175605116, "6.73469387755102": 0.41596838690517324, "4.4897959183673475": 4.330387504447478e-06, "6.530612244897959": 0.38047862116116027, "4.285714285714286": 3.1343097006004598e-06, "6.938775510204081": 0.44884411991271833, "5.714285714285714": 0.2063265689805699, "7.551020408163265": 0.5340247327900085, "7.142857142857143": 0.4793436254919504, "6.122448979591837": 0.30053296651490186, "5.510204081632653": 0.15280593641550144, "7.959183673469388": 0.5814013412042098, "7.755102040816327": 0.5585522869301891, "5.918367346938775": 0.2554107127901539, "5.3061224489795915": 0.09429768083330883, "7.346938775510204": 0.5076758589327046, "4.8979591836734695": 1.949848561111921e-05, "5.1020408163265305": 0.03016817888184331, "8.571428571428571": 0.6410619009241899, "8.16326530612245": 0.6026977263781402, "8.36734693877551": 0.6225521702147678, "8.775510204081632": 0.6583120186739683, "9.183673469387756": 0.6893201059504896, "9.591836734693878": 0.7160558691869507, "8.979591836734695": 0.674376676659319, "9.387755102040817": 0.7031975124092914, "10.0": 0.7388663402466491, "9.795918367346939": 0.7279346243887009}