{"0.40816326530612246": 8.288675590798863e-08, "2.0408163265306123": 5.960199139874222e-07, "0.6122448979591837": 1.2925246483052895e-07, "0.20408163265306123": 3.9922987883747324e-08, "2.4489795918367347": 8.032060080241497e-07, "2.2448979591836737": 6.93610489326489e-07, "2.857142857142857": 1.0685153353145667e-06, "0.8163265306122449": 1.7944082768521295e-07, "3.2653061224489797": 1.4203968497370835e-06, "1.2244897959183674": 2.9334639356875664e-07, "1.0204081632653061": 2.339449120918869e-07, "3.0612244897959187": 1.2311859724543926e-06, "1.4285714285714286": 3.583363961971668e-07, "2.6530612244897958": 9.27166796143806e-07, "1.836734693877551": 5.085641986867179e-07, "1.6326530612244898": 4.297425057301862e-07, "3.4693877551020407": 1.6432200423787508e-06, "0.0": 0.0, "3.8775510204081636": 2.233268398746139e-06, "3.673469387755102": 1.9094851455485173e-06, "4.081632653061225": 2.635463605830603e-06, "4.285714285714286": 3.1484779882517464e-06, "5.1020408163265305": 8.348911606647976e-06, "4.4897959183673475": 3.825429293156747e-06, "4.6938775510204085": 4.759834959798579e-06, "6.122448979591837": 0.23949766280593202, "6.938775510204081": 0.6626620675125167, "4.8979591836734695": 6.133035560280964e-06, "7.346938775510204": 0.8247146887335008, "7.142857142857143": 0.7471079104623797, "6.530612244897959": 0.47010569894014975, "5.3061224489795915": 1.2526308379725998e-05, "7.755102040816327": 0.9619746903487305, "5.510204081632653": 2.3336699911082835e-05, "7.551020408163265": 0.8961441357858733, "7.959183673469388": 1.0227127928960276, "5.918367346938775": 0.10690611620489336, "6.326530612244898": 0.36011888532431713, "6.73469387755102": 0.5706185785146297, "5.714285714285714": 0.00011718315698859448, "8.36734693877551": 1.1306326352312044, "8.775510204081632": 1.2228389518125515, "8.16326530612245": 1.078802340516934, "9.183673469387756": 1.3015852449327956, "9.591836734693878": 1.3685895288576582, "8.979591836734695": 1.2637760965035707, "9.387755102040817": 1.336465514774798, "9.795918367346939": 1.398106120409995, "8.571428571428571": 1.1785450958486816, "10.0": 1.425142708703034}