{"0.0": 0.0, "0.40816326530612246": 2.2439581615623893e-08, "0.20408163265306123": 1.044820850293269e-08, "0.8163265306122449": 5.313862424721893e-08, "0.6122448979591837": 3.6442240653611075e-08, "1.4285714285714286": 1.333564805133762e-07, "1.0204081632653061": 7.35641106883662e-08, "1.6326530612244898": 1.8069940048327567e-07, "1.2244897959183674": 9.936927590896137e-08, "2.0408163265306123": 3.7404953538120654e-07, "1.836734693877551": 2.521190796868849e-07, "2.2448979591836737": 6.340885907008026e-07, "2.4489795918367347": 1.600407887125999e-06, "2.857142857142857": 0.03615220105289169, "3.2653061224489797": 0.08746940877603393, "2.6530612244897958": 0.007981563504707205, "3.8775510204081636": 0.1547835310838112, "3.0612244897959187": 0.06257048469126132, "3.4693877551020407": 0.11103851109219197, "3.673469387755102": 0.13343370239785757, "4.081632653061225": 0.17519606239219612, "4.285714285714286": 0.1947620853908691, "4.4897959183673475": 0.21355930482283322, "4.6938775510204085": 0.23165399276935603, "4.8979591836734695": 0.24910359789338574, "5.1020408163265305": 0.26595815732957234, "5.3061224489795915": 0.2822609306311071, "5.714285714285714": 0.3133600461449502, "5.510204081632653": 0.2980504033971636, "6.326530612244898": 0.35669260806125963, "6.122448979591837": 0.3426562071058134, "5.918367346938775": 0.3282198866833445, "6.530612244897959": 0.370350195891072, "6.73469387755102": 0.3836473674757123, "6.938775510204081": 0.39660089814701416, "7.142857142857143": 0.4092252339960016, "7.551020408163265": 0.4335363696700263, "7.755102040816327": 0.4452437297704236, "7.346938775510204": 0.42153339146680585, "7.959183673469388": 0.456663481845696, "8.16326530612245": 0.4678017420746633, "8.36734693877551": 0.47866336336716275, "8.775510204081632": 0.4995669266450327, "8.571428571428571": 0.48925127201190866, "8.979591836734695": 0.509610136369461, "9.183673469387756": 0.5193787166623353, "9.387755102040817": 0.5288689445660573, "9.591836734693878": 0.5380753555023818, "10.0": 0.5556050138343824, "9.795918367346939": 0.5469903849460129}