{"0.0": 0.0, "0.40816326530612246": 9.420760019919175e-08, "0.20408163265306123": 4.308516492482108e-08, "0.8163265306122449": 2.3161418465919265e-07, "0.6122448979591837": 1.5584583277077847e-07, "1.4285714285714286": 6.176937537827056e-07, "1.0204081632653061": 3.2699745110046877e-07, "1.6326530612244898": 8.552732036933776e-07, "1.2244897959183674": 4.5074082818989156e-07, "2.0408163265306123": 1.852856760480621e-06, "1.836734693877551": 1.2202963630536414e-06, "2.2448979591836737": 3.2172064674628956e-06, "2.4489795918367347": 8.324555398525758e-06, "2.857142857142857": 0.17628626465355554, "3.2653061224489797": 0.37965831269589645, "2.6530612244897958": 0.041526674990307245, "3.8775510204081636": 0.5790245163998582, "3.0612244897959187": 0.28727809094239315, "3.4693877551020407": 0.45725833379558806, "3.673469387755102": 0.5229738786563065, "4.081632653061225": 0.6271381181392633, "4.285714285714286": 0.6686745235884802, "4.4897959183673475": 0.7047176988141455, "4.6938775510204085": 0.7361390934424552, "4.8979591836734695": 0.7636467382658017, "5.1020408163265305": 0.7878205113485375, "5.3061224489795915": 0.8091382690689597, "5.714285714285714": 0.8447307102121018, "5.510204081632653": 0.8279976722248714, "6.326530612244898": 0.8847585825643013, "6.122448979591837": 0.8728927182154894, "5.918367346938775": 0.8596170257423646, "6.530612244897959": 0.8953859912579698, "6.73469387755102": 0.9049214358090926, "6.938775510204081": 0.9134910494564962, "7.142857142857143": 0.9212032018070627, "7.551020408163265": 0.9344167299657001, "7.755102040816327": 0.9400684050159052, "7.346938775510204": 0.9281515442387509, "7.959183673469388": 0.9451665197531023, "8.16326530612245": 0.9497623449730584, "8.36734693877551": 0.9538996709790993, "8.775510204081632": 0.9609400673190235, "8.571428571428571": 0.9576153401864442, "8.979591836734695": 0.9638989127017701, "9.183673469387756": 0.9665116499219167, "9.387755102040817": 0.968793287379717, "9.591836734693878": 0.9707543423158052, "10.0": 0.973735856239432, "9.795918367346939": 0.9724010645659571}