{"0.0": 0.0, "0.40816326530612246": 7.985399648247818e-08, "0.20408163265306123": 3.655777364044341e-08, "0.8163265306122449": 1.9591907257679788e-07, "0.6122448979591837": 1.3196511434734494e-07, "1.4285714285714286": 5.208262991288397e-07, "1.0204081632653061": 2.763107830180482e-07, "1.6326530612244898": 7.203584430513573e-07, "1.2244897959183674": 3.804665177337056e-07, "2.0408163265306123": 1.5570953154607384e-06, "1.836734693877551": 1.02666090638029e-06, "2.2448979591836737": 2.7005828921104775e-06, "2.4489795918367347": 6.979725896245808e-06, "2.857142857142857": 0.14825945193342277, "3.2653061224489797": 0.32122053191192407, "2.6530612244897958": 0.03481765269318724, "3.8775510204081636": 0.49417631933664885, "3.0612244897959187": 0.24233656969216671, "3.4693877551020407": 0.3880143692549088, "3.673469387755102": 0.44506584340461686, "4.081632653061225": 0.53674970698985, "4.285714285714286": 0.5738920359489581, "4.4897959183673475": 0.6064860200158829, "4.6938775510204085": 0.6352420733078356, "4.8979591836734695": 0.6607381101913187, "5.1020408163265305": 0.6834480405447446, "5.3061224489795915": 0.7037628013813895, "5.714285714285714": 0.7384565773986713, "5.510204081632653": 0.7220082184593299, "6.326530612244898": 0.7791453876636931, "6.122448979591837": 0.7668454159935544, "5.918367346938775": 0.7533375979305605, "6.530612244897959": 0.7903788321845903, "6.73469387755102": 0.8006666221424167, "6.938775510204081": 0.8101130191945998, "7.142857142857143": 0.8188076082448509, "7.551020408163265": 0.8342406579065654, "7.755102040816327": 0.8411034699668088, "7.346938775510204": 0.8268279136843619, "7.959183673469388": 0.8474659121716209, "8.16326530612245": 0.8533702243933795, "8.36734693877551": 0.858852409456712, "8.775510204081632": 0.8686654391842256, "8.571428571428571": 0.8639425265515374, "8.979591836734695": 0.8730411574353083, "9.183673469387756": 0.8770850632700007, "9.387755102040817": 0.8808084188169852, "9.591836734693878": 0.8842185449531208, "10.0": 0.890109687758422, "9.795918367346939": 0.8873189286419682}