{"10.0": 0.5484885638892885, "1.1111111111111112": 9.809993387389139e-08, "8.88888888888889": 0.4223519206192318, "2.2222222222222223": 2.435358345807821e-07, "4.444444444444445": 9.410474665114384e-07, "3.3333333333333335": 4.814402200836024e-07, "5.555555555555555": 2.2022634956183975e-06, "0.0": 0.0, "7.777777777777779": 0.23385212545967063, "6.666666666666667": 2.050348525036583e-05}