{"10.0": 0.5387652355271539, "1.1111111111111112": 9.553160397751215e-08, "8.88888888888889": 0.4137421478596633, "2.2222222222222223": 2.3710873116012664e-07, "4.444444444444445": 9.158074987434121e-07, "3.3333333333333335": 4.686318744498476e-07, "5.555555555555555": 2.1427107929031777e-06, "0.0": 0.0, "7.777777777777779": 0.22829597032792098, "6.666666666666667": 1.9944453427992812e-05}