{"10.0": 0.5426545668720079, "1.1111111111111112": 9.655893593606383e-08, "8.88888888888889": 0.41718605696349065, "2.2222222222222223": 2.3967957252838886e-07, "4.444444444444445": 9.259034858506228e-07, "3.3333333333333335": 4.7375521270334934e-07, "5.555555555555555": 2.1665318739892657e-06, "0.0": 0.0, "7.777777777777779": 0.2305184323806208, "6.666666666666667": 2.0168066156942023e-05}