{"1.6326530612244898": 1.0034712873499474e-06, "0.40816326530612246": 5.701771478458405e-07, "0.20408163265306123": 5.326958936122154e-07, "2.4489795918367347": 2.130103565211866e-06, "0.6122448979591837": 6.135946611609417e-07, "3.8775510204081636": 0.330359705322539, "1.0204081632653061": 7.250514136715954e-07, "3.2653061224489797": 0.0677956110601504, "3.4693877551020407": 0.16812808479959582, "1.836734693877551": 1.1536646822172327e-06, "1.4285714285714286": 8.887910983764887e-07, "0.8163265306122449": 6.645024604807532e-07, "3.673469387755102": 0.25489695510327187, "1.2244897959183674": 7.983065647174654e-07, "2.6530612244897958": 2.995650942369631e-06, "0.0": 5e-07, "2.2448979591836737": 1.657277679111349e-06, "2.0408163265306123": 1.3590681568491695e-06, "3.0612244897959187": 1.765629006898639e-05, "2.857142857142857": 5.094786481190359e-06, "6.73469387755102": 0.8106359927292759, "7.551020408163265": 0.8611258708964512, "5.918367346938775": 0.7371145631027697, "7.142857142857143": 0.838173957870469, "5.3061224489795915": 0.6589521227912843, "5.1020408163265305": 0.6268269904427175, "4.6938775510204085": 0.5506735666162837, "6.122448979591837": 0.7582657636631811, "5.510204081632653": 0.6877800854491087, "4.8979591836734695": 0.5909240683859025, "5.714285714285714": 0.7137184527853029, "7.346938775510204": 0.8501664076059998, "4.081632653061225": 0.396330218930685, "4.285714285714286": 0.45427647249418646, "6.326530612244898": 0.7774276559321274, "6.530612244897959": 0.7948207695270014, "6.938775510204081": 0.8250390121415324, "4.4897959183673475": 0.5053960810886594, "7.755102040816327": 0.871147849729362, "7.959183673469388": 0.880315552645167, "8.979591836734695": 0.9155536521855595, "8.16326530612245": 0.8887013244695082, "10.0": 0.9368085671742095, "8.775510204081632": 0.9097513576094794, "9.387755102040817": 0.9255429245009547, "9.591836734693878": 0.9297777367319082, "8.571428571428571": 0.9033691209855403, "9.183673469387756": 0.9208086204701033, "8.36734693877551": 0.896367842539324, "9.795918367346939": 0.9335291530025037}