{"0.0": 0.0, "0.20408163265306123": 0.0, "0.40816326530612246": 0.0, "0.6122448979591837": 0.0, "0.8163265306122449": 0.0, "1.0204081632653061": 0.0, "1.2244897959183674": 0.0, "3.0612244897959187": 0.16853598998392447, "3.2653061224489797": 0.24998045652540588, "1.4285714285714286": 0.0, "2.857142857142857": 0.07426935044110564, "3.673469387755102": 0.38302652473354964, "3.8775510204081636": 0.43781347282435906, "3.4693877551020407": 0.32088397246370065, "1.6326530612244898": 0.0, "4.285714285714286": 0.5296119579212063, "4.081632653061225": 0.4863715140742173, "1.836734693877551": 0.0, "4.4897959183673475": 0.5682814033081945, "2.0408163265306123": 0.0, "4.6938775510204085": 0.6029956057302233, "4.8979591836734695": 0.6342678244638975, "2.4489795918367347": -2.5e-323, "5.1020408163265305": 0.662528947746035, "2.2448979591836737": -1.5e-323, "5.3061224489795915": 0.688142378531341, "5.510204081632653": 0.7114179752058886, "2.6530612244897958": 4e-323, "5.714285714285714": 0.7326201470885982, "6.122448979591837": 0.7696846283871146, "5.918367346938775": 0.751976850028401, "6.326530612244898": 0.7859143668678469, "6.530612244897959": 0.8008150524553662, "6.73469387755102": 0.8145165591759742, "7.142857142857143": 0.8387649902893011, "6.938775510204081": 0.8271331835203967, "7.346938775510204": 0.8495003153586714, "7.755102040816327": 0.8685824151920164, "7.551020408163265": 0.859416673425308, "8.16326530612245": 0.8848946441607987, "7.959183673469388": 0.8770576072539752, "8.36734693877551": 0.8921393744312927, "8.571428571428571": 0.8988312628567195, "8.775510204081632": 0.9050041816827782, "9.183673469387756": 0.9159023535573649, "8.979591836734695": 0.9106867156311265, "9.387755102040817": 0.9206700474994742, "9.591836734693878": 0.9250043744985471, "9.795918367346939": 0.9289156311904333, "10.0": 0.9324103564580974}