{"0.0": 0.0, "0.20408163265306123": 0.0, "0.40816326530612246": 0.0, "0.6122448979591837": 0.0, "0.8163265306122449": 0.0, "1.0204081632653061": 0.0, "1.2244897959183674": 0.0, "3.0612244897959187": 0.19383002702992505, "3.2653061224489797": 0.284776837000899, "1.4285714285714286": 0.0, "2.857142857142857": 0.0863159735061087, "3.673469387755102": 0.42916520710407463, "3.8775510204081636": 0.48699837432231513, "3.4693877551020407": 0.36239681966507037, "1.6326530612244898": 0.0, "4.285714285714286": 0.5815786923362295, "4.081632653061225": 0.5374036137440253, "1.836734693877551": 0.0, "4.4897959183673475": 0.6204879381932484, "2.0408163265306123": 0.0, "4.6938775510204085": 0.6549139168044834, "4.8979591836734695": 0.6854985927596416, "2.4489795918367347": -3e-323, "5.1020408163265305": 0.7127727213923944, "2.2448979591836737": -2e-323, "5.3061224489795915": 0.7371776006064755, "5.510204081632653": 0.7590840232322271, "2.6530612244897958": 4.4e-323, "5.714285714285714": 0.7788042493764018, "6.122448979591837": 0.8127088375049186, "5.918367346938775": 0.7966038123068463, "6.326530612244898": 0.8273134307211303, "6.530612244897959": 0.8405847679845054, "6.73469387755102": 0.8526669627315977, "7.142857142857143": 0.8737483731547879, "6.938775510204081": 0.8636853113037215, "7.346938775510204": 0.8829508915958396, "7.755102040816327": 0.8990930474630262, "7.551020408163265": 0.8913751810606717, "8.16326530612245": 0.9126508308520602, "7.959183673469388": 0.9061669439563782, "8.36734693877551": 0.9185913996752766, "8.571428571428571": 0.9240284428915561, "8.775510204081632": 0.928995702977473, "9.183673469387756": 0.9376279515377056, "8.979591836734695": 0.9335212846480287, "9.387755102040817": 0.9413336953798622, "9.591836734693878": 0.9446519664811964, "9.795918367346939": 0.9475918413044896, "10.0": 0.9501585164924956}