{"0.0": 0.0, "0.20408163265306123": 0.0, "0.40816326530612246": 0.0, "0.6122448979591837": 0.0, "0.8163265306122449": 0.0, "1.0204081632653061": 0.0, "1.2244897959183674": 0.0, "3.0612244897959187": 0.2317710825989259, "3.2653061224489797": 0.3369714077141387, "1.4285714285714286": 0.0, "2.857142857142857": 0.10438590810361331, "3.673469387755102": 0.4983732306598625, "3.8775510204081636": 0.5607757265692493, "3.4693877551020407": 0.4246660904671248, "1.6326530612244898": 0.0, "4.285714285714286": 0.6595287939587644, "4.081632653061225": 0.6139517632487373, "1.836734693877551": 0.0, "4.4897959183673475": 0.6987977405208289, "2.0408163265306123": 0.0, "4.6938775510204085": 0.7327913834158735, "4.8979591836734695": 0.7623447452032579, "2.4489795918367347": -4e-323, "5.1020408163265305": 0.7881383818619334, "2.2448979591836737": -3.5e-323, "5.3061224489795915": 0.8107304337191773, "5.510204081632653": 0.8305830952717355, "2.6530612244897958": 5e-323, "5.714285714285714": 0.8480804028081076, "6.122448979591837": 0.8772451511816253, "5.918367346938775": 0.8635442557245141, "6.326530612244898": 0.8894120265010553, "6.530612244897959": 0.9002393412782143, "6.73469387755102": 0.9098925680650333, "7.142857142857143": 0.926223447453018, "6.938775510204081": 0.9185135029787088, "7.346938775510204": 0.9331267559515921, "7.755102040816327": 0.9448589958695405, "7.551020408163265": 0.939312942513718, "8.16326530612245": 0.9542851108889531, "7.959183673469388": 0.9498309490099832, "8.36734693877551": 0.9582694375412525, "8.571428571428571": 0.9618242129438109, "8.775510204081632": 0.9649829849195151, "9.183673469387756": 0.9702163485082173, "8.979591836734695": 0.9677731381733825, "9.387755102040817": 0.9723291672004442, "9.591836734693878": 0.9741233544551703, "9.795918367346939": 0.975606156475574, "10.0": 0.976780756544093}