{"0.0": 0.0, "0.20408163265306123": 0.0, "0.40816326530612246": 0.0, "0.6122448979591837": 0.0, "0.8163265306122449": 0.0, "1.0204081632653061": 0.0, "3.0612244897959187": 0.23778466007538912, "2.6530612244897958": 0.033864005760651406, "1.2244897959183674": 0.0, "1.4285714285714286": 0.0, "3.4693877551020407": 0.3849773027657502, "2.857142857142857": 0.14461505940779504, "3.2653061224489797": 0.3170003590406659, "3.673469387755102": 0.4437883121525598, "3.8775510204081636": 0.49503779888006394, "4.081632653061225": 0.5399875833171274, "1.6326530612244898": 0.0, "4.285714285714286": 0.5796404669794053, "1.836734693877551": 0.0, "2.0408163265306123": 0.0, "4.4897959183673475": 0.6148040895958369, "4.6938775510204085": 0.6461341417449258, "2.4489795918367347": -2e-323, "4.8979591836734695": 0.6741688871432739, "5.1020408163265305": 0.699353733714724, "2.2448979591836737": 1.5e-323, "5.3061224489795915": 0.7220593227846904, "5.510204081632653": 0.7425975061076863, "5.714285714285714": 0.7612311852370639, "6.122448979591837": 0.7936477964315602, "5.918367346938775": 0.7781842981226289, "6.326530612244898": 0.8077858965431659, "6.73469387755102": 0.8326332968233855, "6.530612244897959": 0.8207402915912065, "7.142857142857143": 0.853647371777806, "6.938775510204081": 0.8435715024403484, "7.551020408163265": 0.8715250105228978, "7.755102040816327": 0.8794585143946386, "7.346938775510204": 0.8629417694936016, "7.959183673469388": 0.8867957304311508, "8.16326530612245": 0.8935827924740758, "8.36734693877551": 0.899859600156487, "8.775510204081632": 0.9110126789943052, "8.571428571428571": 0.9056600289364357, "8.979591836734695": 0.9159411826686599, "9.387755102040817": 0.9245969422543825, "9.183673469387756": 0.9204644014673213, "9.591836734693878": 0.9283493170700087, "9.795918367346939": 0.9317280390510939, "10.0": 0.9347360989949125}