{"0.0": 0.0, "0.20408163265306123": 0.0, "0.40816326530612246": 0.0, "0.6122448979591837": 0.0, "0.8163265306122449": 0.0, "1.0204081632653061": 0.0, "3.0612244897959187": 0.17900084346175502, "2.6530612244897958": 0.024358094621434057, "1.2244897959183674": 0.0, "1.4285714285714286": 0.0, "3.4693877551020407": 0.30084274720366627, "2.857142857142857": 0.10653951934124753, "3.2653061224489797": 0.2433483805141968, "3.673469387755102": 0.3524917817351923, "3.8775510204081636": 0.3991093665200118, "4.081632653061225": 0.44136290642581805, "1.6326530612244898": 0.0, "4.285714285714286": 0.47980362436037505, "1.836734693877551": 0.0, "2.0408163265306123": 0.0, "4.4897959183673475": 0.5148928093849345, "4.6938775510204085": 0.5470184412723057, "2.4489795918367347": -1.5e-323, "4.8979591836734695": 0.5765104434163365, "5.1020408163265305": 0.603651204069586, "2.2448979591836737": 1e-323, "5.3061224489795915": 0.6286831559155619, "5.510204081632653": 0.6518170609489445, "5.714285714285714": 0.673235804364705, "6.122448979591837": 0.7115504142329188, "5.918367346938775": 0.693100012036442, "6.326530612244898": 0.7287115164952687, "6.73469387755102": 0.7595945156004358, "6.530612244897959": 0.7446936819819587, "7.142857142857143": 0.7864918062368128, "6.938775510204081": 0.7735013880344465, "7.551020408163265": 0.8099935178341824, "7.755102040816327": 0.8206217281984524, "7.346938775510204": 0.7986352724500472, "7.959183673469388": 0.830568999619445, "8.16326530612245": 0.8398785634803707, "8.36734693877551": 0.8485887121131553, "8.775510204081632": 0.8643390911798319, "8.571428571428571": 0.8567326382535447, "8.979591836734695": 0.8714324934681067, "9.387755102040817": 0.8841567414456816, "9.183673469387756": 0.8780329479157564, "9.591836734693878": 0.889816379488359, "9.795918367346939": 0.8950205465217013, "10.0": 0.8997746396920903}