{"0.8163265306122449": 4.214499183619669e-07, "0.20408163265306123": 7.745696166717488e-08, "0.6122448979591837": 2.821981487880293e-07, "0.40816326530612246": 1.6991470443969081e-07, "3.673469387755102": 0.5559287834876107, "1.0204081632653061": 5.987119405364767e-07, "1.6326530612244898": 1.6220877758772095e-06, "3.8775510204081636": 0.6086265666498439, "3.2653061224489797": 0.42097408078075776, "1.4285714285714286": 1.1528902666383527e-06, "1.2244897959183674": 8.320068834409484e-07, "3.0612244897959187": 0.33385491983646404, "2.0408163265306123": 3.7702245196832134e-06, "1.836734693877551": 2.373332290764635e-06, "3.4693877551020407": 0.49408132056186166, "0.0": 0.0, "2.6530612244897958": 0.10172848958086995, "2.4489795918367347": 3.217221012125747e-05, "2.2448979591836737": 7.2722360756496354e-06, "2.857142857142857": 0.22907766171923125, "4.081632653061225": 0.6538152184657466, "4.4897959183673475": 0.7265676898882655, "4.6938775510204085": 0.7559864197103987, "4.8979591836734695": 0.7817133947727393, "5.1020408163265305": 0.8042977169303025, "5.3061224489795915": 0.824192167285357, "5.510204081632653": 0.8417726990750856, "5.714285714285714": 0.8573534550788695, "6.326530612244898": 0.8945395709505287, "5.918367346938775": 0.871198446637253, "7.346938775510204": 0.9346359745569147, "7.142857142857143": 0.928239234557812, "6.530612244897959": 0.9043863635882595, "6.73469387755102": 0.9132090934312148, "7.551020408163265": 0.9403917441983001, "6.122448979591837": 0.8835307145819955, "6.938775510204081": 0.9211261329260519, "4.285714285714286": 0.6927862176294352, "7.755102040816327": 0.9455713766309297, "7.959183673469388": 0.9502304787119524, "8.16326530612245": 0.9544165233045552, "8.775510204081632": 0.9645068011344796, "8.36734693877551": 0.9581697467949684, "8.571428571428571": 0.9615238883582723, "8.979591836734695": 0.9671409605010871, "9.183673469387756": 0.9694438906956108, "9.387755102040817": 0.9714285278837725, "9.591836734693878": 0.9731035351823861, "10.0": 0.9755396059791429, "9.795918367346939": 0.9744735829744445}