{"0.8163265306122449": 2.990934904504281e-07, "0.20408163265306123": 5.496945666702733e-08, "0.6122448979591837": 2.0026965397860153e-07, "0.40816326530612246": 1.2058462895719992e-07, "3.673469387755102": 0.3945301044105623, "1.0204081632653061": 4.248923448968545e-07, "1.6326530612244898": 1.1511590667515686e-06, "3.8775510204081636": 0.43192853117085694, "3.2653061224489797": 0.29875579926376356, "1.4285714285714286": 8.181801892272182e-07, "1.2244897959183674": 5.904564979258342e-07, "3.0612244897959187": 0.23692929794845846, "2.0408163265306123": 2.6756432075171187e-06, "1.836734693877551": 1.684300335381354e-06, "3.4693877551020407": 0.35063835652777275, "0.0": 0.0, "2.6530612244897958": 0.07219441196061738, "2.2448979591836737": 5.160941731106192e-06, "2.4489795918367347": 2.283189105379563e-05, "2.857142857142857": 0.16257124380074475, "4.081632653061225": 0.46399789697569105, "4.4897959183673475": 0.5156286831465111, "4.6938775510204085": 0.5365064914073796, "4.8979591836734695": 0.5547643446774279, "5.1020408163265305": 0.5707919281440855, "5.3061224489795915": 0.5849105703315438, "5.510204081632653": 0.5973870767629639, "5.714285714285714": 0.6084443874753269, "6.326530612244898": 0.6348345342229559, "5.918367346938775": 0.6182698653554702, "7.346938775510204": 0.663290046459746, "7.142857142857143": 0.6587504245248986, "6.530612244897959": 0.6418225806110232, "6.73469387755102": 0.6480838727576365, "7.551020408163265": 0.6673747862052453, "6.122448979591837": 0.6270217974452871, "6.938775510204081": 0.6537024169152628, "4.285714285714286": 0.49165473509185714, "7.755102040816327": 0.6710506543832405, "7.959183673469388": 0.6743571139246116, "8.16326530612245": 0.6773278552483939, "8.775510204081632": 0.6844886975793083, "8.36734693877551": 0.6799914332093324, "8.571428571428571": 0.6823717917381288, "8.979591836734695": 0.6863581010007715, "9.183673469387756": 0.6879924385581754, "9.387755102040817": 0.6894008907562258, "9.591836734693878": 0.6905896056133065, "10.0": 0.6923184300497145, "9.795918367346939": 0.691561897594767}