{"0.0": 0.0, "0.20408163265306123": 0.0, "0.6122448979591837": 0.0, "0.40816326530612246": 0.0, "0.8163265306122449": 0.0, "2.6530612244897958": 0.5011488114040943, "2.4489795918367347": 0.39921136714036703, "2.0408163265306123": 0.10191103282441688, "2.857142857142857": 0.5824537168744516, "3.0612244897959187": 0.6481012568768088, "3.4693877551020407": 0.7457487745011975, "1.4285714285714286": -1.5e-323, "2.2448979591836737": 0.2695869302148298, "3.8775510204081636": 0.812906389595767, "1.2244897959183674": 0.0, "3.2653061224489797": 0.7016566604838103, "1.0204081632653061": 0.0, "3.673469387755102": 0.782334491665401, "1.836734693877551": 0.0, "1.6326530612244898": -1e-323, "4.081632653061225": 0.8386085844354841, "4.285714285714286": 0.8603370963614833, "4.6938775510204085": 0.8945438267826628, "4.4897959183673475": 0.8787949627826283, "5.1020408163265305": 0.9196330094840981, "4.8979591836734695": 0.9080353666950919, "5.3061224489795915": 0.9296358994233161, "5.510204081632653": 0.9382877518448218, "5.714285714285714": 0.9457916619378949, "5.918367346938775": 0.9523152058189343, "6.122448979591837": 0.9579992132073817, "6.530612244897959": 0.967302868507396, "6.326530612244898": 0.9629620904689045, "6.73469387755102": 0.9711063711198202, "6.938775510204081": 0.9744439927725778, "7.142857142857143": 0.9773771035420634, "7.346938775510204": 0.9799583028719998, "7.551020408163265": 0.9822322990346124, "7.755102040816327": 0.984237989130185, "7.959183673469388": 0.9860090004184657, "8.16326530612245": 0.9875740476353058, "8.571428571428571": 0.9901839764708886, "8.775510204081632": 0.9912696597406447, "8.36734693877551": 0.9889584742267273, "9.183673469387756": 0.9930860315148837, "8.979591836734695": 0.9922322135438977, "9.387755102040817": 0.9938438867832948, "9.591836734693878": 0.9945169906133243, "9.795918367346939": 0.9951150295580388, "10.0": 0.9956466949200166}