{"0.0": 0.0, "0.20408163265306123": 0.0, "0.6122448979591837": 0.0, "0.40816326530612246": 0.0, "0.8163265306122449": 0.0, "2.6530612244897958": 0.4490700280824179, "2.4489795918367347": 0.3545610623111741, "2.0408163265306123": 0.08866680873908733, "2.857142857142857": 0.5261719845087304, "3.0612244897959187": 0.5898325173616236, "3.4693877551020407": 0.6876191011492563, "1.4285714285714286": -1.5e-323, "2.2448979591836737": 0.2371037932575439, "3.8775510204081636": 0.7578938514206373, "1.2244897959183674": 0.0, "3.2653061224489797": 0.6429304281247457, "1.0204081632653061": 0.0, "3.673469387755102": 0.7255216457563377, "1.836734693877551": 0.0, "1.6326530612244898": -5e-324, "4.081632653061225": 0.7857101303342515, "4.285714285714286": 0.8097446082046295, "4.6938775510204085": 0.8488104764320191, "4.4897959183673475": 0.8306120326591195, "5.1020408163265305": 0.8787491727302377, "4.8979591836734695": 0.864746031148261, "5.3061224489795915": 0.8910963177774804, "5.510204081632653": 0.9020151449983632, "5.714285714285714": 0.9116984903951412, "5.918367346938775": 0.9203072698284019, "6.122448979591837": 0.9279788617081323, "6.530612244897959": 0.9409612737560794, "6.326530612244898": 0.9348304880445505, "6.73469387755102": 0.9464577241873109, "6.938775510204081": 0.9513934351859359, "7.142857142857143": 0.9558327993333076, "7.346938775510204": 0.959831892066419, "7.551020408163265": 0.9634388954260494, "7.755102040816327": 0.9666965699925906, "7.959183673469388": 0.9696425119517311, "8.16326530612245": 0.9723091367269834, "8.571428571428571": 0.9769177196115614, "8.775510204081632": 0.9789078159015533, "8.36734693877551": 0.9747257616078298, "9.183673469387756": 0.9823609625078416, "8.979591836734695": 0.9807163378149077, "9.387755102040817": 0.9838577669942212, "9.591836734693878": 0.985221136026386, "9.795918367346939": 0.9864636126729986, "10.0": 0.987596792897613}