{"0.0": 0.0, "0.20408163265306123": 0.0, "0.6122448979591837": 0.0, "0.40816326530612246": 0.0, "0.8163265306122449": 0.0, "2.6530612244897958": 0.3854181818003693, "2.4489795918367347": 0.29998846751993824, "2.0408163265306123": 0.07247942374590681, "2.857142857142857": 0.4573832005061827, "3.0612244897959187": 0.5186151690652858, "3.4693877551020407": 0.6165717226079943, "1.4285714285714286": -1.5e-323, "2.2448979591836737": 0.19740218142086116, "3.8775510204081636": 0.6906563047621456, "1.2244897959183674": 0.0, "3.2653061224489797": 0.5711539219081105, "1.0204081632653061": 0.0, "3.673469387755102": 0.6560837229785942, "1.836734693877551": 0.0, "1.6326530612244898": -5e-324, "4.081632653061225": 0.7210564642105219, "4.285714285714286": 0.747909344901808, "4.6938775510204085": 0.7929141593367878, "4.4897959183673475": 0.7717217847303864, "5.1020408163265305": 0.8287800389199638, "4.8979591836734695": 0.8118368432576896, "5.3061224489795915": 0.843992384654792, "5.510204081632653": 0.8576819588526913, "5.714285714285714": 0.8700290585095527, "5.918367346938775": 0.8811864591733072, "6.122448979591837": 0.8912873209868274, "6.530612244897959": 0.9087659912822477, "6.326530612244898": 0.9004474184147839, "6.73469387755102": 0.9163316001586885, "6.938775510204081": 0.9232205314689287, "7.142857142857143": 0.9295008719670503, "7.346938775510204": 0.9352329455262646, "7.551020408163265": 0.9404691799044718, "7.755102040816327": 0.9452570577133084, "7.959183673469388": 0.9496390260479438, "8.16326530612245": 0.9536520233945907, "8.571428571428571": 0.9607034056723842, "8.775510204081632": 0.963798895653776, "8.36734693877551": 0.9573302239625103, "9.183673469387756": 0.9692525448325676, "8.979591836734695": 0.9666413785905873, "9.387755102040817": 0.9716525094742424, "9.591836734693878": 0.973859535975683, "9.795918367346939": 0.9758896587023945, "10.0": 0.9777580237591188}