{"0.20408163265306123": 9.225511517607721e-08, "0.40816326530612246": 2.087628316379477e-07, "3.8775510204081636": 0.7905798283133236, "3.4693877551020407": 0.7205506685632072, "2.857142857142857": 0.5537725367582035, "0.6122448979591837": 3.605339482874984e-07, "0.8163265306122449": 5.664330895678887e-07, "1.0204081632653061": 8.617008860151924e-07, "3.0612244897959187": 0.6203508045710164, "3.673469387755102": 0.758562380663332, "2.4489795918367347": 0.3702591181366849, "1.4285714285714286": 2.1315677168137834e-06, "2.2448979591836737": 0.2419666356260559, "1.6326530612244898": 3.9511630376634445e-06, "0.0": 0.0, "1.836734693877551": 1.1756885050199768e-05, "2.0408163265306123": 0.07741072480014262, "3.2653061224489797": 0.6751078459184089, "1.2244897959183674": 1.3206487534382977e-06, "2.6530612244897958": 0.47197533024770777, "4.081632653061225": 0.8177146974607211, "5.510204081632653": 0.925862338615205, "5.3061224489795915": 0.9162012325490805, "5.1020408163265305": 0.9051211505940837, "4.285714285714286": 0.8408378220953355, "6.122448979591837": 0.9482097645795896, "5.918367346938775": 0.9417099061988519, "5.714285714285714": 0.934308437566509, "4.8979591836734695": 0.892376555397986, "4.4897959183673475": 0.8606389848231071, "6.530612244897959": 0.9589683923209189, "6.326530612244898": 0.9539285865571864, "4.6938775510204085": 0.8776700510420243, "6.73469387755102": 0.9634157512973234, "6.938775510204081": 0.9673442669581344, "7.346938775510204": 0.9738859459997616, "7.551020408163265": 0.9765975959226829, "9.387755102040817": 0.9894331645837726, "9.183673469387756": 0.9888478035363688, "8.36734693877551": 0.9845423525536573, "8.571428571428571": 0.9859244308677722, "8.979591836734695": 0.9880698518114133, "9.591836734693878": 0.9898247770716354, "8.775510204081632": 0.9870972266920465, "9.795918367346939": 0.9900184009996319, "10.0": 0.9900068662234376, "7.959183673469388": 0.9810943516273078, "8.16326530612245": 0.9829380278380936, "7.755102040816327": 0.9789897214647258, "7.142857142857143": 0.970816573757083}