{"0.40816326530612246": 3.52941109985767e-08, "0.20408163265306123": 1.6393441249120842e-08, "1.6326530612244898": 2.608690190694957e-07, "1.836734693877551": 3.417711018608897e-07, "0.6122448979591837": 5.7324822362666786e-08, "1.4285714285714286": 1.999997080005709e-07, "0.8163265306122449": 8.333329229362072e-08, "1.2244897959183674": 1.525422161761584e-07, "1.0204081632653061": 1.1450373444076308e-07, "2.0408163265306123": 4.5454331956628347e-07, "2.6530612244897958": 1.4443982703302217e-06, "3.673469387755102": 0.05566911153226112, "2.4489795918367347": 8.999873299828853e-07, "3.4693877551020407": 0.039524036696168816, "3.8775510204081636": 0.06952174098769731, "0.0": 0.0, "3.2653061224489797": 0.020571128184913804, "2.2448979591836737": 6.226367267870748e-07, "3.0612244897959187": 4.395417353158678e-05, "4.081632653061225": 0.08148443040024443, "2.857142857142857": 2.9996340161704825e-06, "4.8979591836734695": 0.11591917047574299, "5.510204081632653": 0.132531820993173, "5.714285714285714": 0.13691248452105778, "5.3061224489795915": 0.12762796617443262, "4.285714285714286": 0.09187508553067572, "5.1020408163265305": 0.12212185324299041, "6.326530612244898": 0.14753310090841742, "4.6938775510204085": 0.10890670061778636, "6.530612244897959": 0.1503947713963392, "6.938775510204081": 0.15532280157321723, "6.122448979591837": 0.14436078629276816, "5.918367346938775": 0.14083663136178656, "6.73469387755102": 0.15298117730648636, "7.142857142857143": 0.15744597768933727, "4.4897959183673475": 0.10094757878423999, "7.346938775510204": 0.1593734993110748, "7.551020408163265": 0.1611251196519491, "7.959183673469388": 0.16416685873569395, "8.775510204081632": 0.16875386681854398, "8.16326530612245": 0.1654846308584443, "7.755102040816327": 0.16271796206898234, "9.183673469387756": 0.17044088633206259, "9.387755102040817": 0.17115351236659992, "9.591836734693878": 0.17178390579760988, "8.979591836734695": 0.16964250673837827, "8.571428571428571": 0.16776938806662509, "9.795918367346939": 0.17233467764056157, "10.0": 0.17280759733826917, "8.36734693877551": 0.16668232125392016}