{"0.40816326530612246": 1.9411761049217186e-07, "0.20408163265306123": 9.016392687016462e-08, "1.6326530612244898": 1.4347796048822256e-06, "1.836734693877551": 1.8797410602348937e-06, "0.6122448979591837": 3.1528652299466745e-07, "1.4285714285714286": 1.0999983940031397e-06, "0.8163265306122449": 4.5833310761491405e-07, "1.2244897959183674": 8.389821889688713e-07, "1.0204081632653061": 6.29770539424197e-07, "2.0408163265306123": 2.4999882576145583e-06, "2.6530612244897958": 7.94419048681622e-06, "3.673469387755102": 0.3061801134274361, "2.4489795918367347": 4.949930314905869e-06, "3.4693877551020407": 0.21738220182892842, "3.8775510204081636": 0.3823695754323352, "0.0": 0.0, "3.2653061224489797": 0.11314120501702593, "2.2448979591836737": 3.42450199732891e-06, "3.0612244897959187": 0.00024174795442372728, "4.081632653061225": 0.44816436720134445, "2.857142857142857": 1.6497987088937654e-05, "4.8979591836734695": 0.6375554376165864, "5.510204081632653": 0.7289250154624514, "5.714285714285714": 0.753018664865818, "5.3061224489795915": 0.7019538139593794, "4.285714285714286": 0.5053129704187165, "5.1020408163265305": 0.671670192836447, "6.326530612244898": 0.8114320549962958, "4.6938775510204085": 0.5989868533978249, "6.530612244897959": 0.8271712426798654, "6.938775510204081": 0.8542754086526946, "6.122448979591837": 0.7939843246102246, "5.918367346938775": 0.7746014724898258, "6.73469387755102": 0.8413964751856746, "7.142857142857143": 0.865952877291355, "4.4897959183673475": 0.5552116833133198, "7.346938775510204": 0.8765542462109113, "7.551020408163265": 0.8861881580857197, "7.959183673469388": 0.9029177230463166, "8.775510204081632": 0.9281462675019914, "8.16326530612245": 0.9101654697214437, "7.755102040816327": 0.8949487913794029, "9.183673469387756": 0.9374248748263438, "9.387755102040817": 0.9413443180162994, "9.591836734693878": 0.944811481886854, "8.979591836734695": 0.9330337870610802, "8.571428571428571": 0.9227316343664377, "9.795918367346939": 0.9478407270230886, "10.0": 0.9504417853604801, "8.36734693877551": 0.9167527668965608}