{"0.40816326530612246": 1.588234994935952e-07, "0.20408163265306123": 7.377048562104377e-08, "1.6326530612244898": 1.17391058581273e-06, "1.836734693877551": 1.5379699583740036e-06, "0.6122448979591837": 2.579617006320006e-07, "1.4285714285714286": 8.999986860025686e-07, "0.8163265306122449": 3.749998153212934e-07, "1.2244897959183674": 6.864399727927132e-07, "1.0204081632653061": 5.152668049834337e-07, "2.0408163265306123": 2.0454449380482755e-06, "2.6530612244897958": 6.499792216485998e-06, "3.673469387755102": 0.2505110018951749, "2.4489795918367347": 4.049942984922983e-06, "3.4693877551020407": 0.1778581651327596, "3.8775510204081636": 0.3128478344446379, "0.0": 0.0, "3.2653061224489797": 0.09257007683211207, "2.2448979591836737": 2.8018652705418358e-06, "3.0612244897959187": 0.0001977937808921405, "4.081632653061225": 0.36667993680109995, "2.857142857142857": 1.3498353072767173e-05, "4.8979591836734695": 0.5216362671408433, "5.510204081632653": 0.5963931944692783, "5.714285714285714": 0.61610618034476, "5.3061224489795915": 0.5743258477849468, "4.285714285714286": 0.4134378848880408, "5.1020408163265305": 0.5495483395934566, "6.326530612244898": 0.6638989540878785, "4.6938775510204085": 0.4900801527800385, "6.530612244897959": 0.6767764712835264, "6.938775510204081": 0.6989526070794774, "6.122448979591837": 0.6496235383174568, "5.918367346938775": 0.6337648411280393, "6.73469387755102": 0.6884152978791884, "7.142857142857143": 0.7085068996020175, "4.4897959183673475": 0.4542641045290798, "7.346938775510204": 0.7171807468998364, "7.551020408163265": 0.7250630384337706, "7.959183673469388": 0.7387508643106226, "8.775510204081632": 0.7593924006834477, "8.16326530612245": 0.7446808388629991, "7.755102040816327": 0.7322308293104207, "9.183673469387756": 0.7669839884942813, "9.387755102040817": 0.7701908056496996, "9.591836734693878": 0.7730275760892441, "8.979591836734695": 0.7633912803227021, "8.571428571428571": 0.7549622462998125, "9.795918367346939": 0.775506049382527, "10.0": 0.7776341880222108, "8.36734693877551": 0.7500704456426408}