{"0.0": 0.0, "0.20408163265306123": 3.726941968957237e-08, "0.40816326530612246": 8.135069822738365e-08, "0.6122448979591837": 1.3429926768669924e-07, "0.8163265306122449": 1.9908997734008345e-07, "1.0204081632653061": 2.8019581673101887e-07, "1.4285714285714286": 5.242976396103186e-07, "1.2244897959183674": 3.846669304601686e-07, "1.6326530612244898": 7.204332909027791e-07, "1.836734693877551": 1.0160682331161123e-06, "2.0408163265306123": 1.5126401983572673e-06, "2.4489795918367347": 5.66694918010606e-06, "2.2448979591836737": 2.5205047189567803e-06, "2.857142857142857": 0.12820872008428003, "3.0612244897959187": 0.2290670903003507, "2.6530612244897958": 0.007745641659989942, "3.4693877551020407": 0.3871089540802559, "3.8775510204081636": 0.5039373365850843, "3.2653061224489797": 0.31434355532964214, "3.673469387755102": 0.4497040244632154, "4.285714285714286": 0.5927034978919578, "4.081632653061225": 0.5512284827877995, "4.4897959183673475": 0.6292673525867912, "4.8979591836734695": 0.6904618652218651, "4.6938775510204085": 0.6616532812531185, "5.1020408163265305": 0.7161889533772198, "5.3061224489795915": 0.7392462909474409, "5.510204081632653": 0.7599794185591896, "5.714285714285714": 0.7786790049002014, "6.122448979591837": 0.8109283693995561, "5.918367346938775": 0.7955919671898182, "6.326530612244898": 0.8248683672093242, "6.530612244897959": 0.8375669885998029, "6.73469387755102": 0.849157752589789, "7.142857142857143": 0.8694640924208603, "6.938775510204081": 0.8597566537716277, "7.551020408163265": 0.8865431785720124, "7.346938775510204": 0.8783676125162623, "7.755102040816327": 0.8940569709700327, "8.16326530612245": 0.9073211552574659, "7.959183673469388": 0.9009664530746955, "8.36734693877551": 0.9131638212827111, "8.775510204081632": 0.9234524737127014, "8.571428571428571": 0.9185307270606524, "8.979591836734695": 0.9279543581947474, "9.183673469387756": 0.9320566321740565, "9.387755102040817": 0.935775036591994, "9.591836734693878": 0.9391210045290207, "9.795918367346939": 0.9421018021729344, "10.0": 0.9447210022505202}