{"0.0": 0.0, "0.20408163265306123": 2.7270307256198602e-08, "0.40816326530612246": 5.9524901934170016e-08, "0.6122448979591837": 9.826775900291163e-08, "0.8163265306122449": 1.456755979202884e-07, "1.0204081632653061": 2.0502133871316934e-07, "1.4285714285714286": 3.836324521317882e-07, "1.2244897959183674": 2.814636253659673e-07, "1.6326530612244898": 5.27146372545051e-07, "1.836734693877551": 7.434646843966999e-07, "2.0408163265306123": 1.1068101751256037e-06, "2.4489795918367347": 4.146552024730403e-06, "2.2448979591836737": 1.8442725060407237e-06, "2.857142857142857": 0.09588964808468046, "3.0612244897959187": 0.17456353433606744, "2.6530612244897958": 0.0056747470290104225, "3.4693877551020407": 0.30481013296001835, "3.8775510204081636": 0.4079076343912324, "3.2653061224489797": 0.24367547005332457, "3.673469387755102": 0.35922046035091204, "4.285714285714286": 0.49121361212726916, "4.081632653061225": 0.4516839229016453, "4.4897959183673475": 0.5270470327186916, "4.6938775510204085": 0.5596427866282676, "4.8979591836734695": 0.589387172380908, "5.1020408163265305": 0.6166078124493346, "5.3061224489795915": 0.6415836169709505, "5.510204081632653": 0.6645548414174518, "5.714285714285714": 0.6857283167440907, "6.122448979591837": 0.7233788138887788, "5.918367346938775": 0.7052841159977978, "6.326530612244898": 0.7401498043309692, "6.530612244897959": 0.7557179312458489, "6.73469387755102": 0.7701893342074442, "7.142857142857143": 0.7962078451363991, "6.938775510204081": 0.7836582759403982, "7.551020408163265": 0.8188360585390694, "7.346938775510204": 0.807912006009757, "7.755102040816327": 0.829037993177858, "8.16326530612245": 0.8474742382474783, "7.959183673469388": 0.8385690840468715, "8.36734693877551": 0.8557929793220024, "8.775510204081632": 0.8708028160784173, "8.571428571428571": 0.8635593917753662, "8.979591836734695": 0.877548024718795, "9.183673469387756": 0.8838152851974149, "9.387755102040817": 0.8896208797388303, "9.591836734693878": 0.8949771785352945, "9.795918367346939": 0.8998926386253443, "10.0": 0.9043723350527998}