{"0.0": 0.0, "0.20408163265306123": 4.545051168051453e-08, "0.40816326530612246": 9.920816792183115e-08, "0.6122448979591837": 1.6377959297343462e-07, "0.8163265306122449": 2.4279265141082496e-07, "1.0204081632653061": 3.4170220783653213e-07, "1.4285714285714286": 6.393873384563888e-07, "1.2244897959183674": 4.691059982645153e-07, "1.6326530612244898": 8.785771331954658e-07, "1.836734693877551": 1.2391075002501763e-06, "2.0408163265306123": 1.8446829446377195e-06, "2.4489795918367347": 6.910910489049777e-06, "2.2448979591836737": 3.0737856204335526e-06, "2.857142857142857": 0.15465159717486143, "3.0612244897959187": 0.2736609088165823, "2.6530612244897958": 0.009440009994427732, "3.4693877551020407": 0.4544443531786322, "3.8775510204081636": 0.5825070929255086, "3.2653061224489797": 0.3721628978284476, "3.673469387755102": 0.5237360314641909, "4.285714285714286": 0.6757406771539755, "4.081632653061225": 0.6326740317855616, "4.4897959183673475": 0.7129021597516002, "4.6938775510204085": 0.7451164132189059, "4.8979591836734695": 0.7731593411826483, "5.1020408163265305": 0.7976644323182168, "5.3061224489795915": 0.8191521151100238, "5.510204081632653": 0.838054072584248, "5.714285714285714": 0.8547295679370192, "6.122448979591837": 0.8825598239083738, "5.918367346938775": 0.8694802090741983, "6.326530612244898": 0.8941835550188875, "6.530612244897959": 0.9045343991621294, "6.73469387755102": 0.9137682767207985, "7.142857142857143": 0.9294010220172376, "6.938775510204081": 0.9220189629062698, "7.551020408163265": 0.9419399131444206, "7.346938775510204": 0.9360131087488573, "7.755102040816327": 0.9472543164363575, "8.16326530612245": 0.956286814629274, "7.959183673469388": 0.9520188459156421, "8.36734693877551": 0.9601036010687455, "8.775510204081632": 0.96652946632257, "8.571428571428571": 0.9635072741122502, "8.979591836734695": 0.9691959037659814, "9.183673469387756": 0.9715268251549448, "9.387755102040817": 0.9735375285627641, "9.591836734693878": 0.9752386803420696, "9.795918367346939": 0.9766365723482353, "10.0": 0.977733548139564}