{"0.40816326530612246": 1.2602623440639785e-07, "0.0": 0.0, "0.20408163265306123": 5.808834935788426e-08, "0.6122448979591837": 2.065509502803148e-07, "0.8163265306122449": 3.035176325134021e-07, "1.4285714285714286": 7.656582066622011e-07, "1.2244897959183674": 5.720882026168061e-07, "1.0204081632653061": 4.2253464268054276e-07, "1.6326530612244898": 1.0260360624749468e-06, "1.836734693877551": 1.3950158910367667e-06, "2.0408163265306123": 1.9584397590376986e-06, "2.4489795918367347": 4.968473497059604e-06, "2.2448979591836737": 2.925028284042377e-06, "3.0612244897959187": 0.1913643729142659, "2.6530612244897958": 1.2151662517338663e-05, "3.4693877551020407": 0.42181005109436875, "3.8775510204081636": 0.5795350407445523, "2.857142857142857": 0.03613679124287579, "3.2653061224489797": 0.3178657868239964, "3.673469387755102": 0.5078521313025522, "4.285714285714286": 0.6901724471492746, "4.081632653061225": 0.63959612848002, "4.6938775510204085": 0.7692835427271932, "4.8979591836734695": 0.8002470362857358, "5.1020408163265305": 0.82672148851486, "4.4897959183673475": 0.7329530034197099, "5.3061224489795915": 0.8494228879611706, "5.714285714285714": 0.8857596937133572, "5.510204081632653": 0.8689402622448497, "6.326530612244898": 0.9237493263791364, "5.918367346938775": 0.9002854321306691, "6.122448979591837": 0.9128544390072763, "6.530612244897959": 0.9332078384384873, "6.73469387755102": 0.9414302977504804, "6.938775510204081": 0.948586442557591, "7.142857142857143": 0.9548198972183567, "7.346938775510204": 0.9602526970433996, "7.755102040816327": 0.9691143805330601, "7.551020408163265": 0.9649882671514083, "7.959183673469388": 0.9727052935626898, "8.16326530612245": 0.9758234689998574, "8.36734693877551": 0.9785212710118694, "8.571428571428571": 0.9808420166886334, "8.775510204081632": 0.9828211288968922, "9.183673469387756": 0.9858613479150604, "8.979591836734695": 0.9844869389373564, "9.387755102040817": 0.9869605172514188, "9.591836734693878": 0.987795343122104, "9.795918367346939": 0.988371865386358, "10.0": 0.9886917508331377}