{"0.20408163265306123": 0.0, "0.0": 0.0, "1.0204081632653061": 0.0, "0.40816326530612246": 0.0, "1.2244897959183674": 0.0, "0.8163265306122449": 0.0, "0.6122448979591837": 0.0, "1.4285714285714286": 0.0, "1.6326530612244898": 0.0, "1.836734693877551": 0.0, "2.0408163265306123": 0.0, "2.2448979591836737": 0.0, "2.4489795918367347": 0.0, "2.6530612244897958": 0.0, "3.2653061224489797": 0.0, "2.857142857142857": 0.0, "3.673469387755102": -3e-323, "3.0612244897959187": 0.0, "3.8775510204081636": 0.0, "3.4693877551020407": 0.0, "5.510204081632653": 0.11447291233451276, "5.714285714285714": 0.20098133986292072, "5.3061224489795915": 0.016453348136686502, "6.122448979591837": 0.3455334356789119, "5.918367346938775": 0.2775525802356581, "6.530612244897959": 0.46007855458742253, "6.326530612244898": 0.40606188590662995, "4.285714285714286": 0.0, "4.081632653061225": 0.0, "7.142857142857143": 0.5906840393598153, "6.73469387755102": 0.5084104098751805, "7.551020408163265": 0.6573746656932911, "6.938775510204081": 0.5517448831762538, "7.346938775510204": 0.6257478243727412, "4.4897959183673475": 0.0, "4.6938775510204085": 0.0, "7.755102040816327": 0.6859547868345445, "7.959183673469388": 0.7118287467062541, "8.16326530612245": 0.7352846284762907, "8.571428571428571": 0.7759524434185359, "4.8979591836734695": 7e-323, "8.36734693877551": 0.756585009718424, "5.1020408163265305": -7.4e-323, "8.775510204081632": 0.7935877599294336, "9.183673469387756": 0.8243473678165657, "8.979591836734695": 0.8096685956717904, "9.387755102040817": 0.8377633113470949, "9.591836734693878": 0.8500404312240598, "9.795918367346939": 0.8612851946264307, "10.0": 0.871596949743855}