{"0.20408163265306123": 0.0, "0.0": 0.0, "1.0204081632653061": 0.0, "0.40816326530612246": 0.0, "1.2244897959183674": 0.0, "0.8163265306122449": 0.0, "0.6122448979591837": 0.0, "1.4285714285714286": 0.0, "1.6326530612244898": 0.0, "1.836734693877551": 0.0, "2.0408163265306123": 0.0, "2.2448979591836737": 0.0, "2.4489795918367347": 0.0, "2.6530612244897958": 0.0, "3.2653061224489797": 0.0, "2.857142857142857": 0.0, "3.673469387755102": -2.5e-323, "3.0612244897959187": 0.0, "3.8775510204081636": 0.0, "3.4693877551020407": 0.0, "5.510204081632653": 0.07034649654304989, "5.714285714285714": 0.1259542747492484, "5.3061224489795915": 0.009904746323339325, "6.122448979591837": 0.22458807016046403, "5.918367346938775": 0.177219961733794, "6.530612244897959": 0.3091267990704896, "6.326530612244898": 0.2684488162685573, "4.285714285714286": 0.0, "4.081632653061225": 0.0, "7.142857142857143": 0.4148931160110978, "6.73469387755102": 0.3469271841564111, "7.551020408163265": 0.47411391028955846, "6.938775510204081": 0.38210432772870273, "7.346938775510204": 0.44550376684338155, "4.4897959183673475": 0.0, "4.6938775510204085": 0.0, "7.755102040816327": 0.5008911084410754, "7.959183673469388": 0.5259868464874684, "8.16326530612245": 0.5495283166537398, "8.571428571428571": 0.5924282002417793, "4.8979591836734695": 4.4e-323, "8.36734693877551": 0.5716405108324322, "5.1020408163265305": -5e-323, "8.775510204081632": 0.6119914745066886, "9.183673469387756": 0.6477972056611073, "8.979591836734695": 0.6304218636103407, "9.387755102040817": 0.6641932325678632, "9.591836734693878": 0.6796796651925106, "9.795918367346939": 0.694315308465294, "10.0": 0.708159739438253}