{"0.0": 0.0, "0.20408163265306123": 0.0, "0.40816326530612246": 0.0, "0.6122448979591837": 0.0, "0.8163265306122449": 0.0, "1.0204081632653061": 0.0, "1.2244897959183674": 0.0, "1.4285714285714286": 0.0, "1.6326530612244898": 0.0, "1.836734693877551": 0.0, "2.0408163265306123": 0.0, "2.2448979591836737": 0.0, "2.4489795918367347": 0.0, "2.6530612244897958": 0.0, "4.8979591836734695": 0.05198202956150574, "5.3061224489795915": 0.17957197662109414, "2.857142857142857": 0.0, "5.1020408163265305": 0.11895248045237944, "3.0612244897959187": 0.0, "5.510204081632653": 0.23462552121833663, "5.714285714285714": 0.2847747288144187, "3.2653061224489797": 0.0, "5.918367346938775": 0.3305864163935079, "3.4693877551020407": 0.0, "6.122448979591837": 0.37254418722065424, "6.326530612244898": 0.4110659261219312, "6.530612244897959": 0.44651349173981514, "3.673469387755102": 0.0, "6.73469387755102": 0.47919977616022236, "6.938775510204081": 0.5093993809375456, "3.8775510204081636": 0.0, "4.285714285714286": 0.0, "7.142857142857143": 0.5373512491269282, "7.755102040816327": 0.6097020645465219, "7.551020408163265": 0.5873287191685468, "7.346938775510204": 0.5632661776332509, "7.959183673469388": 0.63053031645739, "4.081632653061225": 0.0, "8.16326530612245": 0.6499400607410744, "8.775510204081632": 0.70071573901497, "4.6938775510204085": 1.1e-322, "8.36734693877551": 0.6680437469311307, "4.4897959183673475": 9e-323, "8.571428571428571": 0.6849399445644349, "8.979591836734695": 0.7154475687623074, "9.387755102040817": 0.7420361345125459, "9.591836734693878": 0.7540005884742303, "9.183673469387756": 0.7292017438094061, "9.795918367346939": 0.7651371285408228, "10.0": 0.7754814602395737}