{"0.0": 0.0, "0.20408163265306123": 0.0, "0.40816326530612246": 0.0, "0.6122448979591837": 0.0, "0.8163265306122449": 0.0, "1.0204081632653061": 0.0, "1.2244897959183674": 0.0, "1.4285714285714286": 0.0, "1.6326530612244898": 0.0, "1.836734693877551": 0.0, "2.0408163265306123": 0.0, "2.2448979591836737": 0.0, "2.4489795918367347": 0.0, "2.6530612244897958": 0.0, "4.8979591836734695": 0.06307835308957485, "5.3061224489795915": 0.21505790770862795, "2.857142857142857": 0.0, "5.1020408163265305": 0.14337754474295822, "3.0612244897959187": 0.0, "5.510204081632653": 0.2792682522109674, "5.714285714285714": 0.3369690547009297, "3.2653061224489797": 0.0, "5.918367346938775": 0.38897503138497846, "3.4693877551020407": 0.0, "6.122448979591837": 0.4359758070287666, "6.326530612244898": 0.478561764334522, "6.530612244897959": 0.5172396849256421, "3.673469387755102": 0.0, "6.73469387755102": 0.5524445766682284, "6.938775510204081": 0.5845545900224647, "3.8775510204081636": 0.0, "4.285714285714286": 0.0, "7.142857142857143": 0.6138965570413348, "7.755102040816327": 0.6879928080060791, "7.551020408163265": 0.6653822987647822, "7.346938775510204": 0.6407562556037854, "7.959183673469388": 0.7087790734142786, "4.081632653061225": 0.0, "8.16326530612245": 0.7279083113188747, "8.775510204081632": 0.7767387080748273, "4.6938775510204085": 1.4e-322, "8.36734693877551": 0.7455280169765522, "4.4897959183673475": 1.2e-322, "8.571428571428571": 0.7617670526031567, "8.979591836734695": 0.7905421142773473, "9.387755102040817": 0.8149771629160015, "9.591836734693878": 0.8257484124360706, "9.183673469387756": 0.8032632837533338, "9.795918367346939": 0.8356319546577531, "10.0": 0.844674649519201}