{"0.0": 0.0, "0.20408163265306123": 0.0, "0.40816326530612246": 0.0, "0.6122448979591837": 0.0, "0.8163265306122449": 0.0, "1.0204081632653061": 0.0, "1.2244897959183674": 0.0, "1.4285714285714286": 0.0, "1.6326530612244898": 0.0, "1.836734693877551": 0.0, "2.0408163265306123": 0.0, "2.2448979591836737": 0.0, "2.4489795918367347": 0.0, "2.6530612244897958": 0.0, "4.8979591836734695": 0.044584480542792994, "5.3061224489795915": 0.15591468922940493, "2.857142857142857": 0.0, "3.0612244897959187": 0.0, "5.1020408163265305": 0.10266910425866027, "5.510204081632653": 0.20486370055658287, "5.714285714285714": 0.24997851155674453, "3.2653061224489797": 0.0, "5.918367346938775": 0.29166067306586096, "3.4693877551020407": 0.0, "6.122448979591837": 0.3302564406819127, "6.326530612244898": 0.3660687006468704, "6.530612244897959": 0.3993626962825972, "3.673469387755102": 0.0, "6.73469387755102": 0.43036990915488466, "6.938775510204081": 0.4592959082142659, "3.8775510204081636": 0.0, "4.285714285714286": 0.0, "7.142857142857143": 0.48632104385065716, "7.755102040816327": 0.5575082355734836, "7.551020408163265": 0.5352929994377229, "7.346938775510204": 0.5116061256528946, "7.959183673469388": 0.578364478486131, "4.081632653061225": 0.0, "8.16326530612245": 0.5979612270225411, "8.775510204081632": 0.6500337596417319, "4.6938775510204085": 1.04e-322, "8.36734693877551": 0.6163875669008497, "4.4897959183673475": 8e-323, "8.571428571428571": 0.6337218725386204, "8.979591836734695": 0.6653845384189475, "9.387755102040817": 0.6934087822435756, "9.591836734693878": 0.7061687058330038, "9.183673469387756": 0.6798273838467879, "9.795918367346939": 0.7181405777962023, "10.0": 0.7293526673864884}