{"1.0204081632653061": 5.000000427919133e-07, "2.4489795918367347": 5.000002464815603e-07, "0.20408163265306123": 5.000000017116765e-07, "1.4285714285714286": 5.000000838721576e-07, "0.40816326530612246": 5.000000068467059e-07, "3.0612244897959187": 5.000003851276123e-07, "1.2244897959183674": 5.000000616203575e-07, "2.2448979591836737": 5.000002071129521e-07, "0.6122448979591837": 5.000000154050882e-07, "0.0": 5e-07, "0.8163265306122449": 5.000000273868238e-07, "1.836734693877551": 5.000001386458321e-07, "2.6530612244897958": 5.000002892735377e-07, "3.4693877551020407": 5.000004946751948e-07, "1.6326530612244898": 5.000001095473153e-07, "2.0408163265306123": 5.000001711677103e-07, "2.857142857142857": 5.000003354888873e-07, "3.673469387755102": 5.000005545840488e-07, "3.2653061224489797": 5.000004381897146e-07, "3.8775510204081636": 5.000006179162627e-07, "6.326530612244898": 0.742768938856829, "7.346938775510204": 0.8697105180362583, "6.938775510204081": 0.8328387774530834, "7.551020408163265": 0.8842020440257999, "6.122448979591837": 0.6927964956691318, "7.755102040816327": 0.8967132818548351, "6.73469387755102": 0.8089524669530468, "6.530612244897959": 0.7797421998754884, "4.285714285714286": 5.000007548506082e-07, "7.142857142857143": 0.8527941582217093, "5.918367346938775": 0.6112170759873938, "4.081632653061225": 5.000006846718046e-07, "7.959183673469388": 0.9075776457068577, "4.8979591836734695": 5.000009859247522e-07, "4.6938775510204085": 5.000009054773928e-07, "4.4897959183673475": 5.00000828452547e-07, "8.16326530612245": 0.9170517895815334, "8.36734693877551": 0.92533709097314, "8.775510204081632": 0.9389503977167102, "9.183673469387756": 0.9493592024671452, "10.0": 0.9627948437297638, "8.979591836734695": 0.9445108921726652, "8.571428571428571": 0.932593748000707, "9.387755102040817": 0.9535630517348421, "9.591836734693878": 0.957176663577388, "9.795918367346939": 0.9602428827569338, "5.1020408163265305": 0.3996352988349172, "5.714285714285714": 0.4974066961105592, "5.510204081632653": 0.47038985395321986, "5.3061224489795915": 0.4382659876259755}