{"1.0204081632653061": 5.000000447691547e-07, "2.4489795918367347": 5.000002578704752e-07, "0.20408163265306123": 5.000000017907662e-07, "1.4285714285714286": 5.000000877475508e-07, "0.40816326530612246": 5.000000071630645e-07, "3.0612244897959187": 5.000004029227987e-07, "1.2244897959183674": 5.000000644675851e-07, "2.2448979591836737": 5.000002166828032e-07, "0.6122448979591837": 5.000000161168951e-07, "0.0": 5e-07, "0.8163265306122449": 5.000000286522583e-07, "1.836734693877551": 5.00000145052095e-07, "2.6530612244897958": 5.000003026396963e-07, "3.4693877551020407": 5.000005175321303e-07, "1.6326530612244898": 5.000001146090535e-07, "2.0408163265306123": 5.000001790766774e-07, "2.857142857142857": 5.000003509904698e-07, "3.673469387755102": 5.00000580209129e-07, "3.2653061224489797": 5.000004584366855e-07, "3.8775510204081636": 5.000006464676672e-07, "6.326530612244898": 0.7538901317226089, "7.346938775510204": 0.8777967959782875, "6.938775510204081": 0.8420758800727761, "7.551020408163265": 0.8917575324901403, "6.122448979591837": 0.7045213545708475, "7.755102040816327": 0.9037685339206754, "6.73469387755102": 0.8188046236124707, "6.530612244897959": 0.790227409652212, "4.285714285714286": 5.00000789729192e-07, "7.142857142857143": 0.8614414666427053, "5.918367346938775": 0.6233877790944776, "4.081632653061225": 5.000007163077113e-07, "7.959183673469388": 0.9141628344462481, "4.8979591836734695": 5.000010314803317e-07, "4.6938775510204085": 5.000009473158274e-07, "4.4897959183673475": 5.000008667319769e-07, "8.16326530612245": 0.923196293569047, "8.36734693877551": 0.9310692501442372, "8.775510204081632": 0.9439381195180043, "9.183673469387756": 0.9537011260274841, "10.0": 0.9661019184137963, "8.979591836734695": 0.9491640146616569, "8.571428571428571": 0.9379407271957745, "9.387755102040817": 0.9576159443843584, "9.591836734693878": 0.9609614978034521, "9.795918367346939": 0.9637794791654162, "5.1020408163265305": 0.41048490543496485, "5.714285714285714": 0.5092649345688393, "5.510204081632653": 0.48203866011780805, "5.3061224489795915": 0.44959550890130695}