{"0.8163265306122449": -1.0103029524088925e-13, "0.20408163265306123": 0.0, "0.40816326530612246": -1.056932319443149e-13, "1.6326530612244898": -5.005995618034831e-12, "1.0204081632653061": -2.55351295663786e-12, "0.6122448979591837": -1.258348980570645e-11, "1.4285714285714286": -4.569677969357144e-13, "2.0408163265306123": 1.0969003483296547e-12, "1.836734693877551": -5.0422555020190885e-11, "2.2448979591836737": -9.876766071670318e-12, "0.0": 0.0, "2.4489795918367347": 1.0522838156390435e-10, "4.081632653061225": 0.47890162445658613, "3.2653061224489797": 0.07023269594660697, "1.2244897959183674": -3.72115671609663e-11, "3.0612244897959187": 3.488219524339087e-08, "2.857142857142857": 3.6371644585031504e-09, "4.285714285714286": 0.5455803607939951, "3.4693877551020407": 0.19998575326928614, "3.673469387755102": 0.3088549599409278, "4.8979591836734695": 0.6945525426674545, "2.6530612244897958": 5.342434272748164e-10, "4.6938775510204085": 0.6520033006353705, "5.3061224489795915": 0.763508259605967, "4.4897959183673475": 0.6027645739171026, "5.1020408163265305": 0.731439019111515, "5.714285714285714": 0.8158829823573926, "6.326530612244898": 0.8724960122036318, "7.959183673469388": 0.9506232245131411, "6.122448979591837": 0.8560180997644757, "7.346938775510204": 0.9298098091963967, "5.510204081632653": 0.7914613007950386, "6.530612244897959": 0.8869961714944565, "5.918367346938775": 0.8372639775120886, "3.8775510204081636": 0.40080072102988107, "7.551020408163265": 0.9376022768898472, "6.938775510204081": 0.9110471479746273, "8.16326530612245": 0.9560508286540851, "7.755102040816327": 0.9445046299684736, "7.142857142857143": 0.9210050201644024, "6.73469387755102": 0.8997736276932049, "8.775510204081632": 0.9689494682495278, "8.571428571428571": 0.9651473111465865, "8.36734693877551": 0.9608685241312217, "9.387755102040817": 0.978011253875141, "8.979591836734695": 0.9723297090284755, "9.183673469387756": 0.9753361695060969, "9.591836734693878": 0.9803923612125545, "10.0": 0.9844008884133149, "9.795918367346939": 0.9825125117963273}