{"0.40816326530612246": 3.211875210240578e-13, "0.20408163265306123": 1.0007550343971161e-12, "3.0612244897959187": 0.7730702753039265, "0.6122448979591837": 6.142375497120156e-11, "2.2448979591836737": 0.4652571400081881, "3.673469387755102": 0.873955031878494, "1.0204081632653061": 1.4044521101652663e-10, "2.857142857142857": 0.7215494190301484, "2.0408163265306123": 0.3234502682747713, "0.8163265306122449": 3.92075261146374e-12, "3.8775510204081636": 0.8957076925020757, "1.2244897959183674": 7.561506976117016e-12, "3.2653061224489797": 0.8141746616307017, "3.4693877551020407": 0.8472186249872274, "2.4489795918367347": 0.5730984856458057, "2.6530612244897958": 0.656390278925712, "1.4285714285714286": 2.5399460312769406e-11, "1.6326530612244898": 1.1552314660434604e-10, "1.836734693877551": 0.13340268932293764, "0.0": 0.0, "5.3061224489795915": 0.9707773809594562, "4.285714285714286": 0.928084824419044, "4.4897959183673475": 0.9401065611127513, "5.510204081632653": 0.9755116115671558, "6.326530612244898": 0.9878366189420409, "6.530612244897959": 0.9897742082705691, "5.918367346938775": 0.9827632736225477, "5.1020408163265305": 0.9650957734643806, "4.8979591836734695": 0.9582656040599091, "5.714285714285714": 0.9794622655120362, "6.73469387755102": 0.9913992014714843, "6.938775510204081": 0.9927629403455911, "4.081632653061225": 0.9134895852686965, "7.142857142857143": 0.993908106381792, "4.6938775510204085": 0.9500385746621052, "6.122448979591837": 0.9855245549389048, "7.346938775510204": 0.9948702412907032, "7.551020408163265": 0.9956789847503035, "7.959183673469388": 0.9969312340734504, "7.755102040816327": 0.9963590860689107, "8.16326530612245": 0.9974127400878979, "8.571428571428571": 0.9981594687534044, "9.795918367346939": 0.999333435393964, "10.0": 0.9994367749156973, "8.36734693877551": 0.9978181016180993, "9.387755102040817": 0.9990657524925463, "8.979591836734695": 0.998689338269778, "9.183673469387756": 0.9988935690284246, "9.591836734693878": 0.999210955007689, "8.775510204081632": 0.9984470309291714}