{"0.40816326530612246": 2.204680882300636e-13, "0.20408163265306123": 6.85906886843668e-13, "3.0612244897959187": 0.5867988289726755, "0.6122448979591837": 4.21877421885597e-11, "2.2448979591836737": 0.33293678918775294, "3.673469387755102": 0.6889232164062973, "1.0204081632653061": 9.644520737595031e-11, "2.857142857142857": 0.5402064287869863, "2.0408163265306123": 0.2276742894475474, "0.8163265306122449": 2.6931845642508278e-12, "3.8775510204081636": 0.7142433871431215, "1.2244897959183674": 5.1896043018473396e-12, "3.2653061224489797": 0.6261871659183127, "3.4693877551020407": 0.659856055621009, "2.4489795918367347": 0.4166174595593793, "2.6530612244897958": 0.4844026463944815, "1.4285714285714286": 1.7419693465470234e-11, "1.6326530612244898": 7.917087541109424e-11, "1.836734693877551": 0.09229163727348157, "0.0": 0.0, "5.3061224489795915": 0.8279980775320274, "4.285714285714286": 0.7561512118216377, "4.4897959183673475": 0.7736720491424586, "5.510204081632653": 0.8386544161776157, "6.326530612244898": 0.8734351488953542, "6.530612244897959": 0.8805813180084446, "5.918367346938775": 0.8574287466666213, "5.1020408163265305": 0.816336759170168, "4.8979591836734695": 0.8035216038925258, "5.714285714285714": 0.8484299100321073, "6.73469387755102": 0.88723228350852, "6.938775510204081": 0.8934354385117043, "7.142857142857143": 0.8992319402041864, "4.081632653061225": 0.7364793044628277, "4.6938775510204085": 0.7893728887996838, "6.122448979591837": 0.8657389116347778, "7.346938775510204": 0.9046577168087429, "7.551020408163265": 0.9097442921513264, "7.959183673469388": 0.9190078630194445, "7.755102040816327": 0.9145194637981672, "8.16326530612245": 0.923231418924529, "8.571428571428571": 0.9309604591193408, "9.795918367346939": 0.9494801677367846, "10.0": 0.9520106934613974, "9.387755102040817": 0.9439837730650031, "8.36734693877551": 0.9272097445487197, "8.979591836734695": 0.9378411391815089, "9.183673469387756": 0.9409985949670574, "9.591836734693878": 0.9468076139908196, "8.775510204081632": 0.9344994579456547}