{"0.0": 0.0, "0.20408163265306123": 6.740935345828938e-09, "0.40816326530612246": 1.3672580549786247e-08, "0.6122448979591837": 2.080301729686641e-08, "0.8163265306122449": 2.8140793564589348e-08, "1.2244897959183674": 4.3475089749368794e-08, "1.6326530612244898": 5.975453038802174e-08, "1.4285714285714286": 5.1491342895325595e-08, "1.0204081632653061": 3.569495636979003e-08, "1.836734693877551": 6.827608726446425e-08, "2.0408163265306123": 7.706817394711406e-08, "2.4489795918367347": 9.551668382280362e-08, "2.2448979591836737": 8.614379135455277e-08, "3.0612244897959187": 1.2557149663020935e-07, "2.857142857142857": 1.1521432574273458e-07, "2.6530612244897958": 1.0520164265360894e-07, "3.4693877551020407": 1.473924880202377e-07, "3.2653061224489797": 1.3629116501392345e-07, "3.673469387755102": 1.58896152855311e-07, "4.285714285714286": 1.9605055524051232e-07, "3.8775510204081636": 1.7082420045184102e-07, "4.081632653061225": 1.8320050358207164e-07, "4.4897959183673475": 2.0940204031128265e-07, "4.6938775510204085": 2.2328460703820588e-07, "4.8979591836734695": 2.3773043722610276e-07, "5.3061224489795915": 2.6845419870873643e-07, "5.1020408163265305": 2.527744817448863e-07, "5.714285714285714": 3.018883421109718e-07, "5.510204081632653": 2.848107499086487e-07, "5.918367346938775": 3.1973560285574427e-07, "6.122448979591837": 3.3840499834420103e-07, "6.326530612244898": 3.5795412656405664e-07, "6.73469387755102": 3.9994937035975625e-07, "6.530612244897959": 3.7844613614614285e-07, "7.142857142857143": 4.462994246085845e-07, "6.938775510204081": 4.2253968444242467e-07, "7.346938775510204": 4.713200474024413e-07, "7.551020408163265": 4.977014216916973e-07, "7.755102040816327": 5.255543740094658e-07, "8.16326530612245": 5.861787594744332e-07, "7.959183673469388": 5.550017830807216e-07, "8.36734693877551": 6.192369742200177e-07, "8.571428571428571": 6.543442168194823e-07, "8.775510204081632": 6.916892127966286e-07, "8.979591836734695": 7.314843862242147e-07, "9.183673469387756": 7.739676873336271e-07, "9.387755102040817": 8.194103807866319e-07, "9.795918367346939": 9.204553160913099e-07, "9.591836734693878": 8.681221785348505e-07, "10.0": 9.768194397201375e-07}