{"0.0": 0.0, "0.20408163265306123": 7.214583398297295e-09, "0.40816326530612246": 1.4627035734879919e-08, "0.6122448979591837": 2.2245860554964927e-08, "0.8163265306122449": 3.008004901206486e-08, "1.2244897959183674": 4.643313103941398e-08, "1.6326530612244898": 6.376938045480609e-08, "1.4285714285714286": 5.497276572337612e-08, "1.0204081632653061": 3.8139114215566733e-08, "1.836734693877551": 7.283498708217185e-08, "2.0408163265306123": 8.218235661834744e-08, "2.4489795918367347": 1.0177776492934322e-07, "2.2448979591836737": 9.182513947857251e-08, "3.0612244897959187": 1.336547321073583e-07, "2.857142857142857": 1.2267554989049848e-07, "2.6530612244897958": 1.1205575752820779e-07, "3.4693877551020407": 1.5676804667014618e-07, "3.2653061224489797": 1.4501219876513593e-07, "3.673469387755102": 1.6894397428014137e-07, "4.285714285714286": 2.0823277362317567e-07, "3.8775510204081636": 1.8156309855548607e-07, "4.081632653061225": 1.946504541789843e-07, "4.4897959183673475": 2.2233908424701644e-07, "4.6938775510204085": 2.370004706996967e-07, "4.8979591836734695": 2.5225067075551675e-07, "5.3061224489795915": 2.846666900144039e-07, "5.1020408163265305": 2.681263221414751e-07, "5.714285714285714": 3.199173369748471e-07, "5.510204081632653": 3.0191491713820346e-07, "5.918367346938775": 3.3872491160478913e-07, "6.122448979591837": 3.5839262460607395e-07, "6.326530612244898": 3.7898083298128616e-07, "6.73469387755102": 4.2318885384419326e-07, "6.530612244897959": 4.005557059914983e-07, "7.142857142857143": 4.7195466905318333e-07, "6.938775510204081": 4.4695975084928263e-07, "7.346938775510204": 4.9826941775956e-07, "7.551020408163265": 5.260086146961136e-07, "7.755102040816327": 5.552883488548123e-07, "8.16326530612245": 6.189970613314451e-07, "7.959183673469388": 5.862373267106855e-07, "8.36734693877551": 6.537264022944274e-07, "8.571428571428571": 6.906010753043616e-07, "8.775510204081632": 7.298187251518085e-07, "8.979591836734695": 7.716018096851311e-07, "9.183673469387756": 8.161995157388141e-07, "9.387755102040817": 8.638959145232316e-07, "9.795918367346939": 9.69926660470096e-07, "9.591836734693878": 9.150153397396071e-07, "10.0": 1.0290588731747076e-06}