{"0.20408163265306123": 8.505418591653324e-13, "0.6122448979591837": 7.843115046313187e-11, "0.40816326530612246": 3.381739333008227e-13, "2.4489795918367347": 0.2842571787566014, "3.0612244897959187": 0.44838767647846844, "3.2653061224489797": 0.4919232474258537, "0.8163265306122449": 5.774047906470514e-12, "3.673469387755102": 0.5667718739092111, "2.857142857142857": 0.3998899766841487, "2.2448979591836737": 0.21454549499522446, "1.0204081632653061": 3.757604227772049e-10, "3.4693877551020407": 0.5311959839918396, "2.0408163265306123": 0.13447705825198353, "3.8775510204081636": 0.599115214165191, "1.2244897959183674": 5.537081904094521e-11, "2.6530612244897958": 0.3455529588988775, "1.4285714285714286": -4.736699921181753e-11, "1.6326530612244898": 3.0157765174010365e-11, "1.836734693877551": 0.04139555891231228, "0.0": 0.0, "4.285714285714286": 0.6555842482584815, "5.918367346938775": 0.8066436989534164, "4.081632653061225": 0.6286114924998825, "5.3061224489795915": 0.7609462382161839, "4.8979591836734695": 0.7239122894719776, "5.714285714285714": 0.792569783094497, "4.6938775510204085": 0.7030163336646815, "4.4897959183673475": 0.6803076994743277, "6.938775510204081": 0.8631652184321162, "5.510204081632653": 0.7773726701270316, "5.1020408163265305": 0.7431711043700104, "6.122448979591837": 0.8196891831257566, "6.73469387755102": 0.8534634099256435, "6.326530612244898": 0.8317912105979319, "7.551020408163265": 0.8884020795693954, "6.530612244897959": 0.8430262629011469, "7.142857142857143": 0.872188520054425, "7.755102040816327": 0.8956827510884984, "7.346938775510204": 0.8805850646566807, "7.959183673469388": 0.9024666413881753, "8.16326530612245": 0.9087900514595895, "10.0": 0.9497061036427272, "8.571428571428571": 0.9201861960486917, "8.979591836734695": 0.9301075230726304, "9.387755102040817": 0.9387549941455288, "8.36734693877551": 0.9146863386828441, "9.183673469387756": 0.9345791409103202, "9.795918367346939": 0.9463001446629818, "9.591836734693878": 0.9426556506328045, "8.775510204081632": 0.925317898778156}