{"0.20408163265306123": 2.1139756611887606e-12, "0.6122448979591837": 1.9190582456474203e-10, "0.40816326530612246": 8.317790900491673e-13, "2.4489795918367347": 0.5665964122969236, "3.0612244897959187": 0.7740122488698002, "3.2653061224489797": 0.815997675377542, "0.8163265306122449": 1.4117262914226103e-11, "3.673469387755102": 0.8764645474436803, "2.857142857142857": 0.7210173459208883, "2.2448979591836737": 0.45323263180259665, "1.0204081632653061": 9.208024343010379e-10, "3.4693877551020407": 0.8495201642320418, "2.0408163265306123": 0.30305828505726207, "3.8775510204081636": 0.8982465984582713, "1.2244897959183674": 1.363031909562551e-10, "2.6530612244897958": 0.6535135373272604, "1.4285714285714286": -1.1725931337025486e-10, "1.6326530612244898": 7.510470023674998e-11, "1.836734693877551": 0.10029819509730808, "0.0": 0.0, "4.285714285714286": 0.9303842486878519, "5.918367346938775": 0.9835602248412096, "5.3061224489795915": 0.97205919162933, "4.081632653061225": 0.9159435292111713, "4.8979591836734695": 0.9599486008648264, "5.714285714285714": 0.9804034290275422, "4.6938775510204085": 0.9519347270244309, "4.4897959183673475": 0.9422129608120767, "6.938775510204081": 0.9930738530476082, "5.510204081632653": 0.9766145240814424, "5.1020408163265305": 0.9665720520354593, "6.122448979591837": 0.9861944239618301, "6.73469387755102": 0.9917801196028565, "6.326530612244898": 0.9883956227599895, "7.551020408163265": 0.9958395371465673, "6.530612244897959": 0.9902373507080652, "7.142857142857143": 0.9941598323159527, "7.755102040816327": 0.9964852672490478, "7.346938775510204": 0.9950722622966709, "7.959183673469388": 0.9970291154584784, "8.16326530612245": 0.9974874802439174, "10.0": 0.9994326598455764, "8.979591836734695": 0.9987085132193557, "9.387755102040817": 0.999071672107588, "8.571428571428571": 0.9982002898145474, "8.36734693877551": 0.997874055395294, "9.183673469387756": 0.9989052645018085, "9.795918367346939": 0.9993316939732788, "9.591836734693878": 0.9992124844690344, "8.775510204081632": 0.9984757661402254}