{"0.20408163265306123": 1.5454304502782181e-12, "0.6122448979591837": 1.4084222121901748e-10, "0.40816326530612246": 6.096567695124122e-13, "2.4489795918367347": 0.4395437572037786, "3.0612244897959187": 0.627481191293701, "3.2653061224489797": 0.6701641827992822, "0.8163265306122449": 1.036281616073609e-11, "3.673469387755102": 0.7371028443531693, "2.857142857142857": 0.5765100297643555, "2.2448979591836737": 0.3458234202392792, "1.0204081632653061": 6.755335291153131e-10, "3.4693877551020407": 0.7062742831239509, "2.0408163265306123": 0.22719673299488674, "3.8775510204081636": 0.7636374755263852, "1.2244897959183674": 9.988362359436564e-11, "2.6530612244897958": 0.514931277034488, "1.4285714285714286": -8.580777199895807e-11, "1.6326530612244898": 5.4878579458517157e-11, "1.836734693877551": 0.07379200881405998, "0.0": 0.0, "4.285714285714286": 0.8067242484946353, "5.918367346938775": 0.9039477881917027, "4.081632653061225": 0.7866441126910914, "5.3061224489795915": 0.8770583625934143, "4.8979591836734695": 0.8537322607380444, "5.714285714285714": 0.8958782883576719, "4.6938775510204085": 0.8399214500125438, "4.4897959183673475": 0.8243555932100897, "6.938775510204081": 0.9346149674706368, "5.510204081632653": 0.8869556898019577, "5.1020408163265305": 0.8660416255860073, "6.122448979591837": 0.911267065585597, "6.73469387755102": 0.9295376002481107, "6.326530612244898": 0.9179236372870636, "7.551020408163265": 0.94749268123684, "6.530612244897959": 0.9239923611949521, "7.142857142857143": 0.9392727417982654, "7.755102040816327": 0.9511241349768006, "7.346938775510204": 0.9435530233586753, "7.959183673469388": 0.9544760021268421, "8.16326530612245": 0.9575736372909699, "10.0": 0.9770557095542943, "8.571428571428571": 0.9630939476199124, "8.36734693877551": 0.9604395828746916, "8.979591836734695": 0.9678380676533294, "9.387755102040817": 0.9719291670246614, "9.183673469387756": 0.9699585088856388, "9.795918367346939": 0.9754674967836452, "9.591836734693878": 0.973761909242731, "8.775510204081632": 0.9655547258272942}