{"0.20408163265306123": 4.118927421359331e-14, "0.40816326530612246": 2.5154989202746947e-11, "0.6122448979591837": 6.27831120425526e-13, "1.0204081632653061": 4.657931818030647e-10, "0.8163265306122449": 2.6085800186592678e-11, "1.4285714285714286": 9.238687592727501e-11, "1.6326530612244898": 2.0708990078333045e-12, "1.836734693877551": 3.772793188971946e-11, "3.4693877551020407": 0.4802367716627307, "3.673469387755102": 0.548344697486806, "2.2448979591836737": 5.66612978758485e-10, "1.2244897959183674": 6.3020699769822386e-12, "3.0612244897959187": 0.3017463495732269, "2.0408163265306123": 7.2549743990180104e-12, "3.8775510204081636": 0.6059360213465792, "3.2653061224489797": 0.3991229501052884, "2.857142857142857": 0.1837784723979463, "2.4489795918367347": 3.7548686382393726e-10, "0.0": 0.0, "2.6530612244897958": 0.03936315044531824, "4.081632653061225": 0.6549399712122727, "5.918367346938775": 0.8829153285755881, "4.6938775510204085": 0.7640764656275171, "4.285714285714286": 0.696870360109431, "4.4897959183673475": 0.732928315416335, "4.8979591836734695": 0.7910933345968627, "6.326530612244898": 0.9061109858415909, "5.3061224489795915": 0.8351593921842275, "6.530612244897959": 0.915768037542103, "5.1020408163265305": 0.8146137733783171, "6.122448979591837": 0.8952208356770828, "5.714285714285714": 0.8689800768103074, "7.142857142857143": 0.9387892300644433, "7.346938775510204": 0.944865166219556, "5.510204081632653": 0.8531617292992715, "6.938775510204081": 0.9319830752523255, "6.73469387755102": 0.9243476027416757, "7.551020408163265": 0.9502967260623849, "7.755102040816327": 0.9551584951947449, "7.959183673469388": 0.9595154629036972, "8.16326530612245": 0.9634244080002677, "8.36734693877551": 0.9669350601783514, "8.571428571428571": 0.9700910773901756, "10.0": 0.9849755499820797, "8.775510204081632": 0.9729308716326857, "9.183673469387756": 0.9777933070547618, "8.979591836734695": 0.9754883092684864, "9.387755102040817": 0.9798723411240644, "9.795918367346939": 0.9834437744168546, "9.591836734693878": 0.981748883025121}