{"0.20408163265306123": 3.239630785856207e-14, "0.40816326530612246": 1.9800022732496814e-11, "0.6122448979591837": 4.937883435474078e-13, "1.0204081632653061": 3.6550850124328353e-10, "0.8163265306122449": 2.0494722585695515e-11, "1.4285714285714286": 7.228745380061241e-11, "1.6326530612244898": 1.6186108009463853e-12, "1.836734693877551": 2.943291721457797e-11, "3.4693877551020407": 0.3897044953576352, "3.673469387755102": 0.4491657111347319, "2.2448979591836737": 4.407234799330695e-10, "1.2244897959183674": 4.938360831374667e-12, "3.0612244897959187": 0.23993341319820172, "2.0408163265306123": 5.697270433202562e-12, "3.8775510204081636": 0.5007794926740836, "3.2653061224489797": 0.32069445450886647, "2.857142857142857": 0.14452575319820216, "2.4489795918367347": 2.9260576184242386e-10, "0.0": 0.0, "2.6530612244897958": 0.03059535737865772, "4.081632653061225": 0.5458788380115673, "5.918367346938775": 0.7816241060920461, "4.6938775510204085": 0.6516682369412781, "4.285714285714286": 0.5855212530387399, "4.4897959183673475": 0.6205551708197534, "4.8979591836734695": 0.6794229497646808, "6.326530612244898": 0.8104752232260182, "5.3061224489795915": 0.7266351244343471, "6.530612244897959": 0.823070213512302, "5.1020408163265305": 0.7042833292794419, "6.122448979591837": 0.7967082804368143, "5.714285714285714": 0.7650540370446217, "7.142857142857143": 0.8550008104743434, "7.346938775510204": 0.8640127281456741, "5.510204081632653": 0.7468013008722605, "6.938775510204081": 0.8452307201738858, "6.73469387755102": 0.8346189630228633, "7.551020408163265": 0.8723398673640022, "7.755102040816327": 0.880046964207273, "7.959183673469388": 0.8871913016155532, "8.16326530612245": 0.8938237227112023, "8.36734693877551": 0.8999894860147136, "8.571428571428571": 0.9057289904149097, "10.0": 0.9365912327550252, "8.775510204081632": 0.9110783921861074, "9.183673469387756": 0.9207333874715208, "8.979591836734695": 0.9160701321178408, "9.387755102040817": 0.9250944608067924, "9.795918367346939": 0.9330028666884971, "9.591836734693878": 0.9291771155794403}