{"10.0": 0.9899263040956191, "5.555555555555555": 0.9272742890458334, "6.666666666666667": 0.9616570971555217, "8.88888888888889": 0.9875343365317016, "4.444444444444445": 0.8555203493009452, "7.777777777777779": 0.9790313491981779, "3.3333333333333335": 0.6893827561559902, "1.1111111111111112": 9.877282967750443e-07, "2.2222222222222223": 0.22187047206702679, "0.0": 0.0}