{"10.0": 0.12912082227334154, "5.555555555555555": 0.12094882031032601, "6.666666666666667": 0.1254335344115897, "8.88888888888889": 0.12880882650413497, "4.444444444444445": 0.11158961077838407, "7.777777777777779": 0.12769974119976227, "3.3333333333333335": 0.08991948993338997, "1.1111111111111112": 1.288341256663101e-07, "2.2222222222222223": 0.028939626791351297, "0.0": 0.0}