{"10.0": 0.8608054818222777, "5.555555555555555": 0.8063254687355074, "6.666666666666667": 0.836223562743932, "8.88888888888889": 0.8587255100275668, "4.444444444444445": 0.7439307385225609, "7.777777777777779": 0.8513316079984157, "3.3333333333333335": 0.5994632662226, "1.1111111111111112": 8.588941711087342e-07, "2.2222222222222223": 0.19293084527567556, "0.0": 0.0}