{"0.0": 0.0, "0.20408163265306123": 6.012021764227993e-08, "0.40816326530612246": 1.3599816054564269e-07, "0.6122448979591837": 2.347635587505064e-07, "0.8163265306122449": 3.686112514313969e-07, "1.0204081632653061": 5.602702200361655e-07, "1.2244897959183674": 8.575114277098212e-07, "1.6326530612244898": 2.5457646608698096e-06, "1.4285714285714286": 1.3807380136687909e-06, "2.4489795918367347": 0.37410801299609553, "2.0408163265306123": 0.07462962376501367, "2.2448979591836737": 0.24317041642754345, "1.836734693877551": 7.405960651588351e-06, "2.6530612244897958": 0.4775597046491008, "3.0612244897959187": 0.6276967710371746, "2.857142857142857": 0.5604597882663239, "3.2653061224489797": 0.6827988263400856, "3.4693877551020407": 0.7283636070888988, "3.8775510204081636": 0.7982100703511603, "3.673469387755102": 0.7663395763914553, "4.081632653061225": 0.8251211427436749, "4.285714285714286": 0.847968401592401, "4.6938775510204085": 0.8841620222152606, "4.8979591836734695": 0.8985294002212929, "5.1020408163265305": 0.9109325905917367, "4.4897959183673475": 0.867460247827521, "5.3061224489795915": 0.9216742928616241, "5.510204081632653": 0.9310041746216291, "5.714285714285714": 0.9391289613883457, "5.918367346938775": 0.9462211418883382, "6.122448979591837": 0.9524250410707877, "6.326530612244898": 0.9578621534639992, "6.530612244897959": 0.9626350693196472, "6.73469387755102": 0.9668305338104457, "6.938775510204081": 0.9705222525563043, "7.142857142857143": 0.9737727021962218, "7.346938775510204": 0.9766349701010678, "7.755102040816327": 0.9813674210277475, "7.551020408163265": 0.9791539299030725, "8.16326530612245": 0.9849989477363055, "7.959183673469388": 0.9833070726898291, "8.571428571428571": 0.9877194027627436, "8.36734693877551": 0.9864641942065258, "8.775510204081632": 0.9887770316377353, "9.387755102040817": 0.9908323966628318, "8.979591836734695": 0.9896456761522837, "9.183673469387756": 0.9903302823521407, "9.795918367346939": 0.9912792569454392, "9.591836734693878": 0.9911503220399513, "10.0": 0.9912114969886836}