{"0.0": 0.0, "0.20408163265306123": 5.531060031764413e-08, "0.40816326530612246": 1.2511830814588327e-07, "0.6122448979591837": 2.159824753732003e-07, "0.8163265306122449": 3.3912235457786784e-07, "1.0204081632653061": 5.154486099669396e-07, "1.2244897959183674": 7.889105311408631e-07, "1.6326530612244898": 2.3421036435424354e-06, "1.4285714285714286": 1.270279018329816e-06, "2.4489795918367347": 0.348302861065663, "2.0408163265306123": 0.06879779879476922, "2.2448979591836737": 0.22532523048672098, "1.836734693877551": 6.813485115823909e-06, "2.6530612244897958": 0.4465749985326687, "3.0612244897959187": 0.5916050417272007, "2.857142857142857": 0.5262359165384775, "3.2653061224489797": 0.6458165984952742, "3.4693877551020407": 0.6911905328850316, "3.8775510204081636": 0.7620137389526899, "3.673469387755102": 0.7294765092100918, "4.081632653061225": 0.7898427007154623, "4.285714285714286": 0.813781000609375, "4.6938775510204085": 0.8524589192385348, "4.8979591836734695": 0.8681438340271737, "5.1020408163265305": 0.8818797600496613, "4.4897959183673475": 0.834479063110222, "5.3061224489795915": 0.8939512513617605, "5.510204081632653": 0.9045945252653244, "5.714285714285714": 0.9140063806693677, "5.918367346938775": 0.9223521355259956, "6.122448979591837": 0.929771013799368, "6.326530612244898": 0.9363810428084878, "6.530612244897959": 0.9422825994578115, "6.73469387755102": 0.9475611503081035, "6.938775510204081": 0.9522898961370589, "7.142857142857143": 0.9565313497648172, "7.346938775510204": 0.9603390932274003, "7.755102040816327": 0.9668293760123818, "7.551020408163265": 0.9637588020878841, "8.16326530612245": 0.9720491494072911, "7.959183673469388": 0.969583686856902, "8.571428571428571": 0.976199437942208, "8.36734693877551": 0.9742483709383629, "8.775510204081632": 0.9779163445510268, "9.387755102040817": 0.981745437998859, "8.979591836734695": 0.9794092329450226, "9.183673469387756": 0.980684575396999, "9.795918367346939": 0.9832197555525684, "9.591836734693878": 0.982591617229278, "10.0": 0.9836235688457324}