{"2.2448979591836737": 6.529221607820546e-12, "1.4285714285714286": -2.0445867221496883e-11, "0.6122448979591837": -1.1168843627729075e-13, "0.20408163265306123": 0.0, "1.6326530612244898": -4.434697054023218e-11, "2.0408163265306123": -5.491567200976988e-10, "0.40816326530612246": -1.5543122344752192e-15, "0.0": 0.0, "1.2244897959183674": -1.9105872439695304e-10, "3.673469387755102": 2.2557165246794852e-08, "2.4489795918367347": 4.4859893577609e-11, "0.8163265306122449": -2.4646951146678475e-12, "1.0204081632653061": -2.663358422694273e-11, "3.0612244897959187": 7.38184513515705e-10, "1.836734693877551": -1.5484369342289028e-10, "3.8775510204081636": 4.700163958037962e-08, "4.081632653061225": 1.3788556219029857e-07, "2.857142857142857": 4.841999023952326e-09, "2.6530612244897958": 3.284442717799152e-10, "3.4693877551020407": 7.358317954953009e-09, "4.4897959183673475": 9.265030097571625e-07, "3.2653061224489797": 2.4011077570662565e-09, "4.285714285714286": 3.687871449331581e-07, "4.6938775510204085": 2.336590688267748e-06, "4.8979591836734695": 6.1433961268120285e-06, "5.1020408163265305": 1.8229319791340792e-05, "5.510204081632653": 0.012365940412699672, "5.714285714285714": 0.04409205890618162, "5.3061224489795915": 8.36730837253663e-05, "6.530612244897959": 0.15899134588597108, "5.918367346938775": 0.07459651491601715, "6.326530612244898": 0.13197282350558037, "7.142857142857143": 0.2341508873476943, "6.73469387755102": 0.1849876069659615, "7.346938775510204": 0.25742389556870693, "8.36734693877551": 0.362460735230724, "7.755102040816327": 0.3015852977568624, "8.571428571428571": 0.3814608554111142, "8.979591836734695": 0.4177060664922949, "7.959183673469388": 0.32255595045447993, "9.387755102040817": 0.45179030266315545, "8.16326530612245": 0.3428363901146454, "9.183673469387756": 0.43500564750027304, "6.122448979591837": 0.10386539265110295, "7.551020408163265": 0.27988778248952373, "8.775510204081632": 0.399866612664342, "6.938775510204081": 0.21002232787176145, "9.591836734693878": 0.46808361626107553, "9.795918367346939": 0.4839079093476344, "10.0": 0.4992843213215421}