{"1.0204081632653061": 3.1767309557674304e-14, "0.40816326530612246": 5.0827694361410515e-15, "0.6122448979591837": 1.1436231163784786e-14, "0.20408163265306123": 1.2706923817997381e-15, "2.0408163265306123": 1.2706927262995068e-13, "1.2244897959183674": 4.574492714109313e-14, "2.4489795918367347": 1.829797877578376e-13, "3.2653061224489797": 3.25297568373768e-13, "3.4693877551020407": 3.672305107645974e-13, "1.4285714285714286": 6.226393123215946e-14, "0.8163265306122449": 2.033107774862207e-14, "2.2448979591836737": 1.537538337420954e-13, "3.673469387755102": 4.117048488228751e-13, "1.836734693877551": 1.0292610278586461e-13, "3.0612244897959187": 2.859060252761942e-13, "1.6326530612244898": 8.132432274727199e-14, "2.857142857142857": 2.490558817143072e-13, "3.8775510204081636": 4.587205718603701e-13, "2.6530612244897958": 2.1474713646117258e-13, "0.0": 0.0, "4.081632653061225": 5.082776554259817e-13, "4.4897959183673475": 6.150156600851311e-13, "4.285714285714286": 5.603760496797638e-13, "7.551020408163265": 0.77239457821028, "7.959183673469388": 0.8131527516446313, "6.938775510204081": 0.6767517381256719, "7.346938775510204": 0.7466263534769396, "6.73469387755102": 0.6242565006574052, "6.530612244897959": 0.5301011050872007, "7.755102040816327": 0.7942807098454786, "7.142857142857143": 0.7155879572020682, "4.6938775510204085": 6.72196316595627e-13, "5.3061224489795915": 8.589805637876526e-13, "8.36734693877551": 0.8440419156505762, "5.1020408163265305": 7.941794025552257e-13, "8.571428571428571": 0.856794257458714, "4.8979591836734695": 7.319177262390123e-13, "8.16326530612245": 0.829599309278416, "5.714285714285714": 0.36457893135024233, "9.387755102040817": 0.894985369415882, "8.775510204081632": 0.868096271798049, "9.795918367346939": 0.908206182546481, "9.183673469387756": 0.8870588160832664, "9.591836734693878": 0.9020092838271773, "10.0": 0.9136362645876234, "8.979591836734695": 0.8781351255441804, "5.918367346938775": 0.39978954493737584, "5.510204081632653": 0.32476971072300354, "6.122448979591837": 0.4275709963390471, "6.326530612244898": 0.452037024490486}