{"1.0204081632653061": 4.329445831201434e-14, "0.40816326530612246": 6.927113303961966e-15, "0.6122448979591837": 1.5586004766198714e-14, "0.20408163265306123": 1.7317783654240114e-15, "2.0408163265306123": 1.7317787592514816e-13, "1.2244897959183674": 6.234402154466931e-14, "2.4489795918367347": 2.4937618684333003e-13, "3.2653061224489797": 4.4333566351201274e-13, "3.4693877551020407": 5.004844708033683e-13, "1.4285714285714286": 8.485714359917367e-14, "0.8163265306122449": 2.7708452952300364e-14, "2.2448979591836737": 2.0954524774104665e-13, "3.673469387755102": 5.610968488451455e-13, "1.836734693877551": 1.4027406921707348e-13, "3.0612244897959187": 3.896504319630026e-13, "1.6326530612244898": 1.108338256740003e-13, "2.857142857142857": 3.3942877653719016e-13, "3.8775510204081636": 6.251727830203142e-13, "2.6530612244897958": 2.9267069561288506e-13, "0.0": 0.0, "4.081632653061225": 6.927122399549617e-13, "4.4897959183673475": 8.38181389285802e-13, "4.285714285714286": 7.637151516736964e-13, "7.551020408163265": 0.8500146692896758, "7.959183673469388": 0.8840282951899724, "6.938775510204081": 0.7640889755300534, "7.346938775510204": 0.8276391919435296, "6.73469387755102": 0.7139458086152352, "6.530612244897959": 0.6196032871607111, "7.755102040816327": 0.8685039133220207, "7.142857142857143": 0.7998977736417513, "4.6938775510204085": 9.16110720991073e-13, "5.3061224489795915": 1.170671830119131e-12, "8.36734693877551": 0.9084885097994483, "5.1020408163265305": 1.0823568056599749e-12, "8.571428571428571": 0.9181929551351166, "4.8979591836734695": 9.975027474584964e-13, "8.16326530612245": 0.8972091421984824, "5.714285714285714": 0.44255092814739794, "9.387755102040817": 0.9454588605498425, "8.775510204081632": 0.9265702854446446, "9.795918367346939": 0.9539953015700936, "9.183673469387756": 0.9400688259191425, "9.591836734693878": 0.9500762514836946, "10.0": 0.957274328437715, "8.979591836734695": 0.9338121758109419, "5.918367346938775": 0.4813946260570372, "5.510204081632653": 0.3978450811103899, "6.122448979591837": 0.5115472518036182, "6.326530612244898": 0.537735870180546}