{"1.0204081632653061": 7.506176786968863e-14, "0.40816326530612246": 1.200988274010302e-14, "0.6122448979591837": 2.7022235929983492e-14, "0.20408163265306123": 3.0024707472237503e-15, "2.0408163265306123": 3.0024714855509887e-13, "1.2244897959183674": 1.080889486857624e-13, "2.4489795918367347": 4.3235597460116766e-13, "3.2653061224489797": 7.686332318857807e-13, "3.4693877551020407": 8.677149815679659e-13, "1.4285714285714286": 1.471210748313331e-13, "0.8163265306122449": 4.803953070092244e-14, "2.2448979591836737": 3.6329908148314205e-13, "3.673469387755102": 9.728016976680206e-13, "1.836734693877551": 2.4320017200293816e-13, "3.0612244897959187": 6.755564572391967e-13, "1.6326530612244898": 1.9215814842127231e-13, "2.857142857142857": 5.884846582514974e-13, "3.8775510204081636": 1.0838933548806843e-12, "2.6530612244897958": 5.074178320740577e-13, "0.0": 0.0, "4.081632653061225": 1.2009898953809431e-12, "4.4897959183673475": 1.4531970493709332e-12, "4.285714285714286": 1.32409120135346e-12, "7.551020408163265": 1.6224092474999554, "7.959183673469388": 1.6971810468346036, "6.938775510204081": 1.4408407136557255, "7.346938775510204": 1.574265545420469, "6.73469387755102": 1.3382023092726407, "6.530612244897959": 1.1497043922479118, "7.755102040816327": 1.6627846231674994, "7.142857142857143": 1.5154857308438199, "4.6938775510204085": 1.5883070375867e-12, "5.3061224489795915": 2.0296523939067833e-12, "8.36734693877551": 1.7525304254500245, "5.1020408163265305": 1.8765362082152002e-12, "8.571428571428571": 1.7749872125938302, "4.8979591836734695": 1.7294204736975088e-12, "8.16326530612245": 1.726808451476898, "5.714285714285714": 0.8071298594976403, "9.387755102040817": 1.8404442299657244, "8.775510204081632": 1.7946665572426934, "9.795918367346939": 1.8622014841165742, "9.183673469387756": 1.827127642002409, "9.591836734693878": 1.852085535310872, "10.0": 1.8709105930253387, "8.979591836734695": 1.8119473013551224, "5.918367346938775": 0.8811841709944133, "5.510204081632653": 0.7226147918333936, "6.122448979591837": 0.9391182481426652, "6.326530612244898": 0.9897728946710318}