{"0.0": 0.0, "0.20408163265306123": 0.0, "0.40816326530612246": 0.0, "0.6122448979591837": 0.0, "0.8163265306122449": 0.0, "1.0204081632653061": 0.0, "1.4285714285714286": 0.0, "1.6326530612244898": 0.0, "1.836734693877551": 0.0, "1.2244897959183674": 0.0, "2.0408163265306123": 0.0, "2.2448979591836737": 0.0, "2.4489795918367347": 0.0, "2.857142857142857": 0.0, "2.6530612244897958": 0.0, "3.0612244897959187": 0.0, "3.2653061224489797": 0.0, "3.4693877551020407": 0.0, "3.673469387755102": 0.0, "3.8775510204081636": 0.0, "5.510204081632653": 0.08954526215797746, "5.714285714285714": 0.1381345330860787, "5.918367346938775": 0.18313422403657414, "5.3061224489795915": 0.03696522236027763, "6.122448979591837": 0.22490690891851867, "6.326530612244898": 0.2637708580387588, "6.530612244897959": 0.29999008664929816, "4.081632653061225": 0.0, "6.73469387755102": 0.3338134837076177, "6.938775510204081": 0.36544785176763145, "7.142857142857143": 0.3950845863855398, "4.4897959183673475": 0.0, "4.6938775510204085": 0.0, "7.346938775510204": 0.42289514361760566, "7.551020408163265": 0.44902385927559746, "4.285714285714286": -5e-324, "7.755102040816327": 0.47360746373529444, "7.959183673469388": 0.4967697744497444, "8.16326530612245": 0.518614161529216, "5.1020408163265305": -1.9e-322, "8.36734693877551": 0.5392430996206421, "8.571428571428571": 0.558741929802139, "4.8979591836734695": 1.5e-323, "8.775510204081632": 0.5771926972907296, "8.979591836734695": 0.5946706115990482, "9.183673469387756": 0.6112391895669597, "9.387755102040817": 0.6269607867717127, "9.591836734693878": 0.6418929850722411, "9.795918367346939": 0.6560838802897984, "10.0": 0.6695829553039303}