{"0.0": 0.0, "0.20408163265306123": 0.0, "0.40816326530612246": 0.0, "0.6122448979591837": 0.0, "0.8163265306122449": 0.0, "1.0204081632653061": 0.0, "1.4285714285714286": 0.0, "1.6326530612244898": 0.0, "1.836734693877551": 0.0, "1.2244897959183674": 0.0, "2.0408163265306123": 0.0, "2.2448979591836737": 0.0, "2.4489795918367347": 0.0, "2.857142857142857": 0.0, "2.6530612244897958": 0.0, "3.0612244897959187": 0.0, "3.2653061224489797": 0.0, "3.4693877551020407": 0.0, "3.673469387755102": 0.0, "3.8775510204081636": 0.0, "5.510204081632653": 0.12542379425511158, "5.714285714285714": 0.19133120383614954, "5.918367346938775": 0.25096691454833414, "5.3061224489795915": 0.05238617752276158, "6.122448979591837": 0.3050811473599455, "6.326530612244898": 0.3543181521949522, "6.530612244897959": 0.39921335231997246, "4.081632653061225": 0.0, "6.73469387755102": 0.4402500613360665, "6.938775510204081": 0.4778317572893748, "7.142857142857143": 0.5123196967930171, "4.4897959183673475": 0.0, "4.6938775510204085": 0.0, "7.346938775510204": 0.544030989699936, "7.551020408163265": 0.5732341065720653, "4.285714285714286": -2e-323, "7.755102040816327": 0.6001739996230935, "7.959183673469388": 0.6250680464778978, "8.16326530612245": 0.6481002047015815, "5.1020408163265305": -2.7e-322, "8.36734693877551": 0.6694436555021555, "8.571428571428571": 0.6892450268449272, "4.8979591836734695": 2e-323, "8.775510204081632": 0.7076400840833903, "8.979591836734695": 0.7247509379597237, "9.183673469387756": 0.7406823289108625, "9.387755102040817": 0.7555327456195771, "9.591836734693878": 0.7693914159423932, "9.795918367346939": 0.7823346338977342, "10.0": 0.7944363377109449}