{"0.0": 0.0, "0.20408163265306123": 0.0, "0.40816326530612246": 0.0, "0.6122448979591837": 0.0, "0.8163265306122449": 0.0, "1.0204081632653061": 0.0, "1.4285714285714286": 0.0, "1.6326530612244898": 0.0, "1.836734693877551": 0.0, "1.2244897959183674": 0.0, "2.0408163265306123": 0.0, "2.2448979591836737": 0.0, "2.4489795918367347": 0.0, "2.857142857142857": 0.0, "2.6530612244897958": 0.0, "3.0612244897959187": 0.0, "3.2653061224489797": 0.0, "3.4693877551020407": 0.0, "3.673469387755102": 0.0, "3.8775510204081636": 0.0, "5.510204081632653": 0.10927845481140121, "5.714285714285714": 0.1673927019986177, "5.918367346938775": 0.22044220381804214, "5.3061224489795915": 0.04544674769964381, "6.122448979591837": 0.2690027400613035, "6.326530612244898": 0.31357186982466523, "6.530612244897959": 0.3545628827681689, "4.081632653061225": 0.0, "6.73469387755102": 0.3923536014032644, "6.938775510204081": 0.42725899980459026, "7.142857142857143": 0.4595638971096523, "4.4897959183673475": 0.0, "4.6938775510204085": 0.0, "7.346938775510204": 0.4895198589628874, "7.551020408163265": 0.5173394952886545, "4.285714285714286": -1.5e-323, "7.755102040816327": 0.543219058473584, "7.959183673469388": 0.5673338240652287, "8.16326530612245": 0.589831485274017, "5.1020408163265305": -2.3e-322, "8.36734693877551": 0.6108534053554743, "8.571428571428571": 0.6305186331756725, "4.8979591836734695": 1.5e-323, "8.775510204081632": 0.6489387600266932, "8.979591836734695": 0.6662147910974197, "9.183673469387756": 0.6824329162061062, "9.387755102040817": 0.697675364138038, "9.591836734693878": 0.7120171220508249, "9.795918367346939": 0.7255217947741628, "10.0": 0.7382523156277881}