{"0.20408163265306123": 1.0147438445073931e-13, "0.6122448979591837": 4.0745185003743245e-12, "3.8775510204081636": 0.4271614643546042, "1.2244897959183674": 1.1149425827028381e-10, "0.8163265306122449": 1.4599432773820809e-13, "3.2653061224489797": 0.32788842713525734, "3.4693877551020407": 0.363430573764307, "0.40816326530612246": 2.0761170560490427e-14, "3.673469387755102": 0.3964246715033912, "3.0612244897959187": 0.28944519225176135, "1.0204081632653061": 6.9542149816470555e-12, "1.4285714285714286": 5.8505422728671874e-12, "2.857142857142857": 0.24766679575745076, "2.6530612244897958": 0.20201195387836857, "2.2448979591836737": 0.096129728087888, "1.6326530612244898": 1.890954060002059e-11, "2.0408163265306123": 0.03384875210588123, "2.4489795918367347": 0.15179475256293506, "1.836734693877551": 3.569633477695788e-11, "0.0": 0.0, "6.530612244897959": 0.6954855588154818, "4.4897959183673475": 0.5080649003063045, "6.326530612244898": 0.6808896926189505, "4.081632653061225": 0.4558830877785729, "4.285714285714286": 0.48279324590332595, "5.510204081632653": 0.6143901036776809, "4.8979591836734695": 0.5542648612135948, "4.6938775510204085": 0.5318461612796104, "5.918367346938775": 0.6493704184253998, "5.3061224489795915": 0.5954453109759155, "5.1020408163265305": 0.5754321436818761, "6.122448979591837": 0.6655345322863684, "5.714285714285714": 0.6323425410608053, "6.73469387755102": 0.7093673375784755, "7.142857142857143": 0.7351506040388087, "7.346938775510204": 0.7471250437062555, "6.938775510204081": 0.7225763664376271, "7.755102040816327": 0.7694017239634203, "7.551020408163265": 0.7585320635613915, "8.36734693877551": 0.7990574589264838, "7.959183673469388": 0.7797620210488775, "8.16326530612245": 0.7896391035653947, "8.979591836734695": 0.8247833306759144, "8.571428571428571": 0.8080400733896012, "8.775510204081632": 0.816608570426774, "9.183673469387756": 0.8325835963009436, "9.591836734693878": 0.8471324555303967, "9.795918367346939": 0.8539146067572873, "9.387755102040817": 0.840027562126554, "10.0": 0.8603895110551342}