{"0.20408163265306123": 3.377298440909726e-13, "0.6122448979591837": 1.3410383914447266e-11, "3.8775510204081636": 0.843886394447635, "1.2244897959183674": 3.6712055617726946e-10, "0.8163265306122449": 4.796163466380676e-13, "3.2653061224489797": 0.7340471931275447, "3.4693877551020407": 0.7781024091131448, "0.40816326530612246": 6.905587213168474e-14, "3.673469387755102": 0.8141746617605792, "3.0612244897959187": 0.6798708109840237, "1.0204081632653061": 2.2871038396488075e-11, "1.4285714285714286": 1.9322432542878687e-11, "2.857142857142857": 0.6127119475938874, "2.6530612244897958": 0.5286741216545009, "2.2448979591836737": 0.28601841719193943, "1.6326530612244898": 6.265943319760936e-11, "2.0408163265306123": 0.10844036617272568, "2.4489795918367347": 0.42234325375372817, "1.836734693877551": 1.1862710813659305e-10, "0.0": 0.0, "6.530612244897959": 0.9810025674656823, "4.4897959183673475": 0.9060220329986098, "6.326530612244898": 0.9777939816566812, "4.081632653061225": 0.8684853645670392, "4.285714285714286": 0.8889426523212436, "5.510204081632653": 0.9582656082675315, "4.8979591836734695": 0.9323517952089981, "4.6938775510204085": 0.9203299086389068, "5.918367346938775": 0.9696031198235024, "5.3061224489795915": 0.951030661283083, "5.1020408163265305": 0.9424793525671702, "6.122448979591837": 0.9740280186349736, "5.714285714285714": 0.9643976845312716, "6.73469387755102": 0.9837388594962698, "7.142857142857143": 0.988069194916804, "7.346938775510204": 0.9897742432561042, "6.938775510204081": 0.9860743362409665, "7.755102040816327": 0.9924802063422358, "7.551020408163265": 0.9912324476838598, "8.36734693877551": 0.9952471195685821, "7.959183673469388": 0.9935484004483285, "8.16326530612245": 0.9944632660603832, "8.979591836734695": 0.9969890253139648, "8.571428571428571": 0.9959189634560232, "8.775510204081632": 0.9964949936070452, "9.183673469387756": 0.9974128518817639, "9.591836734693878": 0.9980887212160032, "9.795918367346939": 0.9983567369245274, "9.387755102040817": 0.9977765471525266, "10.0": 0.998586893501825}