{"0.20408163265306123": 0.0, "0.0": 0.0, "0.40816326530612246": 0.0, "0.6122448979591837": 0.0, "3.0612244897959187": 0.4595657976669926, "0.8163265306122449": 0.0, "2.6530612244897958": 0.2842831952291367, "2.857142857142857": 0.3800889726708168, "3.2653061224489797": 0.5261721545899559, "1.0204081632653061": 0.0, "3.4693877551020407": 0.5825037237943043, "2.4489795918367347": 0.16738479466790446, "3.673469387755102": 0.6305180510346675, "1.2244897959183674": 0.0, "1.4285714285714286": 0.0, "2.2448979591836737": 0.022763174653175386, "3.8775510204081636": 0.6717343668347149, "1.6326530612244898": 0.0, "1.836734693877551": 0.0, "2.0408163265306123": -1e-323, "4.081632653061225": 0.7073324569935757, "4.4897959183673475": 0.7652414660842003, "4.285714285714286": 0.7382523932971697, "4.6938775510204085": 0.788906769743061, "4.8979591836734695": 0.8097443929680159, "5.1020408163265305": 0.828158422221215, "5.3061224489795915": 0.8444880922091543, "5.510204081632653": 0.8590130351064686, "5.918367346938775": 0.8835604135720804, "5.714285714285714": 0.8719709552757988, "6.122448979591837": 0.8939514916863912, "6.326530612244898": 0.903289713225484, "6.530612244897959": 0.9116982583749574, "6.938775510204081": 0.926142264018497, "7.142857142857143": 0.932350474643925, "6.73469387755102": 0.9192851223770413, "7.346938775510204": 0.9379803381515939, "7.755102040816327": 0.9477412895057158, "7.551020408163265": 0.9430925602487252, "7.959183673469388": 0.9519743088476028, "8.16326530612245": 0.9558328327269924, "8.36734693877551": 0.9593544027322545, "9.387755102040817": 0.9729356269746422, "8.571428571428571": 0.9625714648324432, "8.775510204081632": 0.9655134040620167, "8.979591836734695": 0.9682064725876384, "9.183673469387756": 0.9706735581132866, "9.591836734693878": 0.9750115272260813, "9.795918367346939": 0.9769176934129001, "10.0": 0.9786694679243461}