{"0.20408163265306123": 0.0, "0.0": 0.0, "0.40816326530612246": 0.0, "0.6122448979591837": 0.0, "3.0612244897959187": 0.39508634057471725, "0.8163265306122449": 0.0, "2.6530612244897958": 0.23817292794950073, "2.857142857142857": 0.32278924175130386, "3.2653061224489797": 0.45738336178008676, "1.0204081632653061": 0.0, "3.4693877551020407": 0.5114734074575362, "2.4489795918367347": 0.13812787270573232, "3.673469387755102": 0.5587413495976368, "1.2244897959183674": 0.0, "1.4285714285714286": 0.0, "2.2448979591836737": 0.0184677000781674, "3.8775510204081636": 0.600291537126048, "1.6326530612244898": 0.0, "1.836734693877551": 0.0, "2.0408163265306123": -1e-323, "4.081632653061225": 0.6370001315240105, "4.4897959183673475": 0.6986205789422326, "4.285714285714286": 0.6695830380347786, "4.6938775510204085": 0.7245950728308563, "4.8979591836734695": 0.7479091017791173, "5.1020408163265305": 0.7688959609938117, "5.3061224489795915": 0.7878421679998631, "5.510204081632653": 0.8049873236196455, "5.918367346938775": 0.8346757470019385, "5.714285714285714": 0.8205397129369448, "6.122448979591837": 0.8475496064010216, "6.326530612244898": 0.8592955947321134, "6.530612244897959": 0.8700287601704423, "6.938775510204081": 0.8888547654446427, "7.142857142857143": 0.8971158721517555, "6.73469387755102": 0.8798522317680683, "7.346938775510204": 0.9047061701407434, "7.755102040816327": 0.9181141047555167, "7.551020408163265": 0.9116869767795178, "7.959183673469388": 0.9240375965803552, "8.16326530612245": 0.9295009195274178, "8.36734693877551": 0.9345446093163718, "9.387755102040817": 0.954601650304396, "8.571428571428571": 0.9392039103292167, "8.775510204081632": 0.94351137155763, "8.979591836734695": 0.947496504817061, "9.183673469387756": 0.9511851976804435, "9.591836734693878": 0.9577679313652754, "9.795918367346939": 0.960703365134094, "10.0": 0.9634264196693896}