{"0.20408163265306123": 0.0, "0.0": 0.0, "0.40816326530612246": 0.0, "0.6122448979591837": 0.0, "3.0612244897959187": 0.5123217171061266, "0.8163265306122449": 0.0, "2.6530612244897958": 0.32200977754883875, "2.857142857142857": 0.4269705706958728, "3.2653061224489797": 0.5824538941616664, "1.0204081632653061": 0.0, "3.4693877551020407": 0.6406194371607506, "2.4489795918367347": 0.19132227627331785, "3.673469387755102": 0.6892444431195108, "1.2244897959183674": 0.0, "1.4285714285714286": 0.0, "2.2448979591836737": 0.026277653850909178, "3.8775510204081636": 0.7301875911418063, "1.6326530612244898": 0.0, "1.836734693877551": 0.0, "2.0408163265306123": -1.5e-323, "4.081632653061225": 0.7648770869232198, "4.4897959183673475": 0.8197494646549008, "4.285714285714286": 0.794436411239126, "4.6938775510204085": 0.8415254308530472, "4.8979591836734695": 0.8603369039407508, "5.1020408163265305": 0.8766458904981808, "5.3061224489795915": 0.8908347574713015, "5.510204081632653": 0.9032158899593237, "5.918367346938775": 0.9235569589476508, "5.714285714285714": 0.9140510626439516, "6.122448979591837": 0.9319166705562386, "6.326530612244898": 0.9392849010836964, "6.530612244897959": 0.9457914841786518, "6.938775510204081": 0.9566502173971051, "7.142857142857143": 0.9611787857738822, "6.73469387755102": 0.9515483965116556, "7.346938775510204": 0.9652046574331989, "7.755102040816327": 0.9719817133922418, "7.551020408163265": 0.9687880376326213, "7.959183673469388": 0.9748316188844415, "8.16326530612245": 0.9773771253448261, "8.36734693877551": 0.9796533246179768, "9.387755102040817": 0.9879361533412068, "8.571428571428571": 0.9816903730623563, "8.775510204081632": 0.9835150670201507, "8.979591836734695": 0.9851509916726567, "9.183673469387756": 0.9866185802856131, "9.591836734693878": 0.9891199238394679, "9.795918367346939": 0.9901839620046508, "10.0": 0.9911410528602199}