{"0.20408163265306123": 4.814877477577837e-08, "0.40816326530612246": 1.0033621300292729e-07, "0.6122448979591837": 1.5709269571132582e-07, "1.6326530612244898": 5.362966298551686e-07, "0.8163265306122449": 2.190457257135268e-07, "1.4285714285714286": 4.4435712376249735e-07, "1.836734693877551": 6.391527644232495e-07, "1.0204081632653061": 2.8694322492619066e-07, "1.2244897959183674": 3.6168387583070524e-07, "2.0408163265306123": 7.549925529629433e-07, "2.6530612244897958": 1.2107400827561258e-06, "3.4693877551020407": 2.2993682531843524e-06, "2.4489795918367347": 1.0368773614030665e-06, "2.2448979591836737": 8.864400205635823e-07, "3.2653061224489797": 1.944270248059259e-06, "3.8775510204081636": 3.3208692626525567e-06, "0.0": 0.0, "3.0612244897959187": 1.6546642371131462e-06, "3.673469387755102": 2.745005848628892e-06, "2.857142857142857": 1.413961663195508e-06, "4.081632653061225": 4.093806968475474e-06, "4.4897959183673475": 6.846065181128312e-06, "7.142857142857143": 0.39879408927035004, "5.918367346938775": 0.17669016489149378, "4.6938775510204085": 9.673603062858855e-06, "6.326530612244898": 0.26407919540977837, "6.938775510204081": 0.36926659916850935, "7.346938775510204": 0.42599962715421996, "6.530612244897959": 0.30221527659913466, "5.714285714285714": 0.12649435599957892, "7.551020408163265": 0.451100535819379, "5.510204081632653": 0.07120876752224345, "5.1020408163265305": 3.540672586794631e-05, "4.8979591836734695": 1.556683108994078e-05, "4.285714285714286": 5.185863792055635e-06, "6.73469387755102": 0.3371686178426315, "6.122448979591837": 0.22238298596574232, "7.959183673469388": 0.49572646175909973, "5.3061224489795915": 0.010286200105394112, "8.16326530612245": 0.5155648889365179, "7.755102040816327": 0.4742871702283637, "8.571428571428571": 0.5509374218386379, "8.775510204081632": 0.5666828720156104, "8.36734693877551": 0.5339309786401951, "8.979591836734695": 0.5812534818730039, "9.387755102040817": 0.6071600321975809, "9.183673469387756": 0.5947242238778432, "9.591836734693878": 0.6186167971001135, "9.795918367346939": 0.629142237644689, "10.0": 0.6387766741945421}