{"0.20408163265306123": 5.706521454907067e-08, "0.40816326530612246": 1.1891699318865457e-07, "0.6122448979591837": 1.861839356578676e-07, "1.6326530612244898": 6.356108205690887e-07, "0.8163265306122449": 2.596097489938095e-07, "1.4285714285714286": 5.266454800148116e-07, "1.836734693877551": 7.575143874645921e-07, "1.0204081632653061": 3.400808591717815e-07, "1.2244897959183674": 4.2866237135490977e-07, "2.0408163265306123": 8.948059886968212e-07, "2.6530612244897958": 1.4349512091924454e-06, "3.4693877551020407": 2.7251771889592322e-06, "2.4489795918367347": 1.2288916875888198e-06, "2.2448979591836737": 1.0505955799272092e-06, "3.2653061224489797": 2.304320293996158e-06, "3.8775510204081636": 3.935845052032658e-06, "0.0": 0.0, "3.0612244897959187": 1.9610835402822485e-06, "3.673469387755102": 3.25334026504165e-06, "2.857142857142857": 1.675806415639121e-06, "4.081632653061225": 4.851919370045008e-06, "4.4897959183673475": 8.113855029485407e-06, "7.142857142857143": 0.47264484654263705, "5.918367346938775": 0.20941056579732598, "4.6938775510204085": 1.146501103746235e-05, "6.326530612244898": 0.31298275011529286, "6.938775510204081": 0.4376493027182332, "7.346938775510204": 0.5048884469975939, "6.530612244897959": 0.3581810685619373, "5.714285714285714": 0.14991923674024168, "7.551020408163265": 0.5346376720822268, "5.510204081632653": 0.08439557632265894, "5.1020408163265305": 4.1963526954603045e-05, "4.8979591836734695": 1.8449577588077964e-05, "4.285714285714286": 6.146208938732608e-06, "6.73469387755102": 0.39960725077645237, "6.122448979591837": 0.2635650204038428, "7.959183673469388": 0.5875276583811552, "5.3061224489795915": 0.012191051976763394, "8.16326530612245": 0.6110398683692062, "7.755102040816327": 0.5621181276780605, "8.571428571428571": 0.6529628703272745, "8.775510204081632": 0.6716241446110938, "8.36734693877551": 0.6328070857957864, "8.979591836734695": 0.6888930155531899, "9.387755102040817": 0.719597075197133, "9.183673469387756": 0.704858339410777, "9.591836734693878": 0.7331754632297643, "9.795918367346939": 0.7456500594307424, "10.0": 0.757068650897235}