{"0.8163265306122449": 5.581365868075936e-08, "0.6122448979591837": 4.0625009374147715e-08, "1.2244897959183674": 8.914319968020968e-08, "0.20408163265306123": 1.2787249405980742e-08, "2.0408163265306123": 1.706996039266842e-07, "0.40816326530612246": 2.6307220659283127e-08, "1.4285714285714286": 1.0748245241864105e-07, "3.4693877551020407": 3.926560274984708e-07, "2.857142857142857": 2.8084442428834746e-07, "2.4489795918367347": 2.2133264809301246e-07, "2.2448979591836737": 1.950355158549269e-07, "3.0612244897959187": 3.1469475779084207e-07, "3.673469387755102": 4.378606405781204e-07, "1.0204081632653061": 7.195541030800377e-08, "1.836734693877551": 1.4811299827024636e-07, "3.2653061224489797": 3.518005703991324e-07, "0.0": 0.0, "1.6326530612244898": 1.2709325560109758e-07, "2.6530612244897958": 2.498385864950288e-07, "3.8775510204081636": 4.88148914849376e-07, "4.4897959183673475": 6.798453880056337e-07, "4.285714285714286": 6.078462637013694e-07, "4.6938775510204085": 7.622985201377288e-07, "4.081632653061225": 5.444306022719349e-07, "5.510204081632653": 1.260852844269661e-06, "5.714285714285714": 1.4565242420003073e-06, "5.3061224489795915": 1.1015044650305395e-06, "5.918367346938775": 1.702524521936321e-06, "4.8979591836734695": 8.576620118945029e-07, "6.122448979591837": 2.021112771465793e-06, "6.530612244897959": 3.0580265198251536e-06, "6.73469387755102": 3.987326714676612e-06, "6.326530612244898": 2.4499264073851474e-06, "6.938775510204081": 5.583023522203333e-06, "5.1020408163265305": 9.69226636452285e-07, "7.959183673469388": 0.04507817915266561, "7.551020408163265": 0.004646356925862894, "7.755102040816327": 0.025571595744125295, "7.142857142857143": 8.960431865454633e-06, "7.346938775510204": 2.0854589865718387e-05, "8.775510204081632": 0.11053963060854952, "8.571428571428571": 0.09587382455207567, "8.16326530612245": 0.06323047720437835, "9.183673469387756": 0.1369227777916689, "8.36734693877551": 0.08013146817781361, "9.795918367346939": 0.16997255943916145, "8.979591836734695": 0.12420134051708327, "9.591836734693878": 0.15976231385147105, "9.387755102040817": 0.14876004240466828, "10.0": 0.17942816036007117}