{"0.8163265306122449": 7.922951284782354e-08, "0.6122448979591837": 5.7646104756955035e-08, "1.2244897959183674": 1.2664144846747898e-07, "0.20408163265306123": 1.813070847665026e-08, "2.0408163265306123": 2.4288860284046276e-07, "0.40816326530612246": 3.731486221477634e-08, "1.4285714285714286": 1.5275533138798202e-07, "3.4693877551020407": 5.602788949697462e-07, "2.857142857142857": 4.0025216011665724e-07, "2.4489795918367347": 3.151852898733506e-07, "2.2448979591836737": 2.776265830995888e-07, "3.0612244897959187": 4.4867481499833765e-07, "3.673469387755102": 6.25033667203906e-07, "1.0204081632653061": 1.0218339622858448e-07, "1.836734693877551": 2.106664942079462e-07, "3.2653061224489797": 5.017800937253905e-07, "0.0": 0.0, "1.6326530612244898": 1.806977986200932e-07, "2.6530612244897958": 3.559208951395644e-07, "3.8775510204081636": 6.971010594635047e-07, "4.4897959183673475": 9.72039106357972e-07, "4.285714285714286": 8.687407721701268e-07, "4.6938775510204085": 1.0903757757974242e-06, "4.081632653061225": 7.777898289471154e-07, "5.510204081632653": 1.8064656977238644e-06, "5.714285714285714": 2.0876735115444225e-06, "5.3061224489795915": 1.5775111062483617e-06, "5.918367346938775": 2.441283241176964e-06, "4.8979591836734695": 1.227284460676304e-06, "6.122448979591837": 2.8993165845037503e-06, "6.530612244897959": 4.390439109794421e-06, "6.73469387755102": 5.72703432556122e-06, "6.326530612244898": 3.515918347535242e-06, "6.938775510204081": 8.022300148059468e-06, "5.1020408163265305": 1.387499231534787e-06, "7.959183673469388": 0.06484898647028939, "7.551020408163265": 0.00668419025400114, "7.755102040816327": 0.03678701977298603, "7.142857142857143": 1.2880717010453864e-05, "7.346938775510204": 2.9991240399632243e-05, "8.775510204081632": 0.1590211452811551, "8.571428571428571": 0.13792307021176428, "8.16326530612245": 0.09096269242940991, "9.183673469387756": 0.19697566463396396, "8.36734693877551": 0.11527628112380811, "9.795918367346939": 0.24452073453055415, "8.979591836734695": 0.17867473814220497, "9.591836734693878": 0.22983238211549972, "9.387755102040817": 0.21400462958933758, "10.0": 0.2581234630263941}