{"0.8163265306122449": 1.3504317152858293e-07, "0.6122448979591837": 9.827111413110274e-08, "1.2244897959183674": 2.1578464814768865e-07, "0.20408163265306123": 3.091795788263101e-08, "2.0408163265306123": 4.13588206767147e-07, "0.40816326530612246": 6.362208287405947e-08, "1.4285714285714286": 2.602377838066231e-07, "3.4693877551020407": 9.529349224682169e-07, "2.857142857142857": 6.810965844050046e-07, "2.4489795918367347": 5.365179379663631e-07, "2.2448979591836737": 4.7266209895451564e-07, "3.0612244897959187": 7.633695727891796e-07, "3.673469387755102": 1.0628943077820261e-06, "1.0204081632653061": 1.7413880653658828e-07, "1.836734693877551": 3.587794924781926e-07, "3.2653061224489797": 8.535806641245228e-07, "0.0": 0.0, "1.6326530612244898": 3.077910542211908e-07, "2.6530612244897958": 6.057594816345931e-07, "3.8775510204081636": 1.1852499743128805e-06, "4.4897959183673475": 1.6518844943636057e-06, "4.285714285714286": 1.4765870358714955e-06, "4.6938775510204085": 1.8526742959351533e-06, "4.081632653061225": 1.3222204312190503e-06, "5.510204081632653": 3.067318541993525e-06, "5.714285714285714": 3.5441977535447287e-06, "5.3061224489795915": 2.679015571278901e-06, "5.918367346938775": 4.143807763113286e-06, "4.8979591836734695": 2.084946472570807e-06, "6.122448979591837": 4.920429355969542e-06, "6.530612244897959": 7.448465629619575e-06, "6.73469387755102": 9.714361040237834e-06, "6.326530612244898": 5.96584475492039e-06, "6.938775510204081": 1.3605323670262804e-05, "5.1020408163265305": 2.356725867987072e-06, "7.959183673469388": 0.109927165622955, "7.551020408163265": 0.011330547179864035, "7.755102040816327": 0.06235861551711131, "7.142857142857143": 2.1841148875908498e-05, "7.346938775510204": 5.084583026535063e-05, "8.775510204081632": 0.2695607758897046, "8.571428571428571": 0.23379689476384002, "8.16326530612245": 0.15419316963378824, "9.183673469387756": 0.33389844242563277, "8.36734693877551": 0.19540774930162175, "9.795918367346939": 0.4144932939697157, "8.979591836734695": 0.3028760786592883, "9.591836734693878": 0.3895946959669709, "9.387755102040817": 0.36276467199400586, "10.0": 0.4375516233864653}