{"0.40816326530612246": 2.3195870181994203e-08, "1.0204081632653061": 9.574454289057697e-08, "0.20408163265306123": 1.0250568352897467e-08, "3.673469387755102": 0.08428470896259249, "0.8163265306122449": 6.293700995198768e-08, "3.0612244897959187": 0.06892786717455739, "2.4489795918367347": 0.04113990201518722, "0.6122448979591837": 4.005932758749985e-08, "3.8775510204081636": 0.08784220314592486, "3.4693877551020407": 0.08006118539591196, "1.836734693877551": 1.3063205611333082e-06, "2.857142857142857": 0.06153028186202263, "1.6326530612244898": 4.3901811529593866e-07, "1.4285714285714286": 2.3684085742375376e-07, "2.2448979591836737": 0.026885181736228444, "2.0408163265306123": 0.008601191644460295, "0.0": 0.0, "1.2244897959183674": 1.467387503820331e-07, "3.2653061224489797": 0.07501198287982326, "2.6530612244897958": 0.052441703360856434, "4.081632653061225": 0.09085718860674678, "5.918367346938775": 0.10463443402209471, "4.6938775510204085": 0.09751889456022499, "5.3061224489795915": 0.10180013694989787, "5.1020408163265305": 0.10056901673267606, "5.714285714285714": 0.10381204861850103, "4.8979591836734695": 0.09915295059977622, "4.285714285714286": 0.09342642467725955, "6.326530612244898": 0.10599206517302079, "4.4897959183673475": 0.09562655386923417, "6.530612244897959": 0.10655204359121326, "6.122448979591837": 0.10535664050884332, "5.510204081632653": 0.10287359317946726, "6.938775510204081": 0.10748269632868164, "6.73469387755102": 0.10704619458859153, "7.346938775510204": 0.1082095495555291, "7.551020408163265": 0.10851084399140924, "7.755102040816327": 0.10877663571830293, "9.183673469387756": 0.10987197817070771, "8.16326530612245": 0.10921533642645491, "8.36734693877551": 0.10939359472818418, "8.979591836734695": 0.10978553909015712, "9.591836734693878": 0.10998053078573733, "7.959183673469388": 0.10901048351414538, "7.142857142857143": 0.10786850819523146, "8.571428571428571": 0.10954715898530805, "8.775510204081632": 0.10967746963244965, "10.0": 0.11000076291371534, "9.387755102040817": 0.10993701828708587, "9.795918367346939": 0.1100020445555147}