{"0.20408163265306123": 8.757616728799673e-09, "0.6122448979591837": 2.7354809838575116e-08, "0.40816326530612246": 1.7868629222288484e-08, "1.836734693877551": 9.362671177544385e-08, "1.4285714285714286": 6.955486430433168e-08, "2.2448979591836737": 1.2006926590881727e-07, "2.4489795918367347": 1.342915446656041e-07, "2.857142857142857": 1.6500367459353986e-07, "0.8163265306122449": 3.7239757030881094e-08, "2.0408163265306123": 1.0653032759767445e-07, "1.6326530612244898": 8.13147965559559e-08, "3.0612244897959187": 1.8161712404825783e-07, "1.2244897959183674": 5.831067439922476e-08, "2.6530612244897958": 1.492501459759987e-07, "1.0204081632653061": 4.7549090895684356e-08, "3.4693877551020407": 2.1772122692417382e-07, "3.2653061224489797": 1.9916277146621322e-07, "3.673469387755102": 2.3738266921417606e-07, "3.8775510204081636": 2.582483075061117e-07, "0.0": 0.0, "4.4897959183673475": 3.2928684975125227e-07, "4.6938775510204085": 3.5627038512725243e-07, "5.3061224489795915": 4.498303154239581e-07, "4.285714285714286": 3.0406291746649877e-07, "5.1020408163265305": 4.163063823894361e-07, "4.8979591836734695": 3.852039549341324e-07, "5.714285714285714": 5.253642602501257e-07, "4.081632653061225": 2.804321180593313e-07, "5.918367346938775": 5.681176168449912e-07, "6.326530612244898": 6.659825202455931e-07, "6.938775510204081": 8.539546945411553e-07, "6.122448979591837": 6.148027384932001e-07, "6.530612244897959": 7.223305073517625e-07, "6.73469387755102": 7.846587989610392e-07, "5.510204081632653": 4.860689303974956e-07, "7.142857142857143": 9.314294396240358e-07, "7.959183673469388": 1.35964039154083e-06, "7.346938775510204": 1.0185839869036724e-06, "7.551020408163265": 1.1172991130511667e-06, "7.755102040816327": 1.2299610883862578e-06, "8.36734693877551": 1.6874404221270512e-06, "8.775510204081632": 2.1527064943490748e-06, "8.571428571428571": 1.8981786766927847e-06, "9.183673469387756": 2.8584995986685655e-06, "8.979591836734695": 2.4655880260843494e-06, "8.16326530612245": 1.5103515356775116e-06, "10.0": 6.382860435770586e-06, "9.387755102040817": 3.3651456923845613e-06, "9.591836734693878": 4.04090046070596e-06, "9.795918367346939": 4.983482750830098e-06}