{"0.20408163265306123": 1.3483898504670362e-08, "0.6122448979591837": 4.21040554626927e-08, "0.40816326530612246": 2.7507498347883138e-08, "1.836734693877551": 1.4397043785288752e-07, "1.4285714285714286": 1.0698915176514225e-07, "2.2448979591836737": 1.845724752283101e-07, "2.4489795918367347": 2.0640232812353663e-07, "2.857142857142857": 2.535253418624208e-07, "0.8163265306122449": 5.730961502063635e-08, "2.0408163265306123": 1.637862932498531e-07, "1.6326530612244898": 1.250582794069346e-07, "3.0612244897959187": 2.7900729105981384e-07, "1.2244897959183674": 8.970769968706731e-08, "2.6530612244897958": 2.2935677868097505e-07, "1.0204081632653061": 7.316331011849936e-08, "3.4693877551020407": 3.3436566992389087e-07, "3.2653061224489797": 3.059130248721167e-07, "3.673469387755102": 3.6450296841172523e-07, "3.8775510204081636": 3.964795106933542e-07, "0.0": 0.0, "4.4897959183673475": 5.053026493997464e-07, "4.6938775510204085": 5.466235309072404e-07, "5.3061224489795915": 6.898455641806116e-07, "4.285714285714286": 4.6666935913479157e-07, "5.1020408163265305": 6.385349183452937e-07, "4.8979591836734695": 5.909228746963268e-07, "5.714285714285714": 8.054285127924913e-07, "4.081632653061225": 4.304693879932732e-07, "5.918367346938775": 8.708362215862515e-07, "6.326530612244898": 1.020527664660783e-06, "6.938775510204081": 1.3079558062647715e-06, "6.122448979591837": 9.422493455100349e-07, "6.530612244897959": 1.1066999681302637e-06, "6.73469387755102": 1.2020066745184525e-06, "5.510204081632653": 7.453026186371534e-07, "7.142857142857143": 1.4263974447898161e-06, "7.959183673469388": 2.080875755106706e-06, "7.346938775510204": 1.5596241753468384e-06, "7.551020408163265": 1.7105087335042698e-06, "7.755102040816327": 1.8826959561507845e-06, "8.36734693877551": 2.5817740897194638e-06, "8.775510204081632": 3.292640889383333e-06, "8.571428571428571": 2.9037649286198315e-06, "9.183673469387756": 4.370894231377791e-06, "8.979591836734695": 3.770647645787322e-06, "8.16326530612245": 2.3111799831643544e-06, "10.0": 9.75451188966676e-06, "9.387755102040817": 5.144861867005339e-06, "9.591836734693878": 6.177130739091744e-06, "9.795918367346939": 7.616959715747047e-06}