{"0.20408163265306123": 2.224151523347003e-08, "0.6122448979591837": 6.945886530126782e-08, "0.40816326530612246": 4.537612757017162e-08, "1.836734693877551": 2.3759714962833141e-07, "1.4285714285714286": 1.765440160694739e-07, "2.2448979591836737": 3.0464174113712746e-07, "2.4489795918367347": 3.406938727891407e-07, "2.857142857142857": 4.185290164559607e-07, "0.8163265306122449": 9.454937205151746e-08, "2.0408163265306123": 2.7031662084752753e-07, "1.6326530612244898": 2.0637307596289046e-07, "3.0612244897959187": 4.606244151080716e-07, "1.2244897959183674": 1.4801837408629201e-07, "2.6530612244897958": 3.786069246569738e-07, "1.0204081632653061": 1.2071240101418375e-07, "3.4693877551020407": 5.520868968480644e-07, "3.2653061224489797": 5.050757963383295e-07, "3.673469387755102": 6.018856376259012e-07, "3.8775510204081636": 6.547278181994656e-07, "0.0": 0.0, "4.4897959183673475": 8.345894991509986e-07, "4.6938775510204085": 9.028939160344927e-07, "5.3061224489795915": 1.1396758796045701e-06, "4.285714285714286": 7.707322766012902e-07, "5.1020408163265305": 1.05484130073473e-06, "4.8979591836734695": 9.761268296304596e-07, "5.714285714285714": 1.330792773042617e-06, "4.081632653061225": 7.109015060526046e-07, "5.918367346938775": 1.4389538384312428e-06, "6.326530612244898": 1.686510184906376e-06, "6.938775510204081": 2.1619105008059264e-06, "6.122448979591837": 1.5570520840032354e-06, "6.530612244897959": 1.8290304754820266e-06, "6.73469387755102": 1.9866654734794914e-06, "5.510204081632653": 1.2313715490346485e-06, "7.142857142857143": 2.357826884413851e-06, "7.959183673469388": 3.4405161466475358e-06, "7.346938775510204": 2.5782081622505103e-06, "7.551020408163265": 2.827807846555436e-06, "7.755102040816327": 3.112657044537042e-06, "8.36734693877551": 4.269214511846516e-06, "8.775510204081632": 5.445347383732407e-06, "8.571428571428571": 4.801943605312616e-06, "9.183673469387756": 7.229393830046356e-06, "8.979591836734695": 6.236235671871673e-06, "8.16326530612245": 3.821531518841866e-06, "10.0": 1.6137372325437342e-05, "9.387755102040817": 8.5100075593899e-06, "9.591836734693878": 1.0218031199797706e-05, "9.795918367346939": 1.2600442466577146e-05}