{"0.0": 0.0, "0.20408163265306123": 0.0, "0.40816326530612246": 0.0, "0.6122448979591837": 0.0, "0.8163265306122449": 0.0, "1.0204081632653061": 0.0, "1.4285714285714286": 0.0, "1.2244897959183674": 0.0, "3.4693877551020407": 0.1997502763463886, "3.8775510204081636": 0.3374680284820794, "3.0612244897959187": 0.016339955601033723, "3.2653061224489797": 0.11495305288629389, "1.6326530612244898": 0.0, "3.673469387755102": 0.2732674091406179, "1.836734693877551": 0.0, "4.285714285714286": 0.4437881470237749, "2.0408163265306123": 0.0, "4.081632653061225": 0.3938984406091017, "4.4897959183673475": 0.4881285230034027, "4.8979591836734695": 0.563238872895592, "4.6938775510204085": 0.5277248541653523, "2.4489795918367347": 0.0, "2.2448979591836737": 0.0, "5.1020408163265305": 0.5952186103514057, "5.3061224489795915": 0.6241203107309846, "5.510204081632653": 0.6503283013428113, "2.6530612244897958": 2.5e-323, "5.714285714285714": 0.674166708661153, "6.326530612244898": 0.7340332321605234, "5.918367346938775": 0.6959119316055614, "6.122448979591837": 0.7157997705725608, "6.530612244897959": 0.7507876579699233, "6.73469387755102": 0.7662145253435333, "2.857142857142857": 8e-323, "7.142857142857143": 0.7935971591744111, "6.938775510204081": 0.7804460735306112, "7.346938775510204": 0.8057684818285064, "7.551020408163265": 0.8170478132379163, "7.959183673469388": 0.8372286849256071, "7.755102040816327": 0.8275121152437143, "8.16326530612245": 0.8462559563955837, "8.571428571428571": 0.862439348338297, "8.36734693877551": 0.8546449191810425, "8.775510204081632": 0.8696767976812898, "8.979591836734695": 0.8763889920552669, "9.183673469387756": 0.8826020726452827, "9.387755102040817": 0.8883372919950971, "9.591836734693878": 0.8936112144685282, "9.795918367346939": 0.8984358243912055, "10.0": 0.9028191649537133}