{"0.20408163265306123": 0.0, "0.40816326530612246": 1.9872992140790302e-14, "1.4285714285714286": 1.5754064719430971e-13, "1.836734693877551": -5.506706202140776e-13, "4.081632653061225": 0.27262132231469793, "1.2244897959183674": 9.43689570931383e-15, "0.8163265306122449": -2.4868995751603507e-14, "2.0408163265306123": 1.3575807145116414e-12, "0.0": 0.0, "2.2448979591836737": 1.0703660180411134e-11, "4.285714285714286": 0.301447246320649, "2.6530612244897958": 0.0029248919025756104, "1.0204081632653061": -2.291500322826323e-13, "1.6326530612244898": 2.55351295663786e-15, "2.4489795918367347": 1.0126788296815903e-10, "2.857142857142857": 0.05130184293088336, "4.4897959183673475": 0.32860704555571507, "4.6938775510204085": 0.3542605093521518, "5.3061224489795915": 0.42346953734538595, "3.2653061224489797": 0.13635984443005533, "0.6122448979591837": -4.440892098500626e-16, "5.1020408163265305": 0.40158021737958227, "3.4693877551020407": 0.17410054185427037, "4.8979591836734695": 0.3785451748785619, "3.673469387755102": 0.20918952337416064, "5.714285714285714": 0.46416460973015394, "5.510204081632653": 0.4443042346952468, "3.0612244897959187": 0.09558411287405155, "6.326530612244898": 0.5185731034044001, "5.918367346938775": 0.4831217948433929, "6.938775510204081": 0.5663589259012397, "6.73469387755102": 0.5510894145549197, "6.122448979591837": 0.5012390962657063, "6.530612244897959": 0.5351746149143728, "7.346938775510204": 0.595109227334929, "7.755102040816327": 0.6216888695296212, "7.959183673469388": 0.634235345701592, "8.36734693877551": 0.6579643064179372, "8.16326530612245": 0.6463195891990798, "7.551020408163265": 0.6086556663954683, "8.775510204081632": 0.6800182079107902, "3.8775510204081636": 0.24194227755539865, "10.0": 0.7375693928281635, "9.387755102040817": 0.7102874525680805, "9.183673469387756": 0.7005498443749517, "8.571428571428571": 0.6691906133596504, "7.142857142857143": 0.5810207676986868, "8.979591836734695": 0.6904655202760837, "9.591836734693878": 0.7196936956476161, "9.795918367346939": 0.7287830899500526}