{"0.20408163265306123": 0.0, "0.40816326530612246": 6.672440377997191e-14, "1.4285714285714286": 5.24913446042774e-13, "1.836734693877551": -1.8667289936047382e-12, "4.081632653061225": 0.6538997665813995, "1.2244897959183674": 3.1530333899354446e-14, "0.8163265306122449": -8.237854842718662e-14, "2.0408163265306123": 4.30910862547762e-12, "0.0": 0.0, "4.285714285714286": 0.6975427210031466, "2.2448979591836737": 3.4478753185851474e-11, "2.6530612244897958": 0.00971641347469665, "1.0204081632653061": -7.642775301519578e-13, "1.6326530612244898": 5.218048215738236e-15, "2.4489795918367347": 3.3191660531173284e-10, "4.4897959183673475": 0.7349938499648934, "2.857142857142857": 0.1610034214177447, "4.6938775510204085": 0.7672670562720318, "5.3061224489795915": 0.8405071953767135, "0.6122448979591837": -8.881784197001252e-16, "3.2653061224489797": 0.38655435151903605, "5.1020408163265305": 0.8194129492910602, "4.8979591836734695": 0.7951833360534407, "3.4693877551020407": 0.4714444900939313, "3.673469387755102": 0.5426576891240003, "5.714285714285714": 0.8750397258512657, "5.510204081632653": 0.8589226314637692, "3.0612244897959187": 0.2845807710828271, "6.938775510204081": 0.938277391243104, "6.326530612244898": 0.912547839487862, "5.918367346938775": 0.8891773648505022, "6.73469387755102": 0.93073095411052, "6.122448979591837": 0.9016042369311293, "6.530612244897959": 0.9222016618984249, "7.346938775510204": 0.9508926119662242, "7.755102040816327": 0.9608373293059836, "8.36734693877551": 0.9720091500180164, "7.959183673469388": 0.9650002865166453, "8.16326530612245": 0.9687067036962533, "7.551020408163265": 0.9561577284426516, "10.0": 0.9884027675023725, "8.775510204081632": 0.9775808135348555, "9.183673469387756": 0.9820208687633688, "3.8775510204081636": 0.6028015085884788, "9.387755102040817": 0.9838928472734161, "8.571428571428571": 0.9749537000459949, "7.142857142857143": 0.9449628692630615, "8.979591836734695": 0.9799260826353033, "9.591836734693878": 0.9855664747722057, "9.795918367346939": 0.9870633913124504}