{"0.20408163265306123": 3.5459454445918847e-08, "0.40816326530612246": 7.214622473199193e-08, "1.2244897959183674": 2.3304888481966856e-07, "1.0204081632653061": 1.904909962649938e-07, "0.6122448979591837": 1.1014851200590474e-07, "2.4489795918367347": 5.304711440123803e-07, "2.0408163265306123": 4.2223815887866686e-07, "1.6326530612244898": 3.2355965077428777e-07, "2.857142857142857": 6.499581366133844e-07, "0.8163265306122449": 1.4956205396261963e-07, "1.836734693877551": 3.717976762893413e-07, "3.673469387755102": 9.316645692581775e-07, "2.2448979591836737": 4.7506242172379464e-07, "2.6530612244897958": 5.886870626201291e-07, "1.4285714285714286": 2.7735979911562164e-07, "3.2653061224489797": 7.828067100866038e-07, "3.8775510204081636": 1.0131164915214132e-06, "3.0612244897959187": 7.145612698668707e-07, "3.4693877551020407": 8.550432718854063e-07, "0.0": 0.0, "4.285714285714286": 1.1926131671578482e-06, "4.081632653061225": 1.0999062201661048e-06, "5.714285714285714": 2.078984617931982e-06, "4.4897959183673475": 1.291902325020267e-06, "4.6938775510204085": 1.398540665457239e-06, "4.8979591836734695": 1.51341742043694e-06, "5.510204081632653": 1.918782159514227e-06, "5.3061224489795915": 1.7722124544576422e-06, "5.1020408163265305": 1.6375693479993844e-06, "6.938775510204081": 3.4781461015258893e-06, "6.122448979591837": 2.4488836723650153e-06, "5.918367346938775": 2.254862953014485e-06, "6.326530612244898": 2.6640507774723247e-06, "6.73469387755102": 3.1734984134273657e-06, "7.142857142857143": 3.82536307599084e-06, "6.530612244897959": 2.904058453855865e-06, "7.346938775510204": 4.2246745061246104e-06, "7.551020408163265": 4.688617604364134e-06, "7.959183673469388": 5.884000652283657e-06, "7.755102040816327": 5.234021800137746e-06, "8.775510204081632": 1.0471204434240253e-05, "8.36734693877551": 7.643023112669964e-06, "8.16326530612245": 6.671164193824448e-06, "8.571428571428571": 8.87155306059725e-06, "9.183673469387756": 1.5719836193325858e-05, "9.387755102040817": 2.045382228267528e-05, "8.979591836734695": 1.2635557663401577e-05, "9.591836734693878": 2.8611470369097256e-05, "10.0": 0.000106679269320334, "9.795918367346939": 4.591455413357741e-05}