{"0.20408163265306123": 3.080379330927381e-08, "0.40816326530612246": 6.252524070208524e-08, "1.2244897959183674": 2.0010427181831367e-07, "1.0204081632653061": 1.639376709545249e-07, "0.6122448979591837": 9.523553812345979e-08, "2.4489795918367347": 4.494456207660417e-07, "2.0408163265306123": 3.593117346638347e-07, "1.6326530612244898": 2.765663301169036e-07, "2.857142857142857": 5.483197679448766e-07, "0.8163265306122449": 1.2901178407308783e-07, "1.836734693877551": 3.1708959523662654e-07, "3.673469387755102": 7.794103451473396e-07, "2.2448979591836737": 4.03377178934426e-07, "2.6530612244897958": 4.976941522735805e-07, "1.4285714285714286": 2.376109384809862e-07, "3.2653061224489797": 6.576079405988159e-07, "3.8775510204081636": 8.45812419377461e-07, "3.0612244897959187": 6.015423087080851e-07, "3.4693877551020407": 7.167932847401115e-07, "0.0": 0.0, "4.285714285714286": 9.916355576803162e-07, "4.081632653061225": 9.16401227142688e-07, "5.714285714285714": 1.70511979555023e-06, "4.4897959183673475": 1.0720418234603462e-06, "4.6938775510204085": 1.158227023545641e-06, "4.8979591836734695": 1.2508947757657777e-06, "5.510204081632653": 1.576735515920312e-06, "5.3061224489795915": 1.459100438614663e-06, "5.1020408163265305": 1.3508652889693711e-06, "6.938775510204081": 2.821071247127306e-06, "6.122448979591837": 2.000933057842127e-06, "5.918367346938775": 1.8458688901589877e-06, "6.326530612244898": 2.1726874000276844e-06, "6.73469387755102": 2.578658593247379e-06, "7.142857142857143": 3.09710997587839e-06, "6.530612244897959": 2.3640525553116652e-06, "7.346938775510204": 3.4143044512604116e-06, "7.551020408163265": 3.7825652070483094e-06, "7.959183673469388": 4.730466161415623e-06, "7.755102040816327": 4.215195564488328e-06, "8.775510204081632": 8.362207489532345e-06, "8.36734693877551": 6.1238152019172716e-06, "8.16326530612245": 5.354154189743298e-06, "8.571428571428571": 7.096343352575862e-06, "9.183673469387756": 1.251378974268301e-05, "9.387755102040817": 1.625716586565698e-05, "8.979591836734695": 1.007442586446667e-05, "9.591836734693878": 2.270680232385691e-05, "10.0": 8.441918624130457e-05, "9.795918367346939": 3.638555971537424e-05}