{"0.20408163265306123": 4.65566113664502e-09, "0.40816326530612246": 9.620984029906679e-09, "1.2244897959183674": 3.2944613001354856e-08, "1.0204081632653061": 2.6553325310468903e-08, "0.6122448979591837": 1.491297388244494e-08, "2.4489795918367347": 8.10255232463387e-08, "2.0408163265306123": 6.292642421483219e-08, "1.6326530612244898": 4.6993320657384016e-08, "2.857142857142857": 1.0163836866850799e-07, "0.8163265306122449": 2.0550269889531752e-08, "1.836734693877551": 5.4708081052714724e-08, "3.673469387755102": 1.5225422411083807e-07, "2.2448979591836737": 7.168524278936868e-08, "2.6530612244897958": 9.099291034654846e-08, "1.4285714285714286": 3.974886063463548e-08, "3.2653061224489797": 1.2519876948778768e-07, "3.8775510204081636": 1.673040721439521e-07, "3.0612244897959187": 1.1301896115878537e-07, "3.4693877551020407": 1.3824998714529515e-07, "0.0": 0.0, "4.285714285714286": 2.009776094775321e-07, "4.081632653061225": 1.8350499302341618e-07, "5.714285714285714": 3.7386482238175167e-07, "4.4897959183673475": 2.1986050155992118e-07, "4.6938775510204085": 2.4031364191159797e-07, "4.8979591836734695": 2.6252264467116276e-07, "5.510204081632653": 3.4204664359391475e-07, "5.3061224489795915": 3.131120158429792e-07, "5.1020408163265305": 2.867040590300134e-07, "6.938775510204081": 6.570748543985841e-07, "6.122448979591837": 4.4795061452288846e-07, "5.918367346938775": 4.089940628554973e-07, "6.326530612244898": 4.913633774446408e-07, "6.73469387755102": 5.948398201799868e-07, "7.142857142857143": 7.282531001124517e-07, "6.530612244897959": 5.400058985442002e-07, "7.346938775510204": 8.103700548641999e-07, "7.551020408163265": 9.060523973158258e-07, "7.959183673469388": 1.1535344908680339e-06, "7.755102040816327": 1.0188262356494185e-06, "8.775510204081632": 2.10899694470791e-06, "8.36734693877551": 1.5192079107526914e-06, "8.16326530612245": 1.3170100040811497e-06, "8.571428571428571": 1.7752097080213895e-06, "9.183673469387756": 3.2060464506428493e-06, "9.387755102040817": 4.196656417018297e-06, "8.979591836734695": 2.5611317989349053e-06, "9.591836734693878": 5.904668045240342e-06, "10.0": 2.2260083079029415e-05, "9.795918367346939": 9.528994418203165e-06}