{"0.8163265306122449": 2.981364498351996e-07, "0.40816326530612246": 1.1822657399413827e-07, "0.20408163265306123": 5.357142331368642e-08, "1.0204081632653061": 4.28570986607748e-07, "1.2244897959183674": 6.050410370176857e-07, "3.8775510204081636": 0.37540531400463334, "3.673469387755102": 0.3483110652705425, "0.6122448979591837": 1.9780211748167133e-07, "3.0612244897959187": 0.23360015850384014, "1.6326530612244898": 1.2467475591242963e-06, "1.4285714285714286": 8.571406071513409e-07, "3.4693877551020407": 0.31644166200229396, "3.2653061224489797": 0.27868754513261307, "1.836734693877551": 1.928553936071229e-06, "2.0408163265306123": 3.4284891460924444e-06, "2.857142857142857": 0.17925843738208588, "2.6530612244897958": 0.11306912721574909, "0.0": 0.0, "2.2448979591836737": 9.427132798974023e-06, "4.081632653061225": 0.3985862409657918, "4.6938775510204085": 0.450766190120009, "4.4897959183673475": 0.4357806093914329, "5.510204081632653": 0.49421359175096546, "4.285714285714286": 0.41853165067891174, "5.1020408163265305": 0.47528760531835956, "4.8979591836734695": 0.4638395079427257, "6.73469387755102": 0.529938436274395, "2.4489795918367347": 0.03146858119290542, "5.3061224489795915": 0.48534692760970716, "6.938775510204081": 0.5338549776907916, "6.530612244897959": 0.5255609395333091, "7.142857142857143": 0.5373630805978697, "5.714285714285714": 0.5020512924210708, "5.918367346938775": 0.5089974467546272, "7.551020408163265": 0.5433280334635581, "6.326530612244898": 0.5206612851493428, "7.346938775510204": 0.540507853158052, "6.122448979591837": 0.5151680109690212, "7.755102040816327": 0.5458568361768463, "7.959183673469388": 0.5481226438408257, "8.16326530612245": 0.5501495721090454, "8.36734693877551": 0.5519579325330831, "8.571428571428571": 0.5535646122382016, "8.775510204081632": 0.5549833864901315, "8.979591836734695": 0.5562251775587028, "10.0": 0.5599867837101868, "9.387755102040817": 0.5582085006827251, "9.183673469387756": 0.5572982712317366, "9.795918367346939": 0.5595523768596292, "9.591836734693878": 0.5589594060399171}