{"0.8163265306122449": 5.21738787211599e-07, "0.40816326530612246": 2.06896504489742e-07, "0.20408163265306123": 9.374999079895121e-08, "1.0204081632653061": 7.499992265635589e-07, "1.2244897959183674": 1.0588218147809498e-06, "3.8775510204081636": 0.6569592995081085, "3.673469387755102": 0.6095443642234494, "0.6122448979591837": 3.4615370559292503e-07, "3.0612244897959187": 0.40880027738172026, "1.6326530612244898": 2.181808228467518e-06, "1.4285714285714286": 1.4999960625148463e-06, "3.4693877551020407": 0.5537729085040147, "3.2653061224489797": 0.48770320398207284, "1.836734693877551": 3.3749693881246496e-06, "2.0408163265306123": 5.999856005661781e-06, "2.857142857142857": 0.31370226541865026, "2.6530612244897958": 0.19787097262756093, "0.0": 0.0, "2.2448979591836737": 1.6497482398204534e-05, "4.081632653061225": 0.6975259216901357, "4.6938775510204085": 0.7888408327100157, "4.4897959183673475": 0.7626160664350076, "5.510204081632653": 0.8648737855641895, "5.1020408163265305": 0.8317533093071292, "4.285714285714286": 0.7324303886880954, "4.8979591836734695": 0.8117191388997702, "6.73469387755102": 0.9273922634801913, "2.4489795918367347": 0.05507001708758449, "5.3061224489795915": 0.8493571233169876, "6.938775510204081": 0.9342462109588854, "6.530612244897959": 0.919731644183291, "7.142857142857143": 0.9403853910462718, "5.714285714285714": 0.8785897617368736, "5.918367346938775": 0.8907455318205976, "7.551020408163265": 0.9508240585612268, "6.326530612244898": 0.9111572490113499, "7.346938775510204": 0.9458887430265914, "6.122448979591837": 0.9015440191957873, "7.755102040816327": 0.9552494633094815, "7.959183673469388": 0.9592146267214451, "8.16326530612245": 0.9627617511908293, "8.36734693877551": 0.9659263819328956, "8.571428571428571": 0.9687380714168529, "8.775510204081632": 0.9712209263577302, "8.979591836734695": 0.9733940607277298, "10.0": 0.9799768714928268, "9.387755102040817": 0.9768648761947687, "9.183673469387756": 0.9752719746555396, "9.795918367346939": 0.9792166595043508, "9.591836734693878": 0.9781789605698551}