{"0.8163265306122449": 2.2360233737639968e-07, "0.40816326530612246": 8.866993049560374e-08, "0.20408163265306123": 4.017856748526482e-08, "1.0204081632653061": 3.21428239955811e-07, "1.2244897959183674": 4.537807777632645e-07, "3.8775510204081636": 0.2815539855034751, "3.673469387755102": 0.2612332989529069, "0.6122448979591837": 1.4835158811125364e-07, "3.0612244897959187": 0.17520011887788015, "1.6326530612244898": 9.35060669343222e-07, "1.4285714285714286": 6.428554553635058e-07, "3.4693877551020407": 0.23733124650172047, "3.2653061224489797": 0.20901565884945975, "1.836734693877551": 1.4464154520534213e-06, "2.0408163265306123": 2.5713668595693343e-06, "2.857142857142857": 0.1344438280365644, "2.6530612244897958": 0.08480184541181181, "0.0": 0.0, "2.2448979591836737": 7.070349599230518e-06, "4.081632653061225": 0.29893968072434385, "4.6938775510204085": 0.3380746425900066, "4.4897959183673475": 0.32683545704357475, "5.510204081632653": 0.37066019381322407, "5.1020408163265305": 0.35646570398876953, "4.285714285714286": 0.3138987380091838, "4.8979591836734695": 0.3478796309570444, "6.73469387755102": 0.39745382720579625, "2.4489795918367347": 0.02360143589467907, "5.3061224489795915": 0.36401019570728055, "6.938775510204081": 0.40039123326809395, "6.530612244897959": 0.39417070464998194, "7.142857142857143": 0.4030223104484023, "5.714285714285714": 0.37653846931580315, "5.918367346938775": 0.3817480850659704, "7.551020408163265": 0.4074960250976687, "6.326530612244898": 0.3904959638620071, "7.346938775510204": 0.40538088986853904, "6.122448979591837": 0.38637600822676593, "7.755102040816327": 0.4093926271326348, "7.959183673469388": 0.4110919828806194, "8.16326530612245": 0.41261217908178394, "8.36734693877551": 0.4139684493998124, "8.571428571428571": 0.4151734591786513, "8.775510204081632": 0.41623753986759865, "8.979591836734695": 0.4171688831690272, "10.0": 0.41999008778264013, "9.387755102040817": 0.4186563755120438, "9.183673469387756": 0.4179737034238026, "9.795918367346939": 0.419664282644722, "9.591836734693878": 0.41921955452993787}