{"0.20408163265306123": 0.0, "0.6122448979591837": 9.29256671611256e-14, "1.6326530612244898": 2.786659791809143e-14, "0.8163265306122449": -4.440892098500626e-16, "0.40816326530612246": 4.440892098500626e-16, "0.0": 0.0, "1.4285714285714286": -2.3936408410918375e-12, "2.857142857142857": 3.982683072223381e-10, "4.285714285714286": 0.10387081386085661, "1.2244897959183674": -2.3425705819590803e-13, "3.0612244897959187": 1.7196202239944114e-09, "4.4897959183673475": 0.1423986385363295, "3.4693877551020407": 3.077746379975821e-08, "4.081632653061225": 0.06251646956936474, "3.673469387755102": 2.0481408591344064e-07, "2.0408163265306123": 1.3994361225400098e-12, "2.2448979591836737": 1.0708434139417022e-11, "1.836734693877551": 2.290390099801698e-13, "2.4489795918367347": 2.0187851390573996e-11, "2.6530612244897958": 9.29434307295196e-11, "4.6938775510204085": 0.1783990991675597, "5.1020408163265305": 0.24380596780189023, "1.0204081632653061": -1.2434497875801753e-14, "4.8979591836734695": 0.212128082071243, "5.510204081632653": 0.3017479810320136, "5.3061224489795915": 0.27362376236455155, "6.326530612244898": 0.3999825835982651, "3.2653061224489797": 6.989355316733281e-09, "6.73469387755102": 0.4420184587783911, "5.714285714285714": 0.3283245755371509, "6.530612244897959": 0.42151696298662755, "5.918367346938775": 0.35348211778799776, "6.122448979591837": 0.37733440111942584, "7.142857142857143": 0.48020685547027464, "3.8775510204081636": 0.01798346467013845, "6.938775510204081": 0.4615598560349955, "7.755102040816327": 0.5313500293782207, "7.551020408163265": 0.5150502583066265, "7.346938775510204": 0.4980189646808446, "8.36734693877551": 0.5762926604091887, "7.959183673469388": 0.5469633497812952, "8.571428571428571": 0.5900817326638458, "8.16326530612245": 0.5619315542496579, "9.591836734693878": 0.6515039860018184, "8.979591836734695": 0.6160711360288265, "8.775510204081632": 0.6033312005640987, "9.387755102040817": 0.6401323337191109, "9.795918367346939": 0.6624672338322886, "10.0": 0.6730434449627578, "9.183673469387756": 0.6283294958309069}