{"0.20408163265306123": 1.1102230246251565e-16, "0.6122448979591837": 2.3236967905404526e-13, "1.6326530612244898": 6.794564910705958e-14, "0.8163265306122449": -6.661338147750939e-16, "0.40816326530612246": 7.771561172376096e-16, "0.0": 0.0, "1.4285714285714286": -5.983213924309894e-12, "2.857142857142857": 9.418685831263929e-10, "4.285714285714286": 0.23980226215593548, "1.2244897959183674": -5.859757123971576e-13, "3.0612244897959187": 4.122745478341017e-09, "4.4897959183673475": 0.31889559623635666, "3.4693877551020407": 7.54782297773815e-08, "4.081632653061225": 0.14904004005261018, "3.673469387755102": 5.082438855330551e-07, "2.2448979591836737": 2.5999646879881766e-11, "2.0408163265306123": 3.3600899840280363e-12, "1.836734693877551": 5.527800439608654e-13, "2.4489795918367347": 4.684330701110184e-11, "2.6530612244897958": 2.1753499002130638e-10, "5.1020408163265305": 0.5027402487490178, "4.6938775510204085": 0.3881396238811591, "1.0204081632653061": -3.064215547965432e-14, "4.8979591836734695": 0.44901577522627856, "5.510204081632653": 0.5925905981122761, "5.3061224489795915": 0.550319142225692, "6.326530612244898": 0.7211227745638947, "3.2653061224489797": 1.694483475755959e-08, "6.73469387755102": 0.7674280823731657, "6.530612244897959": 0.7454742473225404, "5.714285714285714": 0.6302573629143906, "5.918367346938775": 0.6639121832641136, "6.122448979591837": 0.6940577925948023, "7.142857142857143": 0.8051982889481587, "3.8775510204081636": 0.04435409013005864, "6.938775510204081": 0.7872571913716697, "7.551020408163265": 0.8362146656503389, "7.755102040816327": 0.8496277010023456, "7.346938775510204": 0.821457444560757, "8.36734693877551": 0.8831084042677414, "7.959183673469388": 0.8618352126476528, "8.571428571428571": 0.8923778635582466, "9.591836734693878": 0.9282056977817622, "8.16326530612245": 0.8729594334675499, "8.979591836734695": 0.9086090788504895, "8.775510204081632": 0.900852852057497, "9.387755102040817": 0.9222282675196463, "9.795918367346939": 0.9336949101528712, "10.0": 0.938739524922087, "9.183673469387756": 0.9157140893995208}