{"0.20408163265306123": 0.0, "0.6122448979591837": 3.2518432391270835e-13, "1.6326530612244898": 9.581224702515101e-14, "0.8163265306122449": -1.1102230246251565e-15, "0.0": 0.0, "0.40816326530612246": 1.3322676295501878e-15, "1.4285714285714286": -8.376854765401731e-12, "2.857142857142857": 1.340136890348731e-09, "4.285714285714286": 0.3436730760167921, "1.2244897959183674": -8.202327705930657e-13, "3.0612244897959187": 5.842365702335428e-09, "3.4693877551020407": 1.0625569368816201e-07, "4.081632653061225": 0.21155650962197492, "4.4897959183673475": 0.46129423477268616, "3.673469387755102": 7.13057971557518e-07, "2.2448979591836737": 3.670808101929879e-11, "2.4489795918367347": 6.70312694239783e-11, "2.0408163265306123": 4.7594150842655836e-12, "5.1020408163265305": 0.746546216550908, "1.836734693877551": 7.819300762434978e-13, "2.6530612244897958": 3.1047830972852353e-10, "4.6938775510204085": 0.5665387230487187, "4.8979591836734695": 0.6611438572975215, "1.0204081632653061": -4.3076653355456074e-14, "5.510204081632653": 0.8943385791442897, "5.3061224489795915": 0.8239429045902437, "6.326530612244898": 1.1211053581621597, "3.2653061224489797": 2.3934190185315174e-08, "6.73469387755102": 1.209446541151557, "6.530612244897959": 1.166991210309168, "5.714285714285714": 0.9585819384515415, "5.918367346938775": 1.0173943010521111, "6.122448979591837": 1.0713921937142281, "7.142857142857143": 1.2854051444184336, "3.8775510204081636": 0.062337554800197204, "6.938775510204081": 1.248817047406665, "7.346938775510204": 1.3194764092416016, "7.551020408163265": 1.3512649239569654, "7.755102040816327": 1.3809777303805664, "7.959183673469388": 1.4087985624289479, "8.36734693877551": 1.4594010646769302, "9.591836734693878": 1.5797096837835807, "8.571428571428571": 1.4824595962220926, "8.16326530612245": 1.4348909877172078, "8.979591836734695": 1.524680214879316, "8.775510204081632": 1.5041840526215957, "9.387755102040817": 1.5623606012387572, "9.795918367346939": 1.5961621439851599, "10.0": 1.611782969884845, "9.183673469387756": 1.5440435852304277}