{"0.0": 0.0, "0.20408163265306123": 4.5951848913983495e-08, "0.6122448979591837": 1.6112513035667451e-07, "0.40816326530612246": 9.905652061756786e-08, "0.8163265306122449": 2.3463658645066954e-07, "1.0204081632653061": 3.2307654862127106e-07, "1.836734693877551": 9.79271882195689e-07, "1.2244897959183674": 4.3150635357217164e-07, "2.0408163265306123": 1.3124917154197682e-06, "1.6326530612244898": 7.43360763600813e-07, "1.4285714285714286": 5.675656716130771e-07, "2.4489795918367347": 2.6808071696145337e-06, "2.2448979591836737": 1.8188854359677613e-06, "2.6530612244897958": 4.4752968894756965e-06, "2.857142857142857": 1.0499009117106362e-05, "3.0612244897959187": 0.02334470574147031, "3.2653061224489797": 0.16119198421783404, "3.8775510204081636": 0.45303188677094447, "3.4693877551020407": 0.2758428922129032, "3.673469387755102": 0.37193262592424947, "4.081632653061225": 0.5219093498865943, "4.285714285714286": 0.5807335304867125, "4.6938775510204085": 0.6747600907331633, "4.4897959183673475": 0.6312250234381406, "4.8979591836734695": 0.7124513231002413, "5.1020408163265305": 0.7452051499942398, "5.3061224489795915": 0.7737644597151071, "5.714285714285714": 0.8206544298404556, "6.326530612244898": 0.8719136273887657, "6.122448979591837": 0.8569081888986656, "5.510204081632653": 0.798744094973461, "6.530612244897959": 0.8851964717024305, "5.918367346938775": 0.8399228812260909, "6.73469387755102": 0.8969753620855173, "7.142857142857143": 0.9167426102184132, "6.938775510204081": 0.9074374355883787, "7.959183673469388": 0.9448676551269629, "7.551020408163265": 0.9324125515842281, "7.346938775510204": 0.9250283548012667, "7.755102040816327": 0.9389966196950243, "8.16326530612245": 0.9501001306938365, "8.571428571428571": 0.9588944235771296, "8.36734693877551": 0.9547577506882341, "8.775510204081632": 0.9625555369519064, "8.979591836734695": 0.965778766217315, "9.387755102040817": 0.9710277695536226, "9.183673469387756": 0.9685947272411214, "9.591836734693878": 0.9730964520471315, "9.795918367346939": 0.9748139416221777, "10.0": 0.9761886015932659}