{"0.0": 0.0, "0.20408163265306123": 2.297592472093831e-08, "0.6122448979591837": 8.056256842350099e-08, "0.40816326530612246": 4.952826153530828e-08, "0.8163265306122449": 1.1731830010712657e-07, "1.0204081632653061": 1.6153828735794462e-07, "1.836734693877551": 4.896360609695806e-07, "1.2244897959183674": 2.157532000608075e-07, "2.0408163265306123": 6.562460730393382e-07, "1.6326530612244898": 3.716804508735853e-07, "1.4285714285714286": 2.83782876072899e-07, "2.4489795918367347": 1.3404044831493564e-06, "2.2448979591836737": 9.094431315272855e-07, "2.6530612244897958": 2.2376509482787303e-06, "2.857142857142857": 5.249518337274551e-06, "3.0612244897959187": 0.011741281718722374, "3.2653061224489797": 0.08413537254764437, "3.8775510204081636": 0.26042707282700134, "3.4693877551020407": 0.14902578889053855, "3.673469387755102": 0.20749298132472682, "4.081632653061225": 0.30855900258802244, "4.285714285714286": 0.35249210479068266, "4.6938775510204085": 0.42970190527685576, "4.4897959183673475": 0.3927315390925321, "4.8979591836734695": 0.46376434407160505, "5.1020408163265305": 0.49522794282442595, "5.3061224489795915": 0.5243578423410946, "5.714285714285714": 0.5765084384116694, "6.326530612244898": 0.6421131008888661, "6.122448979591837": 0.6217276451557128, "5.510204081632653": 0.5513846881648194, "6.530612244897959": 0.6611818966384626, "5.918367346938775": 0.5999048110252179, "6.73469387755102": 0.679040733783205, "7.142857142857143": 0.7115002681088599, "6.938775510204081": 0.6957852525013822, "7.959183673469388": 0.7654694180178993, "7.551020408163265": 0.7401380469315908, "7.346938775510204": 0.7262619669808402, "7.755102040816327": 0.7531891647330597, "8.16326530612245": 0.7770265482907379, "8.571428571428571": 0.7981359978613821, "8.36734693877551": 0.7879030684537822, "8.775510204081632": 0.8077576677300627, "8.979591836734695": 0.816795835799175, "9.387755102040817": 0.8332103284010733, "9.183673469387756": 0.8252736600765019, "9.591836734693878": 0.8406210754110989, "9.795918367346939": 0.8475170970151151, "10.0": 0.8539062229585963}