{"0.40816326530612246": -8.224148029256639e-10, "0.8163265306122449": 1.400349503022369e-09, "0.6122448979591837": -2.8248003935971155e-10, "0.20408163265306123": -2.1818102879933576e-12, "3.673469387755102": 0.8023620507622591, "3.8775510204081636": 0.8311389433318515, "1.2244897959183674": 1.337417954161424e-10, "1.0204081632653061": 1.3416573407809551e-09, "3.4693877551020407": 0.7677150747859257, "3.2653061224489797": 0.725702898968681, "2.6530612244897958": 0.5319724348794472, "3.0612244897959187": 0.6743464612340571, "1.6326530612244898": 8.830558839711955e-09, "2.857142857142857": 0.610984337697389, "2.4489795918367347": 0.43221693726254473, "1.4285714285714286": 5.355127452588704e-11, "2.2448979591836737": 0.3044248841187184, "1.836734693877551": 1.3946791499463984e-09, "0.0": 0.0, "2.0408163265306123": 0.13785710868869028, "4.285714285714286": 0.8754073076559094, "4.081632653061225": 0.8551911834482062, "4.4897959183673475": 0.8924843109408703, "6.326530612244898": 0.9686784958883957, "4.6938775510204085": 0.9069744549294946, "5.510204081632653": 0.9467219657522148, "5.1020408163265305": 0.9298748633760661, "4.8979591836734695": 0.9193193107018022, "5.3061224489795915": 0.9389302588793498, "5.918367346938775": 0.9592591925837303, "5.714285714285714": 0.9534445864676386, "6.938775510204081": 0.9787130638335871, "6.530612244897959": 0.9724893765009023, "6.73469387755102": 0.9758118305502256, "7.142857142857143": 0.9812501771731529, "6.122448979591837": 0.9642998082423454, "7.551020408163265": 0.9854196893250534, "7.346938775510204": 0.9834718457630323, "8.16326530612245": 0.989952887491746, "7.755102040816327": 0.9871293958059717, "8.36734693877551": 0.9911159576949484, "8.775510204081632": 0.9930440555026543, "7.959183673469388": 0.988631647447401, "8.571428571428571": 0.9921406305774513, "10.0": 0.9966316272866134, "8.979591836734695": 0.993841133891263, "9.387755102040817": 0.995166468630125, "9.591836734693878": 0.9957159037805073, "9.183673469387756": 0.9945448359103014, "9.795918367346939": 0.9962017717506957}