{"0.40816326530612246": -8.141027518782096e-10, "0.8163265306122449": 1.3436026458091277e-09, "0.6122448979591837": -2.749523608791549e-10, "0.20408163265306123": -2.2097879082139116e-12, "3.673469387755102": 0.7682980874674106, "3.8775510204081636": 0.7986747807062313, "1.2244897959183674": 1.2541020999456975e-10, "1.0204081632653061": 1.2717618014246314e-09, "3.4693877551020407": 0.7322751050086539, "3.2653061224489797": 0.689258306886272, "2.6530612244897958": 0.4974361025365118, "3.0612244897959187": 0.6374830265821905, "1.6326530612244898": 8.125606493214477e-09, "2.857142857142857": 0.574601856416413, "2.4489795918367347": 0.4015925665575966, "1.4285714285714286": 4.972283695892088e-11, "2.2448979591836737": 0.28085412258431447, "1.836734693877551": 1.2726456166678446e-09, "0.0": 0.0, "2.0408163265306123": 0.12617500069059293, "4.285714285714286": 0.8464372855407218, "4.081632653061225": 0.8244485459700459, "4.4897959183673475": 0.8652893120117209, "6.326530612244898": 0.9545967016029497, "5.510204081632653": 0.9275996814399884, "4.6938775510204085": 0.8815236715682684, "5.1020408163265305": 0.907738938904779, "4.8979591836734695": 0.8955596925349725, "5.3061224489795915": 0.9183417248556085, "5.918367346938775": 0.9428200316570328, "5.714285714285714": 0.9357054192263679, "6.938775510204081": 0.967604922049355, "6.530612244897959": 0.9594703769113335, "6.73469387755102": 0.9637828231103929, "7.142857142857143": 0.9709975568878482, "6.122448979591837": 0.9490789729580524, "7.551020408163265": 0.9766972198683366, "7.346938775510204": 0.9740132003671216, "8.16326530612245": 0.9831280171598098, "7.755102040816327": 0.9790889553667412, "8.36734693877551": 0.9848312235535135, "8.775510204081632": 0.9877195478287676, "7.959183673469388": 0.9812226141889508, "8.571428571428571": 0.9863550567079388, "10.0": 0.9934142690316536, "8.979591836734695": 0.9889423121115684, "9.387755102040817": 0.991022913294444, "9.591836734693878": 0.9919065525433433, "9.183673469387756": 0.9900388686280195, "9.795918367346939": 0.9927005039577137}