{"0.40816326530612246": 1.3917522728229462e-07, "2.2448979591836737": 0.24859566002604033, "3.2653061224489797": 0.6880459584433497, "0.6122448979591837": 2.4035598691054693e-07, "3.4693877551020407": 0.7334061341195455, "0.20408163265306123": 6.150341117937568e-08, "3.673469387755102": 0.771159453463124, "1.0204081632653061": 5.744674346373401e-07, "1.4285714285714286": 1.421047084191761e-06, "2.857142857142857": 0.5660147983236706, "0.8163265306122449": 3.776221222856838e-07, "3.8775510204081636": 0.8027975131211725, "3.0612244897959187": 0.6331199544814907, "1.2244897959183674": 8.804330373211522e-07, "2.6530612244897958": 0.48318166889143865, "2.0408163265306123": 0.0796837972486814, "2.4489795918367347": 0.37970197884885043, "0.0": 0.0, "1.836734693877551": 7.838179473419125e-06, "5.3061224489795915": 0.9246867992121147, "5.1020408163265305": 0.9141499971034761, "5.510204081632653": 0.933820710763914, "4.081632653061225": 0.8294718608776697, "4.6938775510204085": 0.8878143644327768, "4.285714285714286": 0.8520825375410552, "4.8979591836734695": 0.9019603725374958, "4.4897959183673475": 0.87134080924731, "1.6326530612244898": 2.634119564809564e-06, "5.714285714285714": 0.9417587533647364, "5.918367346938775": 0.9486733375120427, "6.326530612244898": 0.9599862124355476, "6.122448979591837": 0.9547087423032867, "6.938775510204081": 0.9722171168698828, "6.530612244897959": 0.9646079938556459, "7.142857142857143": 0.9753397964352827, "6.73469387755102": 0.9686605469778388, "7.551020408163265": 0.9804857350829148, "7.346938775510204": 0.9780811867456752, "8.571428571428571": 0.9885604312531333, "7.755102040816327": 0.9825908136742835, "8.36734693877551": 0.9873939269315783, "8.16326530612245": 0.9860217211513636, "7.959183673469388": 0.9844275889387852, "9.591836734693878": 0.9916014809168369, "8.979591836734695": 0.9903208909878295, "9.387755102040817": 0.9913552893609947, "8.775510204081632": 0.9895333312873177, "9.795918367346939": 0.9916613732466889, "10.0": 0.991527081165436, "9.183673469387756": 0.9909277826328753}