{"0.40816326530612246": 2.087628433446601e-07, "2.2448979591836737": 0.3817598393690183, "3.2653061224489797": 1.1295174975835187, "0.6122448979591837": 3.605339875871963e-07, "3.4693877551020407": 1.2170788484777488, "0.20408163265306123": 9.225511724189723e-08, "3.673469387755102": 1.292786642361415, "1.0204081632653061": 8.61701193207626e-07, "1.4285714285714286": 2.131570878709673e-06, "2.857142857142857": 0.9072392662296279, "0.8163265306122449": 5.664332012533373e-07, "3.8775510204081636": 1.3587226476494088, "3.0612244897959187": 1.0274137174824614, "1.2244897959183674": 1.3206496528770626e-06, "2.6530612244897958": 0.7642808891506323, "2.0408163265306123": 0.12035267466830436, "2.4489795918367347": 0.5921119705627577, "1.836734693877551": 1.1757276889790963e-05, "0.0": 0.0, "5.3061224489795915": 1.6502549939508655, "5.1020408163265305": 1.6211486193760454, "5.510204081632653": 1.6765687681434394, "4.081632653061225": 1.4165213352994892, "4.6938775510204085": 1.552873187193383, "4.285714285714286": 1.4674821538107863, "4.8979591836734695": 1.5888477206372824, "4.4897959183673475": 1.512649894680259, "1.6326530612244898": 3.951180214538724e-06, "5.714285714285714": 1.700429263014971, "5.918367346938775": 1.7221245970966965, "6.326530612244898": 1.7599682921633775, "6.122448979591837": 1.741900670026791, "6.938775510204081": 1.8056141297323083, "6.530612244897959": 1.7765088772389495, "7.142857142857143": 1.8184314981085117, "6.73469387755102": 1.7916790106031952, "7.551020408163265": 1.8411051534478402, "7.346938775510204": 1.8302326125365869, "8.571428571428571": 1.8838166870666315, "7.755102040816327": 1.851124564905453, "8.36734693877551": 1.876660118224883, "8.16326530612245": 1.8688520249884155, "7.959183673469388": 1.86035533383506, "9.591836734693878": 1.910598131455397, "8.979591836734695": 1.896284733710666, "9.387755102040817": 1.9064033937786444, "8.775510204081632": 1.8903509515504393, "9.795918367346939": 1.9142126872105534, "10.0": 1.9172368718950918, "9.183673469387756": 1.9016328402450888}