{"0.40816326530612246": 6.958761606236548e-08, "2.2448979591836737": 0.1331641793429779, "3.2653061224489797": 0.4414715391401692, "0.6122448979591837": 1.2017800067664942e-07, "3.4693877551020407": 0.4836727143582034, "0.20408163265306123": 3.075170606252155e-08, "3.673469387755102": 0.5216271888982912, "1.0204081632653061": 2.8723375857028593e-07, "1.4285714285714286": 7.10523794517912e-07, "2.857142857142857": 0.3412244679059569, "0.8163265306122449": 1.888110789676537e-07, "3.8775510204081636": 0.5559251345282364, "3.0612244897959187": 0.3942937630009706, "1.2244897959183674": 4.402166155559105e-07, "2.6530612244897958": 0.28109922025919354, "2.0408163265306123": 0.04066887741962298, "2.4489795918367347": 0.21240999171390706, "0.0": 0.0, "1.836734693877551": 3.919097416371842e-06, "5.3061224489795915": 0.7255681947387512, "5.1020408163265305": 0.706998622272569, "5.510204081632653": 0.7427480573795255, "4.081632653061225": 0.5870494744218198, "4.6938775510204085": 0.6650588227606063, "4.285714285714286": 0.6153996162697312, "4.8979591836734695": 0.6868873480997862, "4.4897959183673475": 0.6413090854329485, "1.6326530612244898": 1.3170606497291594e-06, "5.714285714285714": 0.7586705096502342, "5.918367346938775": 0.7734512595846539, "6.326530612244898": 0.7999820797278302, "6.122448979591837": 0.7871919277235039, "6.938775510204081": 0.8333970128624255, "6.530612244897959": 0.8119008833833032, "7.142857142857143": 0.8430917016732286, "6.73469387755102": 0.8230184636253565, "7.551020408163265": 0.8606194183649253, "7.346938775510204": 0.8521514257909121, "8.571428571428571": 0.8952562558134979, "7.755102040816327": 0.8685337512311695, "8.36734693877551": 0.8892661912933045, "8.16326530612245": 0.8828303038370517, "7.959183673469388": 0.8759277448962747, "9.591836734693878": 0.9189966505385607, "8.979591836734695": 0.9059638427228367, "9.387755102040817": 0.9150481044176497, "8.775510204081632": 0.9008176202631215, "9.795918367346939": 0.9225513139638649, "10.0": 0.9257097907296556, "9.183673469387756": 0.9107050576122132}