{"0.40816326530612246": 6.065589021520016e-07, "0.8163265306122449": 7.637916125125372e-07, "3.4693877551020407": 0.5116914162954638, "3.8775510204081636": 0.6300416885587721, "0.20408163265306123": 5.486104668262494e-07, "3.0612244897959187": 0.3433094829967202, "3.673469387755102": 0.5758431854371274, "1.2244897959183674": 1.0191206103298962e-06, "0.6122448979591837": 6.768219107008203e-07, "1.0204081632653061": 8.742306046105083e-07, "2.857142857142857": 0.23184067417201198, "3.2653061224489797": 0.4352154654525346, "2.4489795918367347": 1.6678323835718666e-05, "2.0408163265306123": 2.800401349476871e-06, "2.6530612244897958": 0.09521399162846778, "0.0": 5e-07, "1.4285714285714286": 1.217560862757431e-06, "1.6326530612244898": 1.5059687419371912e-06, "1.836734693877551": 1.9634625906490826e-06, "2.2448979591836737": 4.823306314904792e-06, "4.081632653061225": 0.6761221745714784, "4.8979591836734695": 0.8039620391388705, "5.1020408163265305": 0.8260165335843499, "7.551020408163265": 0.9529557346641935, "4.4897959183673475": 0.7493841162087387, "4.285714285714286": 0.7155230046799085, "4.6938775510204085": 0.7786180612279985, "6.122448979591837": 0.9015309187177369, "5.510204081632653": 0.8621427651091793, "5.3061224489795915": 0.8452743618513933, "5.918367346938775": 0.8900104118325289, "6.326530612244898": 0.9117229488482359, "6.530612244897959": 0.9207569814522589, "5.714285714285714": 0.8769603815839488, "6.938775510204081": 0.935910039062359, "6.73469387755102": 0.9287780813321067, "7.142857142857143": 0.9422587133139533, "7.346938775510204": 0.9479147398866311, "7.959183673469388": 0.9614484409480212, "8.16326530612245": 0.9650048688994454, "7.755102040816327": 0.9574480897461962, "8.571428571428571": 0.9709412345746513, "8.36734693877551": 0.9681578838025259, "8.775510204081632": 0.9733825758907751, "9.183673469387756": 0.977322603900094, "9.387755102040817": 0.9788506704139652, "9.591836734693878": 0.9800962157967593, "9.795918367346939": 0.9810631828501515, "10.0": 0.9817517334172271, "8.979591836734695": 0.9755040210175395}