{"0.40816326530612246": 5.873783003778009e-07, "0.8163265306122449": 7.163091260179277e-07, "3.4693877551020407": 0.43872601965329794, "3.8775510204081636": 0.5487213319972429, "0.20408163265306123": 5.398605829251254e-07, "3.0612244897959187": 0.28917396636693327, "3.673469387755102": 0.4977286069018828, "1.2244897959183674": 9.256789150227809e-07, "0.6122448979591837": 6.44993968463037e-07, "1.0204081632653061": 8.068691033432435e-07, "2.857142857142857": 0.19337796145636038, "3.2653061224489797": 0.3699632161007296, "2.4489795918367347": 1.3766239679263839e-05, "2.0408163265306123": 2.3863293923311884e-06, "2.6530612244897958": 0.07858818729051285, "0.0": 5e-07, "1.4285714285714286": 1.0883999352653707e-06, "1.6326530612244898": 1.3248944230350977e-06, "1.836734693877551": 1.7000394399854134e-06, "2.2448979591836737": 4.045112187537255e-06, "4.081632653061225": 0.5930750266950067, "4.8979591836734695": 0.7228948980477767, "5.1020408163265305": 0.7467232907770867, "7.551020408163265": 0.9022844347176557, "4.4897959183673475": 0.665998045303455, "4.285714285714286": 0.6318767138310581, "6.122448979591837": 0.833850247905056, "4.6938775510204085": 0.6961450584033058, "5.510204081632653": 0.7871315448637652, "5.3061224489795915": 0.7680253554235149, "5.918367346938775": 0.8198261061303103, "6.326530612244898": 0.846563673187644, "6.530612244897959": 0.8581133905258762, "5.714285714285714": 0.8043199837339409, "6.938775510204081": 0.8782109458221082, "6.73469387755102": 0.868626024748312, "7.142857142857143": 0.886962808416949, "7.346938775510204": 0.894963620708883, "7.959183673469388": 0.9151235536814201, "8.16326530612245": 0.9207404472112062, "7.755102040816327": 0.9089867307587983, "8.571428571428571": 0.9305636024087426, "8.36734693877551": 0.9258762240177576, "8.775510204081632": 0.934829735323259, "9.183673469387756": 0.9421816388557327, "9.591836734693878": 0.9480531048572656, "9.387755102040817": 0.945297550393796, "9.795918367346939": 0.950453134838249, "10.0": 0.9524988275223709, "8.979591836734695": 0.9386966531804055}