{"0.40816326530612246": 5.639353426537776e-07, "0.8163265306122449": 6.582749758578492e-07, "3.4693877551020407": 0.349546090423984, "3.8775510204081636": 0.44932978508870725, "0.20408163265306123": 5.291662803793071e-07, "3.0612244897959187": 0.22300833493052705, "3.673469387755102": 0.40225523313658373, "1.2244897959183674": 8.114723985363066e-07, "0.6122448979591837": 6.06093150172413e-07, "1.0204081632653061": 7.245383795721417e-07, "2.857142857142857": 0.14636797924834175, "3.2653061224489797": 0.2902104668929678, "2.4489795918367347": 1.020702571026349e-05, "2.0408163265306123": 1.8802414447086864e-06, "2.6530612244897958": 0.05826775976634571, "0.0": 5e-07, "1.4285714285714286": 9.305365794417412e-07, "1.6326530612244898": 1.1035813665992054e-06, "1.836734693877551": 1.3780778113964843e-06, "2.2448979591836737": 3.0939860318658208e-06, "4.081632653061225": 0.49157295706820797, "4.8979591836734695": 0.6238128367142174, "5.1020408163265305": 0.6498093273459872, "7.551020408163265": 0.8403528458941095, "4.4897959183673475": 0.5640817364192193, "4.285714285714286": 0.5296423583491298, "6.122448979591837": 0.7511294280228905, "4.6938775510204085": 0.5953447216175702, "5.510204081632653": 0.6954511645638147, "5.3061224489795915": 0.6736099031227747, "5.918367346938775": 0.7340452880498206, "6.326530612244898": 0.766924558491365, "6.530612244897959": 0.7815490016158527, "5.714285714285714": 0.7155372752505976, "6.938775510204081": 0.8076898318618014, "6.73469387755102": 0.7951068444792294, "7.142857142857143": 0.8193789246539436, "7.346938775510204": 0.8302455861583019, "7.959183673469388": 0.8585042470222408, "8.16326530612245": 0.8666394873700248, "7.755102040816327": 0.8497561808853119, "8.571428571428571": 0.8812131630948541, "8.36734693877551": 0.874198639836374, "8.775510204081632": 0.8877095968518501, "9.183673469387756": 0.8992315704681798, "9.591836734693878": 0.9088893025978843, "9.387755102040817": 0.9042881814802557, "9.795918367346939": 0.9130408539348124, "10.0": 0.9167452758731022, "8.979591836734695": 0.8937098702683526}