{"0.40816326530612246": 4.3353692857905916e-11, "0.20408163265306123": 6.675215935558754e-14, "3.4693877551020407": 0.4977267322923315, "0.6122448979591837": 1.6341539232911375e-12, "0.8163265306122449": 6.747371550375193e-11, "2.857142857142857": 0.32243312844093186, "3.0612244897959187": 0.39072654450714406, "3.673469387755102": 0.540206429486586, "1.6326530612244898": 1.3299894519036572e-11, "1.4285714285714286": 1.1990797244010312e-12, "2.4489795918367347": 0.14146028084991075, "3.2653061224489797": 0.44844162947204347, "1.2244897959183674": 3.402530479590382e-11, "3.8775510204081636": 0.5771286955152495, "1.836734693877551": 1.806239047219549e-11, "2.6530612244897958": 0.24066914802108907, "1.0204081632653061": 1.6472934127875762e-12, "0.0": 0.0, "2.0408163265306123": 1.0851070042505741e-11, "2.2448979591836737": 0.01921410366285687, "4.8979591836734695": 0.706175435197278, "6.73469387755102": 0.8242301291856561, "5.1020408163265305": 0.7244730521023858, "6.326530612244898": 0.8050081173376852, "4.285714285714286": 0.6379840534403652, "5.510204081632653": 0.7561512798021559, "6.122448979591837": 0.7942501241641893, "5.3061224489795915": 0.7410564492798444, "5.714285714285714": 0.7699464731326957, "4.6938775510204085": 0.6858923394239204, "6.530612244897959": 0.8149733217318776, "6.938775510204081": 0.832851397158423, "4.081632653061225": 0.6094656598047647, "5.918367346938775": 0.7826011607135335, "7.142857142857143": 0.8409002900955358, "4.4897959183673475": 0.6632953934712525, "7.346938775510204": 0.848431788805096, "7.755102040816327": 0.8621288732296306, "7.959183673469388": 0.868373694505066, "7.551020408163265": 0.8554939367304882, "8.571428571428571": 0.8850771266319585, "8.16326530612245": 0.8742611740880737, "9.591836734693878": 0.9075540049332854, "8.979591836734695": 0.8947732295104472, "8.775510204081632": 0.8900545244586227, "8.36734693877551": 0.8798203682486554, "9.795918367346939": 0.9114064968517606, "9.387755102040817": 0.9035070247273441, "9.183673469387756": 0.8992518146580863, "10.0": 0.9150770068806373}