{"0.0": 0.0, "0.20408163265306123": -2.886579864025407e-15, "1.0204081632653061": 9.08162434143378e-13, "0.8163265306122449": -6.661338147750939e-16, "0.40816326530612246": 1.1102230246251565e-16, "2.0408163265306123": 0.13447705829764134, "1.836734693877551": 0.041395558901533236, "4.081632653061225": 0.6286114923717692, "0.6122448979591837": 1.3644640972643174e-13, "1.6326530612244898": 6.187272916235997e-13, "1.2244897959183674": 3.3140157285060923e-13, "3.2653061224489797": 0.4919232474214895, "2.2448979591836737": 0.21454549472063855, "1.4285714285714286": 3.5083047578154947e-13, "2.4489795918367347": 0.2842571787048527, "2.857142857142857": 0.39988997642637236, "2.6530612244897958": 0.34555295889571835, "3.8775510204081636": 0.5991152141140188, "4.4897959183673475": 0.6803076994607925, "3.4693877551020407": 0.5311959839915223, "4.6938775510204085": 0.7030163336603974, "3.0612244897959187": 0.4483876764423962, "4.285714285714286": 0.6555842482165373, "3.673469387755102": 0.5667718739092629, "5.1020408163265305": 0.7431711042909428, "5.3061224489795915": 0.7609462381894091, "5.714285714285714": 0.7925697830904188, "4.8979591836734695": 0.7239122894706499, "5.510204081632653": 0.7773726701170991, "6.73469387755102": 0.8534634099256662, "6.530612244897959": 0.8430262629012051, "5.918367346938775": 0.8066436989549353, "6.326530612244898": 0.8317912105981053, "7.346938775510204": 0.8805850646566843, "7.551020408163265": 0.8884020795693973, "8.16326530612245": 0.9087900514595895, "6.938775510204081": 0.8631652184321275, "7.142857142857143": 0.8721885200544313, "6.122448979591837": 0.8196891831262798, "8.36734693877551": 0.914686338682844, "9.183673469387756": 0.9345791409103202, "7.755102040816327": 0.8956827510884992, "7.959183673469388": 0.9024666413881757, "8.775510204081632": 0.9253178987781558, "8.571428571428571": 0.9201861960486915, "8.979591836734695": 0.9301075230726303, "9.591836734693878": 0.9426556506328045, "9.795918367346939": 0.9463001446629818, "9.387755102040817": 0.9387549941455288, "10.0": 0.9497061036427272}