{"0.0": 0.0, "0.20408163265306123": -7.105427357601002e-15, "0.8163265306122449": -1.5543122344752192e-15, "1.0204081632653061": 2.2709611968707577e-12, "0.40816326530612246": 6.661338147750939e-16, "2.0408163265306123": 0.3030582851482415, "1.836734693877551": 0.10029819507213289, "4.081632653061225": 0.9159435291897657, "0.6122448979591837": 3.411715354673106e-13, "1.6326530612244898": 1.5455414725806804e-12, "1.2244897959183674": 8.283373986728293e-13, "3.2653061224489797": 0.815997675378822, "2.2448979591836737": 0.453232631337219, "1.4285714285714286": 8.764100556390986e-13, "2.4489795918367347": 0.5665964122220931, "2.857142857142857": 0.7210173456500382, "2.6530612244897958": 0.6535135373240311, "3.8775510204081636": 0.8982465984458411, "4.6938775510204085": 0.9519347271304247, "3.4693877551020407": 0.8495201642393541, "4.4897959183673475": 0.942212960881095, "3.0612244897959187": 0.7740122488403064, "4.285714285714286": 0.9303842487217416, "3.673469387755102": 0.876464547456091, "5.1020408163265305": 0.9665720522385907, "5.714285714285714": 0.980403429550285, "4.8979591836734695": 0.9599486010178735, "5.3061224489795915": 0.9720591919207723, "5.510204081632653": 0.9766145244767774, "6.73469387755102": 0.9917801212313218, "6.530612244897959": 0.9902373520464058, "6.326530612244898": 0.9883956238438821, "5.918367346938775": 0.9835602255199145, "7.346938775510204": 0.9950722650008508, "7.551020408163265": 0.9958395402693521, "8.16326530612245": 0.9974874847376834, "8.36734693877551": 0.9978740603632202, "6.122448979591837": 0.986194424826315, "6.938775510204081": 0.9930738550015448, "9.183673469387756": 0.9989052712572245, "7.142857142857143": 0.994159834629303, "7.755102040816327": 0.99648527081352, "7.959183673469388": 0.9970291194820854, "8.571428571428571": 0.9982002952532262, "8.775510204081632": 0.9984757720386823, "8.979591836734695": 0.9987085195591233, "9.591836734693878": 0.9992124919526957, "9.795918367346939": 0.9993317017583792, "9.387755102040817": 0.9990716792463017, "10.0": 0.9994326678844065}