{"0.0": 0.0, "0.20408163265306123": -9.992007221626409e-15, "0.8163265306122449": -2.220446049250313e-15, "1.0204081632653061": 3.1792346533165983e-12, "0.40816326530612246": 7.771561172376096e-16, "2.0408163265306123": 0.43753534344588285, "1.836734693877551": 0.14169375397366613, "4.081632653061225": 1.544555021561535, "1.6326530612244898": 2.1641577419018176e-12, "0.6122448979591837": 4.775069228912798e-13, "1.2244897959183674": 1.159627949220976e-12, "3.2653061224489797": 1.3079209228003115, "1.4285714285714286": 1.227240531420648e-12, "2.2448979591836737": 0.6677781260578576, "2.4489795918367347": 0.8508535909269457, "2.6530612244897958": 0.9990664962197494, "2.857142857142857": 1.1209073220764105, "4.6938775510204085": 1.654951060790822, "3.8775510204081636": 1.49736181255986, "3.4693877551020407": 1.3807161482308765, "4.4897959183673475": 1.6225206603418876, "3.0612244897959187": 1.2223999252827025, "4.285714285714286": 1.585968496938279, "3.673469387755102": 1.443236421365354, "5.1020408163265305": 1.7097431565295336, "5.714285714285714": 1.7729732126407038, "4.8979591836734695": 1.6838608904885235, "6.73469387755102": 1.845243531156988, "5.3061224489795915": 1.7330054301101812, "6.530612244897959": 1.833263614947611, "5.510204081632653": 1.7539871945938765, "8.16326530612245": 1.906277536197273, "6.326530612244898": 1.8201868344419874, "8.36734693877551": 1.9125603990460642, "7.346938775510204": 1.8756573296575352, "7.551020408163265": 1.8842416198387495, "5.918367346938775": 1.7902039244748498, "6.122448979591837": 1.8058836079525948, "8.979591836734695": 1.9288160426317535, "9.183673469387756": 1.9334844121675445, "7.142857142857143": 1.8663483546837343, "6.938775510204081": 1.8562390734336722, "7.755102040816327": 1.8921680219020194, "7.959183673469388": 1.8994957608702612, "9.591836734693878": 1.9418681425855002, "8.571428571428571": 1.9183864913019177, "8.775510204081632": 1.9237936708168382, "9.795918367346939": 1.945631846421361, "9.387755102040817": 1.9378266733918303, "10.0": 1.9491387715271338}