{"0.40816326530612246": -3.3306690738754696e-15, "0.20408163265306123": 3.1086244689504383e-15, "0.6122448979591837": -1.9837465004002297e-12, "2.0408163265306123": 0.1303633492071853, "1.0204081632653061": 1.0939027461631667e-11, "0.0": 0.0, "0.8163265306122449": 2.0117241206207837e-13, "4.081632653061225": 0.8506258070418056, "2.4489795918367347": 0.42190477193440523, "1.2244897959183674": -2.2675195054944197e-12, "1.4285714285714286": -3.106561674570685e-10, "2.6530612244897958": 0.5217826771764985, "1.6326530612244898": -1.20570220474292e-12, "3.4693877551020407": 0.7606919303629016, "1.836734693877551": 4.323541524797747e-12, "2.2448979591836737": 0.2948042666885048, "4.285714285714286": 0.8715240998271074, "3.673469387755102": 0.7962177468075184, "3.2653061224489797": 0.7177712960091442, "3.0612244897959187": 0.6655228396654926, "4.8979591836734695": 0.9170553857708118, "2.857142857142857": 0.6013639827459887, "3.8775510204081636": 0.8258182026635035, "4.4897959183673475": 0.8892099434332502, "4.6938775510204085": 0.9042383740153993, "5.510204081632653": 0.945531640497778, "5.1020408163265305": 0.9280222262636337, "5.3061224489795915": 0.9374336270202956, "7.346938775510204": 0.983570527903743, "5.714285714285714": 0.9525162530549829, "6.122448979591837": 0.9637824086134495, "6.73469387755102": 0.9756925269924165, "6.326530612244898": 0.9683190171417623, "7.755102040816327": 0.9873072933695485, "6.530612244897959": 0.9722614334235018, "8.571428571428571": 0.9923806466669218, "6.938775510204081": 0.9786826193731786, "8.979591836734695": 0.9940828987238514, "7.142857142857143": 0.9812915789715035, "7.959183673469388": 0.9888350204658044, "9.387755102040817": 0.995399068595078, "8.36734693877551": 0.9913492274234241, "7.551020408163265": 0.9855632402484246, "5.918367346938775": 0.9585536041076284, "9.183673469387756": 0.9947830803099278, "8.775510204081632": 0.9932866377706148, "9.795918367346939": 0.9964185943191988, "8.16326530612245": 0.9901743022081929, "9.591836734693878": 0.9959412255147058, "10.0": 0.9968390754493046}