{"0.40816326530612246": 8.778919067828901e-08, "0.6122448979591837": 1.4580221228786965e-07, "0.0": 0.0, "0.20408163265306123": 4.001942211810028e-08, "0.8163265306122449": 2.177489043516017e-07, "1.0204081632653061": 3.093342873324309e-07, "1.4285714285714286": 5.9565819534534e-07, "1.2244897959183674": 4.2987008496763637e-07, "1.6326530612244898": 8.380775411530837e-07, "1.836734693877551": 1.2262219535480618e-06, "2.2448979591836737": 3.7573488547478475e-06, "2.0408163265306123": 1.947943042853285e-06, "3.0612244897959187": 0.28811224102126587, "2.4489795918367347": 1.662508182808325e-05, "3.2653061224489797": 0.3656047700530547, "2.857142857142857": 0.19637028260189326, "2.6530612244897958": 0.08658202956309402, "3.4693877551020407": 0.43168066295753693, "3.673469387755102": 0.4884939446867081, "4.081632653061225": 0.5806167856825564, "3.8775510204081636": 0.5377056208678539, "4.285714285714286": 0.6182575809488656, "4.6938775510204085": 0.680875468924948, "4.8979591836734695": 0.7070674298815601, "4.4897959183673475": 0.6514543523556382, "5.510204081632653": 0.7704043482422713, "5.3061224489795915": 0.7514886881278652, "5.714285714285714": 0.7874904885778142, "5.1020408163265305": 0.7304806857008169, "6.122448979591837": 0.817032394996345, "6.326530612244898": 0.8298397309395903, "5.918367346938775": 0.8029700434567858, "6.530612244897959": 0.8415314187121148, "6.73469387755102": 0.852227304578621, "7.142857142857143": 0.8710333920344501, "6.938775510204081": 0.8620313531500327, "7.551020408163265": 0.8869336901423146, "7.346938775510204": 0.8793116079985595, "7.755102040816327": 0.8939584604246191, "7.959183673469388": 0.9004368299204109, "8.16326530612245": 0.9064124914529772, "8.571428571428571": 0.9169998347940684, "8.775510204081632": 0.921669516989318, "8.36734693877551": 0.9119229598563136, "8.979591836734695": 0.9259535284219063, "9.183673469387756": 0.9298687278656029, "9.591836734693878": 0.9366394030222043, "9.387755102040817": 0.9334277954123993, "9.795918367346939": 0.9395083267086207, "10.0": 0.9420358853838808}