{"0.40816326530612246": -4.440892098500626e-16, "0.20408163265306123": 3.3306690738754696e-16, "1.2244897959183674": -1.9961809982760315e-13, "0.8163265306122449": 1.8984813721090177e-14, "0.6122448979591837": -2.349231920106831e-13, "0.0": 0.0, "2.0408163265306123": 0.0625161844614126, "1.4285714285714286": -2.003219812252155e-11, "1.6326530612244898": 7.427392034742297e-14, "1.836734693877551": 1.075245448234341e-10, "2.2448979591836737": 0.14239834194856482, "3.0612244897959187": 0.37733089516162, "1.0204081632653061": 7.795986078917849e-13, "2.6530612244897958": 0.27362284045928154, "3.2653061224489797": 0.42151029067573087, "3.673469387755102": 0.49799696620707967, "2.857142857142857": 0.32832277394557585, "2.4489795918367347": 0.21212759292771977, "3.4693877551020407": 0.4615475366419347, "3.8775510204081636": 0.5313120631360289, "4.285714285714286": 0.5899793335909699, "4.081632653061225": 0.5618681880765002, "4.4897959183673475": 0.6159106771121927, "4.6938775510204085": 0.6398881257630529, "4.8979591836734695": 0.6621056675113485, "5.3061224489795915": 0.7019105507656279, "5.1020408163265305": 0.6827311011461006, "5.510204081632653": 0.7197720577516564, "5.714285714285714": 0.7364284646188166, "6.122448979591837": 0.7665149314394789, "7.142857142857143": 0.8264740407127619, "5.918367346938775": 0.7519797496418281, "6.938775510204081": 0.8159718851389632, "6.326530612244898": 0.780113633813085, "7.346938775510204": 0.8363354366088694, "6.530612244897959": 0.7928473801794129, "6.73469387755102": 0.8047806708630239, "8.775510204081632": 0.8907102387598226, "7.959183673469388": 0.8624982213411261, "8.571428571428571": 0.8842807387187643, "7.755102040816327": 0.8543087546945761, "7.551020408163265": 0.8456002001591726, "9.183673469387756": 0.9024753955725654, "8.36734693877551": 0.877453898967399, "8.16326530612245": 0.8702027657975543, "8.979591836734695": 0.8967673895808976, "10.0": 0.9222258495835751, "9.387755102040817": 0.9078558317436944, "9.591836734693878": 0.9129287829025591, "9.795918367346939": 0.9177129677036744}