{"0.20408163265306123": 7.771561172376096e-16, "0.40816326530612246": -6.661338147750939e-16, "1.2244897959183674": -4.996003610813204e-13, "0.8163265306122449": 4.75175454539567e-14, "0.6122448979591837": -5.875300246316328e-13, "2.0408163265306123": 0.14903941006445298, "0.0": 0.0, "1.6326530612244898": 1.836308882730009e-13, "1.4285714285714286": -5.0080606328606336e-11, "1.836734693877551": 2.6879021230996614e-10, "2.2448979591836737": 0.3188950603233589, "1.0204081632653061": 1.9488854974269998e-12, "3.0612244897959187": 0.6940550462517869, "2.6530612244897958": 0.5503180567448365, "3.2653061224489797": 0.7454699314947366, "2.857142857142857": 0.6302556398102291, "3.673469387755102": 0.8214475332450009, "2.4489795918367347": 0.4490150617395906, "3.8775510204081636": 0.8496132965286037, "3.4693877551020407": 0.7872505625453473, "4.285714285714286": 0.8923499170914851, "4.081632653061225": 0.8729390876489563, "4.4897959183673475": 0.9085717119449914, "4.6938775510204085": 0.9221795733413423, "4.8979591836734695": 0.9336329867074796, "5.3061224489795915": 0.9514860621200019, "5.1020408163265305": 0.9433018664699817, "6.122448979591837": 0.9736580506213405, "5.714285714285714": 0.964334664488014, "5.510204081632653": 0.958430134203226, "7.142857142857143": 0.9874566856392804, "5.918367346938775": 0.9693649965760005, "7.346938775510204": 0.9891635162932938, "6.326530612244898": 0.9773276799632634, "6.938775510204081": 0.9854718197000332, "6.530612244897959": 0.9804689135231939, "8.775510204081632": 0.9960511684124032, "6.73469387755102": 0.9831613391969934, "7.959183673469388": 0.9929890626347798, "8.571428571428571": 0.9954445775305399, "7.755102040816327": 0.991898091397875, "9.183673469387756": 0.9970295524791795, "8.36734693877551": 0.9947427426657918, "7.551020408163265": 0.9906325930596356, "8.979591836734695": 0.9965757195869925, "8.16326530612245": 0.9939302459822471, "10.0": 0.9983126792293031, "9.387755102040817": 0.9974223843381285, "9.591836734693878": 0.9977625636097375, "9.795918367346939": 0.9980572691595427}