{"2.2448979591836737": 8.555711694668844e-12, "0.6122448979591837": -1.163513729807164e-12, "0.20408163265306123": 1.0769163338864018e-14, "2.857142857142857": 3.084663635632978e-10, "0.40816326530612246": -1.199040866595169e-14, "1.0204081632653061": -2.797040377089388e-10, "1.4285714285714286": -3.774536239120607e-11, "2.4489795918367347": 5.592284413324933e-10, "1.6326530612244898": -3.472930831804888e-10, "2.0408163265306123": -5.736966457448034e-12, "1.836734693877551": -7.884803920887862e-13, "0.8163265306122449": -2.594813253153916e-11, "3.2653061224489797": 3.838076634288257e-09, "1.2244897959183674": -3.0595526112620064e-12, "2.6530612244897958": 7.645650779153357e-11, "3.8775510204081636": 1.3874646065392682e-07, "3.4693877551020407": 1.2543437954981584e-08, "0.0": 0.0, "3.673469387755102": 3.951471105878568e-08, "3.0612244897959187": 1.1181292558504197e-09, "4.8979591836734695": 0.06852307911025535, "5.1020408163265305": 0.10379100451808343, "4.081632653061225": 4.106512343504676e-07, "4.285714285714286": 1.6404233741385e-06, "6.73469387755102": 0.33438319361457525, "6.122448979591837": 0.2572177432727044, "6.326530612244898": 0.28402484262905625, "5.510204081632653": 0.16940608438315574, "6.530612244897959": 0.30972531067710485, "5.714285714285714": 0.1999919404524384, "5.918367346938775": 0.2292330829221435, "6.938775510204081": 0.3580565895509671, "4.6938775510204085": 0.03142924082377829, "7.755102040816327": 0.4439002744866749, "7.551020408163265": 0.42367743869319463, "5.3061224489795915": 0.13737639828611603, "7.142857142857143": 0.38079844037771704, "7.959183673469388": 0.46336385257436097, "7.346938775510204": 0.4026572059782414, "4.4897959183673475": 2.0768154100792025e-05, "8.16326530612245": 0.48210367941879895, "8.775510204081632": 0.5343023256404953, "8.979591836734695": 0.5504593791711622, "8.36734693877551": 0.5001529305342963, "9.591836734693878": 0.5955701527877526, "8.571428571428571": 0.5175427202494067, "10.0": 0.6230770423079601, "9.183673469387756": 0.5660400325177797, "9.387755102040817": 0.5810690954043032, "9.795918367346939": 0.6095656633380442}