{"2.2448979591836737": 1.2461476295300145e-11, "0.6122448979591837": 3.141709115084268e-12, "0.20408163265306123": -5.5289106626332796e-14, "2.857142857142857": 7.292085824062156e-10, "0.40816326530612246": 4.474198789239381e-14, "1.0204081632653061": 3.7282510412239844e-10, "1.4285714285714286": 1.3051892899795803e-11, "2.4489795918367347": 7.892648756779863e-10, "1.6326530612244898": -2.3557822359521197e-11, "2.0408163265306123": -3.870903597658071e-12, "1.836734693877551": -2.424727085781342e-13, "0.8163265306122449": 5.057054774937342e-11, "3.2653061224489797": 9.969405079246485e-09, "1.2244897959183674": 2.46525022618016e-12, "2.6530612244897958": 1.7232482107942815e-10, "3.8775510204081636": 4.079131882273046e-07, "3.4693877551020407": 3.401718229323336e-08, "0.0": 0.0, "3.673469387755102": 1.1177736702894236e-07, "3.0612244897959187": 2.777284069388486e-09, "4.8979591836734695": 0.21070200781047566, "5.1020408163265305": 0.3059904560467328, "4.081632653061225": 1.2590322269190324e-06, "4.285714285714286": 5.227757860493121e-06, "6.73469387755102": 0.7424988317184191, "6.122448979591837": 0.6288506844807084, "6.326530612244898": 0.6716464870560069, "5.510204081632653": 0.4613598873945354, "6.530612244897959": 0.7093110377692524, "5.714285714285714": 0.5246804453889138, "5.918367346938775": 0.580160090224924, "6.938775510204081": 0.7717729113172609, "4.6938775510204085": 0.10097541764006246, "7.755102040816327": 0.8585290338075251, "7.551020408163265": 0.8406558330755818, "5.3061224489795915": 0.38895537176759964, "7.142857142857143": 0.7976192352280137, "7.959183673469388": 0.8743552146683913, "7.346938775510204": 0.8204584868259994, "4.4897959183673475": 6.873085212011354e-05, "8.16326530612245": 0.8883765524978052, "8.775510204081632": 0.9216046767505099, "8.979591836734695": 0.930282630991544, "8.36734693877551": 0.9008050672283072, "9.591836734693878": 0.9509071961013033, "8.571428571428571": 0.9118266824212012, "10.0": 0.9611086081941532, "9.183673469387756": 0.9379869530954166, "9.387755102040817": 0.9448290491856302, "9.795918367346939": 0.9563081613083435}