{"2.2448979591836737": 9.336864614795104e-12, "0.6122448979591837": -3.024691608288778e-13, "0.20408163265306123": -2.4424906541753412e-15, "2.857142857142857": 3.9261480733188135e-10, "0.40816326530612246": -6.439293542825936e-16, "1.0204081632653061": -1.4919820934267136e-10, "1.4285714285714286": -2.75859113330057e-11, "2.4489795918367347": 6.052357282015919e-10, "1.6326530612244898": -2.8254603101629526e-10, "2.0408163265306123": -5.3637538854900414e-12, "1.836734693877551": -6.792788553866558e-13, "0.8163265306122449": -1.0644396475356646e-11, "3.2653061224489797": 5.064342323279902e-09, "1.2244897959183674": -1.9545920437735733e-12, "2.6530612244897958": 9.563017044911248e-11, "3.8775510204081636": 1.9257980616860236e-07, "3.4693877551020407": 1.6838186822631938e-08, "0.0": 0.0, "3.673469387755102": 5.396724225281701e-08, "3.0612244897959187": 1.4499602185580329e-09, "4.8979591836734695": 0.09695886485029939, "5.1020408163265305": 0.1442308948238133, "4.081632653061225": 5.803274328641805e-07, "4.285714285714286": 2.3578902714094243e-06, "6.73469387755102": 0.416006321235344, "6.122448979591837": 0.3315443315143052, "6.326530612244898": 0.3615491715144464, "5.510204081632653": 0.22779684498543165, "6.530612244897959": 0.3896424560955344, "5.714285714285714": 0.26492964143973347, "5.918367346938775": 0.2994184843826996, "6.938775510204081": 0.4407998539042258, "4.6938775510204085": 0.045338476187035126, "7.755102040816327": 0.5268260263508449, "7.551020408163265": 0.507073117569672, "5.3061224489795915": 0.18769219298241274, "7.142857142857143": 0.4641625993477764, "7.959183673469388": 0.545562124993167, "7.346938775510204": 0.486217462147793, "4.4897959183673475": 3.0360693704656327e-05, "8.16326530612245": 0.5633582540346002, "8.775510204081632": 0.6117627958624982, "8.979591836734695": 0.6264240295352386, "8.36734693877551": 0.5802833578730985, "9.591836734693878": 0.6666375614504627, "8.571428571428571": 0.5963995126837657, "10.0": 0.6906833554851988, "9.183673469387756": 0.6404294166333071, "9.387755102040817": 0.6538210861605686, "9.795918367346939": 0.678914162932104}