{"0.40816326530612246": 1.1144640765792246e-11, "0.6122448979591837": -1.3100631690576847e-12, "1.0204081632653061": 9.618528196142506e-12, "1.4285714285714286": -1.5998047331322596e-10, "1.6326530612244898": 1.418314354850736e-10, "2.2448979591836737": 0.13316265773118852, "0.20408163265306123": 1.5543122344752192e-15, "0.0": 0.0, "0.8163265306122449": -1.040396657714382e-10, "2.4489795918367347": 0.21240921067396823, "2.0408163265306123": 0.04066272538484139, "3.4693877551020407": 0.48367257911399175, "3.673469387755102": 0.5216270916272235, "1.836734693877551": 3.846867269174936e-11, "3.2653061224489797": 0.4414713588183419, "1.2244897959183674": 2.8123425810377967e-10, "2.857142857142857": 0.34122413351224645, "4.081632653061225": 0.5870494673437108, "4.285714285714286": 0.6153996880084864, "3.8775510204081636": 0.5559250764881266, "4.6938775510204085": 0.6650592521836736, "2.6530612244897958": 0.28109873238016325, "3.0612244897959187": 0.39429352136891715, "4.4897959183673475": 0.6413092890869749, "4.8979591836734695": 0.6868881612969955, "5.1020408163265305": 0.7070000759631176, "5.510204081632653": 0.7427522246052077, "5.3061224489795915": 0.7255706939196314, "5.918367346938775": 0.7734620050832618, "6.326530612244898": 0.8000075224070664, "5.714285714285714": 0.7586772795133685, "6.938775510204081": 0.8334780163439517, "6.122448979591837": 0.7872086255142978, "6.530612244897959": 0.81193894725342, "6.73469387755102": 0.8230744407637265, "7.551020408163265": 0.8608442384709487, "7.142857142857143": 0.843207152517991, "7.755102040816327": 0.8688413842490033, "7.346938775510204": 0.8523136295797783, "7.959183673469388": 0.8763436021278166, "8.571428571428571": 0.8962168815156024, "8.16326530612245": 0.8833860006360058, "9.183673469387756": 0.9127337381312552, "8.775510204081632": 0.9020616376102536, "9.591836734693878": 0.9221925734811133, "10.0": 0.9305880859711447, "8.979591836734695": 0.9075596595942431, "8.36734693877551": 0.890000643726424, "9.387755102040817": 0.9176048992304815, "9.795918367346939": 0.9265147454543886}