{"3.4693877551020407": 0.551096364151952, "3.8775510204081636": 0.6289223778971222, "2.0408163265306123": 0.021935917819481537, "0.20408163265306123": 3.805599541103542e-08, "1.0204081632653061": 3.435987051552294e-07, "0.6122448979591837": 1.4670824722646457e-07, "2.857142857142857": 0.38965460086664183, "3.673469387755102": 0.5923556130586527, "1.2244897959183674": 5.182920051145105e-07, "3.0612244897959187": 0.4509339658966471, "1.4285714285714286": 8.156155504744616e-07, "3.2653061224489797": 0.5043053117900058, "1.6326530612244898": 1.436448300100331e-06, "0.8163265306122449": 2.284524570729562e-07, "2.6530612244897958": 0.31875968853634734, "0.40816326530612246": 8.557524424095097e-08, "2.4489795918367347": 0.2360139859292281, "2.2448979591836737": 0.13843097866652185, "0.0": 0.0, "1.836734693877551": 3.5483313288859627e-06, "5.1020408163265305": 0.7805671582214218, "4.8979591836734695": 0.7613768542192435, "4.285714285714286": 0.6905754448728485, "7.755102040816327": 0.9199402685130297, "4.081632653061225": 0.6614766829957396, "5.3061224489795915": 0.7979759355213815, "5.510204081632653": 0.8138029375840689, "4.6938775510204085": 0.7401720039087579, "6.530612244897959": 0.874500257232764, "6.326530612244898": 0.8644110028042559, "4.4897959183673475": 0.7166791777418328, "5.714285714285714": 0.8282203090527549, "5.918367346938775": 0.8413771119266978, "6.122448979591837": 0.8534029669581877, "6.938775510204081": 0.8922595478269452, "7.551020408163265": 0.9138648613687714, "7.142857142857143": 0.9000731825793856, "6.73469387755102": 0.8837576407357336, "7.346938775510204": 0.9072576508953745, "7.959183673469388": 0.9255234859480398, "8.16326530612245": 0.9306487923889427, "10.0": 0.9596226112496765, "9.795918367346939": 0.9577944331681834, "9.387755102040817": 0.9531237831426125, "9.591836734693878": 0.9556278311174331, "8.571428571428571": 0.9396385486681533, "9.183673469387756": 0.9502800998174239, "8.36734693877551": 0.9353455496067835, "8.775510204081632": 0.9435482985056053, "8.979591836734695": 0.9470912690666795}