{"3.4693877551020407": 0.6780207395140201, "3.8775510204081636": 0.7521014265045713, "2.0408163265306123": 0.03165150634400465, "0.20408163265306123": 5.3854817192687964e-08, "1.0204081632653061": 4.915923394131498e-07, "0.6122448979591837": 2.0873478275683347e-07, "3.673469387755102": 0.7180495858410129, "2.857142857142857": 0.5059922716862725, "1.2244897959183674": 7.436418045134818e-07, "3.0612244897959187": 0.5740859897331969, "1.4285714285714286": 1.1736280356648622e-06, "3.2653061224489797": 0.6306333722471789, "1.6326530612244898": 2.073056474551821e-06, "0.8163265306122449": 3.259366854944382e-07, "2.6530612244897958": 0.4231343030237869, "0.40816326530612246": 1.21425511257298e-07, "2.4489795918367347": 0.3210831187111646, "2.2448979591836737": 0.1935971786786299, "0.0": 0.0, "1.836734693877551": 5.136204278770051e-06, "5.1020408163265305": 0.8778040462421484, "4.8979591836734695": 0.8633826322886815, "7.755102040816327": 0.9667714921949501, "4.285714285714286": 0.8063427879730889, "4.081632653061225": 0.7812505527628811, "5.3061224489795915": 0.8904790160106013, "5.510204081632653": 0.9016536091934649, "4.6938775510204085": 0.8469183252102295, "6.530612244897959": 0.941179838759636, "6.326530612244898": 0.9349997501843111, "4.4897959183673475": 0.8280515332512182, "5.714285714285714": 0.9115333442555896, "5.918367346938775": 0.9202908363904848, "6.122448979591837": 0.928071793016579, "6.938775510204081": 0.9516423838437971, "7.551020408163265": 0.9635873465106916, "7.142857142857143": 0.9560673405830843, "6.73469387755102": 0.94670179585125, "7.346938775510204": 0.960032955659917, "7.959183673469388": 0.9696200707970096, "8.16326530612245": 0.972162137402814, "10.0": 0.9838176055958288, "9.795918367346939": 0.9834484594895297, "9.387755102040817": 0.9820150845419652, "9.591836734693878": 0.9828457263819348, "8.571428571428571": 0.9764180276140296, "9.183673469387756": 0.9809591958882262, "8.36734693877551": 0.9744216727728853, "8.775510204081632": 0.9781662833319908, "8.979591836734695": 0.9796775470120666}