{"0.6122448979591837": 1.0139784028860005e-07, "0.40816326530612246": 6.186747016846251e-08, "0.20408163265306123": 2.851610403600616e-08, "1.0204081632653061": 2.0742622749825842e-07, "0.8163265306122449": 1.4899969794913513e-07, "1.836734693877551": 6.848261163219012e-07, "3.2653061224489797": 0.0983780324022541, "3.673469387755102": 0.16036967189599344, "1.4285714285714286": 3.7586949357927816e-07, "3.8775510204081636": 0.18472899188321704, "2.4489795918367347": 2.439077685963312e-06, "1.2244897959183674": 2.808433925994473e-07, "2.2448979591836737": 1.4359223646421557e-06, "0.0": 0.0, "2.0408163265306123": 9.614185857210232e-07, "1.6326530612244898": 5.036910351811325e-07, "2.6530612244897958": 5.965133625255724e-06, "3.0612244897959187": 0.05859334689909147, "2.857142857142857": 0.010949901622471652, "3.4693877551020407": 0.13189776295481756, "4.6938775510204085": 0.2535157270351277, "4.4897959183673475": 0.23968391182217708, "4.285714285714286": 0.22386977269464786, "5.3061224489795915": 0.2858593308969306, "4.8979591836734695": 0.2656653301651986, "4.081632653061225": 0.20570419141058277, "5.510204081632653": 0.29427610904588786, "6.326530612244898": 0.31982527672541744, "6.530612244897959": 0.32465584570094413, "5.918367346938775": 0.308462299965359, "5.714285714285714": 0.301770689464243, "6.122448979591837": 0.31445187622443327, "5.1020408163265305": 0.276378773510774, "6.73469387755102": 0.3290064693668333, "7.755102040816327": 0.3452142372329161, "7.551020408163265": 0.34258582758691464, "7.346938775510204": 0.339683369340623, "7.142857142857143": 0.33647677638611745, "7.959183673469388": 0.3475945608943366, "8.16326530612245": 0.3497491357987306, "8.36734693877551": 0.35169708557842455, "8.775510204081632": 0.3550355281678286, "6.938775510204081": 0.3329312350175583, "9.591836734693878": 0.3597869614523903, "8.979591836734695": 0.3564509990020616, "8.571428571428571": 0.3534546617679376, "9.183673469387756": 0.3577102400278595, "9.387755102040817": 0.3588204403395029, "9.795918367346939": 0.3606134692931401, "10.0": 0.3613020539038919}