{"0.6122448979591837": 1.689964004810001e-07, "0.40816326530612246": 1.0311245028077086e-07, "0.20408163265306123": 4.752684006001026e-08, "1.0204081632653061": 3.457103791637639e-07, "0.8163265306122449": 2.4833282991522513e-07, "1.836734693877551": 1.1413768605365017e-06, "3.2653061224489797": 0.16396338733709015, "3.673469387755102": 0.26728278649332243, "1.4285714285714286": 6.264491559654638e-07, "3.8775510204081636": 0.3078816531386951, "2.4489795918367347": 4.065129476605522e-06, "1.2244897959183674": 4.680723209990788e-07, "2.2448979591836737": 2.393203941070259e-06, "0.0": 0.0, "2.0408163265306123": 1.6023643095350389e-06, "1.6326530612244898": 8.394850586352211e-07, "2.6530612244897958": 9.941889375426207e-06, "3.0612244897959187": 0.09765557816515245, "2.857142857142857": 0.018249836037452755, "3.4693877551020407": 0.2198296049246959, "4.6938775510204085": 0.4225262117252129, "4.4897959183673475": 0.3994731863702951, "4.285714285714286": 0.37311628782441314, "5.3061224489795915": 0.47643221816155096, "4.8979591836734695": 0.442775550275331, "4.081632653061225": 0.34284031901763806, "5.510204081632653": 0.49046018174314643, "6.326530612244898": 0.5330421278756957, "6.530612244897959": 0.5410930761682403, "5.918367346938775": 0.5141038332755982, "5.714285714285714": 0.502951149107072, "6.122448979591837": 0.5240864603740555, "5.1020408163265305": 0.46063128918462337, "6.73469387755102": 0.5483441156113887, "7.755102040816327": 0.5753570620548604, "7.551020408163265": 0.5709763793115243, "7.346938775510204": 0.5661389489010381, "7.142857142857143": 0.5607946273101958, "7.959183673469388": 0.5793242681572277, "8.16326530612245": 0.5829152263312176, "8.36734693877551": 0.5861618092973743, "8.775510204081632": 0.5917258802797141, "6.938775510204081": 0.5548853916959303, "9.591836734693878": 0.5996449357539838, "8.979591836734695": 0.5940849983367692, "8.571428571428571": 0.5890911029465628, "9.183673469387756": 0.596183733379766, "9.387755102040817": 0.5980340672325047, "9.795918367346939": 0.6010224488219001, "10.0": 0.6021700898398198}