{"0.6122448979591837": 2.7039424076960006e-07, "0.40816326530612246": 1.649799204492334e-07, "0.20408163265306123": 7.604294409601641e-08, "1.0204081632653061": 5.531366066620222e-07, "0.8163265306122449": 3.973325278643603e-07, "1.836734693877551": 1.8262029768584029e-06, "3.2653061224489797": 0.26234141973934433, "3.673469387755102": 0.4276524583893158, "1.4285714285714286": 1.0023186495447423e-06, "3.8775510204081636": 0.49261064502191226, "2.4489795918367347": 6.504207162568832e-06, "1.2244897959183674": 7.489157135985258e-07, "2.2448979591836737": 3.829126305712414e-06, "0.0": 0.0, "2.0408163265306123": 2.5637828952560613e-06, "1.6326530612244898": 1.3431760938163535e-06, "2.6530612244897958": 1.5907023000681934e-05, "3.0612244897959187": 0.1562489250642439, "2.857142857142857": 0.029199737659924414, "3.4693877551020407": 0.3517273678795134, "4.6938775510204085": 0.6760419387603407, "4.4897959183673475": 0.6391570981924721, "4.285714285714286": 0.5969860605190609, "5.3061224489795915": 0.7622915490584817, "4.8979591836734695": 0.7084408804405299, "4.081632653061225": 0.5485445104282207, "5.510204081632653": 0.7847362907890343, "6.326530612244898": 0.8528674046011133, "6.530612244897959": 0.8657489218691843, "5.918367346938775": 0.8225661332409572, "5.714285714285714": 0.8047218385713147, "6.122448979591837": 0.8385383365984888, "5.1020408163265305": 0.7370100626953973, "6.73469387755102": 0.8773505849782219, "7.755102040816327": 0.9205712992877766, "7.551020408163265": 0.9135622068984391, "7.346938775510204": 0.905822318241661, "7.142857142857143": 0.8972714036963133, "7.959183673469388": 0.9269188290515644, "8.16326530612245": 0.9326643621299481, "8.36734693877551": 0.9378588948757988, "8.775510204081632": 0.9467614084475423, "6.938775510204081": 0.8878166267134886, "9.591836734693878": 0.9594318972063742, "8.979591836734695": 0.9505359973388309, "8.571428571428571": 0.9425457647145001, "9.183673469387756": 0.9538939734076255, "9.387755102040817": 0.9568545075720076, "9.795918367346939": 0.9616359181150405, "10.0": 0.9634721437437116}