{"0.20408163265306123": 0.0, "1.0204081632653061": 4.107825191113079e-15, "1.836734693877551": 9.192646643896296e-14, "1.4285714285714286": 2.404298982128239e-12, "0.40816326530612246": -1.3322676295501878e-15, "0.6122448979591837": -4.0190073491430667e-14, "4.081632653061225": 0.09571312491750728, "2.2448979591836737": 3.790412428372747e-12, "1.6326530612244898": 8.104628079763643e-15, "0.0": 0.0, "0.8163265306122449": 1.1102230246251565e-16, "1.2244897959183674": 7.294165271787278e-14, "2.0408163265306123": 1.9585444377412387e-12, "2.6530612244897958": 1.0210465806181901e-10, "2.4489795918367347": 2.079347805050702e-11, "2.857142857142857": 4.724244329068483e-10, "3.8775510204081636": 0.062197018891102296, "4.285714285714286": 0.12722657077339627, "3.2653061224489797": 1.1236561459071481e-08, "3.0612244897959187": 2.1698131069669557e-09, "4.6938775510204085": 0.1850402147606619, "4.8979591836734695": 0.21166816081109163, "3.4693877551020407": 1.3107255392164063e-07, "4.4897959183673475": 0.1569435479406044, "5.1020408163265305": 0.23695869737499253, "3.673469387755102": 0.026435001516904477, "5.3061224489795915": 0.2610262620899648, "5.714285714285714": 0.30588170763761857, "6.326530612244898": 0.3661475296616168, "6.530612244897959": 0.38462229168140005, "5.918367346938775": 0.32683615835741564, "6.938775510204081": 0.4194615227132037, "6.122448979591837": 0.34690405723710327, "5.510204081632653": 0.2839711474581784, "7.551020408163265": 0.4670647310572542, "6.73469387755102": 0.40237850897482397, "7.142857142857143": 0.43591246655264815, "7.959183673469388": 0.4960984948190812, "7.346938775510204": 0.45176879394509495, "7.755102040816327": 0.4818316675344684, "8.36734693877551": 0.5232366247689568, "8.16326530612245": 0.5098919007498162, "8.571428571428571": 0.5361556819160871, "8.775510204081632": 0.5486705574944379, "9.795918367346939": 0.6058467401692634, "9.183673469387756": 0.5725670533943878, "9.591836734693878": 0.5950733197286238, "9.387755102040817": 0.583985415966072, "10.0": 0.616320853022226, "8.979591836734695": 0.5608013769121107}