{"0.20408163265306123": 0.0, "1.0204081632653061": 1.765254609153999e-14, "1.836734693877551": 3.659295089164516e-13, "1.4285714285714286": 1.0418332863082469e-11, "0.40816326530612246": -5.329070518200751e-15, "0.6122448979591837": -1.7430501486614958e-13, "1.6326530612244898": 3.186340080674199e-14, "4.081632653061225": 0.38063399377167906, "2.2448979591836737": 1.522482140359216e-11, "0.8163265306122449": 5.551115123125783e-16, "0.0": 0.0, "2.0408163265306123": 8.271050511154954e-12, "1.2244897959183674": 3.163025397157071e-13, "2.4489795918367347": 8.44625480667105e-11, "2.6530612244897958": 4.193944080910228e-10, "2.857142857142857": 1.9634781578403704e-09, "4.8979591836734695": 0.759086395267755, "3.8775510204081636": 0.2548900485603727, "3.2653061224489797": 4.7869570529712746e-08, "4.285714285714286": 0.4918882100091818, "3.0612244897959187": 9.128270916924919e-09, "4.6938775510204085": 0.6794631649530348, "3.4693877551020407": 5.657014463533727e-07, "4.4897959183673475": 0.5908925386270666, "5.1020408163265305": 0.8309888544613501, "3.673469387755102": 0.11186593430767455, "6.530612244897959": 1.1864023076784393, "6.938775510204081": 1.256235890432419, "5.3061224489795915": 0.8961906928620456, "5.714285714285714": 1.0097763089583789, "7.551020408163265": 1.3443294168781867, "6.326530612244898": 1.1473884861096881, "5.918367346938775": 1.059491531082871, "7.959183673469388": 1.394256911247391, "6.122448979591837": 1.105213273897831, "8.16326530612245": 1.417041182314677, "6.73469387755102": 1.222588148599068, "5.510204081632653": 0.9555463794167393, "7.142857142857143": 1.2875986030678237, "7.755102040816327": 1.3700648442411918, "8.36734693877551": 1.43853850570717, "8.571428571428571": 1.4588569410144352, "7.346938775510204": 1.3168980786635986, "8.775510204081632": 1.4780933986219804, "9.795918367346939": 1.5608181270444015, "9.183673469387756": 1.513660478613679, "9.591836734693878": 1.5458404919267303, "9.387755102040817": 1.5301408081415082, "10.0": 1.5751271055900122, "8.979591836734695": 1.4963350402292843}