{"0.20408163265306123": 1.5476508963274682e-13, "1.0204081632653061": -1.4236833933978232e-11, "0.40816326530612246": 1.3766765505351941e-14, "1.2244897959183674": -3.723361619023535e-10, "1.4285714285714286": 8.37019342725398e-12, "1.836734693877551": 4.5094716849547467e-10, "0.8163265306122449": 3.69082542306387e-12, "0.6122448979591837": 5.017097848281082e-13, "1.6326530612244898": 6.872635793797599e-11, "2.2448979591836737": 5.32107691242345e-12, "2.857142857142857": 2.2444424097045612e-10, "2.6530612244897958": 5.834899230450219e-11, "2.0408163265306123": 7.517320099736935e-13, "3.0612244897959187": 7.846489014085023e-10, "3.4693877551020407": 7.550315372917282e-09, "3.2653061224489797": 2.532904108676348e-09, "3.673469387755102": 2.0962704572191626e-08, "2.4489795918367347": 3.333822107265405e-11, "3.8775510204081636": 5.599380692444811e-08, "0.0": 0.0, "4.081632653061225": 1.429520612994395e-07, "4.4897959183673475": 8.454084646780657e-07, "4.285714285714286": 3.5391080333013747e-07, "4.6938775510204085": 1.9930194286033043e-06, "4.8979591836734695": 4.702868531825111e-06, "5.3061224489795915": 2.924054072417359e-05, "6.530612244897959": 0.13529773754067098, "7.551020408163265": 0.28558091558782905, "7.755102040816327": 0.3121367573043504, "5.510204081632653": 9.090173586490113e-05, "5.1020408163265305": 1.1342036411843281e-05, "7.346938775510204": 0.2579334904591112, "7.142857142857143": 0.2291409149638044, "6.122448979591837": 0.06585643504723382, "6.73469387755102": 0.16788675616819948, "6.326530612244898": 0.10130954121331537, "6.938775510204081": 0.19914585623340308, "7.959183673469388": 0.3376511891524361, "5.714285714285714": 0.0006990134626615463, "5.918367346938775": 0.028945061149251772, "8.16326530612245": 0.36217135168582404, "8.36734693877551": 0.38574170375793915, "8.571428571428571": 0.40840430297554475, "9.591836734693878": 0.5094320100767962, "8.979591836734695": 0.4511638637472647, "9.795918367346939": 0.5274225163875568, "8.775510204081632": 0.4301990449064118, "9.183673469387756": 0.47133489925656147, "10.0": 0.5447482709826015, "9.387755102040817": 0.4907466345734003}