{"0.20408163265306123": -3.086420008457935e-14, "1.0204081632653061": -7.185585459978938e-12, "0.40816326530612246": -2.220446049250313e-16, "1.2244897959183674": -2.472799742747611e-10, "1.4285714285714286": 6.855627177060342e-12, "0.8163265306122449": 1.2573275753879898e-12, "1.836734693877551": 5.037129602314394e-10, "0.6122448979591837": 8.559819519859957e-14, "1.6326530612244898": 6.666744933880864e-11, "2.2448979591836737": 8.070433210605188e-12, "2.857142857142857": 4.2944614531137404e-10, "2.6530612244897958": 1.0606215905539784e-10, "2.0408163265306123": 1.0760281554667017e-12, "3.0612244897959187": 1.5766365990543818e-09, "3.4693877551020407": 1.6633170729640767e-08, "3.2653061224489797": 5.3334330285537135e-09, "3.673469387755102": 4.823483368276982e-08, "2.4489795918367347": 5.369027444857011e-11, "3.8775510204081636": 1.3433186518696516e-07, "0.0": 0.0, "4.081632653061225": 3.5703798184627544e-07, "4.4897959183673475": 2.2795029605005013e-06, "4.285714285714286": 9.190243356327343e-07, "4.6938775510204085": 5.573412866555216e-06, "4.8979591836734695": 1.362522096692853e-05, "5.3061224489795915": 9.065783852701959e-05, "6.530612244897959": 0.3839775965955937, "7.551020408163265": 0.6738814280861398, "7.755102040816327": 0.7125228882488472, "5.510204081632653": 0.00029112720907231715, "5.1020408163265305": 3.4009534220280635e-05, "7.346938775510204": 0.6299236241867041, "7.142857142857143": 0.5798930645177209, "6.122448979591837": 0.20310950131614414, "6.73469387755102": 0.45799992417018875, "6.326530612244898": 0.2995196341910471, "6.938775510204081": 0.5229194682058889, "7.959183673469388": 0.7465064024668996, "5.714285714285714": 0.0023081470855305097, "5.918367346938775": 0.09323907661497977, "8.16326530612245": 0.7764058561552353, "8.36734693877551": 0.8027221311285829, "8.571428571428571": 0.8258928854380128, "9.591836734693878": 0.9064159646224572, "8.979591836734695": 0.8642813157625798, "9.795918367346939": 0.9172817616415695, "8.775510204081632": 0.8463009138542632, "9.183673469387756": 0.8801276592888682, "10.0": 0.9268686152354685, "9.387755102040817": 0.8940972973494542}