{"0.20408163265306123": 7.771561172376096e-15, "2.4489795918367347": 0.17741927091461673, "0.8163265306122449": 2.1760371282653068e-14, "0.40816326530612246": -2.220446049250313e-16, "3.4693877551020407": 0.3651957856887126, "0.6122448979591837": -3.26183524634871e-13, "1.6326530612244898": -5.67501601267395e-12, "3.0612244897959187": 0.29967523334245094, "3.8775510204081636": 0.4215975548649281, "1.0204081632653061": 1.72029057665668e-12, "1.2244897959183674": -1.120881165661558e-12, "2.2448979591836737": 0.12780761771955595, "2.857142857142857": 0.26262696058130763, "1.836734693877551": 0.009048216970547696, "2.0408163265306123": 0.07217136614499287, "3.673469387755102": 0.3943951021947867, "0.0": 0.0, "3.2653061224489797": 0.33373118018161574, "1.4285714285714286": 1.1922685061449556e-12, "2.6530612244897958": 0.2220862528856895, "6.122448979591837": 0.6343589841895684, "4.285714285714286": 0.47086996840661177, "4.4897959183673475": 0.49328703561122955, "4.081632653061225": 0.4470265715300722, "5.510204081632653": 0.5881477808242344, "7.142857142857143": 0.6984202573305827, "5.714285714285714": 0.6043081896455761, "4.8979591836734695": 0.53436805545552, "5.918367346938775": 0.6196938194633217, "6.326530612244898": 0.6483522971639282, "4.6938775510204085": 0.5144139639911751, "7.755102040816327": 0.7306901860462612, "6.530612244897959": 0.6617174542265865, "5.3061224489795915": 0.5711516380168742, "6.73469387755102": 0.6744938897141224, "6.938775510204081": 0.6867173291420476, "7.346938775510204": 0.7096323168923496, "5.1020408163265305": 0.5532510280024232, "7.551020408163265": 0.7203806489844361, "8.16326530612245": 0.7500830414846926, "7.959183673469388": 0.7405839041533049, "8.36734693877551": 0.7592072880261209, "8.775510204081632": 0.7764030981762047, "8.571428571428571": 0.7679749508028808, "9.387755102040817": 0.7998050967963644, "8.979591836734695": 0.7845076861355355, "9.183673469387756": 0.7923036690314194, "9.591836734693878": 0.8070252003767006, "9.795918367346939": 0.8139764668334593, "10.0": 0.8206707053536633}