{"0.6122448979591837": -6.186828827026147e-12, "0.40816326530612246": -7.105427357601002e-14, "0.20408163265306123": 8.548717289613705e-15, "0.8163265306122449": -1.3438827828338162e-10, "1.2244897959183674": -3.77686770747232e-11, "2.4489795918367347": 2.8155477949098895e-11, "1.4285714285714286": -4.894453731196791e-10, "1.0204081632653061": -1.9462209621678994e-12, "2.0408163265306123": 1.9998236400198266e-10, "1.836734693877551": -9.539924405999045e-12, "3.2653061224489797": 7.502876542275771e-09, "1.6326530612244898": -1.84519066692701e-12, "2.2448979591836737": 4.940936548791797e-12, "3.0612244897959187": 1.9071810797299804e-09, "3.4693877551020407": 3.0605655454429836e-08, "3.673469387755102": 1.6651839540582358e-07, "2.857142857142857": 4.726619096118156e-10, "2.6530612244897958": 1.1018153056596702e-10, "0.0": 0.0, "4.8979591836734695": 0.19998230012164808, "3.8775510204081636": 1.7073205793360913e-05, "4.4897959183673475": 0.12635422185887057, "6.122448979591837": 0.380740285168491, "5.510204081632653": 0.29698533453653275, "5.3061224489795915": 0.2662630212132937, "4.285714285714286": 0.08637076143990718, "6.938775510204081": 0.47576704610371856, "5.1020408163265305": 0.23396923719058915, "4.6938775510204085": 0.16416359893014754, "4.081632653061225": 0.04400009342345601, "6.530612244897959": 0.4304041772642483, "5.918367346938775": 0.3541335198106884, "6.326530612244898": 0.4061407100055129, "7.142857142857143": 0.49697698351726305, "6.73469387755102": 0.4535937481290858, "5.714285714285714": 0.3262436621116328, "7.346938775510204": 0.5172723914702089, "7.551020408163265": 0.5366985401761115, "7.755102040816327": 0.555297581047188, "8.775510204081632": 0.637185668096335, "9.387755102040817": 0.6785918433973378, "9.591836734693878": 0.6912754976243598, "8.16326530612245": 0.5901695341843803, "8.571428571428571": 0.622175905144573, "7.959183673469388": 0.5731089202063748, "9.183673469387756": 0.6653662091795303, "8.36734693877551": 0.6065142367799509, "9.795918367346939": 0.7034415413215656, "8.979591836734695": 0.6515730710423875, "10.0": 0.7151132595686546}