{"0.6122448979591837": 1.427824525279675e-11, "0.40816326530612246": 2.382538610845586e-13, "0.20408163265306123": -2.731148640577885e-14, "0.8163265306122449": 2.0495005692566792e-10, "1.2244897959183674": 1.301558860689056e-11, "2.4489795918367347": 6.459788259860488e-11, "1.4285714285714286": -6.512324013385751e-11, "1.0204081632653061": 1.7287282716438312e-12, "2.0408163265306123": 2.5936441883089856e-10, "1.836734693877551": -8.947065310849212e-12, "3.2653061224489797": 2.1847744724468043e-08, "1.6326530612244898": -1.021405182655144e-12, "2.2448979591836737": 1.0788703264097421e-11, "3.0612244897959187": 5.294653049325859e-09, "3.4693877551020407": 9.333303740977072e-08, "3.673469387755102": 5.308685470106767e-07, "2.857142857142857": 1.248832592892768e-09, "2.6530612244897958": 2.765245810110173e-10, "0.0": 0.0, "4.8979591836734695": 0.5246657673535255, "3.8775510204081636": 5.685583462489152e-05, "4.4897959183673475": 0.3625422211272, "6.122448979591837": 0.7975818850663174, "5.510204081632653": 0.6910535972742371, "5.3061224489795915": 0.6437109032439388, "4.285714285714286": 0.25999716613082013, "6.938775510204081": 0.8838257264858255, "5.1020408163265305": 0.5887037375345894, "4.6938775510204085": 0.4499470093085989, "4.081632653061225": 0.13928465686311287, "6.530612244897959": 0.8468077222102613, "5.918367346938775": 0.7671121167401133, "6.326530612244898": 0.8239558409657409, "7.142857142857143": 0.8987643941570667, "6.73469387755102": 0.8666255604089064, "5.714285714285714": 0.7318697782913803, "7.346938775510204": 0.911746961633525, "7.551020408163265": 0.9230358328011499, "7.755102040816327": 0.9328568815646283, "8.775510204081632": 0.9659054811292738, "9.387755102040817": 0.9772132776625131, "9.591836734693878": 0.9800655879984358, "8.16326530612245": 0.9488478661793496, "8.571428571428571": 0.960980834453545, "7.959183673469388": 0.9414048483606109, "9.183673469387756": 0.9739452053540683, "8.36734693877551": 0.9553312727870679, "9.795918367346939": 0.9825557721973606, "8.979591836734695": 0.9701996363612068, "10.0": 0.9847304489666675}