{"1.2244897959183674": 4.2567912786234465e-07, "0.20408163265306123": 3.9860602855426773e-08, "0.40816326530612246": 8.737834406697288e-08, "1.6326530612244898": 8.248948354825153e-07, "0.6122448979591837": 1.449940409600575e-07, "3.2653061224489797": 0.36996290108217994, "1.0204081632653061": 3.068692567778717e-07, "3.4693877551020407": 0.4387257390161673, "0.8163265306122449": 2.1630923417254478e-07, "3.0612244897959187": 0.2891736109537388, "3.8775510204081636": 0.5487211063577963, "1.836734693877551": 1.2000400400054339e-06, "3.673469387755102": 0.4977283557660608, "2.857142857142857": 0.19337755814513943, "1.4285714285714286": 5.884002294654855e-07, "2.2448979591836737": 3.545113960094235e-06, "2.0408163265306123": 1.8863303354963552e-06, "0.0": 0.0, "2.6530612244897958": 0.07858772658437617, "2.4489795918367347": 1.3266246312386994e-05, "4.4897959183673475": 0.665997878302394, "4.6938775510204085": 0.6961449064757593, "4.081632653061225": 0.5930748232324182, "4.285714285714286": 0.631876529769323, "5.714285714285714": 0.8043198858938839, "5.1020408163265305": 0.7467231641386688, "6.530612244897959": 0.8581133195825358, "5.3061224489795915": 0.7680252394361344, "5.510204081632653": 0.7871314384294842, "6.73469387755102": 0.8686259590612915, "6.122448979591837": 0.8338501648301386, "6.938775510204081": 0.8782108849275504, "4.8979591836734695": 0.7228947594951564, "7.142857142857143": 0.8869627518983249, "5.918367346938775": 0.8198260160433184, "6.326530612244898": 0.8465635964694421, "7.346938775510204": 0.894963568190667, "7.551020408163265": 0.9022843858598487, "8.36734693877551": 0.925876186955851, "7.755102040816327": 0.9089866852521408, "8.16326530612245": 0.9207404075814098, "7.959183673469388": 0.9151235112431759, "8.979591836734695": 0.9386966225287168, "10.0": 0.9524988037717727, "9.183673469387756": 0.9421816099465377, "8.775510204081632": 0.9348297027381102, "8.571428571428571": 0.9305635676905265, "9.795918367346939": 0.9504531100648039, "9.387755102040817": 0.9452975230425573, "9.591836734693878": 0.9480530788838049}