{"1.2244897959183674": 5.19120869890331e-07, "0.20408163265306123": 4.861049113149494e-08, "0.40816326530612246": 1.0655895543147934e-07, "1.6326530612244898": 1.0059692449218137e-06, "0.6122448979591837": 1.768219991118199e-07, "3.2653061224489797": 0.4352151830601261, "1.0204081632653061": 3.7423079172590416e-07, "3.4693877551020407": 0.5116911721410499, "0.8163265306122449": 2.637917444084093e-07, "3.0612244897959187": 0.3433091546512975, "3.8775510204081636": 0.6300415035795239, "1.836734693877551": 1.4634633223807438e-06, "3.673469387755102": 0.5758429733586141, "2.857142857142857": 0.23184029009215704, "1.4285714285714286": 7.175612215380418e-07, "2.2448979591836737": 4.3233084765590295e-06, "2.0408163265306123": 2.300402499678121e-06, "0.0": 0.0, "2.6530612244897958": 0.09521353923523738, "2.4489795918367347": 1.617833192488463e-05, "4.4897959183673475": 0.7493839909007342, "4.6938775510204085": 0.7786179505369738, "4.081632653061225": 0.6761220126324847, "4.285714285714286": 0.7155228624413397, "5.714285714285714": 0.8769603200641088, "5.1020408163265305": 0.8260164465925732, "6.530612244897959": 0.9207569418307299, "5.3061224489795915": 0.8452742844885355, "5.510204081632653": 0.8621426961805274, "6.73469387755102": 0.9287780457211295, "6.122448979591837": 0.9015308694831717, "6.938775510204081": 0.9359100070173626, "7.142857142857143": 0.9422586844432955, "4.8979591836734695": 0.8039619411198411, "5.918367346938775": 0.8900103568377074, "6.326530612244898": 0.9117229047096883, "7.346938775510204": 0.9479147138439881, "7.551020408163265": 0.952955711142049, "8.36734693877551": 0.9681578678814599, "7.755102040816327": 0.9574480684702305, "8.16326530612245": 0.9650048514018711, "7.959183673469388": 0.961448421672232, "8.979591836734695": 0.9755040087695439, "10.0": 0.9817517242930892, "9.183673469387756": 0.9773225925613902, "8.775510204081632": 0.9733825625820565, "8.571428571428571": 0.9709412200452613, "9.795918367346939": 0.9810631733817382, "9.387755102040817": 0.9788506598392952, "9.591836734693878": 0.9800962058448622}