{"1.0204081632653061": 5.000000432944356e-07, "0.6122448979591837": 5.000000155859968e-07, "0.40816326530612246": 5.000000069271097e-07, "0.20408163265306123": 5.000000017317775e-07, "0.8163265306122449": 5.000000277084386e-07, "2.2448979591836737": 5.00000209545117e-07, "1.2244897959183674": 5.00000062343988e-07, "2.4489795918367347": 5.000002493760254e-07, "3.0612244897959187": 5.000003896501475e-07, "2.0408163265306123": 5.000001731777716e-07, "3.4693877551020407": 5.000005004840727e-07, "0.0": 5e-07, "1.4285714285714286": 5.000000848570969e-07, "1.836734693877551": 5.000001402739875e-07, "2.6530612244897958": 5.000002926704987e-07, "3.673469387755102": 5.000005610963824e-07, "2.857142857142857": 5.000003394285388e-07, "1.6326530612244898": 5.00000110833763e-07, "3.8775510204081636": 5.000006251722397e-07, "3.2653061224489797": 5.000004433353258e-07, "4.285714285714286": 5.000007637144255e-07, "4.081632653061225": 5.000006927116103e-07, "4.4897959183673475": 5.000008381805554e-07, "4.6938775510204085": 5.000009161097674e-07, "5.510204081632653": 5.000012624445863e-07, "5.918367346938775": 5.000014563594305e-07, "5.714285714285714": 5.000013576754985e-07, "4.8979591836734695": 5.000009975016613e-07, "5.1020408163265305": 5.000010823555729e-07, "7.959183673469388": 0.746577865792968, "5.3061224489795915": 5.000011706704357e-07, "6.530612244897959": 5.000017730631475e-07, "7.755102040816327": 0.6525021215546294, "8.16326530612245": 0.7924718552466334, "6.122448979591837": 5.000015584909647e-07, "6.326530612244898": 5.000016640624246e-07, "8.36734693877551": 0.8246320520537138, "8.571428571428571": 0.8492436143158048, "8.775510204081632": 0.868885163928488, "9.387755102040817": 0.9094059621927596, "9.183673469387756": 0.8982597779882607, "9.795918367346939": 0.9266574771857542, "8.979591836734695": 0.8849409950451145, "9.591836734693878": 0.9187757105421157, "10.0": 0.933266630968901, "7.551020408163265": 0.5893668324271556, "6.73469387755102": 0.4722212689157016, "6.938775510204081": 0.5100309814228162, "7.142857142857143": 0.5400257894367521, "7.346938775510204": 0.5666032697561728}