{"3.4693877551020407": 0.6665042629679188, "2.857142857142857": 0.4946427690989811, "3.2653061224489797": 0.6190448103916932, "3.8775510204081636": 0.7409589364806182, "1.4285714285714286": 1.6452052136205686e-06, "3.0612244897959187": 0.5625395480213483, "0.8163265306122449": 8.204852774478789e-07, "3.673469387755102": 0.7066893111001917, "0.6122448979591837": 7.054908945012804e-07, "0.40816326530612246": 6.1965276290353e-07, "2.6530612244897958": 0.4121920936978755, "0.20408163265306123": 5.531104731038535e-07, "1.0204081632653061": 9.825964360752677e-07, "2.2448979591836737": 0.18444118137349896, "1.836734693877551": 5.354166567783285e-06, "1.6326530612244898": 2.507747737674615e-06, "0.0": 5e-07, "2.4489795918367347": 0.3108356870550687, "1.2244897959183674": 1.228352411474373e-06, "4.081632653061225": 0.7703704042104228, "2.0408163265306123": 0.024148946995503972, "4.6938775510204085": 0.8369774231890654, "5.510204081632653": 0.8930729907240171, "4.285714285714286": 0.7957565799501602, "5.3061224489795915": 0.8815592161215111, "5.1020408163265305": 0.868542547554508, "4.4897959183673475": 0.8177809477999272, "4.8979591836734695": 0.8537796023421168, "5.714285714285714": 0.9032873349520325, "6.530612244897959": 0.9342006698648063, "6.122448979591837": 0.9204754296533273, "5.918367346938775": 0.9123733030350294, "6.326530612244898": 0.9277163837670406, "7.142857142857143": 0.9499443081398427, "6.73469387755102": 0.9400175880548202, "7.346938775510204": 0.9541758828132277, "6.938775510204081": 0.9452436123135863, "7.755102040816327": 0.9614170000256572, "7.551020408163265": 0.9579864406408091, "8.36734693877551": 0.9697488207075258, "8.571428571428571": 0.9719536055896976, "7.959183673469388": 0.9645023175109179, "8.16326530612245": 0.967271555131635, "8.775510204081632": 0.9739011404266378, "8.979591836734695": 0.9756026864332923, "9.183673469387756": 0.9770657772000173, "9.795918367346939": 0.9800478875772377, "9.591836734693878": 0.9792892965884229, "10.0": 0.9805646720852943, "9.387755102040817": 0.9782944240878791}