{"3.4693877551020407": 0.5002808367113489, "2.857142857142857": 0.3455630400416478, "3.2653061224489797": 0.4546959447886986, "3.8775510204081636": 0.5776547956328151, "1.4285714285714286": 1.205087347576218e-06, "3.0612244897959187": 0.4034656489793262, "0.8163265306122449": 7.009350493321909e-07, "3.673469387755102": 0.541044006076943, "0.6122448979591837": 6.29579887029063e-07, "2.6530612244897958": 0.27968867038367307, "0.40816326530612246": 5.758758077023046e-07, "0.20408163265306123": 5.338638890112274e-07, "1.0204081632653061": 8.007946317338343e-07, "1.836734693877551": 3.4502492204263556e-06, "2.2448979591836737": 0.11681093927799709, "1.6326530612244898": 1.7282832377246084e-06, "0.0": 5e-07, "2.4489795918367347": 0.20416991437132023, "1.2244897959183674": 9.51231170672011e-07, "4.081632653061225": 0.610663431350867, "2.0408163265306123": 0.014676799789399524, "4.6938775510204085": 0.6922908719873131, "5.510204081632653": 0.7715165889416344, "4.285714285714286": 0.6405268777316789, "5.3061224489795915": 0.7542133917358601, "5.1020408163265305": 0.7353635932218409, "4.4897959183673475": 0.6676281370615376, "4.8979591836734695": 0.7147906344289813, "5.714285714285714": 0.7874270141665276, "6.530612244897959": 0.8396013010852165, "6.122448979591837": 0.8155916306157053, "5.918367346938775": 0.8020792793289544, "6.326530612244898": 0.8280682770800049, "7.142857142857143": 0.869308731027962, "6.73469387755102": 0.8502722315524807, "7.346938775510204": 0.8777952011903072, "6.938775510204081": 0.8601533431293875, "7.755102040816327": 0.8929564641525181, "7.551020408163265": 0.8856630077803865, "8.36734693877551": 0.9117547903597524, "8.571428571428571": 0.9170911630746922, "7.959183673469388": 0.8997144489569667, "8.16326530612245": 0.9059708255734239, "8.775510204081632": 0.9220006311324856, "8.979591836734695": 0.926499957961786, "9.183673469387756": 0.9306021645852054, "9.795918367346939": 0.9406034852636741, "9.591836734693878": 0.9376495553974735, "10.0": 0.9431780800096958, "9.387755102040817": 0.9343166925423533}