{"0.20408163265306123": 0.0, "0.8163265306122449": 6.217248937900877e-15, "0.40816326530612246": 5.3512749786932545e-14, "1.0204081632653061": 2.7424729154290617e-12, "0.6122448979591837": -2.220446049250313e-16, "1.4285714285714286": 6.077360836798107e-13, "3.8775510204081636": 0.6143925385113571, "1.2244897959183674": 5.551115123125783e-16, "3.673469387755102": 0.5623186429009819, "1.836734693877551": 3.937850046042968e-12, "3.2653061224489797": 0.42891116008783614, "3.4693877551020407": 0.5011883184219867, "1.6326530612244898": 3.852473895449293e-14, "3.0612244897959187": 0.3427603101036273, "2.0408163265306123": 4.452216373351803e-12, "2.2448979591836737": 4.702405131951082e-11, "2.857142857142857": 0.23912221241186737, "0.0": 0.0, "2.6530612244897958": 0.11312182449634745, "2.4489795918367347": 1.0399576755304452e-09, "4.8979591836734695": 0.7853123642990565, "4.081632653061225": 0.6590350494542346, "4.4897959183673475": 0.7308815182631769, "4.285714285714286": 0.6975253102422452, "4.6938775510204085": 0.7599224018323428, "5.1020408163265305": 0.8075950983015301, "6.530612244897959": 0.9062777262336865, "6.122448979591837": 0.8857210347955538, "6.73469387755102": 0.9149772848979187, "6.326530612244898": 0.8965715163076848, "5.510204081632653": 0.844556149506495, "5.714285714285714": 0.859917907704066, "5.3061224489795915": 0.8272189301524286, "6.938775510204081": 0.922788706939115, "5.918367346938775": 0.873565812748791, "7.142857142857143": 0.92981444945795, "7.346938775510204": 0.9361434091810594, "7.755102040816327": 0.9470107551615914, "7.551020408163265": 0.9418529796904822, "7.959183673469388": 0.9516759483712046, "8.16326530612245": 0.9559005764455056, "8.775510204081632": 0.9663631571771661, "8.36734693877551": 0.9597304568041504, "8.571428571428571": 0.9632060472120123, "9.795918367346939": 0.9783686935862439, "9.183673469387756": 0.9718454721604779, "8.979591836734695": 0.9692335526906488, "9.591836734693878": 0.976391786468281, "9.387755102040817": 0.9742240680938822, "10.0": 0.9801727585416945}