{"0.8163265306122449": 2.5535129566378604e-15, "0.20408163265306123": 0.0, "0.40816326530612246": 2.140509991477302e-14, "1.0204081632653061": 1.0969891661716248e-12, "0.6122448979591837": -8.881784197001253e-17, "1.4285714285714286": 2.4316104685340177e-13, "3.8775510204081636": 0.2457570190931419, "1.2244897959183674": 2.886579864025407e-16, "3.673469387755102": 0.22492745867689373, "1.836734693877551": 1.5834000777203983e-12, "3.2653061224489797": 0.1715644642465559, "3.4693877551020407": 0.2004753279549661, "1.6326530612244898": 1.6342482922482306e-14, "3.0612244897959187": 0.13710412411197323, "2.0408163265306123": 1.836442109492964e-12, "2.2448979591836737": 1.911850677771554e-11, "2.857142857142857": 0.09564888498626814, "0.0": 0.0, "2.6530612244897958": 0.04524872980446857, "2.4489795918367347": 4.1743404288752123e-10, "4.8979591836734695": 0.31412509665442423, "4.081632653061225": 0.263614028270326, "4.4897959183673475": 0.29235264618705326, "4.285714285714286": 0.27901014268026486, "4.6938775510204085": 0.30396903879816284, "5.1020408163265305": 0.32303832121388015, "6.530612244897959": 0.3625213941636535, "6.122448979591837": 0.35429256529166364, "6.73469387755102": 0.3660066712489324, "6.326530612244898": 0.35863521469496284, "5.510204081632653": 0.3378233555239791, "5.714285714285714": 0.3439686940055108, "5.3061224489795915": 0.3308880820124264, "6.938775510204081": 0.3691391451370732, "5.918367346938775": 0.3494288760903447, "7.142857142857143": 0.3719607087402981, "7.346938775510204": 0.3745080964956867, "7.755102040816327": 0.3789066202571182, "7.551020408163265": 0.37681376209501044, "7.959183673469388": 0.3808126788920271, "8.16326530612245": 0.3825555819895636, "8.775510204081632": 0.387015770371117, "8.36734693877551": 0.38415707886456163, "8.571428571428571": 0.3856374316946557, "9.795918367346939": 0.3930031269454377, "9.183673469387756": 0.3895390756648624, "8.979591836734695": 0.3883104013845332, "9.591836734693878": 0.3918681267854704, "9.387755102040817": 0.3907192188973806, "10.0": 0.3941417086021906}