{"0.8163265306122449": 1.9185841804159054e-10, "0.6122448979591837": 4.064637515455161e-12, "0.40816326530612246": 9.339462536672727e-11, "0.20408163265306123": 1.4876988529977098e-13, "1.6326530612244898": 1.3632828199661162e-10, "1.4285714285714286": 2.0882549023326646e-09, "1.0204081632653061": 3.874900400546721e-12, "1.2244897959183674": 1.3767620377080902e-10, "3.4693877551020407": 0.63383550910899, "3.2653061224489797": 0.566596412536021, "1.836734693877551": -2.4929835973352965e-11, "3.8775510204081636": 0.7354697780079013, "2.857142857142857": 0.383572771376813, "3.0612244897959187": 0.4845474436559355, "2.6530612244897958": 0.25807701346802536, "3.673469387755102": 0.6893458611759189, "0.0": 0.0, "2.0408163265306123": 4.093059224885565e-12, "2.2448979591836737": 1.85828241683339e-10, "2.4489795918367347": 0.10029819539928408, "5.3061224489795915": 0.9075489345426239, "5.510204081632653": 0.9198310698237832, "4.081632653061225": 0.77401224984122, "4.6938775510204085": 0.8568108188692007, "4.8979591836734695": 0.8764645511065458, "5.918367346938775": 0.9394710218580158, "5.714285714285714": 0.9303842601177537, "5.1020408163265305": 0.8932213231895717, "4.4897959183673475": 0.8336861082115599, "4.285714285714286": 0.806381070750356, "6.326530612244898": 0.9540846973676984, "6.530612244897959": 0.9599486304004955, "6.122448979591837": 0.9473101271448455, "6.73469387755102": 0.9650317407568716, "6.938775510204081": 0.9694438974934942, "7.346938775510204": 0.9766145884463301, "7.142857142857143": 0.9732783760373508, "7.551020408163265": 0.9795203195571883, "7.755102040816327": 0.9820535674231734, "7.959183673469388": 0.9842640651309704, "8.16326530612245": 0.986194544607189, "8.979591836734695": 0.9917803176383898, "9.387755102040817": 0.9936407670465615, "8.571428571428571": 0.9893575216183949, "8.36734693877551": 0.9878817903958784, "8.775510204081632": 0.99064913271898, "9.795918367346939": 0.9950725514968611, "9.591836734693878": 0.9944032760267555, "10.0": 0.9956602749106201, "9.183673469387756": 0.9927715973596982}