{"0.8163265306122449": 1.408078542652902e-10, "0.6122448979591837": 2.9804547718725874e-12, "0.40816326530612246": 6.837833632644675e-11, "0.20408163265306123": 1.0865197630494095e-13, "1.6326530612244898": 9.990356875100305e-11, "1.4285714285714286": 1.531687260358794e-09, "1.0204081632653061": 2.8444746558164983e-12, "1.2244897959183674": 1.0104070913286023e-10, "3.4693877551020407": 0.49752876973023624, "3.2653061224489797": 0.4395437574478045, "1.836734693877551": -1.82365900158743e-11, "3.8775510204081636": 0.5901441846812078, "2.857142857142857": 0.29014323989876767, "3.0612244897959187": 0.3712874176464925, "2.6530612244897958": 0.19259019124127144, "3.673469387755102": 0.5472218566146589, "0.0": 0.0, "2.0408163265306123": 3.0814184537319993e-12, "2.2448979591836737": 1.3621282990428086e-10, "2.4489795918367347": 0.07379200903991247, "5.3061224489795915": 0.7755409086103724, "5.510204081632653": 0.7919180196007715, "4.081632653061225": 0.6274811927923613, "4.6938775510204085": 0.7144335429663288, "4.8979591836734695": 0.7371028533007619, "5.918367346938775": 0.8201550460604194, "5.714285714285714": 0.8067242933277472, "5.1020408163265305": 0.7573613188606725, "4.4897959183673475": 0.6889518389668071, "4.285714285714286": 0.6601682757373065, "6.326530612244898": 0.8435280474866952, "6.530612244897959": 0.8537324460324884, "6.122448979591837": 0.8323759008861907, "6.73469387755102": 0.8630932113794085, "6.938775510204081": 0.8717003553153272, "7.346938775510204": 0.8869563292586264, "7.142857142857143": 0.8796320234449203, "7.551020408163265": 0.89373286721579, "7.755102040816327": 0.900013966988776, "7.959183673469388": 0.9058457382740309, "8.16326530612245": 0.9112689451091125, "8.979591836734695": 0.9295424013036802, "9.387755102040817": 0.9370008617838377, "8.571428571428571": 0.9210302872642175, "8.36734693877551": 0.91631974066187, "8.775510204081632": 0.9254292816197407, "9.795918367346939": 0.9435638769013673, "9.591836734693878": 0.9403856244138538, "10.0": 0.9465509393168895, "9.183673469387756": 0.9333926856579768}