{"0.40816326530612246": 4.867246834620991e-08, "0.20408163265306123": 2.3279147966461036e-08, "1.0204081632653061": 1.4080121157159016e-07, "0.8163265306122449": 1.0704353322062143e-07, "1.6326530612244898": 2.670232346110266e-07, "0.6122448979591837": 7.647601508945194e-08, "1.2244897959183674": 1.7826720499795804e-07, "1.4285714285714286": 2.2007782731360919e-07, "2.6530612244897958": 6.255818821199506e-07, "1.836734693877551": 3.2009686826726445e-07, "3.2653061224489797": 1.0442052125506366e-06, "2.857142857142857": 7.385179405985141e-07, "0.0": 0.0, "3.0612244897959187": 8.752735865052314e-07, "2.0408163265306123": 3.8056527258234857e-07, "2.2448979591836737": 4.5006880439408706e-07, "2.4489795918367347": 5.307704505237516e-07, "3.4693877551020407": 1.258090684900307e-06, "3.673469387755102": 1.5374989469456304e-06, "3.8775510204081636": 1.9177952364733387e-06, "4.081632653061225": 2.465361583479133e-06, "4.285714285714286": 3.3211467680082277e-06, "5.918367346938775": 0.19503416577751895, "6.326530612244898": 0.2588287323368491, "6.938775510204081": 0.33543949158452185, "5.510204081632653": 0.11788336292525683, "5.714285714285714": 0.15833990001171358, "6.122448979591837": 0.22840506849292205, "7.959183673469388": 0.4271988535372752, "7.346938775510204": 0.3766602591413199, "4.6938775510204085": 8.326866981178211e-06, "4.4897959183673475": 4.846239489027584e-06, "7.551020408163265": 0.3948709686459827, "7.142857142857143": 0.3569033204042548, "6.73469387755102": 0.3120849318864123, "6.530612244897959": 0.28662881690160674, "5.3061224489795915": 0.07315065737698434, "5.1020408163265305": 0.023549442594616322, "4.8979591836734695": 2.4209635435889255e-05, "7.755102040816327": 0.41167608569913566, "8.16326530612245": 0.44154732444335926, "8.571428571428571": 0.46708845869970556, "8.36734693877551": 0.4548162124055634, "9.183673469387756": 0.4986047609568242, "8.775510204081632": 0.4784365613624404, "9.795918367346939": 0.5232518217184674, "8.979591836734695": 0.4889237101308064, "9.387755102040817": 0.5075270782289869, "9.591836734693878": 0.515731268014082, "10.0": 0.5301176863604703}