{"0.0": 0.0, "0.20408163265306123": 5.870572105633198e-08, "0.40816326530612246": 1.326612717277322e-07, "0.6122448979591837": 2.2869589830648992e-07, "0.8163265306122449": 3.584320660096206e-07, "1.0204081632653061": 5.433853314480401e-07, "1.2244897959183674": 8.283365513542196e-07, "1.4285714285714286": 1.3244212707224088e-06, "1.6326530612244898": 2.404437413794858e-06, "2.0408163265306123": 0.06045933309563245, "2.4489795918367347": 0.3617324974036665, "1.836734693877551": 6.573792784323605e-06, "2.2448979591836737": 0.22990220883125037, "2.6530612244897958": 0.466045152889367, "3.0612244897959187": 0.6177734215638266, "2.857142857142857": 0.5497641657941096, "3.4693877551020407": 0.7198411648595632, "3.2653061224489797": 0.6735997130720015, "3.673469387755102": 0.758447792923069, "3.8775510204081636": 0.790905051898615, "4.285714285714286": 0.8417149792515283, "4.081632653061225": 0.8183614088072854, "4.8979591836734695": 0.8935857865936361, "4.6938775510204085": 0.8788142745815769, "4.4897959183673475": 0.8616766757204393, "5.1020408163265305": 0.9063636338512896, "5.3061224489795915": 0.9174525895462672, "5.510204081632653": 0.9271042708361197, "5.714285714285714": 0.9355272148252537, "5.918367346938775": 0.9428956036104448, "6.122448979591837": 0.949355331367577, "6.326530612244898": 0.9550293542873023, "6.530612244897959": 0.9600216213711563, "6.73469387755102": 0.9644201346569806, "6.938775510204081": 0.9682997726963489, "7.142857142857143": 0.9717240967946559, "7.551020408163265": 0.9774149104597853, "7.346938775510204": 0.9747472059641885, "7.755102040816327": 0.9797659222722432, "7.959183673469388": 0.9818326821688115, "8.16326530612245": 0.9836420048549168, "8.36734693877551": 0.9852157404946097, "8.775510204081632": 0.9877212388056115, "8.571428571428571": 0.9865711302277926, "8.979591836734695": 0.9886752259152523, "9.183673469387756": 0.9894385606803939, "9.387755102040817": 0.990013277554623, "9.591836734693878": 0.9903981335431761, "9.795918367346939": 0.9905887475309725, "10.0": 0.9905778079330835}