{"0.0": 0.0, "0.20408163265306123": 5.518337786532565e-08, "0.40816326530612246": 1.2470159579364754e-07, "0.6122448979591837": 2.1497414550643878e-07, "0.8163265306122449": 3.369261447469881e-07, "1.0204081632653061": 5.107822177617789e-07, "1.2244897959183674": 7.786363726819421e-07, "1.4285714285714286": 1.2449560313150113e-06, "1.6326530612244898": 2.260171290374998e-06, "2.0408163265306123": 0.05691061897998203, "2.4489795918367347": 0.3433257919716643, "1.836734693877551": 6.179366124776558e-06, "2.2448979591836737": 0.2173458894417921, "2.6530612244897958": 0.44392714322355914, "3.0612244897959187": 0.5922059500339241, "2.857142857142857": 0.5254081685884764, "3.4693877551020407": 0.6937975292848876, "3.2653061224489797": 0.6475409564972985, "3.673469387755102": 0.732774252329979, "3.8775510204081636": 0.7658480132420596, "4.285714285714286": 0.8183371245123433, "4.081632653061225": 0.7940887006976647, "4.8979591836734695": 0.8731884528641374, "4.6938775510204085": 0.8574008771042202, "4.4897959183673475": 0.8392622126008384, "5.1020408163265305": 0.8869807510761518, "5.3061224489795915": 0.8990704303959742, "5.510204081632653": 0.9097004104826919, "5.714285714285714": 0.9190730619145032, "5.918367346938775": 0.9273583544597328, "6.122448979591837": 0.93469941382044, "6.326530612244898": 0.9412175495812034, "6.530612244897959": 0.9470159079531327, "6.73469387755102": 0.9521823014587982, "6.938775510204081": 0.9567919168265123, "7.142857142857143": 0.9609089563964319, "7.551020408163265": 0.967877251619203, "7.346938775510204": 0.9645884355646376, "7.755102040816327": 0.9708153415296121, "7.959183673469388": 0.973436457895378, "8.16326530612245": 0.9757687657797437, "8.36734693877551": 0.9778355044116905, "8.775510204081632": 0.9812425852940135, "8.571428571428571": 0.9796552965775657, "8.979591836734695": 0.9826078872319521, "9.183673469387756": 0.9837579880380795, "9.387755102040817": 0.9846962090789374, "9.591836734693878": 0.9854225532478662, "9.795918367346939": 0.9859338307160869, "10.0": 0.9862238846346991}