{"0.0": 0.0, "0.6122448979591837": 2.1632002105522003e-07, "0.40816326530612246": 1.25257555803983e-07, "0.20408163265306123": 5.5353054145430604e-08, "0.8163265306122449": 3.398593377786167e-07, "1.0204081632653061": 5.170199559335086e-07, "1.2244897959183674": 7.923888440053265e-07, "2.4489795918367347": 0.346242482983571, "1.4285714285714286": 1.2789332187363128e-06, "1.6326530612244898": 2.3706931243393443e-06, "1.836734693877551": 7.0543035334257115e-06, "2.0408163265306123": 0.07187841111339312, "2.2448979591836737": 0.22550874850240366, "3.2653061224489797": 0.6387309933094953, "2.857142857142857": 0.521056615337889, "3.0612244897959187": 0.5853544852509874, "2.6530612244897958": 0.44276483135538697, "3.4693877551020407": 0.6834592929771954, "3.673469387755102": 0.7212529510887923, "3.8775510204081636": 0.7534229450961003, "4.081632653061225": 0.7809873835859196, "4.285714285714286": 0.8047459532867444, "4.6938775510204085": 0.8432634487222301, "4.8979591836734695": 0.8589460846783857, "5.3061224489795915": 0.8848640782645281, "4.4897959183673475": 0.825334577994732, "5.1020408163265305": 0.8727203587162186, "5.714285714285714": 0.9051435389137374, "5.510204081632653": 0.8956077994969049, "5.918367346938775": 0.9136325619921043, "6.122448979591837": 0.9212106371083777, "6.326530612244898": 0.9279928394853653, "6.73469387755102": 0.9395464494173134, "6.530612244897959": 0.9340770153671597, "7.142857142857143": 0.9489159566405865, "6.938775510204081": 0.9444724672596517, "7.346938775510204": 0.9529290991254735, "7.551020408163265": 0.9565563535119093, "7.959183673469388": 0.9627987085019515, "7.755102040816327": 0.9598355687858022, "8.16326530612245": 0.9654723972199621, "8.775510204081632": 0.9719543275190161, "8.571428571428571": 0.9700347112464422, "8.36734693877551": 0.9678785652603417, "8.979591836734695": 0.9736471282581847, "9.387755102040817": 0.976373354164863, "9.183673469387756": 0.975119217514352, "9.795918367346939": 0.9782228178120262, "9.591836734693878": 0.9774090788761605, "10.0": 0.9788081165588262}