{"0.20408163265306123": 1.1102230246251565e-16, "0.40816326530612246": 2.5202062658991053e-13, "0.0": 0.0, "0.8163265306122449": -9.43911615536308e-13, "1.6326530612244898": -9.185985305748545e-13, "4.081632653061225": 0.4447929455368299, "1.2244897959183674": 8.172351684265777e-13, "0.6122448979591837": -9.769962616701378e-15, "1.4285714285714286": 1.049782483164563e-11, "1.836734693877551": -5.104738853844992e-11, "1.0204081632653061": -2.6822988274943782e-11, "3.673469387755102": 0.36153808271317656, "2.2448979591836737": 1.3497425399577878e-11, "2.0408163265306123": 1.4279355475821376e-11, "4.285714285714286": 0.4809570338490936, "4.4897959183673475": 0.5140631057106945, "2.6530612244897958": 0.05700846466971887, "2.857142857142857": 0.1329622345863415, "4.8979591836734695": 0.5724551499017563, "3.2653061224489797": 0.25982919823648853, "3.0612244897959187": 0.20008377844675707, "4.6938775510204085": 0.5444629187195139, "3.8775510204081636": 0.4051532871861687, "5.1020408163265305": 0.5982952406297961, "5.3061224489795915": 0.622203104841476, "5.714285714285714": 0.6649595301220591, "6.326530612244898": 0.7186437089578825, "5.510204081632653": 0.6443692268964283, "3.4693877551020407": 0.3133428992150358, "5.918367346938775": 0.6841192992507659, "6.938775510204081": 0.7624570707218074, "6.122448979591837": 0.7019763649221389, "6.73469387755102": 0.7487994254490706, "2.4489795918367347": 4.295084288230555e-10, "6.530612244897959": 0.7342216105053299, "7.142857142857143": 0.775266269506492, "7.551020408163265": 0.7985913928048525, "7.346938775510204": 0.7872916014373368, "7.755102040816327": 0.8092184746831443, "8.16326530612245": 0.8286421586078802, "8.979591836734695": 0.8612661308749264, "8.36734693877551": 0.837522342161386, "7.959183673469388": 0.8192208315779084, "9.591836734693878": 0.8812875167543459, "9.183673469387756": 0.8683179066089696, "8.571428571428571": 0.8458978760614269, "9.387755102040817": 0.8749836602086493, "9.795918367346939": 0.8872518045670221, "8.775510204081632": 0.8538022232020032, "10.0": 0.8928972215166632}