{"0.20408163265306123": 1.1102230246251565e-16, "0.40816326530612246": 5.039302308773586e-13, "0.0": 0.0, "0.8163265306122449": -1.887379141862766e-12, "1.6326530612244898": -1.8385293287792592e-12, "4.081632653061225": 0.691745126013739, "1.2244897959183674": 1.634803403760543e-12, "0.6122448979591837": -1.9539925233402755e-14, "1.4285714285714286": 2.0995427618686335e-11, "1.836734693877551": -1.021085438424052e-10, "3.673469387755102": 0.5923663799508014, "1.0204081632653061": -5.364575450528264e-11, "2.2448979591836737": 2.648081753875431e-11, "2.0408163265306123": 2.8466118351389014e-11, "4.285714285714286": 0.7305943981905867, "4.4897959183673475": 0.7638653329782225, "2.6530612244897958": 0.11076696428753474, "2.857142857142857": 0.24824551332863998, "4.6938775510204085": 0.7924859647182227, "3.2653061224489797": 0.45214718414833965, "4.8979591836734695": 0.8172053966705297, "3.0612244897959187": 0.3601340384600301, "3.8775510204081636": 0.646157387865824, "5.1020408163265305": 0.83863327939709, "5.3061224489795915": 0.8572694955689478, "6.326530612244898": 0.9208385725638524, "5.714285714285714": 0.887747860829012, "5.510204081632653": 0.8735267376967218, "6.938775510204081": 0.9435731929816447, "3.4693877551020407": 0.5285020258161005, "5.918367346938775": 0.9002193501754934, "6.122448979591837": 0.911181866510325, "2.4489795918367347": 8.56598680876175e-10, "6.530612244897959": 0.9293617581254773, "6.73469387755102": 0.9368981494647064, "7.551020408163265": 0.959434203229159, "7.142857142857143": 0.9494945330182228, "7.346938775510204": 0.9547548520829362, "7.755102040816327": 0.9636019353537918, "8.16326530612245": 0.9706357338111807, "8.36734693877551": 0.973600069489162, "9.591836734693878": 0.9859044428508027, "8.979591836734695": 0.9807511968144528, "7.959183673469388": 0.9673182903048363, "9.183673469387756": 0.9826577644834497, "8.571428571428571": 0.9762513751089243, "9.387755102040817": 0.9843684585194366, "9.795918367346939": 0.9872844380703941, "8.775510204081632": 0.9786247925559932, "10.0": 0.9885250274454696}