{"0.20408163265306123": 1.1102230246251565e-16, "0.40816326530612246": 7.560618797697316e-13, "0.0": 0.0, "0.8163265306122449": -2.8312907573990742e-12, "1.6326530612244898": -2.7571278593541138e-12, "1.2244897959183674": 2.4519275498846582e-12, "4.081632653061225": 1.1365380715505689, "0.6122448979591837": -2.930988785010413e-14, "1.4285714285714286": 3.1493252450331966e-11, "1.836734693877551": -1.5315593238085512e-10, "3.673469387755102": 0.953904462663978, "1.0204081632653061": -8.046874278022642e-11, "2.2448979591836737": 3.997824293833219e-11, "2.0408163265306123": 4.274547382721039e-11, "4.285714285714286": 1.2115514320396803, "4.4897959183673475": 1.277928438688917, "4.6938775510204085": 1.3369488834377368, "2.857142857142857": 0.38120774791498135, "2.6530612244897958": 0.1677754289572535, "3.2653061224489797": 0.7119763823848283, "4.8979591836734695": 1.389660546572286, "3.0612244897959187": 0.5602178169067873, "3.8775510204081636": 1.0513106750519927, "5.1020408163265305": 1.4369285200268862, "5.3061224489795915": 1.4794726004104237, "6.938775510204081": 1.7060302637034521, "5.714285714285714": 1.552707390951071, "6.326530612244898": 1.639482281521735, "5.510204081632653": 1.51789596459315, "3.4693877551020407": 0.8418449250311362, "6.530612244897959": 1.663583368630807, "7.551020408163265": 1.7580255960340114, "6.122448979591837": 1.613158231432464, "5.918367346938775": 1.5843386494262592, "2.4489795918367347": 1.286107220721533e-09, "6.73469387755102": 1.685697574913777, "7.142857142857143": 1.7247608025247148, "8.16326530612245": 1.7992778924190607, "7.346938775510204": 1.7420464535202729, "8.36734693877551": 1.811122411650548, "9.591836734693878": 1.8671919596051485, "9.183673469387756": 1.8509756710924192, "7.755102040816327": 1.772820410036936, "8.979591836734695": 1.8420173276893792, "9.387755102040817": 1.859352118728086, "7.959183673469388": 1.7865391218827447, "8.571428571428571": 1.8221492511703512, "9.795918367346939": 1.8745362426374164, "8.775510204081632": 1.8324270157579965, "10.0": 1.8814222489621326}