{"mu11": 0.9090909090909091, "mu12": 0.0909090909090909, "mu22": 0.8163265306122449, "mu21": 0.1836734693877551}