{"0.20408163265306123": 2.0585300641586626e-08, "0.6122448979591837": 6.760779395078213e-08, "2.2448979591836737": 4.006677283953753e-07, "3.0612244897959187": 7.926687446462584e-07, "1.0204081632653061": 1.2450364974692613e-07, "1.4285714285714286": 1.947942756488779e-07, "1.6326530612244898": 2.3655120023235447e-07, "0.40816326530612246": 4.303194739961773e-08, "0.8163265306122449": 9.463483976031869e-08, "1.2244897959183674": 1.5769264204747832e-07, "1.836734693877551": 2.839070890500031e-07, "2.0408163265306123": 3.3807961795098105e-07, "2.4489795918367347": 4.7381356099083477e-07, "3.2653061224489797": 9.533983783998452e-07, "2.6530612244897958": 5.604545866181403e-07, "3.673469387755102": 1.4413804811575226e-06, "3.8775510204081636": 1.838409018813665e-06, "2.857142857142857": 6.647305472398309e-07, "0.0": 0.0, "3.4693877551020407": 1.161440797123506e-06, "4.081632653061225": 2.4456409349393443e-06, "6.122448979591837": 0.35421245353710173, "4.6938775510204085": 1.369499570236975e-05, "4.4897959183673475": 5.714088037531202e-06, "4.285714285714286": 3.4905532731121775e-06, "5.714285714285714": 0.2618339583843289, "6.326530612244898": 0.39475079171520333, "6.73469387755102": 0.466403808119204, "5.918367346938775": 0.31005064861564713, "5.510204081632653": 0.20906247036894565, "7.346938775510204": 0.5546152718641216, "6.938775510204081": 0.49812742110635655, "5.1020408163265305": 0.08742976490337118, "7.142857142857143": 0.5274586557684228, "5.3061224489795915": 0.15115432953267624, "8.16326530612245": 0.6449923101416399, "7.959183673469388": 0.6248379678048338, "6.530612244897959": 0.4320395176220403, "7.551020408163265": 0.5797885699941381, "7.755102040816327": 0.6031467919839821, "4.8979591836734695": 0.0171188728618884, "8.36734693877551": 0.663724238078318, "8.775510204081632": 0.6973096213027324, "8.979591836734695": 0.7123272062916395, "8.571428571428571": 0.6811340959478726, "10.0": 0.7720522278074139, "9.591836734693878": 0.7510480259056327, "9.183673469387756": 0.7262529890262243, "9.387755102040817": 0.7391438052948758, "9.795918367346939": 0.7620063008311795}