{"0.20408163265306123": 2.3229318526073255e-08, "0.6122448979591837": 7.648522675144282e-08, "2.2448979591836737": 4.584340608671051e-07, "3.0612244897959187": 9.128398661284894e-07, "1.0204081632653061": 1.412250413900795e-07, "1.4285714285714286": 2.2156699420017876e-07, "1.6326530612244898": 2.694471600332064e-07, "0.40816326530612246": 4.8620038378561e-08, "0.8163265306122449": 1.0720132696873971e-07, "1.2244897959183674": 1.7911591435741117e-07, "1.836734693877551": 3.2386064101077154e-07, "2.0408163265306123": 3.8623246669236276e-07, "2.4489795918367347": 5.429728496913005e-07, "2.6530612244897958": 6.43287483239626e-07, "3.2653061224489797": 1.099822601017164e-06, "3.673469387755102": 1.6686813966217686e-06, "3.8775510204081636": 2.1322569044373505e-06, "2.857142857142857": 7.64224325609786e-07, "0.0": 0.0, "3.4693877551020407": 1.342174715804726e-06, "4.081632653061225": 2.8419290216774624e-06, "6.122448979591837": 0.4002371467659932, "4.6938775510204085": 1.6009690121755517e-05, "4.4897959183673475": 6.666203253624338e-06, "4.285714285714286": 4.064052227147976e-06, "5.714285714285714": 0.298884181088636, "6.326530612244898": 0.44394414420982914, "6.73469387755102": 0.5199534256803117, "5.918367346938775": 0.3520797066842714, "5.510204081632653": 0.23996253643366847, "7.346938775510204": 0.6111388959719516, "6.938775510204081": 0.553065333234971, "5.1020408163265305": 0.10155667366482551, "7.142857142857143": 0.5833661128081866, "5.3061224489795915": 0.17450539977542975, "8.16326530612245": 0.7014411019006708, "7.959183673469388": 0.6816049564710484, "6.530612244897959": 0.4837048261797739, "7.551020408163265": 0.6366304766797551, "7.755102040816327": 0.6600563589569659, "4.8979591836734695": 0.020014003604630744, "8.36734693877551": 0.7197089923298114, "8.775510204081632": 0.7520281359547398, "8.979591836734695": 0.7662851176845624, "8.571428571428571": 0.7365346721846905, "10.0": 0.8215515881220455, "9.591836734693878": 0.8024113057791977, "9.183673469387756": 0.779388622163193, "9.387755102040817": 0.7914102430959687, "9.795918367346939": 0.8124438655572804}