{"0.20408163265306123": 1.7353723227214072e-08, "0.6122448979591837": 5.675759830553022e-08, "2.2448979591836737": 3.3006443315214995e-07, "3.0612244897959187": 6.457929295013086e-07, "1.0204081632653061": 1.040663932941831e-07, "1.4285714285714286": 1.6207206408617686e-07, "1.6326530612244898": 1.963450271424242e-07, "0.40816326530612246": 3.620205842535371e-08, "0.8163265306122449": 7.927579983891525e-08, "1.2244897959183674": 1.315086425575605e-07, "1.836734693877551": 2.3507496998684164e-07, "2.0408163265306123": 2.7922613615595894e-07, "2.4489795918367347": 3.892855414680432e-07, "2.6530612244897958": 4.5921437963632445e-07, "3.2653061224489797": 7.744354396453445e-07, "3.673469387755102": 1.1635682511456669e-06, "3.8775510204081636": 1.4792616030513818e-06, "2.857142857142857": 5.431270403432189e-07, "0.0": 0.0, "3.4693877551020407": 9.405437854020141e-07, "4.081632653061225": 1.961288828926088e-06, "6.122448979591837": 0.2979600507017899, "4.6938775510204085": 1.0865924745342718e-05, "4.4897959183673475": 4.5503916623062584e-06, "4.285714285714286": 2.7896101070684236e-06, "5.714285714285714": 0.2165503528568422, "6.326530612244898": 0.3346255831106607, "6.73469387755102": 0.40095427554451685, "5.918367346938775": 0.2586817998651066, "5.510204081632653": 0.1712957229565067, "7.346938775510204": 0.4855308423989963, "6.938775510204081": 0.4309810840602721, "5.1020408163265305": 0.07016354308381585, "7.142857142857143": 0.459127319386489, "5.3061224489795915": 0.122614132569311, "8.16326530612245": 0.5759993424361574, "7.959183673469388": 0.5554560927683492, "6.530612244897959": 0.36889302938481006, "7.551020408163265": 0.5103151284894951, "7.755102040816327": 0.5335906545725576, "4.8979591836734695": 0.01358037973186998, "8.36734693877551": 0.5952984273264925, "8.775510204081632": 0.6304314367280565, "8.979591836734695": 0.6463786479225111, "8.571428571428571": 0.6134222805473173, "10.0": 0.7115530096450857, "9.591836734693878": 0.688270683837942, "9.183673469387756": 0.6613094374143739, "9.387755102040817": 0.6752626035379843, "9.795918367346939": 0.700360388388167}