{"0.8163265306122449": 1.1102230246251565e-16, "0.40816326530612246": 0.0, "0.20408163265306123": 0.0, "1.2244897959183674": 1.1102230246251565e-16, "0.6122448979591837": 0.0, "1.4285714285714286": 1.1102230246251565e-16, "1.6326530612244898": 1.5543122344752192e-15, "2.4489795918367347": 2.418287792238516e-12, "1.0204081632653061": 0.0, "2.0408163265306123": 9.259260025373806e-14, "3.0612244897959187": 1.1753720219331854e-10, "2.2448979591836737": 5.148104165186851e-13, "1.836734693877551": 1.3766765505351941e-14, "2.857142857142857": 3.586864139037971e-11, "2.6530612244897958": 9.882650253700831e-12, "3.4693877551020407": 9.769522968383626e-10, "3.2653061224489797": 3.52369022849075e-10, "3.673469387755102": 2.5275016524162197e-09, "3.8775510204081636": 6.14766504369868e-09, "0.0": 0.0, "5.510204081632653": 1.4928689683335605e-06, "5.1020408163265305": 4.698221135468472e-07, "5.3061224489795915": 8.499190915500776e-07, "5.714285714285714": 2.551539807327252e-06, "6.122448979591837": 6.9189557369009336e-06, "4.8979591836734695": 2.5155800265075356e-07, "6.326530612244898": 1.1013619814814746e-05, "6.938775510204081": 3.943726904531708e-05, "6.530612244897959": 1.7172783631447253e-05, "7.346938775510204": 8.45547054382223e-05, "4.6938775510204085": 1.301087094729425e-07, "5.918367346938775": 4.251651380404731e-06, "4.4897959183673475": 6.480297076727481e-08, "6.73469387755102": 2.6262149608102803e-05, "7.755102040816327": 0.0001705303208027198, "7.142857142857143": 5.821492853008703e-05, "7.551020408163265": 0.00012095036469583764, "4.081632653061225": 1.4147720217572157e-08, "4.285714285714286": 3.097227796455826e-08, "7.959183673469388": 0.00023716590590872055, "8.36734693877551": 0.0004414935715024715, "8.571428571428571": 0.0005916880164178462, "9.387755102040817": 0.0017159860997127963, "8.775510204081632": 0.0007841791670841758, "9.183673469387756": 0.001334811334452013, "8.16326530612245": 0.00032558568560214773, "9.795918367346939": 0.0027594158515668044, "8.979591836734695": 0.0010283005137894374, "10.0": 0.0034543419758545912, "9.591836734693878": 0.002185686996930003}