{"0.20408163265306123": 0.0, "1.2244897959183674": 4.440892098500626e-16, "0.8163265306122449": 6.5503158452884236e-15, "0.6122448979591837": 0.0, "1.0204081632653061": 3.1397107136399427e-13, "0.0": 0.0, "0.40816326530612246": -4.3076653355456074e-14, "1.4285714285714286": 1.942890293094024e-14, "2.2448979591836737": 9.690248603533291e-12, "2.857142857142857": 0.024804508766658184, "2.4489795918367347": 7.105593891054696e-11, "2.6530612244897958": 8.562740516637746e-10, "3.0612244897959187": 0.07116967544764974, "4.081632653061225": 0.2567958775562864, "2.0408163265306123": 1.1706524638555038e-11, "1.836734693877551": 2.0983215165415459e-13, "3.2653061224489797": 0.11388744825283192, "4.285714285714286": 0.2870545722820904, "4.4897959183673475": 0.31557052262186436, "1.6326530612244898": 3.042455176682779e-12, "3.4693877551020407": 0.15344580929121432, "3.673469387755102": 0.19024147006121395, "3.8775510204081636": 0.2246009346738066, "4.8979591836734695": 0.3680125485937188, "5.1020408163265305": 0.39220426837151534, "4.6938775510204085": 0.34250907466659786, "5.714285714285714": 0.4579200735263096, "6.326530612244898": 0.5150089499925934, "5.3061224489795915": 0.41519176043454487, "5.510204081632653": 0.4370693176991749, "5.918367346938775": 0.4778176933353071, "6.122448979591837": 0.4968277650349908, "6.530612244897959": 0.532413942696035, "6.938775510204081": 0.5650809917819778, "6.73469387755102": 0.5490902743743766, "7.142857142857143": 0.5804252320337522, "7.346938775510204": 0.595158712397711, "7.755102040816327": 0.6229216185863509, "7.551020408163265": 0.6093141493582583, "8.16326530612245": 0.6486015722127927, "8.571428571428571": 0.6723971522712253, "8.979591836734695": 0.6944806825343239, "8.775510204081632": 0.6836430241683219, "9.591836734693878": 0.7247223044023003, "9.183673469387756": 0.7049284352995719, "9.387755102040817": 0.7150035400004235, "8.36734693877551": 0.660723592736915, "9.795918367346939": 0.7341001737896562, "7.959183673469388": 0.6360088652335038, "10.0": 0.7431518065021714}