{"0.20408163265306123": 0.0, "1.2244897959183674": 1.1102230246251565e-15, "0.8163265306122449": 2.275957200481571e-14, "0.6122448979591837": 0.0, "1.0204081632653061": 1.0462741784067475e-12, "0.0": 0.0, "0.40816326530612246": -1.438849039914203e-13, "2.2448979591836737": 3.10992342988925e-11, "1.4285714285714286": 6.439293542825908e-14, "2.857142857142857": 0.08031532669431907, "2.4489795918367347": 2.312093849710095e-10, "2.6530612244897958": 2.831188727903111e-09, "3.0612244897959187": 0.21815387817778986, "4.081632653061225": 0.6281563473898486, "1.836734693877551": 6.66799948589869e-13, "2.0408163265306123": 3.8804737201303396e-11, "3.2653061224489797": 0.331713079296714, "4.4897959183673475": 0.717449741797322, "4.285714285714286": 0.6762665027431394, "1.6326530612244898": 1.0137335415549842e-11, "3.4693877551020407": 0.4260828353687872, "3.8775510204081636": 0.5716972001426547, "3.673469387755102": 0.5050988764358892, "6.326530612244898": 0.910371008400814, "4.8979591836734695": 0.783381807074526, "5.1020408163265305": 0.809807979708184, "4.6938775510204085": 0.7528469809997147, "5.714285714285714": 0.8701191575703173, "6.530612244897959": 0.9206507609998553, "5.3061224489795915": 0.8327452280549476, "5.510204081632653": 0.8527065357169586, "5.918367346938775": 0.885340965912701, "6.73469387755102": 0.929697333768086, "6.122448979591837": 0.8986732783132584, "6.938775510204081": 0.9376689755904212, "8.979591836734695": 0.9807812435574931, "8.775510204081632": 0.9784164357536748, "8.571428571428571": 0.9757539767690132, "9.591836734693878": 0.9864121554421489, "8.16326530612245": 0.9693747464370355, "7.142857142857143": 0.9447016655144669, "9.183673469387756": 0.982882645457878, "7.346938775510204": 0.9509126157999405, "7.551020408163265": 0.9564031557747807, "7.755102040816327": 0.9612611184783896, "9.387755102040817": 0.9847507697932141, "8.36734693877551": 0.9727548895624882, "9.795918367346939": 0.9878902057084389, "10.0": 0.9892055799668084, "7.959183673469388": 0.9655628256526295}