{"0.20408163265306123": 0.0, "0.8163265306122449": 2.919886554764162e-14, "1.2244897959183674": 1.5543122344752192e-15, "0.6122448979591837": 0.0, "1.0204081632653061": 1.3602452497707418e-12, "0.40816326530612246": -1.8696155734687636e-13, "0.0": 0.0, "2.2448979591836737": 4.0789371880123326e-11, "2.857142857142857": 0.10511983546097725, "1.4285714285714286": 8.382183835919932e-14, "2.4489795918367347": 3.02265212859254e-10, "2.6530612244897958": 3.6874626685445833e-09, "3.0612244897959187": 0.2893235536254396, "4.081632653061225": 0.884952224946135, "1.836734693877551": 8.766321002440236e-13, "2.0408163265306123": 5.0511261839858435e-11, "3.2653061224489797": 0.44560052754954593, "4.4897959183673475": 1.0330202644191864, "4.285714285714286": 0.9633210750252298, "1.6326530612244898": 1.3179679569930158e-11, "3.4693877551020407": 0.5795286446600014, "3.8775510204081636": 0.7962981348164614, "3.673469387755102": 0.6953403464971032, "6.326530612244898": 1.4253799583934073, "4.8979591836734695": 1.1513943556682449, "6.530612244897959": 1.4530647036958904, "4.6938775510204085": 1.0953560556663127, "5.714285714285714": 1.328039231096627, "5.1020408163265305": 1.2020122480796993, "5.3061224489795915": 1.2479369884894922, "5.510204081632653": 1.2897758534161337, "6.73469387755102": 1.4787876081424627, "5.918367346938775": 1.363158659248008, "6.122448979591837": 1.395501043348249, "6.938775510204081": 1.5027499673723992, "8.775510204081632": 1.6620594599219967, "8.979591836734695": 1.675261926091817, "9.591836734693878": 1.7111344598444491, "8.16326530612245": 1.6179763186498282, "8.571428571428571": 1.6481511290402384, "7.142857142857143": 1.525126897548219, "9.183673469387756": 1.6878110807574498, "7.346938775510204": 1.5460713281976517, "7.551020408163265": 1.565717305133039, "7.755102040816327": 1.5841827370647403, "9.387755102040817": 1.6997543097936376, "9.795918367346939": 1.721990379498095, "8.36734693877551": 1.6334784822994033, "10.0": 1.7323573864689799, "7.959183673469388": 1.6015716908861335}