{"0.0": 0.0, "0.40816326530612246": 9.75608741302658e-08, "0.20408163265306123": 4.4444431557552766e-08, "0.6122448979591837": 1.6216192105817544e-07, "0.8163265306122449": 2.424238608180541e-07, "1.0204081632653061": 3.448270516868417e-07, "1.4285714285714286": 6.666633195954341e-07, "1.2244897959183674": 4.79999225962223e-07, "1.6326530612244898": 9.411721066866101e-07, "1.836734693877551": 1.384607668795302e-06, "2.0408163265306123": 2.222187293773965e-06, "2.4489795918367347": 2.3983132375919726e-05, "2.2448979591836737": 4.3998569990489166e-06, "2.6530612244897958": 0.11312773630778811, "3.0612244897959187": 0.34276105821821795, "2.857142857142857": 0.23912440073235053, "3.2653061224489797": 0.4289117965863859, "3.4693877551020407": 0.5011885143792709, "3.8775510204081636": 0.6143925838021828, "3.673469387755102": 0.5623189046660984, "4.8979591836734695": 0.7853120076017884, "4.4897959183673475": 0.7308815184127899, "4.285714285714286": 0.6975252845442838, "4.081632653061225": 0.6590351613072557, "4.6938775510204085": 0.7599222630865126, "5.1020408163265305": 0.8075946172514967, "5.3061224489795915": 0.8272180069027231, "5.714285714285714": 0.8599153055075435, "5.510204081632653": 0.8445546464648704, "6.122448979591837": 0.8857140807264688, "5.918367346938775": 0.87356155269232, "6.326530612244898": 0.8965604301154216, "6.73469387755102": 0.9149509731131064, "6.530612244897959": 0.9062605285860916, "6.938775510204081": 0.9227492510503625, "7.142857142857143": 0.9297561992706043, "7.755102040816327": 0.9468401822229211, "7.551020408163265": 0.9417320024673093, "7.346938775510204": 0.9360588390949364, "8.16326530612245": 0.9555749569713547, "7.959183673469388": 0.9514387597372256, "8.775510204081632": 0.9655789373641539, "8.36734693877551": 0.9592889414914519, "8.571428571428571": 0.9626143292770362, "9.387755102040817": 0.9725080338422043, "9.183673469387756": 0.9705106230663236, "8.979591836734695": 0.9682052225689438, "9.591836734693878": 0.9742060609501987, "9.795918367346939": 0.9756092311298282, "10.0": 0.9767183747197555}