{"0.0": 0.0, "0.40816326530612246": 3.9024349652106315e-08, "0.20408163265306123": 1.7777772623021107e-08, "0.6122448979591837": 6.486476842327018e-08, "0.8163265306122449": 9.696954432722161e-08, "1.0204081632653061": 1.379308206747367e-07, "1.4285714285714286": 2.666653278381738e-07, "1.2244897959183674": 1.9199969038488922e-07, "1.6326530612244898": 3.764688426746441e-07, "1.836734693877551": 5.538430675181206e-07, "2.0408163265306123": 8.88874917509586e-07, "2.4489795918367347": 9.593252950367887e-06, "2.2448979591836737": 1.759942799619566e-06, "2.6530612244897958": 0.04525109452311524, "3.0612244897959187": 0.1371044232872872, "2.857142857142857": 0.09564976029294019, "3.2653061224489797": 0.1715647186345543, "3.4693877551020407": 0.20047540575170839, "3.8775510204081636": 0.2457570335208732, "3.673469387755102": 0.22492756186643925, "4.8979591836734695": 0.31412480304071544, "4.4897959183673475": 0.29235260736511604, "4.285714285714286": 0.2790101138177135, "4.081632653061225": 0.26361406452290226, "4.6938775510204085": 0.30396890523460496, "5.1020408163265305": 0.3230378469005988, "5.3061224489795915": 0.3308872027610891, "5.714285714285714": 0.34396612220301737, "5.510204081632653": 0.3378218585859483, "6.122448979591837": 0.35428563229058746, "5.918367346938775": 0.34942462107692807, "6.326530612244898": 0.3586241720461688, "6.73469387755102": 0.3659803892452426, "6.530612244897959": 0.3625042114344366, "6.938775510204081": 0.36909970042014506, "7.142857142857143": 0.37190247970824164, "7.755102040816327": 0.37873607288916844, "7.551020408163265": 0.3766928009869236, "7.346938775510204": 0.37442353563797454, "8.16326530612245": 0.3822299827885418, "7.959183673469388": 0.3805755038948903, "8.775510204081632": 0.3862315749456615, "8.36734693877551": 0.38371557659658073, "8.571428571428571": 0.38504573171081447, "9.387755102040817": 0.3890032135368818, "9.183673469387756": 0.3882042492265294, "8.979591836734695": 0.3872820890275775, "9.591836734693878": 0.3896824243800795, "9.795918367346939": 0.39024369245193125, "10.0": 0.3906873498879022}