{"0.0": 0.0, "0.6122448979591837": 1.534919204146269e-07, "0.20408163265306123": 4.201866277213326e-08, "0.40816326530612246": 9.228505994676717e-08, "0.8163265306122449": 2.2964726797156241e-07, "1.0204081632653061": 3.269891111671256e-07, "1.4285714285714286": 6.34224974988631e-07, "1.2244897959183674": 4.5578704438398307e-07, "1.836734693877551": 1.326825537482221e-06, "1.6326530612244898": 8.978580208102954e-07, "2.0408163265306123": 2.14769238835142e-06, "2.2448979591836737": 4.349219599834589e-06, "2.6530612244897958": 0.11498689991061131, "2.4489795918367347": 2.9807032144832943e-05, "3.2653061224489797": 0.4148801766592848, "3.8775510204081636": 0.5956427980245718, "3.0612244897959187": 0.3322289428028872, "2.857142857142857": 0.23368213152759096, "3.673469387755102": 0.5444450141875635, "3.4693877551020407": 0.48481284305885713, "4.081632653061225": 0.6398683869799656, "4.285714285714286": 0.6782797301383469, "4.6938775510204085": 0.7411963688637906, "4.4897959183673475": 0.7118054342072793, "4.8979591836734695": 0.7670660285534117, "5.1020408163265305": 0.7899196049233697, "5.3061224489795915": 0.8101755773144756, "6.122448979591837": 0.8714426062092889, "5.714285714285714": 0.8442385469695186, "5.510204081632653": 0.8281839997302316, "5.918367346938775": 0.8585878012732283, "6.326530612244898": 0.882983102489104, "6.73469387755102": 0.9027169971811455, "6.530612244897959": 0.8933637158268845, "6.938775510204081": 0.9111575569127567, "7.142857142857143": 0.9187842328888552, "7.346938775510204": 0.9256827616203568, "7.551020408163265": 0.9319272203499813, "7.755102040816327": 0.9375817778508939, "7.959183673469388": 0.942701819383334, "8.16326530612245": 0.947334808731383, "8.36734693877551": 0.951521358579441, "8.571428571428571": 0.9552956602918834, "8.775510204081632": 0.9586862176618383, "9.183673469387756": 0.964403996979176, "8.979591836734695": 0.9617162495284621, "9.387755102040817": 0.9667631971700658, "9.591836734693878": 0.9688033159249977, "9.795918367346939": 0.9705297349617144, "10.0": 0.9719441460671404}