{"0.0": 0.0, "0.6122448979591837": 1.705465767841675e-07, "0.20408163265306123": 4.6687402971162385e-08, "0.40816326530612246": 1.0253895497069613e-07, "0.8163265306122449": 2.551636278240897e-07, "1.0204081632653061": 3.633212280300229e-07, "1.4285714285714286": 7.046943918243186e-07, "1.2244897959183674": 5.064300364919651e-07, "1.836734693877551": 1.4742504885316834e-06, "1.6326530612244898": 9.976199733602517e-07, "2.0408163265306123": 2.386324591218521e-06, "2.2448979591836737": 4.832465054400434e-06, "2.6530612244897958": 0.1269176245817539, "2.4489795918367347": 3.311886976172723e-05, "3.2653061224489797": 0.4487061797159752, "3.8775510204081636": 0.6343442348141529, "3.0612244897959187": 0.36152812870051393, "2.857142857142857": 0.2560127336081184, "3.673469387755102": 0.5825534333976431, "3.4693877551020407": 0.521412730426281, "4.081632653061225": 0.6785013433192061, "4.285714285714286": 0.7163689283836656, "4.6938775510204085": 0.7772873622049832, "4.4897959183673475": 0.7490132016151635, "4.8979591836734695": 0.8018813323466953, "5.1020408163265305": 0.8233575398412768, "5.3061224489795915": 0.8421774103538342, "6.122448979591837": 0.8976444880661266, "5.714285714285714": 0.8733123833243337, "5.510204081632653": 0.8587231283736764, "5.918367346938775": 0.8862115322146094, "6.326530612244898": 0.907800808594107, "6.73469387755102": 0.9249037473565442, "6.530612244897959": 0.916841540436261, "6.938775510204081": 0.9321048653289649, "7.142857142857143": 0.9385453294889727, "7.346938775510204": 0.9443114773135522, "7.551020408163265": 0.9494772785982202, "7.755102040816327": 0.9541062240702035, "7.959183673469388": 0.9582526043179467, "8.16326530612245": 0.961962508355207, "8.36734693877551": 0.9652749327135182, "8.571428571428571": 0.9682223259856695, "8.775510204081632": 0.9708313401977247, "9.183673469387756": 0.975114490911522, "8.979591836734695": 0.973123285963184, "9.387755102040817": 0.9768167667124811, "9.591836734693878": 0.9782376731125083, "9.795918367346939": 0.9793807388209429, "10.0": 0.9802458295029515}