{"0.0": 0.0, "0.6122448979591837": 1.603137829624432e-07, "0.20408163265306123": 4.388615885174491e-08, "0.40816326530612246": 9.638661795633875e-08, "0.8163265306122449": 2.3985381191257337e-07, "1.0204081632653061": 3.4152195791228456e-07, "1.4285714285714286": 6.624127417229058e-07, "1.2244897959183674": 4.7604424122717593e-07, "1.836734693877551": 1.3857955179020067e-06, "1.6326530612244898": 9.377628018302779e-07, "2.0408163265306123": 2.2431452694982603e-06, "2.2448979591836737": 4.5425177816609256e-06, "2.6530612244897958": 0.11975918977906837, "2.4489795918367347": 3.1131767191590655e-05, "3.2653061224489797": 0.4284105778819608, "3.8775510204081636": 0.6111233727404041, "3.0612244897959187": 0.34394861716193786, "2.857142857142857": 0.2426143723598019, "3.673469387755102": 0.5596883818715953, "3.4693877551020407": 0.4994527980058266, "4.081632653061225": 0.6553215695156618, "4.285714285714286": 0.6935154094364739, "4.6938775510204085": 0.7556327662002675, "4.4897959183673475": 0.7266885411704329, "4.8979591836734695": 0.7809921500707249, "5.1020408163265305": 0.8032947788905327, "5.3061224489795915": 0.8229763105302191, "6.122448979591837": 0.8819233589520239, "5.714285714285714": 0.8558680815114448, "5.510204081632653": 0.8403996511876096, "5.918367346938775": 0.8696372936497805, "6.326530612244898": 0.8929101849311053, "6.73469387755102": 0.9115916972513051, "6.530612244897959": 0.9027548456706351, "6.938775510204081": 0.9195364802792401, "7.142857142857143": 0.9266886715289022, "7.346938775510204": 0.9331342478976348, "7.551020408163265": 0.9389472436492768, "7.755102040816327": 0.9441915563386175, "8.16326530612245": 0.9531858885809126, "7.959183673469388": 0.948922133357179, "8.36734693877551": 0.9570227882330721, "8.571428571428571": 0.9604663265693976, "8.775510204081632": 0.963544266676193, "9.183673469387756": 0.9686881945521144, "8.979591836734695": 0.9662790641023509, "9.387755102040817": 0.9707846249870318, "9.591836734693878": 0.9725770588000019, "9.795918367346939": 0.9740701365054057, "10.0": 0.9752648194414647}