{"0.40816326530612246": 2.6020086739586184e-07, "0.20408163265306123": 1.1534265102159843e-07, "3.2653061224489797": 0.6577086950465983, "3.0612244897959187": 0.6006246935979421, "3.673469387755102": 0.7448501770642201, "1.0204081632653061": 1.0557387486291897e-06, "2.6530612244897958": 0.4462006343633945, "0.6122448979591837": 4.475661809573701e-07, "3.8775510204081636": 0.7783410181810023, "3.4693877551020407": 0.7051348447878978, "0.8163265306122449": 6.993655633190943e-07, "2.2448979591836737": 0.20731394054355132, "1.2244897959183674": 1.5989034765168347e-06, "1.6326530612244898": 4.480077096048796e-06, "1.4285714285714286": 2.5278741657723e-06, "1.836734693877551": 1.1218237886186427e-05, "0.0": 0.0, "2.857142857142857": 0.5312919363947419, "2.4489795918367347": 0.340497962971743, "4.285714285714286": 0.8310024975582393, "4.081632653061225": 0.8067578913845284, "4.4897959183673475": 0.8517894289619184, "5.510204081632653": 0.9204986931952309, "5.3061224489795915": 0.91029042617879, "5.714285714285714": 0.9294354842124187, "6.122448979591837": 0.9441751380247, "5.918367346938775": 0.9372780125948337, "4.6938775510204085": 0.8696906959794714, "6.530612244897959": 0.9556162887464816, "4.8979591836734695": 0.8851683425782676, "6.326530612244898": 0.9502524481909645, "6.938775510204081": 0.9645513786962215, "5.1020408163265305": 0.8985986659261921, "2.0408163265306123": 0.03668391001743681, "6.73469387755102": 0.9603569773021118, "7.346938775510204": 0.9715535409688753, "7.142857142857143": 0.9682649760822906, "7.551020408163265": 0.9744644820705908, "7.755102040816327": 0.9770379354693499, "8.571428571428571": 0.9845498895936607, "8.36734693877551": 0.9830429861398684, "9.183673469387756": 0.9877850674511021, "9.387755102040817": 0.98845640077333, "9.591836734693878": 0.9889262582103028, "10.0": 0.9892441846452261, "9.795918367346939": 0.9891910468758809, "8.979591836734695": 0.9869127023882064, "8.775510204081632": 0.9858364337554146, "7.959183673469388": 0.9793076455650488, "8.16326530612245": 0.981301676479617}