{"0.40816326530612246": 1.107237733599412e-07, "0.20408163265306123": 4.9081979158126995e-08, "3.2653061224489797": 0.2798760404453611, "3.0612244897959187": 0.2555849759991244, "3.673469387755102": 0.3169575221549875, "1.0204081632653061": 4.4925053133157014e-07, "2.6530612244897958": 0.18987261036740194, "0.6122448979591837": 1.904536940244129e-07, "3.8775510204081636": 0.3312089439068095, "3.4693877551020407": 0.3000573807608075, "0.8163265306122449": 2.976023673698275e-07, "2.2448979591836737": 0.08821869810363886, "1.2244897959183674": 6.8038445809227e-07, "1.6326530612244898": 1.906415785552679e-06, "1.4285714285714286": 1.0756911343711918e-06, "1.836734693877551": 4.7737182494410324e-06, "0.0": 0.0, "2.857142857142857": 0.2260816750615922, "2.4489795918367347": 0.14489275020074172, "4.285714285714286": 0.353618084067336, "4.081632653061225": 0.34330123037639515, "4.4897959183673475": 0.36246358679230567, "5.510204081632653": 0.39170157157243857, "5.3061224489795915": 0.3873576281611872, "5.714285714285714": 0.39550446136698664, "6.122448979591837": 0.40177665447859584, "5.918367346938775": 0.3988417074871632, "4.6938775510204085": 0.37008114722530683, "4.8979591836734695": 0.3766673798205393, "6.530612244897959": 0.40664522925382185, "6.326530612244898": 0.40436274391104876, "6.938775510204081": 0.41044739518988155, "5.1020408163265305": 0.3823824110324221, "2.0408163265306123": 0.015610174475505023, "6.73469387755102": 0.4086625435328136, "7.346938775510204": 0.41342703871015984, "7.142857142857143": 0.41202764939671943, "7.551020408163265": 0.4146657370513152, "7.755102040816327": 0.41576082360397865, "8.571428571428571": 0.41895739982708974, "8.36734693877551": 0.4183161643148376, "9.183673469387756": 0.42033407125578814, "9.387755102040817": 0.4206197450099276, "9.591836734693878": 0.42081968434480976, "10.0": 0.42095497218945793, "9.795918367346939": 0.42093236037271525, "8.979591836734695": 0.41996285208008766, "8.775510204081632": 0.41950486542783605, "7.959183673469388": 0.4167266576872548, "8.16326530612245": 0.4175751814806881}