{"0.40816326530612246": 1.494770940359206e-07, "0.20408163265306123": 6.626067186347143e-08, "3.2653061224489797": 0.37783265460123755, "3.0612244897959187": 0.3450397175988179, "3.673469387755102": 0.4278926549092329, "1.0204081632653061": 6.064882172976196e-07, "2.6530612244897958": 0.2563280239959926, "0.6122448979591837": 2.571124869329573e-07, "3.8775510204081636": 0.44713207427419277, "3.4693877551020407": 0.40507746402709033, "0.8163265306122449": 4.01763195949267e-07, "2.2448979591836737": 0.11909524243991246, "1.2244897959183674": 9.185190184245643e-07, "1.6326530612244898": 2.5736613104961157e-06, "1.4285714285714286": 1.4521830314011086e-06, "1.836734693877551": 6.444519636745394e-06, "0.0": 0.0, "2.857142857142857": 0.30521026133314966, "2.4489795918367347": 0.1956052127710013, "4.285714285714286": 0.4773844134909035, "4.081632653061225": 0.4634566610081334, "4.4897959183673475": 0.4893258421696126, "5.510204081632653": 0.528797121622792, "5.3061224489795915": 0.5229327980176026, "5.714285714285714": 0.5339310228454319, "6.122448979591837": 0.5423984835461043, "5.918367346938775": 0.5384363051076702, "4.6938775510204085": 0.4996095487541644, "6.530612244897959": 0.5489710594926593, "4.8979591836734695": 0.5085009627577279, "6.326530612244898": 0.5458897042799158, "6.938775510204081": 0.55410398350634, "5.1020408163265305": 0.5162162548937698, "2.0408163265306123": 0.02107373554193178, "6.73469387755102": 0.5516944337692985, "7.346938775510204": 0.5581265022587156, "7.142857142857143": 0.5562373266855712, "7.551020408163265": 0.5597987450192756, "7.755102040816327": 0.561277111865371, "8.571428571428571": 0.5655924897665711, "8.36734693877551": 0.564726821825031, "9.183673469387756": 0.567450996195314, "9.387755102040817": 0.5678366557634023, "9.591836734693878": 0.5681065738654931, "10.0": 0.5682892124557682, "9.795918367346939": 0.5682586865031656, "8.979591836734695": 0.5669498503081185, "8.775510204081632": 0.5663315683275789, "7.959183673469388": 0.5625809878777941, "8.16326530612245": 0.5637264949989288}