{"1.6326530612244898": 8.658918033755232e-07, "1.0204081632653061": 6.810390952710125e-07, "0.40816326530612246": 5.599087744277498e-07, "0.6122448979591837": 5.953564029452383e-07, "2.0408163265306123": 1.0544646897425145e-06, "0.20408163265306123": 5.283218067065282e-07, "0.8163265306122449": 6.354142336954542e-07, "1.4285714285714286": 7.943525344938509e-07, "1.2244897959183674": 7.334720742751242e-07, "2.6530612244897958": 1.556636751381746e-06, "2.2448979591836737": 1.1822494579931601e-06, "1.836734693877551": 9.51146435100166e-07, "3.0612244897959187": 2.2668544077122308e-06, "0.0": 5e-07, "2.857142857142857": 1.846723486524548e-06, "3.4693877551020407": 4.130206957045466e-06, "2.4489795918367347": 1.3443343442112556e-06, "3.2653061224489797": 2.929608706816829e-06, "3.673469387755102": 6.969584720638325e-06, "3.8775510204081636": 2.200237551952636e-05, "4.6938775510204085": 0.300869470261753, "4.285714285714286": 0.1479788506541027, "5.1020408163265305": 0.42029237350602044, "6.530612244897959": 0.6798546273652745, "4.8979591836734695": 0.36413643856621497, "5.3061224489795915": 0.47032304098247774, "7.142857142857143": 0.7461571273741836, "4.4897959183673475": 0.22930028785192855, "4.081632653061225": 0.055131469576039954, "5.714285714285714": 0.5551619768528224, "5.918367346938775": 0.5912405172743423, "5.510204081632653": 0.5150499144993509, "6.326530612244898": 0.6531966797316356, "7.551020408163265": 0.781218692851614, "6.122448979591837": 0.6237786316908804, "7.346938775510204": 0.7644766453983655, "6.938775510204081": 0.7260857570613024, "7.755102040816327": 0.7965350914096881, "6.73469387755102": 0.704061969519937, "7.959183673469388": 0.8105581060261212, "8.16326530612245": 0.8234029445178366, "10.0": 0.8987574464764007, "9.591836734693878": 0.8872513628183542, "9.387755102040817": 0.8804952888144002, "8.571428571428571": 0.845945834508338, "9.795918367346939": 0.8933301656908998, "8.775510204081632": 0.8558061940296435, "9.183673469387756": 0.8730297961522236, "8.979591836734695": 0.8648157222080932, "8.36734693877551": 0.835169846216211}