{"1.6326530612244898": 7.780714323880022e-07, "1.0204081632653061": 6.386531753475431e-07, "0.40816326530612246": 5.462186286752791e-07, "0.6122448979591837": 5.733904659614594e-07, "2.0408163265306123": 9.191129026953046e-07, "0.20408163265306123": 5.21901081949549e-07, "1.4285714285714286": 7.24290507076861e-07, "0.8163265306122449": 6.039675702922421e-07, "1.2244897959183674": 6.783593034704114e-07, "2.6530612244897958": 1.2919236092763983e-06, "2.2448979591836737": 1.0142707655839188e-06, "1.836734693877551": 8.419475166160955e-07, "3.0612244897959187": 1.8163257151998512e-06, "0.0": 5e-07, "2.857142857142857": 1.5063566418204364e-06, "3.4693877551020407": 3.1877474858464237e-06, "2.4489795918367347": 1.1346439690881298e-06, "3.2653061224489797": 2.3045146995754905e-06, "3.673469387755102": 5.2746015960592725e-06, "3.8775510204081636": 1.6316900916918745e-05, "4.6938775510204085": 0.2328885361332874, "4.285714285714286": 0.1113766829751277, "5.1020408163265305": 0.33336564994135626, "6.530612244897959": 0.5753606459394637, "4.8979591836734695": 0.28543802099015503, "5.3061224489795915": 0.37719272210264326, "7.142857142857143": 0.6446897118088387, "4.4897959183673475": 0.17510729028724234, "4.081632653061225": 0.04085142575550885, "5.714285714285714": 0.4542761547683112, "5.918367346938775": 0.4882552282934205, "5.510204081632653": 0.4173672391942914, "6.326530612244898": 0.54855732487148, "7.551020408163265": 0.6831771191405288, "6.122448979591837": 0.5195970058989198, "7.346938775510204": 0.6646210144037804, "6.938775510204081": 0.6232628640505959, "7.755102040816327": 0.700464476434618, "6.73469387755102": 0.6002044474933041, "7.959183673469388": 0.7165771414165056, "8.16326530612245": 0.7315980460785467, "10.0": 0.8270018589092288, "9.591836734693878": 0.8112418004375207, "9.387755102040817": 0.8022822489598938, "8.571428571428571": 0.7586470253377033, "9.795918367346939": 0.8194757989091989, "8.775510204081632": 0.7707943361285936, "9.183673469387756": 0.7925743750864607, "8.979591836734695": 0.7820898479765515, "8.36734693877551": 0.7456000817935619}