{"0.20408163265306123": 2.3141488725286764e-13, "0.40816326530612246": 4.73232564246473e-14, "0.6122448979591837": 9.209244478114442e-12, "3.0612244897959187": 0.5041792825545057, "3.673469387755102": 0.6261871661448446, "0.8163265306122449": 3.2948643813313083e-13, "3.8775510204081636": 0.6563601759057712, "1.2244897959183674": 2.5208872211912593e-10, "1.0204081632653061": 1.5708467859809618e-11, "3.2653061224489797": 0.5512757484310155, "3.4693877551020407": 0.5915000832061678, "1.4285714285714286": 1.3260081921373513e-11, "2.857142857142857": 0.4484416292674909, "2.6530612244897958": 0.38167614615524137, "1.6326530612244898": 4.297198152869442e-11, "2.0408163265306123": 0.07487413984264568, "2.4489795918367347": 0.3005964282178713, "2.2448979591836737": 0.20056850709511628, "1.836734693877551": 8.130826012475723e-11, "0.0": 0.0, "4.081632653061225": 0.6828143400122294, "4.4897959183673475": 0.7269413232870725, "5.1020408163265305": 0.777308108568788, "5.510204081632653": 0.8035216312020987, "4.6938775510204085": 0.7455122223272235, "6.73469387755102": 0.8602716746332625, "5.3061224489795915": 0.7910172536448576, "6.326530612244898": 0.8441870515897025, "6.530612244897959": 0.8525199135730921, "6.938775510204081": 0.8675002498294638, "6.122448979591837": 0.8352059497781013, "4.8979591836734695": 0.7622126749110667, "5.714285714285714": 0.8149728699695619, "4.285714285714286": 0.7061754194331806, "5.918367346938775": 0.8254984041943563, "7.142857142857143": 0.8742558290217062, "7.551020408163265": 0.8865172748287491, "7.959183673469388": 0.8973445297185756, "7.755102040816327": 0.8920948892717688, "7.346938775510204": 0.8805821034586723, "8.16326530612245": 0.9022923929376383, "8.571428571428571": 0.9113734629261334, "9.183673469387756": 0.9232396868703947, "8.775510204081632": 0.9155461031759232, "8.36734693877551": 0.9069617722796379, "8.979591836734695": 0.9194964627268422, "9.387755102040817": 0.9267895038908389, "10.0": 0.9363980714008141, "9.795918367346939": 0.9333577783492695, "9.591836734693878": 0.9301584016574804}