{"0.40816326530612246": 5.433637159806376e-07, "0.20408163265306123": 5.208116416434505e-07, "0.6122448979591837": 5.678823850739322e-07, "0.8163265306122449": 5.946347109472896e-07, "1.4285714285714286": 6.918023041069213e-07, "1.0204081632653061": 6.239383363443338e-07, "3.8775510204081636": 1.9044517157861457e-06, "3.0612244897959187": 1.2088539853235952e-06, "2.857142857142857": 1.1067723552685297e-06, "1.6326530612244898": 7.313851724909406e-07, "2.2448979591836737": 8.817122634610812e-07, "3.4693877551020407": 1.480307688037302e-06, "1.2244897959183674": 6.561740516212455e-07, "1.836734693877551": 7.756160400442385e-07, "2.0408163265306123": 8.253603086797971e-07, "2.6530612244897958": 1.0202839329561752e-06, "3.673469387755102": 1.6662458213131975e-06, "0.0": 5e-07, "2.4489795918367347": 9.460760909695518e-07, "3.2653061224489797": 1.3311501085772237e-06, "4.285714285714286": 2.6600443351274636e-06, "4.081632653061225": 2.220525439248538e-06, "4.6938775510204085": 4.383333369122624e-06, "7.551020408163265": 0.5328135995352928, "6.530612244897959": 0.3502928302689916, "4.4897959183673475": 3.312772108406804e-06, "7.346938775510204": 0.5021178868862981, "6.938775510204081": 0.43261750364942697, "7.142857142857143": 0.4688097391682171, "6.326530612244898": 0.3033951933633824, "6.73469387755102": 0.39323054357939224, "6.122448979591837": 0.25206590772527887, "5.714285714285714": 0.1338415971538714, "4.8979591836734695": 6.461332541113729e-06, "5.918367346938775": 0.19575923383103652, "7.755102040816327": 0.5611348684470335, "5.1020408163265305": 1.2230470595048408e-05, "5.3061224489795915": 0.00010851847383572429, "5.510204081632653": 0.0655771370253325, "7.959183673469388": 0.587290465483704, "8.571428571428571": 0.654486845361691, "8.36734693877551": 0.6338153898201622, "8.775510204081632": 0.6736017950453954, "9.387755102040817": 0.7226221009425329, "9.183673469387756": 0.7075812675201453, "8.16326530612245": 0.6114636669440082, "10.0": 0.7607708016356711, "9.795918367346939": 0.7491607888067067, "8.979591836734695": 0.6912684781146219, "9.591836734693878": 0.7364617255745007}