{"0.40816326530612246": 5.340551402758333e-07, "0.20408163265306123": 5.163779814324265e-07, "0.6122448979591837": 5.53198540094102e-07, "0.8163265306122449": 5.740053972764309e-07, "1.0204081632653061": 5.967102154684696e-07, "1.4285714285714286": 6.489966588062426e-07, "3.8775510204081636": 1.558041031169017e-06, "3.0612244897959187": 1.0399366294845356e-06, "2.857142857142857": 9.63394940370268e-07, "1.6326530612244898": 6.793327276391345e-07, "2.2448979591836737": 7.937320063141696e-07, "3.4693877551020407": 1.2426789676692204e-06, "1.2244897959183674": 6.215940468668394e-07, "1.836734693877551": 7.131137060350197e-07, "2.0408163265306123": 7.509778264780846e-07, "2.6530612244897958": 8.983671563881472e-07, "3.673469387755102": 1.381088712853971e-06, "0.0": 5e-07, "2.4489795918367347": 8.424115521870432e-07, "3.2653061224489797": 1.1313983409532028e-06, "4.285714285714286": 2.117758204757735e-06, "4.081632653061225": 1.7924017280721766e-06, "4.6938775510204085": 3.3906976139871425e-06, "7.551020408163265": 0.42094176603373923, "6.530612244897959": 0.26866407196127556, "4.4897959183673475": 2.600259521559946e-06, "7.346938775510204": 0.3944679712898189, "6.938775510204081": 0.33591625330782293, "7.142857142857143": 0.36618144374038053, "6.326530612244898": 0.23121128100765698, "6.73469387755102": 0.3034827894762549, "6.122448979591837": 0.19083832268265302, "5.714285714285714": 0.09996015452710487, "5.918367346938775": 0.14721521524178297, "4.8979591836734695": 4.92356237939981e-06, "7.755102040816327": 0.44574813525678864, "5.1020408163265305": 9.176519246395914e-06, "5.510204081632653": 0.0486316521289091, "5.3061224489795915": 8.013501528859945e-05, "7.959183673469388": 0.4690143091122716, "8.571428571428571": 0.5306152127135828, "8.36734693877551": 0.5113570436075416, "8.775510204081632": 0.5486992078971691, "9.387755102040817": 0.5964894106445208, "9.183673469387756": 0.5815869310008908, "8.16326530612245": 0.49085157008027314, "10.0": 0.6354615702081484, "9.795918367346939": 0.6233995267873631, "8.979591836734695": 0.5656719143187531, "9.591836734693878": 0.6104168037691781}