{"0.40816326530612246": 5.226779921921836e-07, "0.20408163265306123": 5.109590633967303e-07, "0.6122448979591837": 5.352516184520871e-07, "0.8163265306122449": 5.487917916787147e-07, "1.4285714285714286": 5.966786478831908e-07, "1.0204081632653061": 5.634314010646357e-07, "3.8775510204081636": 1.1346501944147487e-06, "3.0612244897959187": 8.334820834590184e-07, "2.857142857142857": 7.881558777168371e-07, "1.6326530612244898": 6.157130728202603e-07, "2.2448979591836737": 6.862005809123887e-07, "3.4693877551020407": 9.522438649971205e-07, "1.2244897959183674": 5.793295966114541e-07, "1.836734693877551": 6.367219644681966e-07, "2.0408163265306123": 6.600659037871025e-07, "2.6530612244897958": 7.493577628050017e-07, "3.673469387755102": 1.0325633580704716e-06, "0.0": 5e-07, "2.4489795918367347": 7.157104492306439e-07, "3.2653061224489797": 8.872572916349548e-07, "4.285714285714286": 1.4549640454169545e-06, "4.081632653061225": 1.2691394144121792e-06, "4.6938775510204085": 2.17747613548822e-06, "7.551020408163265": 0.2842095250873959, "6.530612244897959": 0.16889558958517817, "4.4897959183673475": 1.7294108043026738e-06, "7.346938775510204": 0.26289585222745543, "6.938775510204081": 0.21772583622364025, "7.142857142857143": 0.24074686043969135, "6.326530612244898": 0.1429864992395481, "6.73469387755102": 0.19379109001686473, "6.122448979591837": 0.11600460763055474, "5.714285714285714": 0.05854950242772356, "4.8979591836734695": 3.044065515082799e-06, "5.918367346938775": 0.08788363696602859, "7.755102040816327": 0.30471990580204483, "5.1020408163265305": 5.443912042487307e-06, "5.510204081632653": 0.027920503922169382, "5.3061224489795915": 4.544412150878019e-05, "7.959183673469388": 0.32445456243607645, "8.571428571428571": 0.3792165505881171, "8.36734693877551": 0.3616857315698943, "8.775510204081632": 0.3960404902715591, "9.387755102040817": 0.442327233613617, "9.183673469387756": 0.42759385303291303, "8.16326530612245": 0.3434367850245968, "10.0": 0.48230584290784284, "9.795918367346939": 0.46969131765260963, "8.979591836734695": 0.41216500301269116, "9.591836734693878": 0.45636189934045035}