{"0.0": 0.0, "0.20408163265306123": 8.045973610943936e-08, "0.40816326530612246": 1.8421023677746975e-07, "1.0204081632653061": 8.139508909262526e-07, "0.8163265306122449": 5.185170746355743e-07, "0.6122448979591837": 3.2307615037315985e-07, "1.2244897959183674": 1.3124943837152204e-06, "1.4285714285714286": 2.333294766584185e-06, "2.4489795918367347": 0.5219086251822582, "1.6326530612244898": 5.59977928865588e-06, "2.0408163265306123": 0.23989201882291222, "2.2448979591836737": 0.4004801897146457, "1.836734693877551": 0.023345352137819835, "2.6530612244897958": 0.6152292715587777, "3.0612244897959187": 0.7452055583682239, "2.857142857142857": 0.6879249421392929, "3.673469387755102": 0.8569151459081767, "3.4693877551020407": 0.8273548200559553, "3.8775510204081636": 0.8809608809363452, "3.2653061224489797": 0.790783195507645, "4.081632653061225": 0.9006307818257908, "4.285714285714286": 0.9168007878165995, "5.3061224489795915": 0.9645353558124775, "4.4897959183673475": 0.9301522026002434, "4.8979591836734695": 0.9504254146101823, "4.6938775510204085": 0.9412194323887331, "5.714285714285714": 0.9744621709344886, "5.1020408163265305": 0.9581072808334388, "5.510204081632653": 0.9699279822201248, "5.918367346938775": 0.978282305730718, "6.122448979591837": 0.9815064576049799, "6.326530612244898": 0.9842316139717024, "6.530612244897959": 0.9865376086558888, "6.73469387755102": 0.9884901919279866, "7.142857142857143": 0.9915425473192817, "6.938775510204081": 0.9901436289661868, "7.346938775510204": 0.9927235803152383, "7.551020408163265": 0.9937165330685086, "7.755102040816327": 0.9945454063697922, "7.959183673469388": 0.9952291505638217, "8.16326530612245": 0.9957822538691903, "8.36734693877551": 0.9962152522253944, "8.775510204081632": 0.9967453092886456, "8.571428571428571": 0.9965350657733345, "8.979591836734695": 0.9968465076953876, "9.387755102040817": 0.9967094224565829, "9.183673469387756": 0.996836264958751, "9.795918367346939": 0.9960721727054406, "9.591836734693878": 0.9964581743302906, "10.0": 0.9955386495674855}