{"0.0": 0.0, "0.20408163265306123": 5.632181576214025e-08, "0.40816326530612246": 1.2894716828923493e-07, "1.0204081632653061": 5.697656733371008e-07, "0.8163265306122449": 3.6296197240940403e-07, "0.6122448979591837": 2.2615331308957807e-07, "1.2244897959183674": 9.187461977988524e-07, "1.4285714285714286": 1.6333067449292409e-06, "2.4489795918367347": 0.39389853840324185, "1.6326530612244898": 3.919847853880308e-06, "2.0408163265306123": 0.17285177675258756, "2.2448979591836737": 0.2956200882426029, "1.836734693877551": 0.01638310610933465, "2.6530612244897958": 0.47391236712318685, "3.0612244897959187": 0.5952192196846088, "2.857142857142857": 0.5399879056895784, "3.673469387755102": 0.7158067068261962, "3.4693877551020407": 0.6816383686422347, "3.8775510204081636": 0.7453720769545188, "3.2653061224489797": 0.6418719372830435, "4.081632653061225": 0.7711150169458205, "4.285714285714286": 0.7936546869333135, "5.3061224489795915": 0.87282263325393, "4.4897959183673475": 0.8134885125269061, "4.8979591836734695": 0.8465782481154079, "4.6938775510204085": 0.8310196314361655, "5.714285714285714": 0.8939047694858261, "5.1020408163265305": 0.8604370535014925, "5.510204081632653": 0.8839251680723599, "5.918367346938775": 0.9028974809475997, "6.122448979591837": 0.9110191192603916, "6.326530612244898": 0.9183690157143005, "6.530612244897959": 0.9250326314164565, "6.73469387755102": 0.9310835390468276, "7.142857142857143": 0.9415936854233694, "6.938775510204081": 0.9365855308785486, "7.346938775510204": 0.9461557929056634, "7.551020408163265": 0.9503130408734461, "7.755102040816327": 0.9541009291480749, "7.959183673469388": 0.95754981080252, "8.16326530612245": 0.9606852812082836, "8.36734693877551": 0.9635287292824773, "8.775510204081632": 0.968405160336577, "8.571428571428571": 0.9660974802747394, "8.979591836734695": 0.9704618544291066, "9.387755102040817": 0.9738456842137465, "9.183673469387756": 0.9722742119929502, "9.795918367346939": 0.9762642766659013, "9.591836734693878": 0.9751766090550649, "10.0": 0.9771031571442}