{"0.0": 0.0, "0.20408163265306123": 4.022986886394086e-08, "0.40816326530612246": 9.210512263041164e-08, "1.0204081632653061": 4.0697552827766654e-07, "0.8163265306122449": 2.592585709252904e-07, "0.6122448979591837": 1.6153808823385685e-07, "1.2244897959183674": 6.5624740718794e-07, "1.4285714285714286": 1.166648063825945e-06, "2.4489795918367347": 0.30855848055056423, "1.6326530612244898": 2.7998935640299253e-06, "2.0408163265306123": 0.12815828203903776, "2.2448979591836737": 0.22571335392790767, "1.836734693877551": 0.011741608757011204, "2.6530612244897958": 0.3797010974994593, "3.0612244897959187": 0.4952283272288655, "2.857142857142857": 0.4413632147231021, "3.673469387755102": 0.6217344141048758, "3.4693877551020407": 0.5844940676997543, "3.8775510204081636": 0.6549795409666352, "3.2653061224489797": 0.5425977651333092, "4.081632653061225": 0.6847711736925074, "4.285714285714286": 0.7115572863444561, "5.3061224489795915": 0.8116808182148983, "4.4897959183673475": 0.7357127191446816, "4.8979591836734695": 0.7773468037855589, "4.6938775510204085": 0.7575530974677874, "5.714285714285714": 0.8401998351867175, "5.1020408163265305": 0.795323568613528, "5.510204081632653": 0.8265899586405164, "5.918367346938775": 0.8526409310921874, "6.122448979591837": 0.864027560363999, "6.326530612244898": 0.8744606168760326, "6.530612244897959": 0.8840293132568349, "6.73469387755102": 0.892812437126055, "7.142857142857143": 0.9082944441594275, "6.938775510204081": 0.9008801321534567, "7.346938775510204": 0.9151106012992796, "7.551020408163265": 0.9213773794100713, "7.755102040816327": 0.9271379443335966, "7.959183673469388": 0.9324302509616521, "8.16326530612245": 0.9372872994343455, "8.36734693877551": 0.9417377139871992, "8.775510204081632": 0.9495117277018645, "8.571428571428571": 0.9458057566090097, "8.979591836734695": 0.9528720855849192, "9.387755102040817": 0.9586031920518554, "9.183673469387756": 0.9558995100157491, "9.795918367346939": 0.9630590126395419, "9.591836734693878": 0.9609888988715815, "10.0": 0.9648128288620099}