{"0.20408163265306123": 0.0, "0.0": 0.0, "1.4285714285714286": 0.0, "0.6122448979591837": 0.0, "0.40816326530612246": 0.0, "0.8163265306122449": 0.0, "1.0204081632653061": 0.0, "1.6326530612244898": 0.0, "3.2653061224489797": 0.15423953707884874, "3.8775510204081636": 0.36370691913748787, "3.4693877551020407": 0.23328983184503682, "1.2244897959183674": 0.0, "3.673469387755102": 0.3025862602017863, "3.0612244897959187": 0.06347010489074248, "2.0408163265306123": 0.0, "1.836734693877551": 0.0, "2.2448979591836737": 0.0, "2.4489795918367347": 2e-323, "4.081632653061225": 0.41789620041878633, "4.4897959183673475": 0.5093712959474228, "2.6530612244897958": 4e-323, "4.285714285714286": 0.4661761052243523, "2.857142857142857": -7e-323, "4.6938775510204085": 0.5481692932696218, "5.1020408163265305": 0.6147692142532365, "5.510204081632653": 0.6695372775803529, "5.3061224489795915": 0.643453437390748, "4.8979591836734695": 0.5831441939316502, "5.918367346938775": 0.7150464432638007, "5.714285714285714": 0.6933180140025985, "6.326530612244898": 0.7531975583371874, "6.122448979591837": 0.7349424109862008, "7.142857142857143": 0.8128219777458545, "6.938775510204081": 0.7996676904915209, "7.346938775510204": 0.8249871915283049, "6.530612244897959": 0.7699754083192705, "6.73469387755102": 0.7854233546508912, "7.551020408163265": 0.8362506300177112, "7.755102040816327": 0.8466921763260411, "8.16326530612245": 0.8653867597646021, "7.959183673469388": 0.8563835699193899, "8.571428571428571": 0.8815538253308297, "8.36734693877551": 0.8737600553892508, "8.775510204081632": 0.8888148885560018, "9.183673469387756": 0.9019036311842055, "9.591836734693878": 0.9133170561348687, "8.979591836734695": 0.8955857912480767, "9.387755102040817": 0.907803388723007, "9.795918367346939": 0.918472431025082, "10.0": 0.923296451874276}