{"0.20408163265306123": 0.0, "0.0": 0.0, "1.4285714285714286": 0.0, "0.6122448979591837": 0.0, "0.8163265306122449": 0.0, "0.40816326530612246": 0.0, "1.0204081632653061": 0.0, "1.6326530612244898": 0.0, "3.2653061224489797": 0.21283154016912528, "3.8775510204081636": 0.4757839825661383, "3.4693877551020407": 0.3157930814949049, "1.2244897959183674": 0.0, "3.673469387755102": 0.40239393164867465, "3.0612244897959187": 0.08942308495710315, "2.0408163265306123": 0.0, "1.836734693877551": 0.0, "2.2448979591836737": 0.0, "2.4489795918367347": 2.5e-323, "4.081632653061225": 0.5383781741823653, "4.4897959183673475": 0.6384082575519712, "2.6530612244897958": 5.4e-323, "4.285714285714286": 0.592086024300275, "2.857142857142857": -9.4e-323, "4.6938775510204085": 0.6785538684274, "5.1020408163265305": 0.7440395659986601, "5.510204081632653": 0.7943957398473764, "5.3061224489795915": 0.7708256137487974, "4.8979591836734695": 0.7135013039026733, "5.918367346938775": 0.8336181949394348, "5.714285714285714": 0.8152018904080816, "6.326530612244898": 0.864503590054145, "6.122448979591837": 0.8499623174430816, "7.142857142857143": 0.9087224283964095, "6.938775510204081": 0.8994223635976106, "7.346938775510204": 0.9170777282546496, "6.530612244897959": 0.8774681600597711, "6.73469387755102": 0.8890524317977438, "7.551020408163265": 0.9245951149054914, "7.755102040816327": 0.931368979749457, "8.16326530612245": 0.9430046161233376, "7.959183673469388": 0.9374818819942319, "8.571428571428571": 0.9525256936860345, "8.36734693877551": 0.9480009484985124, "8.775510204081632": 0.9566279969553583, "9.183673469387756": 0.9637336216503768, "9.591836734693878": 0.9696077844883039, "8.979591836734695": 0.9603513867065635, "9.387755102040817": 0.9668089211113781, "9.795918367346939": 0.9721567002012353, "10.0": 0.9744800852194013}