{"0.20408163265306123": 0.0, "0.0": 0.0, "1.4285714285714286": 0.0, "0.6122448979591837": 0.0, "0.8163265306122449": 0.0, "0.40816326530612246": 0.0, "1.0204081632653061": 0.0, "1.6326530612244898": 0.0, "3.2653061224489797": 0.17767633831495938, "3.8775510204081636": 0.40853774450894814, "3.4693877551020407": 0.2662911317049841, "1.2244897959183674": 0.0, "3.673469387755102": 0.3425093287805418, "3.0612244897959187": 0.07385129691728673, "2.0408163265306123": 0.0, "1.836734693877551": 0.0, "2.2448979591836737": 0.0, "2.4489795918367347": 2e-323, "4.081632653061225": 0.4660889899242181, "4.4897959183673475": 0.5609860805892424, "2.6530612244897958": 4.4e-323, "4.285714285714286": 0.5165400728547217, "2.857142857142857": -8.4e-323, "4.6938775510204085": 0.6003231233327333, "5.1020408163265305": 0.6664773549514056, "5.510204081632653": 0.7194806624871622, "5.3061224489795915": 0.6944023079339674, "4.8979591836734695": 0.6352870379200592, "5.918367346938775": 0.7624751439340539, "5.714285714285714": 0.7420715645647917, "6.326530612244898": 0.7977199710239704, "6.122448979591837": 0.7809503735689534, "7.142857142857143": 0.8511821580060768, "6.938775510204081": 0.8395695597339567, "7.346938775510204": 0.8618234062188428, "6.530612244897959": 0.8129725090154708, "6.73469387755102": 0.8268749855096322, "7.551020408163265": 0.8715884239728232, "7.755102040816327": 0.8805628976954072, "8.16326530612245": 0.8964339023080963, "7.959183673469388": 0.8888228947493265, "8.571428571428571": 0.9099425726729116, "8.36734693877551": 0.9034564126329554, "8.775510204081632": 0.9159401319157446, "9.183673469387756": 0.9266356273706741, "9.591836734693878": 0.9358333474762426, "8.979591836734695": 0.9214920294314715, "9.387755102040817": 0.9314056016783557, "9.795918367346939": 0.9399461386955431, "10.0": 0.9437699052123263}