{"0.20408163265306123": 9.481304630298837e-15, "0.40816326530612246": 6.27662366525783e-12, "0.6122448979591837": 3.0159603703339145e-10, "1.0204081632653061": 1.5336751868488816e-10, "0.8163265306122449": 7.46840367327195e-12, "1.4285714285714286": 2.507329899259503e-11, "2.2448979591836737": 1.221253120853305e-09, "1.2244897959183674": 9.962697333776305e-13, "1.6326530612244898": 3.71038999524842e-10, "1.836734693877551": 7.1682437763342935e-12, "3.4693877551020407": 0.19975098866689087, "3.673469387755102": 0.2732676650864101, "2.0408163265306123": 1.5896881588872703e-10, "2.4489795918367347": -6.655431761259934e-12, "2.6530612244897958": 3.2010867290210855e-10, "3.8775510204081636": 0.33746847417870907, "3.2653061224489797": 0.11495347995925015, "2.857142857142857": 4.253117324992673e-09, "0.0": 0.0, "3.0612244897959187": 0.016341333026536085, "4.285714285714286": 0.44378847503233093, "4.081632653061225": 0.3938986266590292, "5.1020408163265305": 0.5952192655007081, "6.530612244897959": 0.7508052963915377, "4.4897959183673475": 0.4881287177384088, "4.6938775510204085": 0.5277252037227012, "4.8979591836734695": 0.5632394901903882, "5.918367346938775": 0.6959164216528648, "5.510204081632653": 0.6503299837450289, "6.122448979591837": 0.7158070261021233, "6.73469387755102": 0.7662414113864333, "7.142857142857143": 0.7936562739889388, "5.714285714285714": 0.6741695450854751, "5.3061224489795915": 0.6241214564187241, "6.326530612244898": 0.7340447204081879, "6.938775510204081": 0.7804862070212039, "7.346938775510204": 0.805854100496715, "7.959183673469388": 0.8374678411079678, "7.551020408163265": 0.8171701034186931, "7.755102040816327": 0.8276843225797084, "8.16326530612245": 0.8465839814656078, "8.571428571428571": 0.8630345355184469, "9.183673469387756": 0.8839426745193706, "8.36734693877551": 0.8550893178484288, "8.775510204081632": 0.8704651642303571, "8.979591836734695": 0.8774222060053916, "9.387755102040817": 0.8900600601216444, "9.591836734693878": 0.8958047320292115, "9.795918367346939": 0.9012042872470551, "10.0": 0.9062838541501019}