{"0.20408163265306123": 5.188923293679134e-07, "0.6122448979591837": 5.639353426537776e-07, "0.8163265306122449": 5.910791625334872e-07, "0.40816326530612246": 5.40058509623598e-07, "1.0204081632653061": 6.222097261491212e-07, "2.857142857142857": 1.5092116357725451e-06, "1.6326530612244898": 7.507870006379659e-07, "2.2448979591836737": 9.80645485835282e-07, "1.2244897959183674": 6.582749758578492e-07, "1.836734693877551": 8.114723985358062e-07, "1.4285714285714286": 7.005492508728035e-07, "2.6530612244897958": 1.270289564339818e-06, "2.0408163265306123": 8.862427596093585e-07, "2.4489795918367347": 1.1035813664174346e-06, "3.8775510204081636": 0.025924988139958607, "0.0": 5e-07, "3.0612244897959187": 1.8802414159241026e-06, "3.2653061224489797": 2.5348140238841063e-06, "3.4693877551020407": 3.998932494557039e-06, "3.673469387755102": 1.0207005030664733e-05, "5.1020408163265305": 0.33055527584062394, "4.6938775510204085": 0.24637065987999002, "6.530612244897959": 0.5414287607021651, "5.3061224489795915": 0.36779229888371523, "6.326530612244898": 0.5173304163884888, "6.122448979591837": 0.49153867330395373, "4.8979591836734695": 0.2902079881370628, "5.510204081632653": 0.4022453193502059, "4.4897959183673475": 0.19859855267585952, "5.918367346938775": 0.46388950738424306, "4.285714285714286": 0.1463674388407522, "7.142857142857143": 0.6049253408735144, "4.081632653061225": 0.08905524857181309, "5.714285714285714": 0.43419616844409653, "6.938775510204081": 0.5851061317664845, "7.346938775510204": 0.6235354446925531, "6.73469387755102": 0.5639781664821618, "7.551020408163265": 0.6410245405297527, "7.755102040816327": 0.657470406097266, "7.959183673469388": 0.6729415320924025, "8.16326530612245": 0.6874979898838989, "8.775510204081632": 0.7261684307020709, "8.571428571428571": 0.7140693793327821, "9.591836734693878": 0.7673552177818169, "9.387755102040817": 0.7580961060314491, "8.36734693877551": 0.7011921646539475, "9.183673469387756": 0.7481573435827498, "9.795918367346939": 0.7759469354972646, "10.0": 0.7838792035408241, "8.979591836734695": 0.7375220557444517}