{"0.20408163265306123": 5.314872154148998e-07, "0.6122448979591837": 6.065589021520016e-07, "0.8163265306122449": 6.517985996139131e-07, "0.40816326530612246": 5.66764181814505e-07, "1.0204081632653061": 7.036828686178549e-07, "2.857142857142857": 2.1820188271160493e-06, "1.6326530612244898": 9.179782994554139e-07, "2.2448979591836737": 1.3010756813809083e-06, "1.2244897959183674": 7.637916125125369e-07, "1.836734693877551": 1.0191206103290618e-06, "1.4285714285714286": 8.342487291102157e-07, "2.6530612244897958": 1.7838156109294965e-06, "2.0408163265306123": 1.1437378498025145e-06, "2.4489795918367347": 1.5059687416342393e-06, "3.8775510204081636": 0.042833517886807754, "0.0": 5e-07, "3.0612244897959187": 2.800401301502614e-06, "3.2653061224489797": 3.8913544062118e-06, "3.4693877551020407": 6.33154735618438e-06, "3.673469387755102": 1.6678289369946128e-05, "5.1020408163265305": 0.4876996564019171, "4.6938775510204085": 0.37588713945412844, "6.530612244897959": 0.7273031381900756, "5.3061224489795915": 0.5343069869148886, "6.326530612244898": 0.7030038804791734, "6.122448979591837": 0.6760856343487346, "4.8979591836734695": 0.43521220392217597, "5.510204081632653": 0.575831540396063, "4.4897959183673475": 0.308566615392631, "5.918367346938775": 0.646200434610004, "4.285714285714286": 0.23183986602512135, "7.142857142857143": 0.7872760715281528, "4.081632653061225": 0.14397416030147953, "5.714285714285714": 0.6129415691255621, "6.938775510204081": 0.7691990224835602, "7.346938775510204": 0.8037065481990032, "6.73469387755102": 0.7492823020759343, "7.551020408163265": 0.8186581544818747, "7.755102040816327": 0.8322767236303233, "7.959183673469388": 0.8446891431930581, "8.16326530612245": 0.8560057859419727, "8.775510204081632": 0.8842774351165275, "8.571428571428571": 0.8757225057911641, "9.591836734693878": 0.9111474138361737, "9.387755102040817": 0.9054433915035115, "8.36734693877551": 0.8663225392386319, "9.183673469387756": 0.8990894980097196, "9.795918367346939": 0.9162315653957629, "10.0": 0.9207196391428295, "8.979591836734695": 0.8920489342806521}