{"0.20408163265306123": 5.25819516693756e-07, "0.6122448979591837": 5.873783003778009e-07, "0.8163265306122449": 6.244748529277215e-07, "0.40816326530612246": 5.547466293285969e-07, "1.0204081632653061": 6.670199545069248e-07, "2.857142857142857": 1.8792555910114725e-06, "1.6326530612244898": 8.427422149875623e-07, "2.2448979591836737": 1.1568820933853765e-06, "1.2244897959183674": 7.163091260179276e-07, "1.836734693877551": 9.256789150220968e-07, "1.4285714285714286": 7.740839639033802e-07, "2.6530612244897958": 1.5527288899641412e-06, "2.0408163265306123": 1.0278650592155944e-06, "2.4489795918367347": 1.3248944227866773e-06, "3.8775510204081636": 0.035224679500725636, "0.0": 5e-07, "3.0612244897959187": 2.386329352992284e-06, "3.2653061224489797": 3.280911234164338e-06, "3.4693877551020407": 5.281870668452077e-06, "3.673469387755102": 1.3766211417269501e-05, "5.1020408163265305": 0.4169846851493352, "4.6938775510204085": 0.31760472364576614, "6.530612244897959": 0.6436596683205159, "5.3061224489795915": 0.45937537730086064, "6.326530612244898": 0.6194508216383654, "6.122448979591837": 0.5930395018785832, "4.8979591836734695": 0.36996030681887504, "5.510204081632653": 0.4977177409254273, "4.4897959183673475": 0.2590809871700839, "5.918367346938775": 0.5641605173584117, "4.285714285714286": 0.19337727379215525, "7.142857142857143": 0.7052182427335656, "4.081632653061225": 0.11926065002312963, "5.714285714285714": 0.5325061388189026, "6.938775510204081": 0.6863572216608762, "7.346938775510204": 0.7226295516211007, "6.73469387755102": 0.6658954410587368, "7.551020408163265": 0.7387230282034198, "7.755102040816327": 0.7536138807404476, "7.959183673469388": 0.7674027181977632, "8.16326530612245": 0.7801772777158396, "8.775510204081632": 0.813128383130022, "8.571428571428571": 0.8029785988848922, "9.591836734693878": 0.8464409256117132, "9.387755102040817": 0.8391371130410834, "8.36734693877551": 0.792013870675524, "9.183673469387756": 0.8311700285175833, "9.795918367346939": 0.8531034819414387, "10.0": 0.8591414431219271, "8.979591836734695": 0.822511838939362}