{"0.20408163265306123": 5.000000015701038e-07, "1.4285714285714286": 5.000000769350849e-07, "1.836734693877551": 5.000001271784201e-07, "2.2448979591836737": 5.000001899826088e-07, "0.0": 5e-07, "0.40816326530612246": 5.000000062804147e-07, "3.0612244897959187": 5.000003532736098e-07, "2.0408163265306123": 5.000001570104068e-07, "3.2653061224489797": 5.000004019469188e-07, "0.6122448979591837": 5.000000141309329e-07, "1.2244897959183674": 5.000000565237337e-07, "1.0204081632653061": 5.000000392525919e-07, "0.8163265306122449": 5.000000251216585e-07, "2.6530612244897958": 5.000002653476661e-07, "1.6326530612244898": 5.000001004866466e-07, "2.857142857142857": 5.000003077405261e-07, "2.4489795918367347": 5.000002260950278e-07, "3.8775510204081636": 5.000005668081689e-07, "3.4693877551020407": 5.000004537604528e-07, "3.673469387755102": 5.000005087142072e-07, "4.081632653061225": 5.000006280423076e-07, "7.551020408163265": 0.7461058811534746, "4.285714285714286": 5.00000692416562e-07, "7.755102040816327": 0.7742171614128688, "5.3061224489795915": 5.00001061380771e-07, "7.142857142857143": 0.6613727992522607, "7.346938775510204": 0.7104411668050497, "4.4897959183673475": 5.000007599308148e-07, "4.6938775510204085": 5.000008305848563e-07, "8.16326530612245": 0.8166585245831524, "5.510204081632653": 5.000011445872764e-07, "6.938775510204081": 0.5703139360524587, "7.959183673469388": 0.7972793270436396, "5.1020408163265305": 5.000009813106179e-07, "5.714285714285714": 5.000012309278452e-07, "4.8979591836734695": 5.000009043783243e-07, "8.571428571428571": 0.8474835904366596, "8.775510204081632": 0.8599054137948918, "9.183673469387756": 0.880294461726618, "5.918367346938775": 5.000013203990855e-07, "9.591836734693878": 0.8960036997701842, "8.36734693877551": 0.8332030274331329, "8.979591836734695": 0.8707670849262406, "9.387755102040817": 0.8886614927342364, "10.0": 0.9080155401128018, "9.795918367346939": 0.9024272900955415, "6.326530612244898": 0.4456231699043243, "6.122448979591837": 0.4115721196351738, "6.530612244897959": 0.47088201883662584, "6.73469387755102": 0.49516921476123266}