{"0.20408163265306123": 5.00000000994535e-07, "1.4285714285714286": 5.000000487322236e-07, "1.836734693877551": 5.000000805573596e-07, "2.2448979591836737": 5.000001203387929e-07, "0.0": 5e-07, "0.40816326530612246": 5.000000039781403e-07, "3.0612244897959187": 5.000002237705932e-07, "2.0408163265306123": 5.000000994535385e-07, "3.2653061224489797": 5.000002546012457e-07, "0.6122448979591837": 5.000000089508156e-07, "1.2244897959183674": 5.000000358032647e-07, "1.0204081632653061": 5.000000248633775e-07, "0.8163265306122449": 5.000000159125612e-07, "2.6530612244897958": 5.000001680765337e-07, "1.6326530612244898": 5.00000063650255e-07, "2.857142857142857": 5.000001949290229e-07, "2.4489795918367347": 5.000001432131243e-07, "3.4693877551020407": 5.000002874209802e-07, "3.8775510204081636": 5.000003590276784e-07, "3.673469387755102": 5.000003222297939e-07, "4.081632653061225": 5.000003978146147e-07, "7.551020408163265": 0.6373195673125359, "4.285714285714286": 5.00000438590564e-07, "7.755102040816327": 0.668986019075628, "5.3061224489795915": 5.000006722999331e-07, "7.142857142857143": 0.5472331612028297, "7.346938775510204": 0.5985080804339195, "4.4897959183673475": 5.000004813554519e-07, "4.6938775510204085": 5.000005261091458e-07, "8.16326530612245": 0.7189566132241375, "5.510204081632653": 5.00000725004613e-07, "6.938775510204081": 0.4574096700256813, "7.959183673469388": 0.6957835661414477, "5.714285714285714": 5.000007796944724e-07, "5.1020408163265305": 5.000006215818826e-07, "4.8979591836734695": 5.000005728514163e-07, "8.571428571428571": 0.7572817488561787, "8.775510204081632": 0.7733339334168079, "9.183673469387756": 0.8006404910531045, "5.918367346938775": 5.000008363673631e-07, "9.591836734693878": 0.8227405482885832, "8.36734693877551": 0.7392810258006006, "8.979591836734695": 0.7877160696215566, "9.387755102040817": 0.8122721088860918, "10.0": 0.84057679778831, "9.795918367346939": 0.8321483619257053, "6.326530612244898": 0.34212695578824226, "6.122448979591837": 0.31222549005361233, "6.530612244897959": 0.36486788238520024, "6.73469387755102": 0.38715452143058865}