{"0.20408163265306123": 5.000000020410235e-07, "1.4285714285714286": 5.000001000101532e-07, "1.836734693877551": 5.00000165322924e-07, "2.2448979591836737": 5.000002469639125e-07, "0.0": 5e-07, "0.40816326530612246": 5.000000081640937e-07, "3.0612244897959187": 5.000004592306233e-07, "2.0408163265306123": 5.0000020410239e-07, "3.2653061224489797": 5.000005225024694e-07, "0.6122448979591837": 5.000000183692106e-07, "1.2244897959183674": 5.000000734768446e-07, "1.0204081632653061": 5.000000510255854e-07, "0.8163265306122449": 5.000000326563743e-07, "2.6530612244897958": 5.000003449331381e-07, "1.6326530612244898": 5.000001306255125e-07, "2.857142857142857": 5.000004000408468e-07, "2.4489795918367347": 5.000002939074944e-07, "3.4693877551020407": 5.000005898563848e-07, "3.8775510204081636": 5.000007368103883e-07, "3.673469387755102": 5.000006612923635e-07, "4.081632653061225": 5.000008164104199e-07, "7.551020408163265": 0.8351128652051518, "4.285714285714286": 5.000009000923783e-07, "7.755102040816327": 0.860315368779702, "5.3061224489795915": 5.000013797196383e-07, "7.142857142857143": 0.7547597758381586, "7.346938775510204": 0.8020227829268834, "4.4897959183673475": 5.000009878561116e-07, "4.6938775510204085": 5.000010797013466e-07, "8.16326530612245": 0.8965964520587099, "5.510204081632653": 5.000014878821829e-07, "6.938775510204081": 0.6626901537107311, "7.959183673469388": 0.8803213132363421, "5.714285714285714": 5.000016001187865e-07, "5.1020408163265305": 5.000012756341285e-07, "4.8979591836734695": 5.000011756276127e-07, "8.571428571428571": 0.9212850971843258, "8.775510204081632": 0.930736625013324, "9.183673469387756": 0.9454658922776742, "5.918367346938775": 5.000017164250402e-07, "9.591836734693878": 0.9559462782551305, "8.36734693877551": 0.9100483014961138, "8.979591836734695": 0.9387179156300727, "9.387755102040817": 0.9511618977009002, "10.0": 0.9631926929237495, "9.795918367346939": 0.9599282313254073, "6.326530612244898": 0.5303018905447551, "6.122448979591837": 0.49285572565645125, "6.530612244897959": 0.5576208577514286, "6.73469387755102": 0.5835448729408504}