{"0.0": 0.0, "0.20408163265306123": 4.528824619300681e-08, "0.40816326530612246": 9.843830652880687e-08, "1.0204081632653061": 3.3273919483281374e-07, "0.6122448979591837": 1.6169198201410956e-07, "0.8163265306122449": 2.3823292086420444e-07, "1.6326530612244898": 8.21668456173542e-07, "1.2244897959183674": 4.5237684922104477e-07, "1.4285714285714286": 6.087060780598192e-07, "1.836734693877551": 1.1288409728248416e-06, "2.0408163265306123": 1.6104868343851941e-06, "2.4489795918367347": 4.473705363870158e-06, "2.2448979591836737": 2.474248458568724e-06, "2.857142857142857": 0.0714041841379352, "3.4693877551020407": 0.397452412229714, "3.2653061224489797": 0.30772492991081896, "3.0612244897959187": 0.20055876252426943, "2.6530612244897958": 1.4146958596913473e-05, "3.8775510204081636": 0.5375477696750152, "3.673469387755102": 0.4731817389238019, "4.081632653061225": 0.5925999997556882, "4.4897959183673475": 0.6808799718336186, "4.8979591836734695": 0.7474096849729748, "4.6938775510204085": 0.7164212287871509, "4.285714285714286": 0.6399496889564948, "5.1020408163265305": 0.7745293775824621, "5.3061224489795915": 0.7983432539964304, "5.510204081632653": 0.8193191865574843, "5.714285714285714": 0.8378472224657909, "6.326530612244898": 0.8817770559042454, "5.918367346938775": 0.8542554441791859, "6.122448979591837": 0.868820432122698, "6.73469387755102": 0.9036364820022083, "6.530612244897959": 0.8933254614402385, "6.938775510204081": 0.9128569925760628, "7.346938775510204": 0.9285133418693526, "7.142857142857143": 0.9211130195956007, "7.551020408163265": 0.9351515633618844, "7.755102040816327": 0.9411084709214195, "7.959183673469388": 0.9464536084156369, "8.16326530612245": 0.9512465103261024, "8.36734693877551": 0.955538117015655, "8.775510204081632": 0.9627825648176773, "8.571428571428571": 0.959371446309095, "8.979591836734695": 0.9658011703420805, "9.387755102040817": 0.9707507091625178, "9.183673469387756": 0.9684510531918119, "9.795918367346939": 0.9743488380515369, "9.591836734693878": 0.9727136803832606, "10.0": 0.9756608594566208}