{"0.20408163265306123": 1.266354008604915e-08, "1.6326530612244898": 1.110633757837487e-07, "0.40816326530612246": 2.563696775504478e-08, "1.0204081632653061": 6.660019329359598e-08, "3.8775510204081636": 3.164361047206148e-07, "0.6122448979591837": 3.893810064898562e-08, "2.857142857142857": 2.1326736401209523e-07, "3.2653061224489797": 2.5223114145667436e-07, "2.6530612244897958": 1.947976780378868e-07, "1.4285714285714286": 9.581551312275989e-08, "1.2244897959183674": 8.100252217934668e-08, "2.2448979591836737": 1.596839663937178e-07, "0.8163265306122449": 5.2585825609578383e-08, "2.0408163265306123": 1.4296895286072253e-07, "2.4489795918367347": 1.7694881326950552e-07, "3.4693877551020407": 2.7281450454100555e-07, "1.836734693877551": 1.267719684319794e-07, "3.0612244897959187": 2.3239756029609962e-07, "3.673469387755102": 2.941979488554511e-07, "0.0": 0.0, "4.4897959183673475": 3.88900749221403e-07, "4.081632653061225": 3.3958841829686e-07, "4.285714285714286": 3.6371970052372603e-07, "5.510204081632653": 5.335467447655481e-07, "4.8979591836734695": 4.4272959820698554e-07, "5.1020408163265305": 4.715557608107023e-07, "5.3061224489795915": 5.017903468115151e-07, "4.6938775510204085": 4.15209054441021e-07, "5.714285714285714": 5.669502354489305e-07, "7.142857142857143": 8.606819929960214e-07, "6.530612244897959": 7.200445435078798e-07, "5.918367346938775": 6.021394638666203e-07, "7.551020408163265": 9.704854341360322e-07, "6.326530612244898": 6.785066375828179e-07, "6.73469387755102": 7.640924405012742e-07, "6.122448979591837": 6.392680905668665e-07, "6.938775510204081": 8.108846630013428e-07, "7.755102040816327": 1.031173221408927e-06, "7.346938775510204": 9.13774638995051e-07, "7.959183673469388": 1.0962363684081583e-06, "8.16326530612245": 1.1661163170480689e-06, "8.36734693877551": 1.2413010208909876e-06, "8.979591836734695": 1.5043209525895806e-06, "8.571428571428571": 1.3223280482743016e-06, "9.795918367346939": 1.96782113857792e-06, "9.591836734693878": 1.837572796652845e-06, "9.387755102040817": 1.7174469548186225e-06, "8.775510204081632": 1.4097870256358684e-06, "9.183673469387756": 1.6066257264256037e-06, "10.0": 2.1090188824489174e-06}