{"0.20408163265306123": 5.323907978410724e-08, "1.6326530612244898": 5.755351542654271e-07, "0.6122448979591837": 1.6705416275102384e-07, "0.8163265306122449": 2.3041965314548837e-07, "1.4285714285714286": 4.69447750766058e-07, "1.0204081632653061": 3.003458582815605e-07, "0.40816326530612246": 1.0848606536264343e-07, "1.836734693877551": 7.030203297538998e-07, "2.4489795918367347": 1.3276742345447156e-06, "2.2448979591836737": 1.0611653102930226e-06, "3.2653061224489797": 5.158647447306958e-06, "2.857142857142857": 2.2628199337578615e-06, "2.0408163265306123": 8.6042867430829e-07, "1.2244897959183674": 3.7905001269112207e-07, "2.6530612244897958": 1.7006979089031693e-06, "0.0": 0.0, "3.4693877551020407": 1.1481680154832164e-05, "3.0612244897959187": 3.2109035875102366e-06, "3.8775510204081636": 0.17718182450566194, "3.673469387755102": 0.019733131234996846, "5.510204081632653": 0.7680616701433981, "6.122448979591837": 0.8496230817348323, "4.4897959183673475": 0.5004464696289656, "4.6938775510204085": 0.5738896571620821, "5.714285714285714": 0.7996304075454854, "6.530612244897959": 0.8863985368843006, "5.3061224489795915": 0.7309579566356983, "4.8979591836734695": 0.6354219376455078, "7.142857142857143": 0.9246011862348591, "7.551020408163265": 0.9422320955124464, "5.1020408163265305": 0.6872046402861725, "6.326530612244898": 0.8693978617213279, "5.918367346938775": 0.8265704557151992, "7.346938775510204": 0.9340500204067425, "4.081632653061225": 0.3061075112726089, "6.73469387755102": 0.9010432263864038, "6.938775510204081": 0.9136803400180881, "7.755102040816327": 0.9493201432995636, "4.285714285714286": 0.412353520892124, "8.16326530612245": 0.9607729322542969, "7.959183673469388": 0.9554596144791635, "9.591836734693878": 0.9816276144291002, "8.571428571428571": 0.9693158224946211, "8.775510204081632": 0.9727032546404151, "8.36734693877551": 0.9653629576133078, "9.387755102040817": 0.9800121538067417, "9.183673469387756": 0.9780078744826711, "8.979591836734695": 0.9755844931443332, "9.795918367346939": 0.9828770089818976, "10.0": 0.9837763680797461}