{"0.0": 0.0, "0.20408163265306123": 4.553208124801373e-08, "0.40816326530612246": 9.95976320096802e-08, "0.6122448979591837": 1.648437446848781e-07, "0.8163265306122449": 2.4513860327774004e-07, "1.0204081632653061": 3.4636726405003717e-07, "1.2244897959183674": 4.779433028280518e-07, "1.4285714285714286": 6.559177974764509e-07, "1.6326530612244898": 9.10093623082788e-07, "1.836734693877551": 1.302733761099395e-06, "2.0408163265306123": 1.989326142879384e-06, "2.2448979591836737": 3.4975285093812723e-06, "2.4489795918367347": 9.49800435562664e-06, "3.0612244897959187": 0.3050897731740997, "3.4693877551020407": 0.4778348272156786, "2.857142857142857": 0.19133825312120264, "2.6530612244897958": 0.05241002575418431, "3.2653061224489797": 0.3992187293193668, "3.8775510204081636": 0.6001776615194075, "3.673469387755102": 0.5440330730128274, "4.081632653061225": 0.648102627953361, "4.285714285714286": 0.6892464766929693, "4.4897959183673475": 0.7247519015088848, "4.6938775510204085": 0.7555344681195032, "4.8979591836734695": 0.782335480185372, "5.3061224489795915": 0.8263048625691293, "5.510204081632653": 0.8443821982826955, "5.1020408163265305": 0.8057599733180413, "5.714285714285714": 0.8603348276340884, "5.918367346938775": 0.8744505024861322, "6.122448979591837": 0.8869713430919736, "6.326530612244898": 0.8981025237011154, "6.530612244897959": 0.9080185270057091, "6.73469387755102": 0.9168679907526228, "6.938775510204081": 0.9247784093713316, "7.142857142857143": 0.931858939868506, "7.551020408163265": 0.9438928541916771, "7.755102040816327": 0.9489962038538918, "7.346938775510204": 0.9382035460574683, "8.16326530612245": 0.9576739544702413, "7.959183673469388": 0.9535730318791951, "8.36734693877551": 0.9613419814150603, "8.571428571428571": 0.9646131068287107, "8.775510204081632": 0.9675171359270262, "9.387755102040817": 0.9742418494946596, "9.183673469387756": 0.9723150748824734, "8.979591836734695": 0.9700781848405622, "9.591836734693878": 0.9758680649791569, "9.795918367346939": 0.9771990325344683, "10.0": 0.9782362235617343}