{"0.0": 0.0, "0.20408163265306123": 3.938525037748918e-08, "0.40816326530612246": 8.615195215707869e-08, "0.6122448979591837": 1.425898404363657e-07, "0.8163265306122449": 2.120448946746366e-07, "1.0204081632653061": 2.996076890718787e-07, "1.2244897959183674": 4.134209677395749e-07, "1.4285714285714286": 5.673689151454164e-07, "1.6326530612244898": 7.872310231024038e-07, "1.836734693877551": 1.1268647835397178e-06, "2.0408163265306123": 1.7207673005788524e-06, "2.2448979591836737": 3.0253627386110195e-06, "2.4489795918367347": 8.215778030155688e-06, "3.0612244897959187": 0.26901051487167593, "3.4693877551020407": 0.4272618633751133, "2.857142857142857": 0.16739894570495703, "2.6530612244897958": 0.045467498697968525, "3.2653061224489797": 0.354567813590266, "3.8775510204081636": 0.5432225910039017, "3.673469387755102": 0.4895218352768152, "4.081632653061225": 0.5898338620951006, "4.285714285714286": 0.6305200791750477, "4.4897959183673475": 0.6662157691846202, "4.6938775510204085": 0.6976771439018696, "4.8979591836734695": 0.7255226941505326, "5.3061224489795915": 0.7723187478004008, "5.510204081632653": 0.7920462653254199, "5.1020408163265305": 0.7502622931214358, "5.714285714285714": 0.8097423769708371, "5.918367346938775": 0.8256593653629135, "6.122448979591837": 0.840011529720723, "6.326530612244898": 0.8529823119276398, "6.530612244897959": 0.8647292740775055, "6.73469387755102": 0.875387899258447, "6.938775510204081": 0.8850756253428441, "7.142857142857143": 0.8938939333004307, "7.551020408163265": 0.9092635951053192, "7.755102040816327": 0.9159578655856832, "7.346938775510204": 0.9019311021788754, "8.16326530612245": 0.9276539323432942, "7.959183673469388": 0.9220714749469342, "8.36734693877551": 0.9327478239899214, "8.571428571428571": 0.9373891967619398, "8.775510204081632": 0.9416083363346361, "9.387755102040817": 0.9519566899678427, "9.183673469387756": 0.9488745196677129, "8.979591836734695": 0.945430162554946, "9.591836734693878": 0.9546876167519748, "9.795918367346939": 0.9570740728430353, "10.0": 0.9591191010742971}