{"1.2244897959183674": 1.5737775825163746e-07, "0.40816326530612246": 4.330989056042115e-08, "0.20408163265306123": 2.075035487406321e-08, "0.6122448979591837": 6.79262306817292e-08, "2.857142857142857": 6.36105521919031e-07, "1.0204081632653061": 1.2456848733643953e-07, "1.4285714285714286": 1.9384710765828562e-07, "0.8163265306122449": 9.48943547625607e-08, "3.4693877551020407": 1.0649960915776573e-06, "2.0408163265306123": 3.325766475846581e-07, "0.0": 0.0, "2.4489795918367347": 4.608480955922743e-07, "1.6326530612244898": 2.346256060203464e-07, "1.836734693877551": 2.8052545041832553e-07, "2.2448979591836737": 3.921052745723488e-07, "2.6530612244897958": 5.41124892833091e-07, "3.0612244897959187": 7.502385626542993e-07, "3.673469387755102": 1.2906334094590403e-06, "3.8775510204081636": 1.592545540692704e-06, "3.2653061224489797": 8.899684375154336e-07, "6.122448979591837": 0.31621482965151415, "4.081632653061225": 2.017281393140446e-06, "6.938775510204081": 0.47864771394950184, "6.530612244897959": 0.40449991969857735, "4.285714285714286": 2.6589390282337677e-06, "7.346938775510204": 0.5413765235385, "5.510204081632653": 0.14904057632220882, "5.918367346938775": 0.26568519374473276, "7.142857142857143": 0.5112972659799065, "6.73469387755102": 0.4431534274478889, "4.4897959183673475": 3.740698836964495e-06, "6.326530612244898": 0.36232586342727696, "5.714285714285714": 0.21017775412258152, "7.551020408163265": 0.569125494957842, "5.3061224489795915": 0.08151145820982351, "7.755102040816327": 0.5947544189137204, "7.959183673469388": 0.6184476539764793, "4.6938775510204085": 5.951676022052838e-06, "4.8979591836734695": 1.2989798669591664e-05, "8.16326530612245": 0.6403669381572801, "5.1020408163265305": 0.006812284916406435, "8.979591836734695": 0.7128900087953907, "9.387755102040817": 0.7414478516366666, "8.36734693877551": 0.6606541327120106, "8.571428571428571": 0.6794335435265582, "9.183673469387756": 0.7277442670472226, "9.591836734693878": 0.7540618437605785, "10.0": 0.7762205156278278, "8.775510204081632": 0.69681389357419, "9.795918367346939": 0.7656381824146888}