{"1.2244897959183674": 1.613827662317968e-07, "0.40816326530612246": 4.4386995814209124e-08, "0.20408163265306123": 2.1263493647633657e-08, "0.6122448979591837": 6.962519540491241e-08, "2.857142857142857": 6.530834202089853e-07, "1.0204081632653061": 1.277202198937237e-07, "1.4285714285714286": 1.9880906371296283e-07, "0.8163265306122449": 9.728149099570025e-08, "3.4693877551020407": 1.093951169423782e-06, "2.0408163265306123": 3.412417940876924e-07, "0.0": 0.0, "2.4489795918367347": 4.730000381899597e-07, "1.6326530612244898": 2.4066672540859326e-07, "1.836734693877551": 2.877911551301623e-07, "2.2448979591836737": 4.0238261937173645e-07, "2.6530612244897958": 5.554801463878473e-07, "3.0612244897959187": 7.703856240739679e-07, "3.673469387755102": 1.3259425265188144e-06, "3.8775510204081636": 1.636388514554032e-06, "3.2653061224489797": 9.140154346879256e-07, "6.122448979591837": 0.3234252487655664, "4.081632653061225": 2.0731690591349573e-06, "6.938775510204081": 0.48789199573445224, "6.530612244897959": 0.41297893726438467, "4.285714285714286": 2.733072878596588e-06, "7.346938775510204": 0.5510298260299942, "5.510204081632653": 0.15291526676300915, "5.918367346938775": 0.27200971141977315, "7.142857142857143": 0.5207832760343502, "6.73469387755102": 0.45206758173287687, "4.4897959183673475": 3.845662046792226e-06, "6.326530612244898": 0.3702448985996505, "5.714285714285714": 0.21540441478133232, "7.551020408163265": 0.5788834373583206, "5.3061224489795915": 0.08372856922272368, "7.755102040816327": 0.6045643291781145, "7.959183673469388": 0.6282653443882494, "4.6938775510204085": 6.119756519777567e-06, "4.8979591836734695": 1.3359023403361177e-05, "8.16326530612245": 0.6501554595516187, "5.1020408163265305": 0.00700629812413973, "8.979591836734695": 0.7223040573547987, "9.387755102040817": 0.7505786467180766, "8.36734693877551": 0.6703827339162388, "8.571428571428571": 0.6890767996181367, "9.183673469387756": 0.7370218836730971, "9.591836734693878": 0.7630380612710774, "10.0": 0.784873273906917, "8.775510204081632": 0.7063509733517428, "9.795918367346939": 0.774454376808553}