{"0.20408163265306123": 3.774758283725532e-15, "1.836734693877551": -6.821343490059917e-10, "2.6530612244897958": 7.392719769683254e-11, "0.40816326530612246": 4.275468867831478e-13, "1.0204081632653061": -4.640732242933154e-13, "3.2653061224489797": 1.3459371395185826e-09, "2.0408163265306123": 7.16315895488151e-13, "0.8163265306122449": 1.6986412276764895e-14, "2.4489795918367347": 1.954592043773573e-11, "1.2244897959183674": -5.857536677922326e-12, "1.4285714285714286": -3.841815754412892e-11, "0.6122448979591837": 6.106226635438361e-15, "1.6326530612244898": -1.8071677487796478e-10, "3.8775510204081636": 2.6095788085989113e-08, "3.4693877551020407": 3.85632537014402e-09, "2.857142857142857": 2.224818107521287e-10, "2.2448979591836737": 4.195421787756004e-12, "3.0612244897959187": 4.3515824277307047e-10, "3.673469387755102": 1.0331312583211627e-08, "0.0": 0.0, "4.285714285714286": 1.426147854255433e-07, "5.714285714285714": 1.7543236916939264e-05, "4.6938775510204085": 6.575387225815632e-07, "4.081632653061225": 6.246297112877386e-08, "4.4897959183673475": 3.121004322759191e-07, "4.8979591836734695": 1.3389382805817363e-06, "5.3061224489795915": 5.084200101368452e-06, "5.1020408163265305": 2.6447109118254986e-06, "5.510204081632653": 9.542956695973714e-06, "6.122448979591837": 5.641604572526049e-05, "6.938775510204081": 0.0005350853570171843, "5.918367346938775": 3.168619265581096e-05, "6.326530612244898": 9.938099304551695e-05, "6.530612244897959": 0.00017395336299741437, "6.73469387755102": 0.0003041658993925278, "7.142857142857143": 0.0009567048658426502, "7.755102040816327": 0.007296427595654853, "7.346938775510204": 0.0017654652278217275, "7.551020408163265": 0.0034431667026704194, "7.959183673469388": 0.016287084419144504, "8.16326530612245": 0.03220733380717755, "9.591836734693878": 0.17773747049077826, "9.183673469387756": 0.13686873186604698, "9.795918367346939": 0.19763620759387013, "8.36734693877551": 0.05210513401421979, "8.979591836734695": 0.11591326293345672, "8.571428571428571": 0.07327518125441534, "9.387755102040817": 0.15748207271992432, "8.775510204081632": 0.09466856244919475, "10.0": 0.21718775426501757}