{"0.20408163265306123": -7.105427357601002e-15, "1.836734693877551": -1.0595813115799046e-10, "2.6530612244897958": 8.424450026467412e-11, "0.40816326530612246": -6.135092434078615e-13, "1.0204081632653061": 2.878808302853031e-13, "3.2653061224489797": 2.3772102064612e-09, "2.0408163265306123": 5.502265310042276e-13, "0.8163265306122449": -1.4876988529977098e-14, "2.4489795918367347": 1.947653149869666e-11, "1.2244897959183674": 2.3661073100811336e-12, "1.4285714285714286": 7.880807117999211e-12, "0.6122448979591837": -6.8833827526759706e-15, "1.6326530612244898": 3.511413382284445e-12, "3.8775510204081636": 5.093287269719582e-08, "3.4693877551020407": 7.0486236847244754e-09, "2.857142857142857": 2.928821629666345e-10, "2.2448979591836737": 3.658073843837428e-12, "3.0612244897959187": 7.419599379332453e-10, "3.673469387755102": 1.952331973864574e-08, "0.0": 0.0, "4.285714285714286": 2.963165551816971e-07, "5.714285714285714": 4.4453041963543605e-05, "4.6938775510204085": 1.450216112863778e-06, "4.081632653061225": 1.2583497155382872e-07, "4.4897959183673475": 6.683293198861406e-07, "4.8979591836734695": 3.039586902287006e-06, "5.3061224489795915": 1.2206899850486508e-05, "5.1020408163265305": 6.1761485447009434e-06, "5.510204081632653": 2.354394284398431e-05, "6.122448979591837": 0.00015058045712001977, "6.938775510204081": 0.0015757714634534459, "5.918367346938775": 8.242315154116664e-05, "6.326530612244898": 0.00027205674943264757, "6.530612244897959": 0.00048818104962788933, "6.73469387755102": 0.0008746622880705379, "7.142857142857143": 0.002883196346313288, "7.755102040816327": 0.023274812382568677, "7.346938775510204": 0.005438721428382087, "7.551020408163265": 0.010819815688272616, "7.959183673469388": 0.05215400477836196, "8.16326530612245": 0.10197526339574925, "9.591836734693878": 0.47477977796673543, "9.183673469387756": 0.38441924452878384, "9.795918367346939": 0.5150429541043404, "8.36734693877551": 0.1616472650272458, "8.979591836734695": 0.33391631927079424, "8.571428571428571": 0.22197710347242383, "9.387755102040817": 0.4313113310842863, "8.775510204081632": 0.2797110490391218, "10.0": 0.5523235897188541}