{"2.0408163265306123": 2.403351961888234e-10, "0.20408163265306123": 6.45705711121991e-13, "0.8163265306122449": 1.467281851574853e-11, "1.2244897959183674": 3.2096547641913276e-13, "0.40816326530612246": 2.375877272697835e-14, "1.6326530612244898": 1.342337352383538e-11, "1.0204081632653061": 1.2232237445175542e-10, "0.6122448979591837": 9.954259638789154e-13, "3.0612244897959187": 1.575208186110899e-09, "2.857142857142857": 4.459409508328349e-10, "3.673469387755102": 4.4330336734788034e-08, "2.4489795918367347": 2.629330086989512e-11, "2.6530612244897958": 1.1475342898137342e-10, "1.4285714285714286": 2.3798740755864856e-12, "1.836734693877551": 6.152045539664641e-11, "3.2653061224489797": 5.1619178931261445e-09, "2.2448979591836737": 5.234035427292838e-12, "3.8775510204081636": 1.25585605581513e-07, "3.4693877551020407": 1.4987841745472963e-08, "0.0": 0.0, "4.285714285714286": 9.340448928751854e-07, "4.081632653061225": 3.4494421952135923e-07, "4.4897959183673475": 2.55173277219356e-06, "4.6938775510204085": 7.345003761427549e-06, "4.8979591836734695": 2.4884154298465688e-05, "7.142857142857143": 0.5403796336819071, "7.346938775510204": 0.5732258869998919, "6.530612244897959": 0.4224184631978657, "5.918367346938775": 0.266419406131153, "7.755102040816327": 0.6310794031578973, "7.551020408163265": 0.6033710194619495, "6.326530612244898": 0.37531395705174564, "6.938775510204081": 0.5045322122793552, "5.510204081632653": 0.13347791849347534, "6.122448979591837": 0.3235129081185276, "5.714285714285714": 0.2033420970647556, "6.73469387755102": 0.4653419597260885, "5.3061224489795915": 0.055920653194110104, "5.1020408163265305": 0.00018174063490505876, "7.959183673469388": 0.656584704767367, "8.16326530612245": 0.6800940616274778, "8.571428571428571": 0.721841448280173, "9.591836734693878": 0.8020087178845454, "8.36734693877551": 0.701791605247009, "8.775510204081632": 0.7403902240168335, "8.979591836734695": 0.757569255638419, "9.795918367346939": 0.8147756708597157, "10.0": 0.8266566003960436, "9.387755102040817": 0.7882777207601783, "9.183673469387756": 0.7734964149541366}