{"0.0": 0.0, "0.40816326530612246": 1.1679546219056647e-13, "1.0204081632653061": -4.836353539872107e-12, "0.8163265306122449": -1.729727472365994e-13, "0.6122448979591837": -1.9984014443252818e-15, "4.285714285714286": 0.645167819191131, "4.081632653061225": 0.5975630901216002, "2.2448979591836737": 2.7569058147491887e-11, "2.0408163265306123": -3.630162836998352e-11, "3.4693877551020407": 0.40102414048059576, "4.4897959183673475": 0.6862770553491505, "0.20408163265306123": 0.0, "1.4285714285714286": 9.475753515175711e-13, "1.2244897959183674": 7.416289804496046e-14, "3.2653061224489797": 0.31054449370904946, "3.0612244897959187": 0.20242731158939953, "2.4489795918367347": 1.8854051653249826e-10, "3.8775510204081636": 0.5421649275408652, "1.836734693877551": -1.4097611966690238e-12, "4.8979591836734695": 0.7529860434623546, "1.6326530612244898": 2.2993718040709155e-11, "4.6938775510204085": 0.7219342736439124, "5.3061224489795915": 0.8039216739421798, "3.673469387755102": 0.47734256764681815, "2.6530612244897958": 2.2891024631377377e-09, "5.1020408163265305": 0.7801248998370367, "2.857142857142857": 0.07206655729136402, "5.510204081632653": 0.8248501555220058, "5.714285714285714": 0.8433061047141361, "5.918367346938775": 0.8596220504731957, "6.530612244897959": 0.8983344045752221, "6.122448979591837": 0.874078913989166, "6.73469387755102": 0.9085107988832726, "7.346938775510204": 0.9329833271044067, "7.551020408163265": 0.9394984546740124, "7.142857142857143": 0.9257144516165903, "8.16326530612245": 0.9553195744025725, "8.979591836734695": 0.9699667744918765, "6.326530612244898": 0.8869152121333483, "9.183673469387756": 0.9727789584111999, "8.36734693877551": 0.9595703613838513, "9.591836734693878": 0.9776161390474835, "9.795918367346939": 0.979693297912011, "7.959183673469388": 0.9505968278018406, "8.571428571428571": 0.963399647540627, "9.387755102040817": 0.9753195508073067, "7.755102040816327": 0.9453448441744274, "8.775510204081632": 0.9668519815877155, "6.938775510204081": 0.9175943297980789, "10.0": 0.9815729504612644}