{"0.40816326530612246": -3.9968028886505635e-15, "1.836734693877551": 2.7400304247748863e-13, "0.20408163265306123": 0.0, "1.4285714285714286": 8.01403388095423e-12, "1.2244897959183674": 2.4347190930029683e-13, "2.6530612244897958": 3.172896390069013e-10, "3.2653061224489797": 3.6633009070641265e-08, "2.4489795918367347": 6.366907001620348e-11, "1.0204081632653061": 1.354472090042691e-14, "0.6122448979591837": -1.341149413747189e-13, "0.8163265306122449": 4.440892098500626e-16, "0.0": 0.0, "1.6326530612244898": 2.375877272697835e-14, "3.8775510204081636": 0.1926930296692705, "3.4693877551020407": 4.346288924317321e-07, "3.0612244897959187": 6.9584579209802655e-09, "2.857142857142857": 1.491053724933522e-09, "2.2448979591836737": 1.143429795291695e-11, "3.673469387755102": 0.08543093279077008, "4.081632653061225": 0.2849208688541718, "4.285714285714286": 0.36466163923578543, "2.0408163265306123": 6.312506073413715e-12, "4.4897959183673475": 0.4339489906864621, "4.6938775510204085": 0.49442295019237303, "4.8979591836734695": 0.5474182344566635, "6.73469387755102": 0.820209639624244, "5.3061224489795915": 0.6351644307720808, "6.530612244897959": 0.8017800159970392, "5.1020408163265305": 0.5940301570863575, "7.142857142857143": 0.8516861365151756, "5.714285714285714": 0.7038946013207604, "5.510204081632653": 0.6715752319585608, "7.346938775510204": 0.8651292847185037, "5.918367346938775": 0.7326553727254554, "6.326530612244898": 0.7812409564480713, "6.122448979591837": 0.7583092166607279, "6.938775510204081": 0.8367743677192152, "8.775510204081632": 0.9294228411275424, "9.183673469387756": 0.9410934252192911, "7.959183673469388": 0.8981584164283098, "8.16326530612245": 0.9071492815648609, "7.755102040816327": 0.8882331767067234, "9.795918367346939": 0.9549713868751379, "9.387755102040817": 0.9461553921754363, "8.36734693877551": 0.9153018809382132, "7.551020408163265": 0.8772646858209325, "9.591836734693878": 0.9507671721981066, "8.571428571428571": 0.9227012590983482, "8.979591836734695": 0.9355336633171737, "10.0": 0.9588062525677862}