{"0.20408163265306123": 5.522647780769648e-07, "0.40816326530612246": 6.163371733747966e-07, "1.2244897959183674": 1.136694414282189e-06, "0.6122448979591837": 6.967280845865003e-07, "2.857142857142857": 0.4217947623216041, "3.673469387755102": 0.6820839437127958, "3.8775510204081636": 0.7230077979989347, "3.4693877551020407": 0.6336097915290936, "1.4285714285714286": 1.4356111528231746e-06, "1.0204081632653061": 9.399237290099162e-07, "0.8163265306122449": 8.005814623189093e-07, "3.2653061224489797": 0.5757797465435326, "3.0612244897959187": 0.5062261383896131, "1.836734693877551": 3.0014690770617927e-06, "2.6530612244897958": 0.3182074243071587, "2.0408163265306123": 6.538696307710221e-06, "1.6326530612244898": 1.9440927438439876e-06, "2.4489795918367347": 0.1895410808976875, "2.2448979591836737": 0.02742410551317224, "0.0": 5e-07, "5.510204081632653": 0.8978082862106707, "5.3061224489795915": 0.885142422051553, "4.081632653061225": 0.7577777460000807, "4.285714285714286": 0.7874873038412156, "5.918367346938775": 0.9187086118614753, "5.1020408163265305": 0.8706715834884214, "5.714285714285714": 0.9089255754856227, "6.326530612244898": 0.9349641143471674, "4.4897959183673475": 0.8130024669481869, "6.122448979591837": 0.9273374648030653, "4.8979591836734695": 0.8540872818801993, "4.6938775510204085": 0.8350160205991676, "7.551020408163265": 0.9656970790236912, "6.530612244897959": 0.9417173384677598, "6.938775510204081": 0.9530252327793833, "7.142857142857143": 0.9577528391487424, "6.73469387755102": 0.9477066119782348, "7.346938775510204": 0.961957443426259, "7.959183673469388": 0.9719714481971021, "7.755102040816327": 0.9690211364618526, "8.571428571428571": 0.9789022478813738, "8.775510204081632": 0.9806523389482253, "8.16326530612245": 0.9745831699548223, "9.183673469387756": 0.9834059800683622, "8.979591836734695": 0.9821501764463838, "9.387755102040817": 0.9844260568697736, "9.591836734693878": 0.9852130384200726, "8.36734693877551": 0.9768854971374612, "9.795918367346939": 0.9857660932894416, "10.0": 0.9860811251962486}