{"0.20408163265306123": 5.470383003921907e-07, "0.40816326530612246": 6.047034566463625e-07, "1.2244897959183674": 1.0730249910960733e-06, "0.6122448979591837": 6.770552778694386e-07, "2.857142857142857": 0.38923548408131553, "3.673469387755102": 0.6434822192735875, "3.8775510204081636": 0.6850651171995139, "1.4285714285714286": 1.3420500769324609e-06, "3.4693877551020407": 0.5949119317806575, "1.0204081632653061": 8.959313648179105e-07, "0.8163265306122449": 7.705233201527357e-07, "3.2653061224489797": 0.5377975561013194, "3.0612244897959187": 0.47012276055497143, "1.836734693877551": 2.751322450936653e-06, "2.6530612244897958": 0.29158618937827047, "2.0408163265306123": 5.934828317907041e-06, "1.6326530612244898": 1.7996835633028588e-06, "2.4489795918367347": 0.17232872348431078, "2.2448979591836737": 0.024715932696267356, "0.0": 5e-07, "5.510204081632653": 0.8716270761986253, "5.3061224489795915": 0.8573921729048806, "4.081632653061225": 0.7208789343742302, "4.285714285714286": 0.751888800333769, "5.918367346938775": 0.8955190066347488, "5.1020408163265305": 0.8413191901719799, "5.714285714285714": 0.8842674841181349, "6.326530612244898": 0.9145272855017427, "4.4897959183673475": 0.7788676610474567, "6.122448979591837": 0.905556066605524, "4.8979591836734695": 0.8231179532359779, "4.6938775510204085": 0.8024406661415979, "7.551020408163265": 0.9519700235185456, "6.530612244897959": 0.9225597854317468, "6.938775510204081": 0.9362296909518412, "7.142857142857143": 0.9420417568464899, "6.73469387755102": 0.9297626452927952, "7.346938775510204": 0.9472685249409791, "7.959183673469388": 0.9599961741877747, "7.755102040816327": 0.9561978506877122, "8.571428571428571": 0.9691605030243737, "8.775510204081632": 0.9715595714973251, "8.16326530612245": 0.9634025489869265, "9.183673469387756": 0.97548171967222, "8.979591836734695": 0.9736624949205421, "9.387755102040817": 0.9770257024504017, "9.591836734693878": 0.9782991437679756, "8.36734693877551": 0.9664485864611408, "9.795918367346939": 0.97930319897209, "10.0": 0.9800356763490442}