{"0.20408163265306123": 5.499128631188165e-07, "0.40816326530612246": 6.111020008470013e-07, "1.2244897959183674": 1.108043173848437e-06, "0.6122448979591837": 6.878753215638226e-07, "2.857142857142857": 0.40714308711347424, "3.673469387755102": 0.6647131677151521, "3.8775510204081636": 0.7059335916391953, "1.4285714285714286": 1.3935086686723536e-06, "3.4693877551020407": 0.6161957546422974, "1.0204081632653061": 9.201271651235138e-07, "0.8163265306122449": 7.870552983441312e-07, "3.2653061224489797": 0.5586877608445366, "3.0612244897959187": 0.48997961836402437, "1.836734693877551": 2.88890309530548e-06, "2.6530612244897958": 0.306227868589159, "2.0408163265306123": 6.266955712298791e-06, "1.6326530612244898": 1.8791086126004797e-06, "2.4489795918367347": 0.181795520061668, "2.2448979591836737": 0.026205427745565044, "0.0": 5e-07, "5.510204081632653": 0.8860267417052503, "5.3061224489795915": 0.8726548099355504, "4.081632653061225": 0.741173280768448, "4.285714285714286": 0.7714679772628648, "5.918367346938775": 0.9082732895094485, "5.1020408163265305": 0.8574630064960228, "5.714285714285714": 0.8978294343702533, "6.326530612244898": 0.9257675413667263, "4.4897959183673475": 0.7976418042928584, "6.122448979591837": 0.9175358356141717, "4.8979591836734695": 0.8401510839902997, "4.6938775510204085": 0.8203571110932613, "7.551020408163265": 0.9595199040463758, "6.530612244897959": 0.933096439601554, "6.938775510204081": 0.9454672389569894, "7.142857142857143": 0.9506828521127288, "6.73469387755102": 0.939631826969787, "7.346938775510204": 0.9553474301078831, "7.959183673469388": 0.9665825748929049, "7.755102040816327": 0.9632506578634895, "8.571428571428571": 0.9745184626957238, "8.775510204081632": 0.9765605935953203, "8.16326530612245": 0.9695518905192693, "9.183673469387756": 0.9798400628900983, "8.979591836734695": 0.978330719759755, "9.387755102040817": 0.9810958973810562, "9.591836734693878": 0.982101785826629, "8.36734693877551": 0.9721888873331171, "9.795918367346939": 0.9828577908466334, "10.0": 0.9833606732150066}