{"0.0": 0.0, "0.20408163265306123": 0.0, "0.40816326530612246": 0.0, "3.0612244897959187": 0.5916037519429319, "2.4489795918367347": 0.3482964129357437, "0.6122448979591837": 0.0, "2.0408163265306123": 0.06877382021960066, "1.0204081632653061": 0.0, "3.673469387755102": 0.7294750356369187, "3.4693877551020407": 0.6911897404631423, "2.857142857142857": 0.5262320438413184, "3.2653061224489797": 0.6458142714215921, "0.8163265306122449": 0.0, "2.2448979591836737": 0.22531951090952174, "2.6530612244897958": 0.4465726734048815, "1.4285714285714286": -1e-323, "1.6326530612244898": 1.5e-323, "1.2244897959183674": 0.0, "3.8775510204081636": 0.7620132356239472, "1.836734693877551": 1.5e-323, "4.081632653061225": 0.789841756648069, "4.4897959183673475": 0.8344784993102149, "4.285714285714286": 0.813780697988358, "5.1020408163265305": 0.881879582037389, "5.510204081632653": 0.9045955954572843, "4.8979591836734695": 0.8681437482190946, "4.6938775510204085": 0.8524580536821476, "5.3061224489795915": 0.8939518797234901, "6.122448979591837": 0.9297775152208133, "5.918367346938775": 0.9223561106812901, "6.326530612244898": 0.9363919123778973, "5.714285714285714": 0.9140087862531866, "6.530612244897959": 0.9422995004903075, "6.938775510204081": 0.9523291540667653, "6.73469387755102": 0.9475873163094605, "7.142857142857143": 0.9565893025041141, "7.755102040816327": 0.9669996526307598, "7.551020408163265": 0.9638795748808687, "7.346938775510204": 0.9604235252226316, "7.959183673469388": 0.9698207223929581, "8.16326530612245": 0.9723745514039869, "8.36734693877551": 0.9746897528600879, "8.571428571428571": 0.976790972301833, "8.775510204081632": 0.9787003142824571, "9.183673469387756": 0.9820191790857806, "8.979591836734695": 0.980437376434033, "9.387755102040817": 0.9834611516683972, "9.591836734693878": 0.984777057366923, "9.795918367346939": 0.9859788572267363, "10.0": 0.9870775820731165}