{"0.0": 0.0, "0.20408163265306123": 0.0, "0.40816326530612246": 0.0, "3.0612244897959187": 0.4472369498770664, "2.4489795918367347": 0.24507731395509758, "0.6122448979591837": 0.0, "2.0408163265306123": 0.04545443404753956, "1.0204081632653061": 0.0, "3.673469387755102": 0.5820226816079332, "3.4693877551020407": 0.542497436963954, "2.857142857142857": 0.3893370902578686, "3.2653061224489797": 0.4978854545216618, "0.8163265306122449": 0.0, "2.2448979591836737": 0.15394037995746515, "2.6530612244897958": 0.3226342812283365, "1.4285714285714286": 0.0, "1.6326530612244898": 0.0, "1.2244897959183674": 0.0, "3.8775510204081636": 0.6172278552298329, "1.836734693877551": 0.0, "4.081632653061225": 0.6487278374148269, "4.4897959183673475": 0.7025535973937123, "4.285714285714286": 0.6770310245370709, "5.1020408163265305": 0.7656679907309564, "5.510204081632653": 0.7989567769636886, "4.8979591836734695": 0.7466013608963714, "4.6938775510204085": 0.7256453323011434, "5.3061224489795915": 0.783059609513954, "6.122448979591837": 0.8391611177317881, "5.918367346938775": 0.8268799092486669, "6.326530612244898": 0.8504673585220259, "5.714285714285714": 0.8135183780599524, "6.530612244897959": 0.8608893984385221, "6.938775510204081": 0.8793995516309736, "6.73469387755102": 0.870509690331713, "7.142857142857143": 0.8876236207487693, "7.755102040816327": 0.9088471348885353, "7.551020408163265": 0.9022988349215237, "7.346938775510204": 0.895239864833871, "7.959183673469388": 0.9149269562363233, "8.16326530612245": 0.9205750404632366, "8.36734693877551": 0.9258261985511148, "8.571428571428571": 0.930710755636987, "8.775510204081632": 0.9352570808439724, "9.183673469387756": 0.9434357375572533, "8.979591836734695": 0.9394911345733513, "9.387755102040817": 0.9471125195271571, "9.591836734693878": 0.9505413848871151, "9.795918367346939": 0.9537397748650681, "10.0": 0.9567246387288821}