{"0.0": 0.0, "0.20408163265306123": 0.0, "0.40816326530612246": 0.0, "3.0612244897959187": 0.6276954524593982, "2.4489795918367347": 0.37410118768090506, "0.6122448979591837": 0.0, "2.0408163265306123": 0.07460366676261597, "1.0204081632653061": 0.0, "3.673469387755102": 0.7663381241441646, "3.4693877551020407": 0.7283628163379389, "2.857142857142857": 0.5604557822371804, "3.2653061224489797": 0.6827964756465751, "0.8163265306122449": 0.0, "2.2448979591836737": 0.2431642936475359, "2.6530612244897958": 0.47755727144901766, "1.4285714285714286": -1e-323, "1.6326530612244898": 1.5e-323, "1.2244897959183674": 0.0, "3.8775510204081636": 0.7982095807224756, "1.836734693877551": 1.5e-323, "4.081632653061225": 0.8251202364563791, "4.4897959183673475": 0.8674597247893401, "4.285714285714286": 0.8479681163511797, "5.1020408163265305": 0.9109324798639974, "5.510204081632653": 0.9310053000806836, "4.8979591836734695": 0.8985293450497752, "4.6938775510204085": 0.8841612340273983, "5.3061224489795915": 0.9216749472758747, "6.122448979591837": 0.9524316145930694, "5.918367346938775": 0.9462251610394458, "6.326530612244898": 0.9578730508418651, "5.714285714285714": 0.9391313883014947, "6.530612244897959": 0.9626520260032536, "6.938775510204081": 0.9705615546757129, "6.73469387755102": 0.9668567228038976, "7.142857142857143": 0.9738307229429505, "7.755102040816327": 0.9815377820663165, "7.551020408163265": 0.9792747598707049, "7.346938775510204": 0.9767194403198219, "7.959183673469388": 0.9835441639321169, "8.16326530612245": 0.9853244291391741, "8.36734693877551": 0.9869056414373308, "8.571428571428571": 0.9883110264680444, "8.775510204081632": 0.9895611226420781, "9.183673469387756": 0.9916650394679123, "8.979591836734695": 0.9906739368992031, "9.387755102040817": 0.9925483097037071, "9.591836734693878": 0.9933359754868748, "9.795918367346939": 0.994038627817153, "10.0": 0.9946658179091746}