{"0.6122448979591837": 3.186340080674199e-14, "0.40816326530612246": 6.661338147750939e-16, "1.4285714285714286": 9.854050908586487e-11, "0.20408163265306123": 1.63202784619898e-14, "1.0204081632653061": 4.431122135883925e-12, "1.836734693877551": 2.0536905509516146e-12, "3.673469387755102": 1.3280992083863907e-08, "2.4489795918367347": -7.405809299143584e-11, "1.6326530612244898": 3.0197044864621603e-10, "3.0612244897959187": 5.525122581673259e-10, "2.0408163265306123": 7.296274695534066e-12, "1.2244897959183674": 2.4553470368005037e-11, "0.8163265306122449": 5.202505093393484e-13, "3.2653061224489797": 1.7194735635328584e-09, "2.6530612244897958": -6.857456824604924e-10, "2.2448979591836737": 1.0627387858619386e-11, "3.4693877551020407": 4.965422184532997e-09, "2.857142857142857": -3.1831643987345615e-09, "3.8775510204081636": 3.3721484049564765e-08, "4.081632653061225": 8.123678019167357e-08, "0.0": 0.0, "5.714285714285714": 2.476993039512987e-05, "4.4897959183673475": 4.1175731058107345e-07, "4.285714285714286": 1.8675219959352063e-07, "4.6938775510204085": 8.746606530163348e-07, "4.8979591836734695": 1.7974302427559152e-06, "5.1020408163265305": 3.586793608345573e-06, "6.530612244897959": 0.00027218074416246463, "5.3061224489795915": 6.975515029261636e-06, "6.326530612244898": 0.00015013514485351376, "6.73469387755102": 0.0004987925293533646, "6.122448979591837": 8.292822134781108e-05, "5.510204081632653": 1.3267672221206617e-05, "5.918367346938775": 4.5567655475253765e-05, "6.938775510204081": 0.0009376643215635028, "7.142857142857143": 0.0018546517900149828, "7.346938775510204": 0.00405120788217006, "7.755102040816327": 0.030099062576306457, "7.959183673469388": 0.0618085237912801, "7.551020408163265": 0.010598333317332953, "8.775510204081632": 0.19478690458117565, "8.16326530612245": 0.0962724777237437, "9.183673469387756": 0.25397622546556153, "8.36734693877551": 0.1303164097798185, "8.979591836734695": 0.22502883848468258, "8.571428571428571": 0.1632115213955525, "9.591836734693878": 0.3082242135326847, "9.387755102040817": 0.28168678428775085, "10.0": 0.3580349744024345, "9.795918367346939": 0.33365279130827663}