{"0.6122448979591837": -1.9984014443252818e-15, "0.40816326530612246": -2.220446049250313e-16, "1.4285714285714286": 2.5276669646245864e-11, "0.20408163265306123": -4.218847493575595e-15, "1.0204081632653061": 4.67847982577041e-13, "1.836734693877551": 8.443246102274315e-13, "3.673469387755102": 1.6512392231327055e-08, "2.4489795918367347": -4.005595855005595e-11, "1.6326530612244898": 9.918355026172776e-11, "3.0612244897959187": 6.233116245368819e-10, "2.0408163265306123": 3.579248009089042e-12, "1.2244897959183674": 4.480305015874819e-12, "0.8163265306122449": 1.27675647831893e-14, "3.2653061224489797": 2.0045697324277967e-09, "2.6530612244897958": -4.3776648972482235e-10, "2.2448979591836737": 6.609823799408332e-12, "3.4693877551020407": 5.9742474300961135e-09, "2.857142857142857": -2.2527888443590882e-09, "3.8775510204081636": 4.3209895994600345e-08, "4.081632653061225": 1.0718973442180868e-07, "0.0": 0.0, "5.714285714285714": 4.0262600734419784e-05, "4.4897959183673475": 5.747166736957965e-07, "4.285714285714286": 2.5353525545668276e-07, "4.6938775510204085": 1.2542307831209243e-06, "4.8979591836734695": 2.646159478092436e-06, "5.1020408163265305": 5.417697307108504e-06, "6.530612244897959": 0.00048421965875200534, "5.3061224489795915": 1.0803392055724892e-05, "6.326530612244898": 0.0002613375825886166, "6.73469387755102": 0.0009064311586776119, "6.122448979591837": 0.00014116666008212597, "5.510204081632653": 2.1057063966045675e-05, "5.918367346938775": 7.5817703437564e-05, "6.938775510204081": 0.0017394790196720855, "7.142857142857143": 0.003509239712124912, "7.346938775510204": 0.0078055244353902875, "7.755102040816327": 0.05878928527187566, "7.959183673469388": 0.11918287334164945, "7.551020408163265": 0.020696700717994454, "8.775510204081632": 0.350476059268957, "8.16326530612245": 0.18254589797159748, "9.183673469387756": 0.4419362450880191, "8.36734693877551": 0.24279170399044503, "8.979591836734695": 0.3980932923585154, "8.571428571428571": 0.29878490928994195, "9.591836734693878": 0.5195159306668778, "9.387755102040817": 0.4823125228520857, "10.0": 0.5854719780548706, "9.795918367346939": 0.5538191511400412}