{"7.777777777777779": 0.633719342413909, "5.555555555555555": 0.5650162086873671, "8.88888888888889": 0.6473450513033643, "6.666666666666667": 0.6093098644660472, "4.444444444444445": 0.47931315741469316, "10.0": 0.653915867820915, "1.1111111111111112": 4.5724419927049253e-07, "3.3333333333333335": 0.2940052165026412, "0.0": 0.0, "2.2222222222222223": 4.18466122449378e-06}