{"7.777777777777779": 0.9448179286898277, "5.555555555555555": 0.8423878020429836, "8.88888888888889": 0.9651326219431978, "6.666666666666667": 0.9084256161130155, "4.444444444444445": 0.7146123437819062, "10.0": 0.9749291120239092, "1.1111111111111112": 6.817095334578254e-07, "3.3333333333333335": 0.43833505005848333, "0.0": 0.0, "2.2222222222222223": 6.238949461972544e-06}