{"7.777777777777779": 0.3110985862759189, "5.555555555555555": 0.27737159335561645, "8.88888888888889": 0.31778757063983326, "6.666666666666667": 0.2991157516469686, "4.444444444444445": 0.23529918636721286, "10.0": 0.3210132442029945, "1.1111111111111112": 2.2446533418733268e-07, "3.3333333333333335": 0.14432983355584197, "0.0": 0.0, "2.2222222222222223": 2.0542882374787654e-06}