{"1.0204081632653061": 0.0, "0.20408163265306123": 0.0, "0.8163265306122449": 0.0, "0.0": 0.0, "0.40816326530612246": 0.0, "3.4693877551020407": 0.24805029350716415, "0.6122448979591837": 0.0, "1.2244897959183674": 0.0, "3.673469387755102": 0.34366774414204126, "3.2653061224489797": 0.1343779126334186, "1.4285714285714286": 0.0, "3.8775510204081636": 0.4246983183644278, "1.836734693877551": 0.0, "1.6326530612244898": 0.0, "2.0408163265306123": 0.0, "2.4489795918367347": 0.0, "2.2448979591836737": 0.0, "4.081632653061225": 0.49380061360763494, "2.6530612244897958": 4.4e-323, "4.285714285714286": 0.5530806086098952, "2.857142857142857": 9e-323, "4.8979591836734695": 0.6870048370904308, "4.4897959183673475": 0.6041935148978229, "4.6938775510204085": 0.6484744887034168, "3.0612244897959187": -1.42e-321, "5.1020408163265305": 0.720656478003104, "6.122448979591837": 0.8371698435292462, "6.530612244897959": 0.8673375813611789, "5.3061224489795915": 0.7501563924055638, "5.510204081632653": 0.776097903128709, "5.714285714285714": 0.7989815199021126, "5.918367346938775": 0.8192215104453442, "6.73469387755102": 0.8800253130683311, "6.326530612244898": 0.8531250077213042, "6.938775510204081": 0.8913721379710391, "7.346938775510204": 0.9106622422259187, "7.755102040816327": 0.9262439448005235, "7.142857142857143": 0.9015382206980975, "8.36734693877551": 0.9443283946407658, "7.551020408163265": 0.9188626132490625, "8.16326530612245": 0.9389023240993993, "8.571428571428571": 0.9492365967750326, "7.959183673469388": 0.9328977125922815, "8.775510204081632": 0.9536813101084225, "8.979591836734695": 0.957710674883305, "9.183673469387756": 0.9613664306390792, "9.591836734693878": 0.9677042072773477, "9.387755102040817": 0.9646863834148599, "9.795918367346939": 0.9704491336494183, "10.0": 0.9729480846742758}