{"1.0204081632653061": 0.0, "0.20408163265306123": 0.0, "0.8163265306122449": 0.0, "0.0": 0.0, "0.40816326530612246": 0.0, "3.4693877551020407": 0.19355321692793853, "0.6122448979591837": 0.0, "1.2244897959183674": 0.0, "3.673469387755102": 0.27142462322873506, "3.2653061224489797": 0.10351611944710568, "1.4285714285714286": 0.0, "3.8775510204081636": 0.3392648404044467, "1.836734693877551": 0.0, "1.6326530612244898": 0.0, "2.0408163265306123": 0.0, "2.4489795918367347": 0.0, "2.2448979591836737": 0.0, "4.081632653061225": 0.39873028259635895, "2.6530612244897958": 4e-323, "4.285714285714286": 0.451158077014024, "2.857142857142857": 6.4e-323, "4.8979591836734695": 0.5759377826293197, "4.4897959183673475": 0.49761201182811876, "4.6938775510204085": 0.5389655579630226, "3.0612244897959187": -1.077e-321, "5.1020408163265305": 0.6091146603322897, "6.122448979591837": 0.7329419782391784, "6.530612244897959": 0.7683685281798279, "5.3061224489795915": 0.6389954264390783, "5.510204081632653": 0.6659913534529267, "5.714285714285714": 0.6904568643956226, "5.918367346938775": 0.7126881870764401, "6.73469387755102": 0.7838956823981269, "6.326530612244898": 0.7514396205456947, "6.938775510204081": 0.7981631474404761, "7.346938775510204": 0.8234098932084355, "7.755102040816327": 0.8449437787231414, "7.142857142857143": 0.8112973935164874, "8.36734693877551": 0.8716762726240497, "7.551020408163265": 0.8345964172710462, "8.16326530612245": 0.8634195061453293, "8.571428571428571": 0.8793528847138108, "7.959183673469388": 0.8545293268150334, "8.775510204081632": 0.8864984625669055, "8.979591836734695": 0.8931573532729951, "9.183673469387756": 0.8993680402364811, "9.591836734693878": 0.9105856664467907, "9.387755102040817": 0.905166556434175, "9.795918367346939": 0.9156537110099187, "10.0": 0.9203979842217782}