{"1.0204081632653061": 0.0, "0.20408163265306123": 0.0, "0.8163265306122449": 0.0, "0.0": 0.0, "0.40816326530612246": 0.0, "3.4693877551020407": 0.15722183254178823, "0.6122448979591837": 0.0, "1.2244897959183674": 0.0, "3.673469387755102": 0.22326254261986425, "3.2653061224489797": 0.0829415906562304, "1.4285714285714286": 0.0, "3.8775510204081636": 0.28230918843112585, "1.836734693877551": 0.0, "1.6326530612244898": 0.0, "2.0408163265306123": 0.0, "2.4489795918367347": 0.0, "2.2448979591836737": 0.0, "4.081632653061225": 0.3353500619221752, "2.6530612244897958": 3e-323, "4.285714285714286": 0.38320972261677655, "2.857142857142857": 5.4e-323, "4.8979591836734695": 0.5018930796552454, "4.4897959183673475": 0.426557676448316, "4.6938775510204085": 0.46595960413609305, "3.0612244897959187": -8.6e-322, "5.1020408163265305": 0.5347534485517474, "6.122448979591837": 0.6634567347124665, "6.530612244897959": 0.7023891593922603, "5.3061224489795915": 0.5648881157947552, "5.510204081632653": 0.592586987002405, "5.714285714285714": 0.6181070940579628, "5.918367346938775": 0.641665971497171, "6.73469387755102": 0.7198092619513239, "6.326530612244898": 0.683649362428622, "6.938775510204081": 0.7360238204201003, "7.346938775510204": 0.7652416605301134, "7.755102040816327": 0.7907436680048867, "7.142857142857143": 0.7511368420620805, "8.36734693877551": 0.8232415246129053, "7.551020408163265": 0.7784189532857018, "8.16326530612245": 0.8130976275092818, "8.571428571428571": 0.8327637433396627, "7.959183673469388": 0.8022837362968678, "8.775510204081632": 0.841709897539228, "8.979591836734695": 0.850121805532789, "9.183673469387756": 0.8580357799680832, "9.591836734693878": 0.8725066392264189, "9.387755102040817": 0.8654866717803847, "9.795918367346939": 0.8791234292502526, "10.0": 0.8853645839201135}