{"0.6122448979591837": 5.048735639828564e-08, "0.40816326530612246": 3.257784535393597e-08, "1.0204081632653061": 9.012197264635838e-08, "2.857142857142857": 3.7075090015448604e-07, "0.20408163265306123": 1.578226688271192e-08, "2.0408163265306123": 2.1913625841174755e-07, "0.8163265306122449": 6.96251954049124e-08, "2.2448979591836737": 2.519170345879157e-07, "1.6326530612244898": 1.6138276623178208e-07, "2.6530612244897958": 3.272176078006275e-07, "1.2244897959183674": 1.1212749168636918e-07, "1.836734693877551": 1.8906563992868792e-07, "1.4285714285714286": 1.3581440932382094e-07, "2.4489795918367347": 2.877911550994171e-07, "3.4693877551020407": 5.335879853404685e-07, "3.0612244897959187": 4.1906727056217667e-07, "3.8775510204081636": 6.803455846470161e-07, "0.0": 0.0, "3.2653061224489797": 4.7300003160503957e-07, "3.673469387755102": 6.021429209541623e-07, "4.081632653061225": 7.703851903816687e-07, "4.4897959183673475": 9.986334442458444e-07, "5.3061224489795915": 1.8345302886758846e-06, "5.1020408163265305": 1.5492986548062656e-06, "4.8979591836734695": 1.3259272197280702e-06, "4.285714285714286": 8.751673980385581e-07, "6.122448979591837": 4.7441163836903715e-06, "4.6938775510204085": 1.1462664942550604e-06, "5.714285714285714": 2.732606023430304e-06, "5.510204081632653": 2.2114290000453246e-06, "5.918367346938775": 3.500437636436698e-06, "7.755102040816327": 0.24281679745665102, "7.551020408163265": 0.19910764060758315, "7.959183673469388": 0.28335131704806316, "7.346938775510204": 0.15192412315323683, "6.938775510204081": 0.04573037765638497, "7.142857142857143": 0.10092581614992963, "6.326530612244898": 7.104058041398221e-06, "6.530612244897959": 1.3303962680902825e-05, "8.571428571428571": 0.38839107630607145, "6.73469387755102": 7.327183957585283e-05, "8.16326530612245": 0.32097499190796963, "8.36734693877551": 0.35592007546770227, "9.591836734693878": 0.5192240121664975, "8.775510204081632": 0.41856800968210267, "9.795918367346939": 0.5399488977162057, "9.183673469387756": 0.47265362184979337, "8.979591836734695": 0.4466091875942041, "9.387755102040817": 0.4968231036564811, "10.0": 0.5590778742004315}