{"0.20408163265306123": 9.98911225639894e-09, "0.0": 0.0, "0.40816326530612246": 2.038016209224797e-08, "0.6122448979591837": 3.119791655635353e-08, "1.0204081632653061": 5.42232127440063e-08, "0.8163265306122449": 4.246921981086606e-08, "1.6326530612244898": 9.27127314659681e-08, "1.4285714285714286": 7.93088399391311e-08, "1.2244897959183674": 6.64915864876956e-08, "1.836734693877551": 1.0674443886488747e-07, "2.0408163265306123": 1.2144909798293388e-07, "2.4489795918367347": 1.5308090449233736e-07, "2.2448979591836737": 1.3687642728326336e-07, "2.857142857142857": 1.8806918365947004e-07, "2.6530612244897958": 1.7012297687590688e-07, "3.0612244897959187": 2.0699340010546751e-07, "3.4693877551020407": 2.48114457686551e-07, "3.2653061224489797": 2.2697798722421218e-07, "3.8775510204081636": 2.942662804547267e-07, "3.673469387755102": 2.705055914231211e-07, "4.285714285714286": 3.4643232585366006e-07, "4.4897959183673475": 3.751505399455694e-07, "4.081632653061225": 3.195264386669709e-07, "4.8979591836734695": 4.3880815955664516e-07, "4.6938775510204085": 4.058701956278468e-07, "5.3061224489795915": 5.123755384199333e-07, "5.1020408163265305": 4.742142067484255e-07, "5.510204081632653": 5.536276204379254e-07, "5.714285714285714": 5.983605463037023e-07, "6.326530612244898": 7.584878533291478e-07, "5.918367346938775": 6.470349953500083e-07, "6.122448979591837": 7.001942917936325e-07, "6.530612244897959": 8.226975184477402e-07, "6.73469387755102": 8.937682620350117e-07, "7.142857142857143": 1.0614151386828214e-06, "6.938775510204081": 9.728624554964806e-07, "7.551020408163265": 1.2745976062104528e-06, "7.346938775510204": 1.1612306778551462e-06, "7.755102040816327": 1.404474261894186e-06, "7.959183673469388": 1.55475054774109e-06, "8.16326530612245": 1.7306343117343552e-06, "8.571428571428571": 2.190816062947471e-06, "8.775510204081632": 2.499966632813153e-06, "8.36734693877551": 1.939289171975035e-06, "8.979591836734695": 2.8891612718610526e-06, "9.387755102040817": 4.0759709520458585e-06, "9.183673469387756": 3.3941826185674954e-06, "9.591836734693878": 5.047422607076954e-06, "9.795918367346939": 6.543616752419365e-06, "10.0": 9.149039475357848e-06}