{"0.20408163265306123": 9.806052055329878e-09, "0.0": 0.0, "0.40816326530612246": 2.0006825677635303e-08, "0.6122448979591837": 3.062664308487003e-08, "1.0204081632653061": 5.3231112831680433e-08, "0.8163265306122449": 4.169186630246181e-08, "1.6326530612244898": 9.10184419789791e-08, "1.4285714285714286": 7.785892092729454e-08, "1.2244897959183674": 6.527550461399627e-08, "1.836734693877551": 1.0479450599037407e-07, "2.0408163265306123": 1.192314381449138e-07, "2.4489795918367347": 1.5028788264500182e-07, "2.2448979591836737": 1.3437806393707224e-07, "2.857142857142857": 1.846405277659805e-07, "2.6530612244897958": 1.6702025587212862e-07, "3.0612244897959187": 2.0322124675299957e-07, "3.4693877551020407": 2.4359654036768835e-07, "3.2653061224489797": 2.2284329460058872e-07, "3.8775510204081636": 2.8891225603242626e-07, "3.673469387755102": 2.655819180096715e-07, "4.285714285714286": 3.401341878422013e-07, "4.4897959183673475": 3.6833302029023035e-07, "4.081632653061225": 3.137151350094986e-07, "4.8979591836734695": 4.308401499870185e-07, "4.6938775510204085": 3.9849735045763146e-07, "5.3061224489795915": 5.030790669932983e-07, "5.1020408163265305": 4.6560670783981444e-07, "5.510204081632653": 5.435866682376772e-07, "5.714285714285714": 5.875125988778987e-07, "6.326530612244898": 7.447532516904063e-07, "5.918367346938775": 6.353092643287853e-07, "6.122448979591837": 6.875102305858953e-07, "6.530612244897959": 8.078061242132284e-07, "6.73469387755102": 8.775968512025561e-07, "7.142857142857143": 1.0422256205103673e-06, "6.938775510204081": 9.552669278064647e-07, "7.551020408163265": 1.251572164760078e-06, "7.346938775510204": 1.1402448891253386e-06, "7.755102040816327": 1.379112653746967e-06, "7.959183673469388": 1.5266863961187808e-06, "8.16326530612245": 1.699407706571105e-06, "8.571428571428571": 2.151317428475509e-06, "8.775510204081632": 2.4549120662136864e-06, "8.36734693877551": 1.9043115439172553e-06, "8.979591836734695": 2.837113172459464e-06, "9.387755102040817": 4.002600487131384e-06, "9.183673469387756": 3.3330607208510425e-06, "9.591836734693878": 4.956601157559402e-06, "9.795918367346939": 6.425919818306514e-06, "10.0": 8.98454505667625e-06}