{"0.20408163265306123": 9.915888175971316e-09, "0.0": 0.0, "0.40816326530612246": 2.0230827526402898e-08, "0.6122448979591837": 3.096940716776014e-08, "1.0204081632653061": 5.3826372779075965e-08, "0.8163265306122449": 4.215827840750436e-08, "1.6326530612244898": 9.20350156711725e-08, "1.4285714285714286": 7.87288723343965e-08, "1.2244897959183674": 6.600515373821582e-08, "1.836734693877551": 1.0596446571508212e-07, "2.0408163265306123": 1.2056203404772584e-07, "2.4489795918367347": 1.519636957534032e-07, "2.2448979591836737": 1.3587708194478695e-07, "2.857142857142857": 1.866977213020743e-07, "2.6530612244897958": 1.688818884743956e-07, "3.0612244897959187": 2.054845387644804e-07, "3.4693877551020407": 2.46307290759006e-07, "3.2653061224489797": 2.2532411017476276e-07, "3.8775510204081636": 2.9212467068580647e-07, "3.673469387755102": 2.6853612205774124e-07, "4.285714285714286": 3.4391307064907656e-07, "4.4897959183673475": 3.724235320834337e-07, "4.081632653061225": 3.17201917203982e-07, "4.8979591836734695": 4.3562095572879446e-07, "4.6938775510204085": 4.029210575597605e-07, "5.3061224489795915": 5.086569498492794e-07, "5.1020408163265305": 4.7077120718498115e-07, "5.510204081632653": 5.496112395578259e-07, "5.714285714285714": 5.940213673333809e-07, "6.326530612244898": 7.52994012673651e-07, "5.918367346938775": 6.42344702941519e-07, "6.122448979591837": 6.951206673105378e-07, "6.530612244897959": 8.167409607539355e-07, "6.73469387755102": 8.872996977020296e-07, "7.142857142857143": 1.0537393314138396e-06, "6.938775510204081": 9.658242444204741e-07, "7.551020408163265": 1.2653874296303033e-06, "7.346938775510204": 1.1528363623632234e-06, "7.755102040816327": 1.394329618635298e-06, "7.959183673469388": 1.5435248870921664e-06, "8.16326530612245": 1.7181436696690546e-06, "8.571428571428571": 2.175016609158686e-06, "8.775510204081632": 2.481944806173367e-06, "8.36734693877551": 1.925298120751923e-06, "8.979591836734695": 2.8683420321004176e-06, "9.387755102040817": 4.0466227660800685e-06, "9.183673469387756": 3.3697338594809138e-06, "9.591836734693878": 5.011094027269934e-06, "9.795918367346939": 6.496537978774226e-06, "10.0": 9.083241707885207e-06}