{"0.0": 0.0, "0.6122448979591837": 6.35720824503022e-08, "0.20408163265306123": 1.830862729728661e-08, "0.40816326530612246": 3.92890253261004e-08, "0.8163265306122449": 9.200428340795088e-08, "1.0204081632653061": 1.257483799321694e-07, "1.2244897959183674": 1.6644634461197269e-07, "1.4285714285714286": 2.164942273641801e-07, "1.6326530612244898": 2.7953347760769746e-07, "2.0408163265306123": 4.719077811612416e-07, "1.836734693877551": 3.613758999516741e-07, "2.2448979591836737": 6.294247676808444e-07, "2.4489795918367347": 8.719624778808525e-07, "2.6530612244897958": 1.293821043497555e-06, "2.857142857142857": 2.2104649137783766e-06, "3.0612244897959187": 5.726339731336859e-06, "3.4693877551020407": 0.07217741441843663, "3.8775510204081636": 0.16886194350686798, "3.673469387755102": 0.12253453370617574, "3.2653061224489797": 0.017209436455358273, "4.081632653061225": 0.21164828991500248, "4.6938775510204085": 0.32252485214946885, "4.285714285714286": 0.25130034828342934, "4.4897959183673475": 0.2881621178540141, "4.8979591836734695": 0.3546384979425391, "5.3061224489795915": 0.41295179555743344, "5.1020408163265305": 0.38471876045551007, "5.714285714285714": 0.4645092610894509, "5.510204081632653": 0.4395011233088548, "6.122448979591837": 0.5103924492421126, "6.326530612244898": 0.5314780234056614, "5.918367346938775": 0.488102622310949, "6.530612244897959": 0.5514480129781574, "6.73469387755102": 0.5703810963602072, "7.142857142857143": 0.6054134431133351, "6.938775510204081": 0.5883484700529727, "7.346938775510204": 0.6216333601806002, "7.755102040816327": 0.6517371894223906, "7.551020408163265": 0.6370592717860487, "8.16326530612245": 0.6790088623599875, "7.959183673469388": 0.6657082953958986, "8.571428571428571": 0.7037237674053053, "8.979591836734695": 0.7260926995048004, "8.36734693877551": 0.6916713330699216, "8.775510204081632": 0.7151906179832364, "9.183673469387756": 0.7364469935228525, "9.387755102040817": 0.7462672973840373, "9.591836734693878": 0.7555641253373978, "9.795918367346939": 0.7643444760761787, "10.0": 0.7726125896046805}