{"0.0": 0.0, "0.6122448979591837": 1.0171532888942629e-07, "0.20408163265306123": 2.929380342425421e-08, "0.40816326530612246": 6.286243936404002e-08, "0.8163265306122449": 1.472068471041304e-07, "1.0204081632653061": 2.0119739603197995e-07, "1.2244897959183674": 2.6631413060086776e-07, "1.4285714285714286": 3.4639072863037665e-07, "1.6326530612244898": 4.4725350556809493e-07, "2.0408163265306123": 7.550522828352842e-07, "1.836734693877551": 5.782013419782786e-07, "2.2448979591836737": 1.0070793311577293e-06, "2.4489795918367347": 1.3951393943705256e-06, "2.6530612244897958": 2.070112414116691e-06, "2.857142857142857": 3.5367401974304054e-06, "3.0612244897959187": 9.16211897693749e-06, "3.4693877551020407": 0.11162411402429526, "3.8775510204081636": 0.249408614268589, "3.673469387755102": 0.18502785683956635, "3.2653061224489797": 0.027313613284008064, "4.081632653061225": 0.3062596549613653, "4.6938775510204085": 0.4424048477821298, "4.285714285714286": 0.3567679992424752, "4.4897959183673475": 0.4018907314011507, "4.8979591836734695": 0.4789487491091236, "5.3061224489795915": 0.5421515044468022, "5.1020408163265305": 0.5120510326135004, "5.714285714285714": 0.5947710594666664, "5.510204081632653": 0.5696207365543772, "6.122448979591837": 0.6391414143772504, "6.326530612244898": 0.6587842374753587, "5.918367346938775": 0.617868896462276, "6.530612244897959": 0.6769663488820212, "6.73469387755102": 0.6938336443220642, "7.142857142857143": 0.7241168634880407, "6.938775510204081": 0.7095136014179219, "7.346938775510204": 0.7377405238139508, "7.755102040816327": 0.7623769806207256, "7.551020408163265": 0.7504691588641724, "8.16326530612245": 0.7839812452208054, "7.959183673469388": 0.7735289037991496, "8.571428571428571": 0.8029770078934517, "8.979591836734695": 0.8196793457106901, "8.36734693877551": 0.7937832152397429, "8.775510204081632": 0.8115988501053135, "9.183673469387756": 0.827243651090378, "9.387755102040817": 0.8343122319568304, "9.591836734693878": 0.8409010184714093, "9.795918367346939": 0.8470214449947334, "10.0": 0.8526811780192242}