{"0.0": 0.0, "0.6122448979591837": 1.5893019854811252e-07, "0.20408163265306123": 4.577156761470559e-08, "0.40816326530612246": 9.822256042094945e-08, "0.8163265306122449": 2.3001069264839962e-07, "1.0204081632653061": 3.143709201816957e-07, "1.2244897959183674": 4.161158095842103e-07, "1.4285714285714286": 5.412354805296717e-07, "1.6326530612244898": 6.98833547508691e-07, "2.0408163265306123": 1.1797690353463479e-06, "1.836734693877551": 9.034395050181859e-07, "2.2448979591836737": 1.5735611763730554e-06, "2.4489795918367347": 2.179904769105034e-06, "2.6530612244897958": 3.2345494700453927e-06, "2.857142857142857": 5.526153122908449e-06, "3.0612244897959187": 1.4315787845338426e-05, "3.4693877551020407": 0.17079416343308315, "3.8775510204081636": 0.37022862041117055, "3.673469387755102": 0.2787678415396522, "3.2653061224489797": 0.04246987852698275, "4.081632653061225": 0.44817670253090963, "4.6938775510204085": 0.6222248412311208, "4.285714285714286": 0.5149694756810439, "4.4897959183673475": 0.5724836517218558, "4.8979591836734695": 0.665414125859, "5.3061224489795915": 0.7359510677808556, "5.1020408163265305": 0.7030494408504856, "5.714285714285714": 0.7901637570324899, "5.510204081632653": 0.7648001564226609, "6.122448979591837": 0.8322648620799568, "6.326530612244898": 0.8497435585799046, "5.918367346938775": 0.8125183076892669, "6.530612244897959": 0.8652438527378167, "6.73469387755102": 0.87901246626485, "7.142857142857143": 0.9021719940500988, "6.938775510204081": 0.8912612984653452, "7.346938775510204": 0.9119012692639769, "7.755102040816327": 0.9283366674182276, "7.551020408163265": 0.9205839894813584, "8.16326530612245": 0.9414398195120327, "7.959183673469388": 0.9352598164040259, "8.571428571428571": 0.9518568686256713, "8.979591836734695": 0.9600593150195246, "8.36734693877551": 0.9469510384944749, "8.775510204081632": 0.9562111982884292, "9.183673469387756": 0.9634386374416661, "9.387755102040817": 0.9663796338160201, "9.591836734693878": 0.9689063581724262, "9.795918367346939": 0.9710368983725651, "10.0": 0.9727840606410396}