{"0.40816326530612246": 1.844263123522627e-07, "0.6122448979591837": 2.8399207960698547e-07, "0.20408163265306123": 9.05064359305943e-08, "1.0204081632653061": 5.105879685504556e-07, "1.836734693877551": 1.1951346124765913e-06, "1.2244897959183674": 6.443850366611958e-07, "0.8163265306122449": 3.9171341592211845e-07, "1.4285714285714286": 7.980611994423284e-07, "2.4489795918367347": 2.2570463838116045e-06, "1.6326530612244898": 9.784097970315095e-07, "2.0408163265306123": 1.4627288240595597e-06, "2.6530612244897958": 2.8911867488348155e-06, "2.857142857142857": 3.846794425026066e-06, "3.2653061224489797": 8.769703454650618e-06, "2.2448979591836737": 1.803981145735734e-06, "0.0": 0.0, "3.0612244897959187": 5.458537181308597e-06, "3.673469387755102": 0.03358756336885129, "3.4693877551020407": 1.9518870105326082e-05, "3.8775510204081636": 0.3047877369562287, "4.081632653061225": 0.5318159412646958, "5.1020408163265305": 1.2439204895696014, "6.326530612244898": 1.628873345748051, "5.3061224489795915": 1.3320487540033543, "4.4897959183673475": 0.885259078094558, "5.510204081632653": 1.4085105962332762, "5.918367346938775": 1.5332212277913277, "4.6938775510204085": 1.023506090852317, "6.938775510204081": 1.7336968041239436, "5.714285714285714": 1.4750802842128976, "7.142857142857143": 1.7608914773214126, "6.530612244897959": 1.6682477239495468, "4.8979591836734695": 1.1419603213928171, "6.122448979591837": 1.5841478027000377, "7.346938775510204": 1.7850088694050852, "6.73469387755102": 1.7029869670899067, "4.285714285714286": 0.7230963416460002, "7.551020408163265": 1.806422730707342, "7.755102040816327": 1.8254526098362858, "7.959183673469388": 1.8423719545239319, "8.36734693877551": 1.8707809568896534, "8.16326530612245": 1.8574147465522663, "8.979591836734695": 1.9023989380928772, "9.591836734693878": 1.923671951279009, "9.183673469387756": 1.9105206890382154, "9.387755102040817": 1.9175890143147232, "8.775510204081632": 1.8931397042137932, "8.571428571428571": 1.882641047922663, "9.795918367346939": 1.928823118056025, "10.0": 1.9330831081226807}