{"0.40816326530612246": 7.594024698961921e-08, "0.6122448979591837": 1.1693791685596169e-07, "0.20408163265306123": 3.7267356146487036e-08, "1.0204081632653061": 2.102421102688952e-07, "1.836734693877551": 4.921142827226922e-07, "1.2244897959183674": 2.653350239700736e-07, "0.8163265306122449": 1.6129376277663013e-07, "1.4285714285714286": 3.2861344867627035e-07, "2.4489795918367347": 9.293721492668889e-07, "1.6326530612244898": 4.0287464276608255e-07, "2.0408163265306123": 6.023001497512696e-07, "2.6530612244897958": 1.1904888399316462e-06, "2.857142857142857": 1.5839744912682053e-06, "3.2653061224489797": 3.611056007343659e-06, "2.2448979591836737": 7.428158354427108e-07, "0.0": 0.0, "3.0612244897959187": 2.2476335937983612e-06, "3.673469387755102": 0.013854432133854445, "3.4693877551020407": 8.037189950493917e-06, "3.8775510204081636": 0.12760591245056668, "4.081632653061225": 0.22570842999208693, "5.1020408163265305": 0.5567158492834291, "6.326530612244898": 0.7594754840267235, "5.3061224489795915": 0.6010907973676565, "4.4897959183673475": 0.3848126084655923, "5.510204081632653": 0.6404489260898786, "5.918367346938775": 0.7066507720761283, "4.6938775510204085": 0.4496164336902353, "6.938775510204081": 0.8200164641058557, "5.714285714285714": 0.6754498766674121, "7.142857142857143": 0.8362902910865535, "6.530612244897959": 0.7818491870652461, "4.8979591836734695": 0.5065383837473093, "6.122448979591837": 0.7345247209652055, "7.346938775510204": 0.8509588489983425, "6.73469387755102": 0.8019437407035032, "4.285714285714286": 0.3107428207538761, "7.551020408163265": 0.864190635194896, "7.755102040816327": 0.8761324665367223, "8.36734693877551": 0.9054179992763457, "7.959183673469388": 0.8869123400447686, "8.16326530612245": 0.896641814297969, "8.979591836734695": 0.9268144449485443, "9.591836734693878": 0.9420443368499086, "9.183673469387756": 0.9325128145555444, "9.387755102040817": 0.9375768605079812, "8.775510204081632": 0.9204364495733783, "8.571428571428571": 0.9133252254280415, "9.795918367346939": 0.9459461090741278, "10.0": 0.9493067400429347}