{"0.20408163265306123": 1.6580214769531625e-08, "0.0": 0.0, "0.6122448979591837": 5.31458856288055e-08, "1.2244897959183674": 1.1844584435839523e-07, "0.8163265306122449": 7.337157263016582e-08, "0.40816326530612246": 3.425810831242907e-08, "1.0204081632653061": 9.508189779603773e-08, "1.4285714285714286": 1.4365894680213045e-07, "1.836734693877551": 2.005830755851453e-07, "2.2448979591836737": 2.681984104402032e-07, "1.6326530612244898": 1.7094916258762602e-07, "2.0408163265306123": 2.328749513276911e-07, "2.4489795918367347": 3.069994886385961e-07, "3.0612244897959187": 4.502790510670022e-07, "2.6530612244897958": 3.4981766176685924e-07, "2.857142857142857": 3.9730854783925186e-07, "3.2653061224489797": 5.09734210898058e-07, "3.4693877551020407": 5.769388978998452e-07, "3.673469387755102": 6.535121796331023e-07, "3.8775510204081636": 7.415548092511123e-07, "4.285714285714286": 9.641561282106794e-07, "4.081632653061225": 8.438500324272347e-07, "4.4897959183673475": 1.1076857297507943e-06, "4.8979591836734695": 1.4976963374012764e-06, "4.6938775510204085": 1.2818703400183397e-06, "5.3061224489795915": 2.1327114323122544e-06, "5.1020408163265305": 1.7721176728410598e-06, "5.510204081632653": 2.627621891214425e-06, "5.714285714285714": 3.349001531975953e-06, "6.326530612244898": 1.1825241891809391e-05, "5.918367346938775": 4.498395819356787e-06, "6.122448979591837": 6.6171611675585846e-06, "6.73469387755102": 0.03886216200884612, "6.938775510204081": 0.09663623815498844, "7.142857142857143": 0.14995735082635542, "6.530612244897959": 4.500987668994415e-05, "7.755102040816327": 0.2872279367301363, "7.346938775510204": 0.19925097078009774, "7.551020408163265": 0.24489573996344832, "7.959183673469388": 0.32654497603824645, "8.16326530612245": 0.36310816126551393, "8.36734693877551": 0.3971511523965723, "8.571428571428571": 0.42887950338953473, "8.775510204081632": 0.45847661584727933, "8.979591836734695": 0.48610532380215765, "9.387755102040817": 0.5360149683384458, "9.183673469387756": 0.5119088647057904, "9.795918367346939": 0.5795721759158066, "9.591836734693878": 0.5585365822877526, "10.0": 0.5992092731909684}