{"0.20408163265306123": 1.3981154480384458e-08, "0.0": 0.0, "0.6122448979591837": 4.474395074161183e-08, "1.2244897959183674": 9.94781751429213e-08, "0.8163265306122449": 6.172250908207252e-08, "0.40816326530612246": 2.8865145799352232e-08, "1.0204081632653061": 7.992108454036714e-08, "1.4285714285714286": 1.2055403318888885e-07, "1.836734693877551": 1.6804097157178431e-07, "2.2448979591836737": 2.2430287368163376e-07, "1.6326530612244898": 1.4333547693300617e-07, "2.0408163265306123": 1.949280491762355e-07, "2.4489795918367347": 2.56530938573222e-07, "3.0612244897959187": 3.752596726700898e-07, "2.6530612244897958": 2.9205429638384054e-07, "2.857142857142857": 3.314101547895884e-07, "3.2653061224489797": 4.244263444025141e-07, "3.4693877551020407": 4.799465449169319e-07, "3.673469387755102": 5.431468478515876e-07, "3.8775510204081636": 6.157484737391143e-07, "4.285714285714286": 7.990761200339312e-07, "4.081632653061225": 7.00031816647214e-07, "4.4897959183673475": 9.17152191895761e-07, "4.8979591836734695": 1.2376671336496365e-06, "4.6938775510204085": 1.0603487720430938e-06, "5.3061224489795915": 1.7589349719513556e-06, "5.1020408163265305": 1.462997820387389e-06, "5.510204081632653": 2.164923559744399e-06, "5.714285714285714": 2.7564647534912886e-06, "6.326530612244898": 9.702665959873156e-06, "5.918367346938775": 3.6986861119207553e-06, "6.122448979591837": 5.435124614901282e-06, "6.73469387755102": 0.031928789868246946, "6.938775510204081": 0.07973964478354366, "7.142857142857143": 0.12425967370377573, "6.530612244897959": 3.689166387540097e-05, "7.755102040816327": 0.24087147701208142, "7.346938775510204": 0.16578374651434524, "7.551020408163265": 0.20457581134024702, "7.959183673469388": 0.2748798887802557, "8.16326530612245": 0.30678504471441354, "8.36734693877551": 0.33675225035171763, "8.571428571428571": 0.3649269448690716, "8.775510204081632": 0.3914392549491115, "8.979591836734695": 0.41640482555437286, "9.387755102040817": 0.46209072735971396, "9.183673469387756": 0.43992513538832717, "9.795918367346939": 0.5026664578920568, "9.591836734693878": 0.4829814732507888, "10.0": 0.5212069383232675}