{"0.20408163265306123": 1.0082564046663718e-08, "0.0": 0.0, "0.6122448979591837": 3.2141048410821275e-08, "1.2244897959183674": 7.102667131971043e-08, "0.8163265306122449": 4.4248913759932546e-08, "0.40816326530612246": 2.0775702029736975e-08, "1.0204081632653061": 5.717986465686129e-08, "1.4285714285714286": 8.58966627690264e-08, "1.836734693877551": 1.1922781555174273e-07, "2.2448979591836737": 1.584595685437794e-07, "1.6326530612244898": 1.0191494845107638e-07, "2.0408163265306123": 1.3800769594905204e-07, "2.4489795918367347": 1.8082811347516105e-07, "3.0612244897959187": 2.6273060507472106e-07, "2.6530612244897958": 2.054092483093127e-07, "2.857142857142857": 2.3256256521509327e-07, "3.2653061224489797": 2.964645446591979e-07, "3.4693877551020407": 3.344580154425621e-07, "3.673469387755102": 3.775988501793156e-07, "3.8775510204081636": 4.270389704711169e-07, "4.285714285714286": 5.514561077688092e-07, "4.081632653061225": 4.843044929771829e-07, "4.4897959183673475": 6.313518851132106e-07, "4.8979591836734695": 8.47623328022177e-07, "4.6938775510204085": 7.280664200802254e-07, "5.3061224489795915": 1.1982702814100075e-06, "5.1020408163265305": 9.993180417068825e-07, "5.510204081632653": 1.4708760625393615e-06, "5.714285714285714": 1.8676595857642924e-06, "6.326530612244898": 6.518802061968799e-06, "5.918367346938775": 2.4991215507667075e-06, "6.122448979591837": 3.66206978591533e-06, "6.73469387755102": 0.02152873165734821, "6.938775510204081": 0.054394754726376476, "7.142857142857143": 0.08571315801990617, "6.530612244897959": 2.4714344653586216e-05, "7.755102040816327": 0.17133678743499908, "7.346938775510204": 0.11558291011571654, "7.551020408163265": 0.14409591840544508, "7.959183673469388": 0.1973822578932696, "8.16326530612245": 0.22230036988776308, "8.36734693877551": 0.24615389728443562, "8.571428571428571": 0.2689981070883769, "8.775510204081632": 0.29088321360186004, "8.979591836734695": 0.31185407818269567, "9.387755102040817": 0.35120436589161613, "9.183673469387756": 0.3319495414121321, "9.795918367346939": 0.3873078808564323, "9.591836734693878": 0.3696488096953431, "10.0": 0.4042034360217158}