{"0.20408163265306123": 4.0523140398818213e-16, "0.8163265306122449": 4.73232564246473e-14, "1.0204081632653061": 8.67289573491803e-13, "0.6122448979591837": 1.0058476274110718e-11, "1.2244897959183674": 9.209233375884197e-12, "0.40816326530612246": 2.299438417452393e-13, "1.6326530612244898": 3.4184322039720884e-13, "1.4285714285714286": 6.745925484885617e-11, "2.4489795918367347": 2.8289482978394177e-10, "2.2448979591836737": 7.48272166450903e-11, "1.836734693877551": 2.8137658869553663e-12, "2.0408163265306123": 1.662012194536544e-11, "2.6530612244897958": 1.5006785258897538e-10, "3.2653061224489797": 1.0635451308527167e-08, "2.857142857142857": 6.565570698224832e-10, "3.0612244897959187": 2.6446105194644075e-09, "3.673469387755102": 2.2819510150373648e-07, "3.4693877551020407": 4.4140643784551516e-08, "0.0": 0.0, "5.1020408163265305": 0.3431778968494536, "5.714285714285714": 0.44844418001129627, "6.122448979591837": 0.504183882371839, "5.918367346938775": 0.4775260168794043, "4.081632653061225": 0.07487496380050013, "4.8979591836734695": 0.30059729030251453, "5.510204081632653": 0.4166193666219519, "6.326530612244898": 0.5286913092963983, "3.8775510204081636": 7.114828453794186e-05, "4.4897959183673475": 0.20056912248261888, "5.3061224489795915": 0.38167758364441334, "4.285714285714286": 0.1414608920294344, "4.6938775510204085": 0.25331131615020547, "6.938775510204081": 0.5915146109421295, "7.142857142857143": 0.6094847791651654, "6.530612244897959": 0.5512839940172707, "6.73469387755102": 0.5721659663539035, "7.346938775510204": 0.626212176810523, "7.551020408163265": 0.6418161708041517, "7.755102040816327": 0.6564021269889795, "8.979591836734695": 0.7271093860516609, "9.387755102040817": 0.7457652260633838, "8.16326530612245": 0.6828828139396625, "9.183673469387756": 0.7366861808681311, "7.959183673469388": 0.6700633670014167, "9.591836734693878": 0.7543859045054762, "8.775510204081632": 0.716991395310771, "8.36734693877551": 0.6949343823220133, "8.571428571428571": 0.7062841567841036, "9.795918367346939": 0.7625840035873339, "10.0": 0.7703921193433108}