{"0.20408163265306123": 5.150099072642813e-08, "0.40816326530612246": 1.1187598099997506e-07, "0.6122448979591837": 1.8383674235647416e-07, "3.673469387755102": 0.5217563772566011, "1.4285714285714286": 7.079467836409252e-07, "3.8775510204081636": 0.5777681760849559, "0.8163265306122449": 2.7133619796953966e-07, "3.4693877551020407": 0.45610067876925425, "1.2244897959183674": 5.204991218538889e-07, "1.6326530612244898": 9.726534174172683e-07, "3.2653061224489797": 0.378586279904168, "3.0612244897959187": 0.2863259971885064, "2.0408163265306123": 2.0727465275367313e-06, "1.836734693877551": 1.3766438293166215e-06, "2.857142857142857": 0.17549692068212924, "2.2448979591836737": 3.5667064844486343e-06, "1.0204081632653061": 3.8037095943589236e-07, "0.0": 0.0, "2.6530612244897958": 0.04096013091522979, "2.4489795918367347": 9.127151989250376e-06, "4.081632653061225": 0.6258589362070522, "4.285714285714286": 0.6673856559669278, "4.6938775510204085": 0.7348592411305997, "5.918367346938775": 0.8584807295474632, "6.122448979591837": 0.8717867059078316, "4.8979591836734695": 0.7623819574944719, "5.510204081632653": 0.8268030878928593, "5.714285714285714": 0.8435647163570881, "5.1020408163265305": 0.7865755772071521, "4.4897959183673475": 0.7034292011038742, "6.326530612244898": 0.8836827327043223, "6.73469387755102": 0.9039029641467705, "5.3061224489795915": 0.8079171700692521, "6.530612244897959": 0.8943394620683653, "6.938775510204081": 0.9124986377387387, "7.142857142857143": 0.9202343765089273, "7.346938775510204": 0.9272031428780709, "7.755102040816327": 0.9391491662944382, "7.959183673469388": 0.9442547485920183, "7.551020408163265": 0.9334850674656502, "8.16326530612245": 0.9488525733058829, "8.36734693877551": 0.9529858011978944, "8.775510204081632": 0.9599976992389252, "9.183673469387756": 0.9655104670328375, "8.571428571428571": 0.9566907807290259, "8.979591836734695": 0.9629311256815621, "9.387755102040817": 0.9677503571592445, "9.591836734693878": 0.9696609942161795, "9.795918367346939": 0.9712484403675559, "10.0": 0.972514895661081}