{"3.0612244897959187": 0.3911914944370823, "3.673469387755102": 0.5485245920168752, "3.4693877551020407": 0.5026755549410539, "0.20408163265306123": 5.368885474595648e-07, "1.836734693877551": 2.4305689478261877e-06, "0.40816326530612246": 5.82294960885942e-07, "0.6122448979591837": 6.395545847862094e-07, "3.8775510204081636": 0.5891243227392959, "1.4285714285714286": 1.1813625123356332e-06, "1.2244897959183674": 9.587370339926464e-07, "1.0204081632653061": 8.147574679579954e-07, "0.8163265306122449": 7.14005534141886e-07, "2.2448979591836737": 0.041661039146441696, "0.0": 5e-07, "2.857142857142857": 0.322856606312694, "3.2653061224489797": 0.4506276443487958, "2.6530612244897958": 0.24367425445900337, "1.6326530612244898": 1.571283153762349e-06, "2.0408163265306123": 5.887775491747692e-06, "2.4489795918367347": 0.15108487037684207, "4.081632653061225": 0.6252422388535808, "4.285714285714286": 0.6575055146712278, "4.6938775510204085": 0.712451863564621, "4.8979591836734695": 0.7359276283580871, "5.510204081632653": 0.7939277205361028, "4.4897959183673475": 0.6864317361947987, "7.142857142857143": 0.88925592207398, "6.122448979591837": 0.8377013577000259, "6.530612244897959": 0.8610103113169867, "5.918367346938775": 0.8244112541948565, "5.1020408163265305": 0.757164879941182, "5.3061224489795915": 0.776423940329476, "7.346938775510204": 0.8971907804693102, "6.326530612244898": 0.8498643249653646, "5.714285714285714": 0.8098681412305321, "7.755102040816327": 0.9112003399431846, "6.938775510204081": 0.8806262494747671, "6.73469387755102": 0.8712359664779841, "7.959183673469388": 0.9173701128090432, "7.551020408163265": 0.9044886726961905, "8.16326530612245": 0.9230364880785931, "8.571428571428571": 0.9329866555581912, "8.36734693877551": 0.9282326073521747, "9.387755102040817": 0.9479897011128499, "9.591836734693878": 0.9508034922765508, "9.183673469387756": 0.9448105355104898, "10.0": 0.9553477688110001, "8.775510204081632": 0.9373221947753028, "8.979591836734695": 0.9412584467128987, "9.795918367346939": 0.9532559472016744}