{"3.0612244897959187": 0.4855090699548662, "3.673469387755102": 0.6507014851075906, "3.4693877551020407": 0.6045070767842198, "0.20408163265306123": 5.504143477789492e-07, "1.836734693877551": 3.138443089859946e-06, "0.40816326530612246": 6.1246977780809e-07, "0.6122448979591837": 6.907245932569747e-07, "3.8775510204081636": 0.690210416707273, "1.4285714285714286": 1.4311952916696284e-06, "1.2244897959183674": 1.126940548822239e-06, "1.0204081632653061": 9.301685092704971e-07, "0.8163265306122449": 7.924742159999575e-07, "2.2448979591836737": 0.05640375791385681, "0.0": 5e-07, "2.857142857142857": 0.4080990457648377, "3.2653061224489797": 0.5501040226845919, "2.6530612244897958": 0.3143419681764381, "1.6326530612244898": 1.9640866261382285e-06, "2.0408163265306123": 7.863284302340651e-06, "2.4489795918367347": 0.19938427205343245, "4.081632653061225": 0.7242200955536722, "4.285714285714286": 0.7536658964611078, "4.6938775510204085": 0.8017041849191832, "4.8979591836734695": 0.8213857557114241, "5.510204081632653": 0.8677248119423923, "4.4897959183673475": 0.7792936738741485, "7.142857142857143": 0.936099087607585, "6.122448979591837": 0.9004041248594232, "6.530612244897959": 0.9169377718925504, "5.918367346938775": 0.8907015235052677, "5.3061224489795915": 0.8540933603636869, "5.1020408163265305": 0.8387386324710311, "7.346938775510204": 0.9412969763223878, "6.326530612244898": 0.9091099677921621, "5.714285714285714": 0.8798630051624239, "7.755102040816327": 0.9502563496042113, "6.938775510204081": 0.9303512809467382, "6.73469387755102": 0.9239891486184896, "7.959183673469388": 0.9541056240640964, "7.551020408163265": 0.9460002671501757, "8.16326530612245": 0.9575822680620211, "8.571428571428571": 0.9635268905954759, "8.36734693877551": 0.9607148604439846, "9.387755102040817": 0.9718824797264829, "9.591836734693878": 0.9732914469057479, "9.183673469387756": 0.9702064212498736, "10.0": 0.9753036262469568, "8.979591836734695": 0.9682602032943293, "8.775510204081632": 0.9660371754264735, "9.795918367346939": 0.9744330033740087}