{"3.0612244897959187": 0.5626779953785075, "3.673469387755102": 0.7343007612727214, "3.4693877551020407": 0.6878237764740827, "0.20408163265306123": 5.614809116766271e-07, "1.836734693877551": 3.7176128424330206e-06, "0.40816326530612246": 6.371582643807566e-07, "0.6122448979591837": 7.325909638239643e-07, "3.8775510204081636": 0.7729172208628906, "1.4285714285714286": 1.6356039293065334e-06, "1.2244897959183674": 1.2645616064100872e-06, "1.0204081632653061": 1.0245957248898166e-06, "0.8163265306122449": 8.566758647929251e-07, "2.2448979591836737": 0.06846598235992372, "0.0": 5e-07, "2.857142857142857": 0.4778428598620461, "3.2653061224489797": 0.631493786777516, "2.6530612244897958": 0.37216100667252106, "1.6326530612244898": 2.2854712853548567e-06, "2.0408163265306123": 9.4796096928258e-06, "2.4489795918367347": 0.23890196433427907, "4.081632653061225": 0.8052019783082923, "4.285714285714286": 0.8323425724710095, "4.6938775510204085": 0.8747288114820067, "4.8979591836734695": 0.8913060417277907, "5.510204081632653": 0.9281042503657199, "4.4897959183673475": 0.8552716228845254, "7.142857142857143": 0.9744253139532616, "6.122448979591837": 0.9517063888989301, "6.530612244897959": 0.962696603272557, "5.918367346938775": 0.9449390165774222, "5.1020408163265305": 0.9054807936318167, "5.3061224489795915": 0.9176410676644049, "7.346938775510204": 0.9773838638385421, "6.326530612244898": 0.9575836755595418, "5.714285714285714": 0.9371315301976081, "7.755102040816327": 0.9822112665995968, "6.938775510204081": 0.9710353976056235, "6.73469387755102": 0.9671508430970848, "7.959183673469388": 0.9841619514545944, "7.551020408163265": 0.9799642989761633, "8.16326530612245": 0.9858469971393711, "8.571428571428571": 0.9885143556259817, "8.36734693877551": 0.9872912493372833, "9.387755102040817": 0.9914311167740006, "9.591836734693878": 0.9916906825114544, "9.183673469387756": 0.9909848732184602, "8.775510204081632": 0.989531250504704, "10.0": 0.9916311459672847, "8.979591836734695": 0.9903525495882269, "9.795918367346939": 0.9917596856968277}