{"1.0204081632653061": 6.378339797579653e-07, "0.40816326530612246": 5.447163187705704e-07, "0.20408163265306123": 5.210520681654789e-07, "1.2244897959183674": 6.79567700669705e-07, "0.6122448979591837": 5.715460383835432e-07, "0.8163265306122449": 6.022641967363114e-07, "3.673469387755102": 0.06651455720722131, "1.836734693877551": 8.646791032629279e-07, "3.2653061224489797": 5.376931464120601e-06, "3.8775510204081636": 0.1285932535983197, "1.4285714285714286": 7.293008816132854e-07, "1.6326530612244898": 7.896820427653949e-07, "2.2448979591836737": 1.0875569555051092e-06, "2.6530612244897958": 1.5281016426420061e-06, "2.857142857142857": 1.9647390660711097e-06, "2.0408163265306123": 9.605181753719291e-07, "2.4489795918367347": 1.2643941325323081e-06, "0.0": 5e-07, "3.0612244897959187": 2.8301917281376213e-06, "3.4693877551020407": 0.0001804490656371255, "4.081632653061225": 0.18512305772232732, "4.6938775510204085": 0.3276339936338482, "4.285714285714286": 0.23677617334026346, "5.714285714285714": 0.5003691434659079, "5.3061224489795915": 0.4390448273927228, "5.918367346938775": 0.5278538505113637, "6.122448979591837": 0.5534698224688073, "6.73469387755102": 0.6206199865293686, "5.1020408163265305": 0.40476616966099704, "5.510204081632653": 0.47083458470255074, "6.530612244897959": 0.5997185661186621, "4.8979591836734695": 0.3677314911113159, "6.938775510204081": 0.6401941908606442, "4.4897959183673475": 0.2841194036042302, "7.142857142857143": 0.6585415371670893, "6.326530612244898": 0.5773773265367991, "7.551020408163265": 0.691903659301545, "7.346938775510204": 0.6757514738680864, "7.755102040816327": 0.7070689029645555, "7.959183673469388": 0.7213099594366551, "8.16326530612245": 0.7346822008470206, "8.36734693877551": 0.7472341896852657, "9.795918367346939": 0.8149814100082146, "10.0": 0.822040227132792, "8.775510204081632": 0.7700404959621131, "8.979591836734695": 0.7803620019625516, "8.571428571428571": 0.7590081704482967, "9.183673469387756": 0.7899983416293206, "9.591836734693878": 0.8072940279793881, "9.387755102040817": 0.7989702901585942}