{"1.0204081632653061": 7.091656528100832e-07, "0.40816326530612246": 5.669520258012654e-07, "0.20408163265306123": 5.31385624045388e-07, "1.2244897959183674": 7.737766367123105e-07, "0.6122448979591837": 6.075934682813891e-07, "0.8163265306122449": 6.544788079414021e-07, "3.673469387755102": 0.1049582740238212, "1.836734693877551": 1.0642472507115877e-06, "3.2653061224489797": 8.344018345824089e-06, "3.8775510204081636": 0.19807644584594503, "1.4285714285714286": 8.512811740979108e-07, "1.6326530612244898": 9.459644912250735e-07, "2.2448979591836737": 1.4186004087207169e-06, "2.6530612244897958": 2.125007024935736e-06, "2.857142857142857": 2.8283069844448325e-06, "2.0408163265306123": 1.2162050188509027e-06, "2.4489795918367347": 1.70153429031332e-06, "0.0": 5e-07, "3.0612244897959187": 4.225590716803409e-06, "3.4693877551020407": 0.000291681058692496, "4.081632653061225": 0.27883534721884873, "4.6938775510204085": 0.46549734330444104, "4.285714285714286": 0.34928378023067086, "5.714285714285714": 0.6594357541934532, "5.3061224489795915": 0.5946393268087616, "5.918367346938775": 0.6870191481291107, "6.122448979591837": 0.7119096103663345, "6.73469387755102": 0.7733740655280424, "5.1020408163265305": 0.5564720374079547, "5.510204081632653": 0.6287881599406353, "6.530612244897959": 0.7548342635415962, "4.8979591836734695": 0.5136705904674778, "6.938775510204081": 0.7902454578707407, "4.4897959183673475": 0.41106236610978525, "7.142857142857143": 0.8056233609855761, "6.326530612244898": 0.7344240720087676, "7.551020408163265": 0.8324861294056431, "7.346938775510204": 0.8196595946106054, "7.755102040816327": 0.8442177684557899, "7.959183673469388": 0.8549543669174008, "8.16326530612245": 0.8647826759786568, "8.36734693877551": 0.8737778803383726, "9.795918367346939": 0.9178154323849996, "10.0": 0.9218101305141492, "8.775510204081632": 0.8895193987957088, "8.979591836734695": 0.8963688474502229, "8.571428571428571": 0.8820048852327167, "9.183673469387756": 0.9025931556260447, "9.591836734693878": 0.9132924721154803, "9.387755102040817": 0.9082254159806503}