{"1.0204081632653061": 7.170913942603185e-07, "0.40816326530612246": 5.69422659915787e-07, "0.20408163265306123": 5.325337969209335e-07, "1.2244897959183674": 7.842442962726e-07, "0.6122448979591837": 6.115987382700387e-07, "0.8163265306122449": 6.602804314086344e-07, "3.673469387755102": 0.10922979811455451, "1.836734693877551": 1.0864214893169943e-06, "3.2653061224489797": 8.673694666013365e-06, "3.8775510204081636": 0.2057968005401256, "1.4285714285714286": 8.648345399295359e-07, "1.6326530612244898": 9.633292077205933e-07, "2.2448979591836737": 1.455383014633562e-06, "2.6530612244897958": 2.191329845190595e-06, "2.857142857142857": 2.9242589753752462e-06, "2.0408163265306123": 1.244614668126344e-06, "2.4489795918367347": 1.7501054189556547e-06, "0.0": 5e-07, "3.0612244897959187": 4.380635048877386e-06, "3.4693877551020407": 0.00030404016903198155, "4.081632653061225": 0.2892478238295733, "4.6938775510204085": 0.48081549326784023, "4.285714285714286": 0.3617846254407161, "5.714285714285714": 0.6771098220520694, "5.3061224489795915": 0.6119276045216548, "5.918367346938775": 0.7047041811977492, "6.122448979591837": 0.7295140312438375, "6.73469387755102": 0.7903467409723396, "5.1020408163265305": 0.5733282449353944, "5.510204081632653": 0.6463385571893113, "6.530612244897959": 0.7720693410330333, "4.8979591836734695": 0.5298860459514957, "6.938775510204081": 0.8069178208718625, "4.4897959183673475": 0.4251671397215136, "7.142857142857143": 0.8219657858542968, "6.326530612244898": 0.7518737103945419, "7.551020408163265": 0.848106403861654, "7.346938775510204": 0.8356493858042187, "7.755102040816327": 0.8594565312881494, "7.959183673469388": 0.8698037455263726, "8.16326530612245": 0.8792382843266164, "8.36734693877551": 0.88783829041094, "9.795918367346939": 0.9292414348713091, "10.0": 0.9328956753343, "8.775510204081632": 0.9027948324438861, "8.979591836734695": 0.9092584969488531, "8.571428571428571": 0.89567118687543, "9.183673469387756": 0.9151036905145696, "9.591836734693878": 0.9250700770194904, "9.387755102040817": 0.9203648744053232}