{"0.8163265306122449": 6.746435060953883e-08, "1.2244897959183674": 1.0856386953686521e-07, "0.40816326530612246": 3.1588589706372814e-08, "0.20408163265306123": 1.530791959364139e-08, "1.0204081632653061": 8.729232118256956e-08, "1.4285714285714286": 1.314426384350095e-07, "2.4489795918367347": 2.778069907019867e-07, "1.6326530612244898": 1.5611797604823364e-07, "1.836734693877551": 1.828101896061336e-07, "0.6122448979591837": 4.893780152863403e-08, "2.6530612244897958": 3.156611071074752e-07, "3.0612244897959187": 4.036685453073116e-07, "3.673469387755102": 5.783575378929783e-07, "2.857142857142857": 3.574043314282432e-07, "3.2653061224489797": 4.5523035412371604e-07, "2.2448979591836737": 2.433226130380568e-07, "2.0408163265306123": 2.1177714244160467e-07, "3.4693877551020407": 5.13055035676351e-07, "3.8775510204081636": 6.526887735015224e-07, "0.0": 0.0, "4.4897959183673475": 9.534797246513978e-07, "4.285714285714286": 8.371293634680665e-07, "4.081632653061225": 7.380603573335913e-07, "5.1020408163265305": 1.467450840404181e-06, "7.551020408163265": 0.18245070889160137, "5.918367346938775": 3.226317737755262e-06, "4.6938775510204085": 1.0920648699034926e-06, "4.8979591836734695": 1.2599307444219227e-06, "5.3061224489795915": 1.7305528088054446e-06, "5.714285714285714": 2.545429255848872e-06, "5.510204081632653": 2.0750088625538365e-06, "6.122448979591837": 4.299495148736325e-06, "7.142857142857143": 0.08512426551482406, "6.326530612244898": 6.240798479323183e-06, "7.346938775510204": 0.13563734735522615, "7.755102040816327": 0.2258877645628599, "6.530612244897959": 1.0817468263046671e-05, "7.959183673469388": 0.2662339681840953, "6.938775510204081": 0.03055531154200429, "6.73469387755102": 3.469652747518807e-05, "8.16326530612245": 0.3037408928199866, "8.36734693877551": 0.3386302572545418, "8.775510204081632": 0.4013145422948855, "9.591836734693878": 0.5024445600801217, "9.183673469387756": 0.4555855584508166, "8.571428571428571": 0.37109744646230997, "8.979591836734695": 0.4294329316167727, "9.795918367346939": 0.5233409859856906, "10.0": 0.5426545668720079, "9.387755102040817": 0.47988887783128714}