{"0.20408163265306123": 7.740455485155299e-08, "0.6122448979591837": 2.8023469507782343e-07, "0.40816326530612246": 1.6931611927370458e-07, "3.4693877551020407": 0.8432860510775765, "1.4285714285714286": 1.1150639923026052e-06, "1.0204081632653061": 5.888248700886716e-07, "0.8163265306122449": 4.1673608852499156e-07, "2.0408163265306123": 3.3818760693024154e-06, "2.2448979591836737": 5.945828839487562e-06, "2.857142857142857": 0.3294787974219901, "3.673469387755102": 0.9669302907895837, "3.2653061224489797": 0.6992136232773264, "3.8775510204081636": 1.0737889110617156, "1.2244897959183674": 8.125041428389109e-07, "3.0612244897959187": 0.5300047188644285, "2.6530612244897958": 0.08939478138746014, "0.0": 0.0, "1.836734693877551": 2.214650666676145e-06, "1.6326530612244898": 1.5471625387456762e-06, "2.4489795918367347": 1.6147168237829026e-05, "4.081632653061225": 1.1667191095407223, "4.285714285714286": 1.2479898477876206, "4.4897959183673475": 1.3194230306532173, "4.8979591836734695": 1.438419007755899, "4.6938775510204085": 1.3824963000448536, "5.3061224489795915": 1.5326364437015676, "6.122448979591837": 1.6695656125173726, "6.73469387755102": 1.7414974921048285, "5.918367346938775": 1.6404611218102125, "5.1020408163265305": 1.4881891316737974, "7.142857142857143": 1.7792411818856042, "6.326530612244898": 1.695906695310011, "6.530612244897959": 1.7197947873501547, "5.510204081632653": 1.5724556192980168, "5.714285714285714": 1.6082318927540051, "6.938775510204081": 1.761246153270446, "7.346938775510204": 1.795656402681007, "7.551020408163265": 1.8106426113604988, "7.959183673469388": 1.8368330257534147, "8.571428571428571": 1.8681318458148204, "7.755102040816327": 1.824330493620953, "8.16326530612245": 1.8482474530642634, "9.591836734693878": 1.903188605541354, "9.795918367346939": 1.9079433521960825, "8.36734693877551": 1.8586569242437279, "8.775510204081632": 1.8767310098939443, "9.183673469387756": 1.891484692139273, "8.979591836734695": 1.884502539915727, "10.0": 1.91197574202467, "9.387755102040817": 1.8977065452177766}