{"0.20408163265306123": 3.187246389045299e-08, "0.6122448979591837": 1.1539075847511564e-07, "0.40816326530612246": 6.971840266656604e-08, "3.4693877551020407": 0.36545081279957486, "1.4285714285714286": 4.5914402340358357e-07, "1.0204081632653061": 2.424573068582196e-07, "0.8163265306122449": 1.7159721663368633e-07, "2.0408163265306123": 1.3925374494389435e-06, "2.2448979591836737": 2.4482832188764134e-06, "2.857142857142857": 0.13814011355451844, "3.673469387755102": 0.4228970965542702, "3.2653061224489797": 0.29999466163157495, "3.8775510204081636": 0.473611035453664, "1.2244897959183674": 3.345605435131772e-07, "3.0612244897959187": 0.22491421449992813, "2.6530612244897958": 0.03698325523222873, "0.0": 0.0, "1.836734693877551": 9.11915085218236e-07, "1.6326530612244898": 6.370669788769234e-07, "2.4489795918367347": 6.648839552609018e-06, "4.081632653061225": 0.5186164815946713, "4.285714285714286": 0.5587433710961237, "4.4897959183673475": 0.5946713646707791, "4.8979591836734695": 0.6560841529130716, "4.6938775510204085": 0.626962220968199, "5.3061224489795915": 0.7063334760444471, "6.122448979591837": 0.7826036172420393, "6.73469387755102": 0.8246539358333524, "5.918367346938775": 0.7660171863863278, "5.1020408163265305": 0.6824303879247728, "7.142857142857143": 0.8474250955038148, "6.326530612244898": 0.7978172385043967, "6.530612244897959": 0.8117943209862988, "5.510204081632653": 0.7280764365675294, "5.714285714285714": 0.7479015247699561, "6.938775510204081": 0.8365003676528495, "7.346938775510204": 0.8575084242321982, "7.551020408163265": 0.866820831336748, "7.959183673469388": 0.883372150158902, "8.571428571428571": 0.9037234450079735, "7.755102040816327": 0.8754240814111935, "8.16326530612245": 0.8907119922377154, "9.591836734693878": 0.927783834336301, "9.795918367346939": 0.9312769429274709, "8.36734693877551": 0.8974841811889389, "8.775510204081632": 0.9094591172033374, "9.183673469387756": 0.9195122957165914, "8.979591836734695": 0.9147155202227959, "10.0": 0.9343475807830891, "9.387755102040817": 0.923864694117268}