{"0.20408163265306123": 4.553209096109999e-08, "0.6122448979591837": 1.6484393660270785e-07, "0.40816326530612246": 9.95977166071385e-08, "3.4693877551020407": 0.4778352382780017, "1.4285714285714286": 6.559199688990218e-07, "1.0204081632653061": 3.463675632304521e-07, "0.8163265306122449": 2.4513887189130526e-07, "2.0408163265306123": 1.989338619863472e-06, "2.2448979591836737": 3.4975456206111485e-06, "2.857142857142857": 0.19133868386747183, "3.673469387755102": 0.5440331942353133, "3.2653061224489797": 0.39921896164575144, "3.8775510204081636": 0.6001778756080515, "1.2244897959183674": 4.779435993257337e-07, "3.0612244897959187": 0.30509050436450047, "2.6530612244897958": 0.05241152615523143, "0.0": 0.0, "1.836734693877551": 1.3027355814579088e-06, "1.6326530612244898": 9.100955598687524e-07, "2.4489795918367347": 9.498328685220012e-06, "4.081632653061225": 0.6481026279460513, "4.285714285714286": 0.6892464766914965, "4.4897959183673475": 0.7247516659824386, "4.6938775510204085": 0.7555340790766547, "4.8979591836734695": 0.7823348548428269, "5.3061224489795915": 0.826302967657121, "6.122448979591837": 0.8869619952753329, "6.73469387755102": 0.9168435562714762, "5.918367346938775": 0.8744439354238842, "5.1020408163265305": 0.8057587437490243, "7.142857142857143": 0.9318160863817893, "6.326530612244898": 0.8980894568056143, "6.530612244897959": 0.9080004663638558, "5.510204081632653": 0.8443791827304877, "5.714285714285714": 0.8603303679840493, "6.938775510204081": 0.9247457856175966, "7.346938775510204": 0.9381479784488087, "7.551020408163265": 0.9438217800237505, "7.959183673469388": 0.953460875594513, "8.571428571428571": 0.9644084008068468, "7.755102040816327": 0.9489064122097594, "8.16326530612245": 0.957535460826548, "9.591836734693878": 0.9754047712050534, "8.36734693877551": 0.9611727430547888, "9.795918367346939": 0.976666409268611, "8.775510204081632": 0.9672718926906071, "9.183673469387756": 0.9719723964226814, "8.979591836734695": 0.969787019692931, "10.0": 0.9776281612415809, "9.387755102040817": 0.9738418511005086}