{"0.20408163265306123": 7.099298433563764e-08, "0.40816326530612246": 1.6042776760111484e-07, "0.6122448979591837": 2.765629270279705e-07, "0.8163265306122449": 4.334533971845079e-07, "3.4693877551020407": 0.6075080534199017, "3.2653061224489797": 0.568094519572487, "3.673469387755102": 0.6404929338262012, "3.8775510204081636": 0.6682904671374376, "1.4285714285714286": 1.6016352180315853e-06, "3.0612244897959187": 0.5206258372431581, "2.857142857142857": 0.4629370783120118, "2.4489795918367347": 0.30404173286194164, "1.2244897959183674": 1.001709970677719e-06, "2.2448979591836737": 0.19303268435054718, "1.836734693877551": 7.949603624368911e-06, "1.6326530612244898": 2.9077001223628087e-06, "1.0204081632653061": 6.571179136494553e-07, "0.0": 0.0, "2.6530612244897958": 0.3920947435272136, "2.0408163265306123": 0.05071212989502128, "4.081632653061225": 0.6918612563087907, "4.6938775510204085": 0.7439951454477675, "5.1020408163265305": 0.7678996501065573, "4.8979591836734695": 0.756798168738175, "5.3061224489795915": 0.7775569304670504, "6.326530612244898": 0.8104955560056439, "5.510204081632653": 0.7859825325677777, "5.918367346938775": 0.7998160279649391, "5.714285714285714": 0.7933530481302078, "6.122448979591837": 0.8054953687434401, "4.4897959183673475": 0.7291768510991626, "6.73469387755102": 0.818798859007949, "7.959183673469388": 0.834315979761506, "6.938775510204081": 0.822240905565191, "6.530612244897959": 0.8149050282248453, "7.142857142857143": 0.8252855358862532, "7.346938775510204": 0.827979020804785, "4.285714285714286": 0.7119579500859489, "7.551020408163265": 0.830360657681591, "7.755102040816327": 0.8324636779335556, "8.36734693877551": 0.837356786696091, "8.16326530612245": 0.8359407192363542, "8.571428571428571": 0.8385791906765119, "8.979591836734695": 0.8404854355428683, "9.795918367346939": 0.8422655278829001, "9.387755102040817": 0.8417123217741868, "9.591836734693878": 0.8420744875545092, "8.775510204081632": 0.8396193679650978, "9.183673469387756": 0.8411823979463406, "10.0": 0.8422795595673694}