{"0.20408163265306123": 2.329045651046541e-08, "1.4285714285714286": 2.054094518925436e-07, "0.6122448979591837": 7.461583159626902e-08, "1.836734693877551": 2.9151187417627525e-07, "1.2244897959183674": 1.6826498990671957e-07, "2.2448979591836737": 3.979632772000359e-07, "2.4489795918367347": 4.6115460916504925e-07, "0.40816326530612246": 4.806071363303087e-08, "2.0408163265306123": 3.417769831891612e-07, "0.8163265306122449": 1.0327010780921138e-07, "1.0204081632653061": 1.3436135075310093e-07, "1.6326530612244898": 2.4629418009660664e-07, "2.6530612244897958": 5.327150598865373e-07, "2.857142857142857": 6.143880728666206e-07, "3.673469387755102": 1.1007147707912608e-06, "3.0612244897959187": 7.084399242517794e-07, "3.2653061224489797": 8.178728169139488e-07, "0.0": 0.0, "3.8775510204081636": 1.2878300049845578e-06, "3.4693877551020407": 9.467507499988801e-07, "4.081632653061225": 1.5200438756253478e-06, "4.285714285714286": 1.8158405461463795e-06, "4.6938775510204085": 2.741710383820237e-06, "4.4897959183673475": 2.2054179177001873e-06, "5.1020408163265305": 4.785710521493422e-06, "7.551020408163265": 0.5056919176186204, "5.918367346938775": 0.058626312337008726, "7.959183673469388": 0.5730973441541893, "4.8979591836734695": 3.5267436932896184e-06, "6.938775510204081": 0.37783435635668555, "6.530612244897959": 0.26940266200121343, "6.326530612244898": 0.20638897678263407, "7.755102040816327": 0.5409323819332609, "7.346938775510204": 0.4670341299077182, "7.142857142857143": 0.42456596113588435, "6.122448979591837": 0.13645011124241585, "8.16326530612245": 0.6024846536913379, "5.510204081632653": 1.3054619899496588e-05, "6.73469387755102": 0.3263156505640067, "8.36734693877551": 0.6293542387904925, "8.571428571428571": 0.6539331686061719, "5.3061224489795915": 7.1331417659697106e-06, "8.775510204081632": 0.6764199065749192, "9.591836734693878": 0.7485994327325134, "5.714285714285714": 5.6660128772718843e-05, "9.183673469387756": 0.7157886208271315, "10.0": 0.7757142033796383, "8.979591836734695": 0.6969878997239939, "9.387755102040817": 0.7329541584648398, "9.795918367346939": 0.7628241005405679}