{"0.20408163265306123": 1.534914722235098e-08, "0.0": 0.0, "0.6122448979591837": 5.06060022627287e-08, "0.8163265306122449": 7.102664602083574e-08, "1.0204081632653061": 9.375369517350835e-08, "0.40816326530612246": 3.214104605004665e-08, "1.2244897959183674": 1.1922781041303985e-07, "1.4285714285714286": 1.4801028451717369e-07, "1.836734693877551": 2.18638912036381e-07, "1.6326530612244898": 1.8082818044629184e-07, "2.4489795918367347": 3.775981553956044e-07, "2.0408163265306123": 2.627304294548631e-07, "2.2448979591836737": 3.1487855803599e-07, "2.6530612244897958": 4.5457958123578724e-07, "3.2653061224489797": 8.47625782610685e-07, "3.0612244897959187": 6.772870974234533e-07, "2.857142857142857": 5.514564725023967e-07, "3.4693877551020407": 1.0915995253348033e-06, "3.673469387755102": 1.4708843277780345e-06, "3.8775510204081636": 2.14271251266971e-06, "4.081632653061225": 3.662163672327513e-06, "4.8979591836734695": 0.11560691494331092, "5.3061224489795915": 0.19748532081692446, "4.285714285714286": 1.0403892605841546e-05, "4.4897959183673475": 0.021530860509856316, "5.1020408163265305": 0.15792388276766678, "4.6938775510204085": 0.07025029199522993, "5.714285714285714": 0.2693136276536173, "5.510204081632653": 0.23454237978263523, "6.122448979591837": 0.3327533747604755, "5.918367346938775": 0.301993609462053, "6.326530612244898": 0.36174593138629535, "6.73469387755102": 0.4149612345801174, "6.530612244897959": 0.389108083735348, "7.142857142857143": 0.46256917867306074, "6.938775510204081": 0.4394155721750471, "7.346938775510204": 0.4845112124562849, "7.755102040816327": 0.5250716350266578, "7.551020408163265": 0.5053213079523938, "7.959183673469388": 0.5438272380503831, "8.16326530612245": 0.5616459720481303, "8.36734693877551": 0.5785802401478958, "8.775510204081632": 0.6099750411539837, "8.571428571428571": 0.5946762046487689, "9.387755102040817": 0.6514258629129472, "8.979591836734695": 0.6245129509035741, "9.183673469387756": 0.6383209450410873, "9.795918367346939": 0.675612176649761, "10.0": 0.6867261462242994, "9.591836734693878": 0.6638502712392326}