{"0.0": 0.0, "0.20408163265306123": 0.0, "0.40816326530612246": 0.0, "0.6122448979591837": 0.0, "0.8163265306122449": 0.0, "1.0204081632653061": 0.0, "1.2244897959183674": 0.0, "1.4285714285714286": 0.0, "1.6326530612244898": 0.0, "2.0408163265306123": 0.0, "1.836734693877551": 0.0, "2.4489795918367347": 0.0, "2.2448979591836737": 0.0, "2.6530612244897958": 0.0, "2.857142857142857": 0.0, "3.0612244897959187": 0.0, "5.3061224489795915": 0.051248844855280015, "3.4693877551020407": 0.0, "5.714285714285714": 0.15643136468791471, "5.510204081632653": 0.10586026637478686, "3.2653061224489797": 0.0, "3.8775510204081636": 0.0, "5.918367346938775": 0.2033514407335792, "3.673469387755102": 0.0, "6.122448979591837": 0.24695953977014615, "6.326530612244898": 0.28755613622005616, "6.530612244897959": 0.32540737547354526, "6.73469387755102": 0.3607475820127343, "4.285714285714286": 0.0, "4.081632653061225": 0.0, "6.938775510204081": 0.39378748852984563, "7.142857142857143": 0.42471345187349296, "4.4897959183673475": 0.0, "7.551020408163265": 0.48087712902593255, "7.755102040816327": 0.5063989224211596, "7.346938775510204": 0.45369352948742747, "8.16326530612245": 0.5529276272721549, "7.959183673469388": 0.5303798651690709, "8.775510204081632": 0.6128931725576998, "4.6938775510204085": -2e-323, "8.979591836734695": 0.6305813311852323, "8.571428571428571": 0.5941022903400512, "8.36734693877551": 0.574139633042356, "4.8979591836734695": 1.04e-322, "9.387755102040817": 0.6628847698542681, "9.183673469387756": 0.6472273047294783, "9.591836734693878": 0.677600607830007, "5.1020408163265305": 4.9e-322, "9.795918367346939": 0.6914147410897765, "10.0": 0.7043617642577858}