{"0.0": 0.0, "0.20408163265306123": 0.0, "0.40816326530612246": 0.0, "0.6122448979591837": 0.0, "0.8163265306122449": 0.0, "1.0204081632653061": 0.0, "1.2244897959183674": 0.0, "1.4285714285714286": 0.0, "1.6326530612244898": 0.0, "2.0408163265306123": 0.0, "1.836734693877551": 0.0, "2.4489795918367347": 0.0, "2.2448979591836737": 0.0, "2.6530612244897958": 0.0, "2.857142857142857": 0.0, "3.0612244897959187": 0.0, "5.3061224489795915": 0.05611108607709494, "3.4693877551020407": 0.0, "5.714285714285714": 0.16962743976189737, "5.510204081632653": 0.11532565945106647, "3.2653061224489797": 0.0, "3.8775510204081636": 0.0, "5.918367346938775": 0.21955143467157173, "3.673469387755102": 0.0, "6.122448979591837": 0.2655566416468772, "6.326530612244898": 0.30804296361124744, "6.530612244897959": 0.3473591903628192, "6.73469387755102": 0.3838085085660279, "4.285714285714286": 0.0, "4.081632653061225": 0.0, "6.938775510204081": 0.41765934544506617, "7.142857142857143": 0.44914642063339966, "4.4897959183673475": 0.0, "7.551020408163265": 0.5058393147001691, "7.755102040816327": 0.5313925104934746, "7.346938775510204": 0.4784785053566556, "8.16326530612245": 0.5776409549679757, "7.959183673469388": 0.5552835728937033, "8.775510204081632": 0.6365957311233323, "4.6938775510204085": -2e-323, "8.979591836734695": 0.6538431370788147, "8.571428571428571": 0.6182012029866709, "8.36734693877551": 0.5985797057118369, "4.8979591836734695": 1.04e-322, "9.387755102040817": 0.685167219137444, "9.183673469387756": 0.6700131442960306, "9.591836734693878": 0.6993588483526482, "5.1020408163265305": 5.34e-322, "9.795918367346939": 0.7126335712153691, "10.0": 0.7250307144103423}