{"1.2244897959183674": 5.983844530987881e-10, "1.836734693877551": 7.906396648493796e-10, "0.20408163265306123": 7.549516567451064e-15, "0.6122448979591837": 1.9837165243785648e-10, "1.0204081632653061": 5.261890922980683e-11, "0.8163265306122449": 2.5910384948701903e-12, "0.40816326530612246": 4.461320202153729e-12, "2.4489795918367347": -2.4330297776486987e-09, "2.2448979591836737": 6.336375868443156e-11, "3.8775510204081636": 0.40080071368309633, "1.4285714285714286": 7.416844916008358e-12, "2.0408163265306123": 3.0035529618999135e-11, "1.6326530612244898": 9.964362668313242e-11, "2.857142857142857": 3.5534447606622166e-09, "2.6530612244897958": -4.362525896084435e-10, "3.4693877551020407": 0.19998575131585716, "3.673469387755102": 0.30885495364984383, "3.0612244897959187": 3.414658644729229e-08, "0.0": 0.0, "3.2653061224489797": 0.07023269501655915, "4.081632653061225": 0.4789016120340185, "4.4897959183673475": 0.6027645434866253, "5.714285714285714": 0.8158826864161937, "4.285714285714286": 0.545580341789229, "4.8979591836734695": 0.6945524715339118, "6.73469387755102": 0.8997724615630375, "4.6938775510204085": 0.6520032534890645, "6.530612244897959": 0.8869952564997388, "5.918367346938775": 0.8372635749560989, "5.3061224489795915": 0.7635081086637339, "5.510204081632653": 0.7914610872667575, "6.326530612244898": 0.8724953049905881, "7.142857142857143": 0.9210032046305103, "5.1020408163265305": 0.7314389142729141, "6.938775510204081": 0.9110456829406525, "6.122448979591837": 0.8560175617338317, "7.346938775510204": 0.9298075884025446, "7.959183673469388": 0.9506194443281893, "7.755102040816327": 0.94450142720143, "7.551020408163265": 0.9375995940772877, "8.36734693877551": 0.9608634250774365, "8.16326530612245": 0.9560464153108051, "9.387755102040817": 0.9780021481550384, "8.571428571428571": 0.9651414784867293, "8.775510204081632": 0.9689428601632873, "9.591836734693878": 0.9803823973857778, "9.795918367346939": 0.9825016945939653, "9.183673469387756": 0.9753279158425947, "8.979591836734695": 0.9723222910878436, "10.0": 0.9843892335786432}