{"1.2244897959183674": 3.429901473950281e-10, "1.836734693877551": 4.559435939910372e-10, "0.20408163265306123": 4.218847493575595e-15, "0.6122448979591837": 1.1240688380098619e-10, "1.0204081632653061": 3.0064617462244314e-11, "0.8163265306122449": 1.4747980614515656e-12, "0.40816326530612246": 2.514677355236472e-12, "2.4489795918367347": -1.403913651998323e-09, "2.2448979591836737": 3.7283554021882995e-11, "3.8775510204081636": 0.24577614870145287, "1.4285714285714286": 4.261901942470559e-12, "2.0408163265306123": 1.7461254664397075e-11, "1.6326530612244898": 5.737217367851599e-11, "2.857142857142857": 2.1041658637699356e-09, "2.6530612244897958": -2.3980040175786144e-10, "3.4693877551020407": 0.11884223430840757, "3.673469387755102": 0.18648296903702316, "3.0612244897959187": 1.9945565488121985e-08, "0.0": 0.0, "3.2653061224489797": 0.04105870545149346, "4.081632653061225": 0.29812881207771286, "4.4897959183673475": 0.3862585058105312, "5.714285714285714": 0.5652101142020391, "4.285714285714286": 0.3446575675655492, "4.8979591836734695": 0.45745054672027785, "6.73469387755102": 0.6589943161150225, "4.6938775510204085": 0.4236580589340485, "6.530612244897959": 0.6428534562925347, "5.918367346938775": 0.5868920709907809, "5.3061224489795915": 0.5160928995328029, "5.510204081632653": 0.5416916517599365, "6.326530612244898": 0.6255480200938422, "7.142857142857143": 0.6882286493946959, "5.1020408163265305": 0.4881262861792586, "6.938775510204081": 0.6740858619904807, "6.122448979591837": 0.6069453434566785, "7.346938775510204": 0.7015107473482722, "7.959183673469388": 0.7369228445224163, "7.755102040816327": 0.7257934515656169, "7.551020408163265": 0.714009578625366, "8.36734693877551": 0.7574272534324213, "8.16326530612245": 0.7474514835034879, "9.387755102040817": 0.8003684237207838, "8.571428571428571": 0.7668929703049413, "8.775510204081632": 0.7758870380435876, "9.591836734693878": 0.8077897027373669, "9.795918367346939": 0.8148822150014361, "9.183673469387756": 0.7925950640692263, "8.979591836734695": 0.7844440090664855, "10.0": 0.8216672369436703}