{"0.0": 0.0, "0.20408163265306123": 0.0, "0.40816326530612246": 0.0, "0.6122448979591837": 0.0, "0.8163265306122449": 0.0, "1.0204081632653061": 0.0, "1.2244897959183674": 0.0, "1.4285714285714286": 0.0, "3.4693877551020407": 0.1298610239409564, "3.2653061224489797": 0.04458542835963512, "3.673469387755102": 0.2048646141266218, "1.6326530612244898": 0.0, "3.8775510204081636": 0.2712280244342487, "4.081632653061225": 0.33026176904227533, "4.285714285714286": 0.3830263436857147, "1.836734693877551": 0.0, "2.0408163265306123": 0.0, "4.4897959183673475": 0.43039192482661204, "4.6938775510204085": 0.47307662429484676, "4.8979591836734695": 0.5116798382320836, "2.2448979591836737": 0.0, "5.1020408163265305": 0.5467053385459986, "2.6530612244897958": 0.0, "5.3061224489795915": 0.5785782506950513, "2.4489795918367347": 0.0, "5.510204081632653": 0.6076616799581159, "5.714285714285714": 0.6342656476300144, "6.326530612244898": 0.7017013232982027, "5.918367346938775": 0.6586578793539017, "3.0612244897959187": -1.2e-322, "6.530612244897959": 0.7207293572289537, "6.122448979591837": 0.6810693810320374, "2.857142857142857": 0.0, "6.73469387755102": 0.7383067562021329, "7.142857142857143": 0.7696338289190519, "6.938775510204081": 0.7545687324235655, "7.551020408163265": 0.79658056426786, "7.755102040816327": 0.8086362355512468, "7.346938775510204": 0.7836070010760097, "7.959183673469388": 0.8198461497204657, "8.16326530612245": 0.8302735429957712, "8.36734693877551": 0.8399741819004419, "8.571428571428571": 0.848996481927653, "8.775510204081632": 0.857382520507429, "8.979591836734695": 0.8651683914255273, "9.183673469387756": 0.8723844103591158, "9.387755102040817": 0.8790558446185036, "9.591836734693878": 0.8852030920451923, "9.795918367346939": 0.8908417632950384, "10.0": 0.8959833707144325}