{"0.0": 0.0, "0.20408163265306123": 0.0, "0.40816326530612246": 0.0, "0.6122448979591837": 0.0, "0.8163265306122449": 0.0, "1.0204081632653061": 0.0, "1.2244897959183674": 0.0, "1.4285714285714286": 0.0, "3.4693877551020407": 0.1802186536419957, "3.2653061224489797": 0.06307967982976433, "3.673469387755102": 0.27926938033360044, "1.6326530612244898": 0.0, "3.8775510204081636": 0.36364072791000207, "4.081632653061225": 0.43598197229377095, "4.285714285714286": 0.4983730227876905, "1.836734693877551": 0.0, "2.0408163265306123": 0.0, "4.4897959183673475": 0.5524690766146266, "4.6938775510204085": 0.5995978754258171, "4.8979591836734695": 0.6408363633192181, "2.2448979591836737": 0.0, "5.1020408163265305": 0.6770649716397089, "2.6530612244897958": 0.0, "5.3061224489795915": 0.7090077678124691, "2.4489795918367347": 0.0, "5.510204081632653": 0.7372664838288839, "5.714285714285714": 0.7623425223143331, "6.326530612244898": 0.8223741452330302, "5.918367346938775": 0.7846576925888488, "3.0612244897959187": -1.8e-322, "6.530612244897959": 0.8383350287564421, "6.122448979591837": 0.8045675470783227, "2.857142857142857": 0.0, "6.73469387755102": 0.8526701452499317, "7.142857142857143": 0.87719389658286, "6.938775510204081": 0.8655688660733322, "7.551020408163265": 0.8971666748488158, "7.755102040816327": 0.9057411351112461, "7.346938775510204": 0.8876860125256045, "7.959183673469388": 0.91350046700699, "8.16326530612245": 0.9205231503282043, "8.36734693877551": 0.9268769693342085, "8.571428571428571": 0.9326198528502396, "8.775510204081632": 0.9378011879812436, "8.979591836734695": 0.9424625828459139, "9.183673469387756": 0.946638463359766, "9.387755102040817": 0.9503569150301492, "9.591836734693878": 0.9536401242745967, "9.795918367346939": 0.9565047318906515, "10.0": 0.9589624899033369}