{"1.6326530612244898": 2.908484720887382e-07, "1.0204081632653061": 1.4862619487353117e-07, "2.6530612244897958": 7.528138358808902e-07, "0.20408163265306123": 2.3914736798432292e-08, "1.836734693877551": 3.535037330678157e-07, "0.6122448979591837": 7.951373878561041e-08, "0.40816326530612246": 5.028597692072706e-08, "2.4489795918367347": 6.212103405512441e-07, "0.8163265306122449": 1.1208990406142187e-07, "0.0": 0.0, "3.2653061224489797": 1.4389533536278248e-06, "1.4285714285714286": 2.3687460840293592e-07, "1.2244897959183674": 1.8989303886549022e-07, "3.0612244897959187": 1.1389877729185756e-06, "2.0408163265306123": 4.2712125015308507e-07, "3.673469387755102": 2.5653743472248396e-06, "3.4693877551020407": 1.8746885353498075e-06, "2.857142857142857": 9.198804525780474e-07, "2.2448979591836737": 5.148576580959666e-07, "3.8775510204081636": 3.827381481659116e-06, "4.081632653061225": 6.86973873165837e-06, "6.938775510204081": 0.6239099260887049, "7.959183673469388": 0.728842178517267, "6.530612244897959": 0.5679144662560087, "6.326530612244898": 0.5359879581254219, "5.3061224489795915": 0.32239487076420836, "5.714285714285714": 0.4204467243908946, "4.6938775510204085": 0.13063052809704237, "5.918367346938775": 0.4626571790557336, "7.755102040816327": 0.711134981179886, "5.1020408163265305": 0.26526393144259286, "5.510204081632653": 0.3738899720319559, "7.346938775510204": 0.6711170931655674, "4.8979591836734695": 0.2016707688736379, "7.551020408163265": 0.6919406488745803, "4.4897959183673475": 0.0509668476430016, "7.142857142857143": 0.6485020170609899, "6.73469387755102": 0.5971285400675433, "6.122448979591837": 0.5010265355578576, "4.285714285714286": 2.447356788955762e-05, "8.16326530612245": 0.7451866208187943, "8.36734693877551": 0.760277079990231, "8.979591836734695": 0.7989135470824802, "9.183673469387756": 0.8098203501184279, "10.0": 0.8449487503654414, "9.591836734693878": 0.8290063835315746, "9.387755102040817": 0.819836481432608, "8.775510204081632": 0.7870634632605604, "8.571428571428571": 0.7742084925825786, "9.795918367346939": 0.837367064419637}