{"1.6326530612244898": 3.0819168368502935e-07, "1.0204081632653061": 1.5733458815748403e-07, "2.6530612244897958": 7.990684680148228e-07, "0.20408163265306123": 2.5284204532020963e-08, "1.836734693877551": 3.747081707818405e-07, "0.6122448979591837": 8.411925251786787e-08, "0.40816326530612246": 5.3181992496537024e-08, "2.4489795918367347": 6.591483031177863e-07, "0.8163265306122449": 1.1861968442967929e-07, "0.0": 0.0, "3.2653061224489797": 1.52900845441491e-06, "1.4285714285714286": 2.5091652348388887e-07, "1.2244897959183674": 2.0108424550943568e-07, "3.0612244897959187": 1.2098312135311846e-06, "2.0408163265306123": 4.528945040280869e-07, "3.673469387755102": 2.727938359702339e-06, "3.4693877551020407": 1.9927446155011887e-06, "2.857142857142857": 9.767457589968405e-07, "2.2448979591836737": 5.461116895511929e-07, "3.8775510204081636": 4.071447186033415e-06, "4.081632653061225": 7.310591296405215e-06, "6.938775510204081": 0.6466565382129034, "7.959183673469388": 0.7504686020595325, "6.530612244897959": 0.5904625284278681, "6.326530612244898": 0.5582105131286397, "5.3061224489795915": 0.3391284494146941, "5.714285714285714": 0.4403590883346056, "4.6938775510204085": 0.13845150152015986, "5.918367346938775": 0.48360681247229187, "7.755102040816327": 0.7331058788294099, "5.1020408163265305": 0.2796922243526736, "5.510204081632653": 0.39242145909301734, "7.346938775510204": 0.693623003810294, "4.8979591836734695": 0.21317459491315066, "7.551020408163265": 0.714208606480887, "4.4897959183673475": 0.05417240971184075, "7.142857142857143": 0.6711729471989326, "6.73469387755102": 0.6198419702295562, "6.122448979591837": 0.5227298174179721, "4.285714285714286": 2.6054132026061943e-05, "8.16326530612245": 0.7664310772151158, "8.36734693877551": 0.7811105224801114, "8.979591836734695": 0.8184068361068964, "9.183673469387756": 0.8288490902156975, "10.0": 0.8621341563834071, "9.591836734693878": 0.847104219988878, "9.387755102040817": 0.8383989185532975, "8.775510204081632": 0.8070155690053605, "8.571428571428571": 0.7946090897611063, "9.795918367346939": 0.8550050139190285}