{"1.6326530612244898": 2.6965121347104893e-07, "1.0204081632653061": 1.3798260308203312e-07, "2.6530612244897958": 6.962803966060836e-07, "0.20408163265306123": 2.2240942901823914e-08, "1.836734693877551": 3.2758719808400776e-07, "0.6122448979591837": 7.388477755729568e-08, "0.40816326530612246": 4.67464023280704e-08, "2.4489795918367347": 5.748417196365818e-07, "0.8163265306122449": 1.0410906138910722e-07, "0.0": 0.0, "3.2653061224489797": 1.3288860082213873e-06, "1.4285714285714286": 2.1971226774843799e-07, "1.2244897959183674": 1.7621489741177913e-07, "3.0612244897959187": 1.0524013455031634e-06, "2.0408163265306123": 3.956206065280827e-07, "3.673469387755102": 2.3666849986412303e-06, "3.4693877551020407": 1.7303977707203422e-06, "2.857142857142857": 8.503784113995221e-07, "2.2448979591836737": 4.7665828631735684e-07, "3.8775510204081636": 3.5290789540905287e-06, "4.081632653061225": 6.330918930301115e-06, "6.938775510204081": 0.5961085112702394, "7.959183673469388": 0.7024098830767203, "6.530612244897959": 0.5403557236015137, "6.326530612244898": 0.5088270575659335, "5.3061224489795915": 0.3019427190802816, "5.714285714285714": 0.3961093906819146, "4.6938775510204085": 0.12107156057989882, "5.918367346938775": 0.4370520715466066, "7.755102040816327": 0.6842816618304681, "5.1020408163265305": 0.24762935121916085, "5.510204081632653": 0.351240376735103, "7.346938775510204": 0.6436098690442356, "4.8979591836734695": 0.18761053704756675, "7.551020408163265": 0.6647242562446498, "4.4897959183673475": 0.047048938447753756, "7.142857142857143": 0.6207931024479485, "6.73469387755102": 0.5693676809806388, "6.122448979591837": 0.4745003021732727, "4.285714285714286": 2.2541767278274553e-05, "8.16326530612245": 0.7192211741121787, "8.36734693877551": 0.7348139836137105, "8.979591836734695": 0.7750884160526387, "9.183673469387756": 0.7865630011106537, "10.0": 0.8239443652323721, "9.591836734693878": 0.806886805639315, "9.387755102040817": 0.7971490582850985, "8.775510204081632": 0.7626775562391381, "8.571428571428571": 0.7492744293643779, "9.795918367346939": 0.8158095705870473}