{"0.20408163265306123": 0.0, "0.8163265306122449": 2.0427548541590568e-10, "1.4285714285714286": 1.5543122344752192e-15, "1.0204081632653061": 2.5002222514558525e-13, "0.40816326530612246": 5.773159728050814e-14, "1.2244897959183674": 3.300582029908128e-12, "0.6122448979591837": 6.167399924095207e-12, "1.6326530612244898": 2.4980018054066022e-14, "2.4489795918367347": 8.032630116616701e-11, "3.2653061224489797": 1.0161738783764918e-08, "2.2448979591836737": 1.2876921751114878e-11, "0.0": 0.0, "3.4693877551020407": 2.98365502304776e-08, "3.673469387755102": 8.516585570106372e-08, "1.836734693877551": 2.4136248555350903e-13, "2.857142857142857": 8.8812002196903e-10, "2.0408163265306123": 1.8836043835790406e-12, "2.6530612244897958": 2.2973312141516544e-10, "4.285714285714286": 1.4536573278434162e-06, "3.0612244897959187": 3.1178600812253876e-09, "4.081632653061225": 5.861784041494289e-07, "4.4897959183673475": 3.505697371397609e-06, "4.6938775510204085": 8.333725125875269e-06, "3.8775510204081636": 2.2835103108409527e-07, "4.8979591836734695": 1.9798247520075307e-05, "5.3061224489795915": 0.00012472322228584964, "6.326530612244898": 0.40085889305635813, "5.1020408163265305": 4.805237011251684e-05, "6.938775510204081": 0.7221171758137529, "7.346938775510204": 0.8879278883785451, "5.510204081632653": 0.0003904841063602227, "7.551020408163265": 0.959543730714632, "5.918367346938775": 0.1222033047506682, "6.73469387755102": 0.6259303015286969, "7.142857142857143": 0.8090949103170078, "5.714285714285714": 0.003021221445412503, "6.122448979591837": 0.2689899808772517, "6.530612244897959": 0.5193115676477664, "7.755102040816327": 1.0247522678253342, "9.387755102040817": 1.3850328175149542, "8.979591836734695": 1.3156111099385728, "7.959183673469388": 1.0842619627459122, "8.36734693877551": 1.1885927280225856, "9.183673469387756": 1.3516402478224459, "8.16326530612245": 1.1386937171202676, "9.591836734693878": 1.4160473439353596, "8.571428571428571": 1.2344385554798771, "9.795918367346939": 1.4449132809268646, "10.0": 1.4718345510664734, "8.775510204081632": 1.2766537268940477}