{"0.0": 0.0, "0.6122448979591837": 2.1531081987229236e-07, "0.20408163265306123": 6.437767031161135e-08, "0.40816326530612246": 1.3574652193944923e-07, "1.2244897959183674": 5.202307646342409e-07, "1.0204081632653061": 4.054050565884551e-07, "0.8163265306122449": 3.045682568528734e-07, "1.4285714285714286": 6.521725066548532e-07, "1.6326530612244898": 8.053676900086013e-07, "1.836734693877551": 9.853997604133081e-07, "2.2448979591836737": 1.4601725589308138e-06, "2.0408163265306123": 1.1999960826699392e-06, "2.4489795918367347": 1.7821682398195147e-06, "2.6530612244897958": 2.1909994903513958e-06, "2.857142857142857": 2.7272557282134443e-06, "3.0612244897959187": 3.461502862986045e-06, "3.2653061224489797": 4.528240110276606e-06, "3.673469387755102": 9.309918862878399e-06, "3.4693877551020407": 6.219355712716315e-06, "3.8775510204081636": 1.676239996904041e-05, "4.285714285714286": 0.05507751887332278, "5.1020408163265305": 0.3427639795306447, "4.6938775510204085": 0.2159028255139939, "4.081632653061225": 5.990966871006981e-05, "4.4897959183673475": 0.14041495023289716, "4.8979591836734695": 0.2829588678247485, "5.3061224489795915": 0.3962969829466443, "5.510204081632653": 0.4443795993813198, "5.714285714285714": 0.4877010640003737, "5.918367346938775": 0.5268467680255193, "6.326530612244898": 0.594527509477889, "6.122448979591837": 0.5623135832176157, "6.530612244897959": 0.623854902546829, "6.73469387755102": 0.6506109522636319, "7.142857142857143": 0.697469279043157, "6.938775510204081": 0.675069911017451, "7.551020408163265": 0.7368936763130135, "7.346938775510204": 0.7180168667632099, "7.959183673469388": 0.7702506808948566, "7.755102040816327": 0.7542585285827869, "8.16326530612245": 0.7849917842554527, "8.775510204081632": 0.8227127285259702, "8.36734693877551": 0.7985889117598245, "8.571428571428571": 0.8111353494932014, "8.979591836734695": 0.8333920218596, "9.183673469387756": 0.84323426738102, "9.387755102040817": 0.8522920095696127, "9.795918367346939": 0.8682248276770266, "9.591836734693878": 0.8606098500958803, "10.0": 0.8751676201318654}