{"0.0": 0.0, "0.40816326530612246": 1.2212453270876722e-15, "0.20408163265306123": 0.0, "2.2448979591836737": 3.005307114278821e-11, "3.8775510204081636": 0.02941785785054396, "2.0408163265306123": 5.415334847214126e-12, "4.4897959183673475": 0.1785943254120399, "1.6326530612244898": 1.0824674490095276e-13, "1.4285714285714286": -9.93471971355575e-12, "4.081632653061225": 0.08341394193893348, "0.8163265306122449": -1.5543122344752192e-15, "2.6530612244897958": 9.94944127086228e-11, "2.4489795918367347": 2.2973734026265902e-11, "3.4693877551020407": 3.891237720932139e-08, "1.0204081632653061": -5.306866057708248e-14, "0.6122448979591837": 2.51909604287448e-13, "3.2653061224489797": 8.535129936149133e-09, "1.2244897959183674": -9.43911615536308e-13, "1.836734693877551": 9.147127499886665e-13, "3.673469387755102": 3.00914901663063e-07, "2.857142857142857": 3.508561219334183e-10, "3.0612244897959187": 2.0757552343653174e-09, "4.6938775510204085": 0.22075678067200677, "4.8979591836734695": 0.25982960486807993, "4.285714285714286": 0.13296248078703443, "5.1020408163265305": 0.29613751611391637, "5.510204081632653": 0.3615390308183867, "5.3061224489795915": 0.32995999209568316, "6.122448979591837": 0.4447952975439723, "5.714285714285714": 0.3910853477498434, "7.142857142857143": 0.5540577365839119, "6.530612244897959": 0.4923178472244938, "5.918367346938775": 0.4187833708242127, "6.73469387755102": 0.5140688047675246, "6.938775510204081": 0.5346185018118057, "7.346938775510204": 0.5724682364777438, "6.326530612244898": 0.46926441716131795, "7.551020408163265": 0.589923797211491, "8.36734693877551": 0.6514455884317062, "8.775510204081632": 0.6779544922761731, "7.755102040816327": 0.6064912535643681, "8.979591836734695": 0.6902985172221623, "9.387755102040817": 0.7133459320444671, "8.16326530612245": 0.6371992589902149, "7.959183673469388": 0.6222313109650753, "9.795918367346939": 0.7344153936736231, "9.183673469387756": 0.7020845816505682, "9.591836734693878": 0.7241133506114, "8.571428571428571": 0.6650165248510891, "10.0": 0.7442786015265901}