{"0.0": 0.0, "0.40816326530612246": 2.6645352591003757e-15, "0.20408163265306123": 0.0, "3.8775510204081636": 0.05797029962559719, "2.2448979591836737": 5.95914428913602e-11, "2.0408163265306123": 1.0737633004964664e-11, "1.6326530612244898": 2.1516122217235534e-13, "4.4897959183673475": 0.32529268491805186, "1.4285714285714286": -1.9869217382506577e-11, "4.081632653061225": 0.15986998725949675, "0.8163265306122449": -3.1086244689504383e-15, "2.4489795918367347": 4.3529513327200675e-11, "2.6530612244897958": 1.8910628618584724e-10, "3.4693877551020407": 7.68478009005591e-08, "1.0204081632653061": -1.0591527654923993e-13, "0.6122448979591837": 5.03819208574896e-13, "3.2653061224489797": 1.6717891071493796e-08, "1.2244897959183674": -1.887601186467691e-12, "1.836734693877551": 1.8155477121695185e-12, "4.6938775510204085": 0.39277995144652345, "2.857142857142857": 6.658438245210618e-10, "4.8979591836734695": 0.452147700879894, "3.0612244897959187": 4.0339726004035015e-09, "3.673469387755102": 5.99302212189734e-07, "4.285714285714286": 0.2482459208942429, "5.1020408163265305": 0.5045774715298466, "5.510204081632653": 0.5923672920043785, "5.3061224489795915": 0.5510461870877101, "6.122448979591837": 0.6917468472174033, "7.142857142857143": 0.8011313421044186, "6.530612244897959": 0.7422571172519156, "5.714285714285714": 0.6292225091832913, "5.918367346938775": 0.662186601044895, "6.73469387755102": 0.7638685421687909, "6.938775510204081": 0.7834169301128321, "8.775510204081632": 0.896259068114962, "7.346938775510204": 0.8172111377872905, "6.326530612244898": 0.7183184965366488, "8.979591836734695": 0.9040513799005366, "9.387755102040817": 0.9177808345025367, "7.551020408163265": 0.8318304285025698, "8.36734693877551": 0.8784916257849352, "7.755102040816327": 0.8451417711712457, "8.16326530612245": 0.868361046055529, "7.959183673469388": 0.8572792481950264, "9.795918367346939": 0.9293965591560056, "9.591836734693878": 0.9238287483953687, "8.571428571428571": 0.8877635560438187, "9.183673469387756": 0.9112058273249335, "10.0": 0.934526523691734}