{"0.0": 0.0, "0.40816326530612246": 3.885780586188048e-15, "0.20408163265306123": 0.0, "3.8775510204081636": 0.08738815747614126, "2.2448979591836737": 8.964451403414841e-11, "2.0408163265306123": 1.615296785217879e-11, "1.6326530612244898": 3.234079670733081e-13, "1.4285714285714286": -2.980393709606233e-11, "4.4897959183673475": 0.5038870103300916, "4.081632653061225": 0.24328392919843034, "0.8163265306122449": -4.6629367034256575e-15, "2.4489795918367347": 6.650335837576904e-11, "2.6530612244897958": 2.8860069889447004e-10, "3.4693877551020407": 1.1576017822090279e-07, "1.0204081632653061": -1.5898393712632242e-13, "0.6122448979591837": 7.557288128623441e-13, "4.6938775510204085": 0.6135367321185301, "3.2653061224489797": 2.525302100764293e-08, "1.836734693877551": 2.7301494398557224e-12, "4.8979591836734695": 0.7119773057479739, "1.2244897959183674": -2.8315128020039992e-12, "2.857142857142857": 1.0166999464544801e-09, "3.0612244897959187": 6.109727945791121e-09, "5.1020408163265305": 0.8007149876437629, "3.673469387755102": 9.002171139638193e-07, "4.285714285714286": 0.38120840168127734, "5.510204081632653": 0.9539063228227652, "6.122448979591837": 1.1365421447613757, "7.142857142857143": 1.3551890786883305, "6.530612244897959": 1.2345749644764095, "5.3061224489795915": 0.8810061791833933, "5.918367346938775": 1.0809699718691075, "5.714285714285714": 1.0203078569331345, "6.73469387755102": 1.2779373469363153, "8.775510204081632": 1.5742135603911351, "8.979591836734695": 1.594349897122699, "9.387755102040817": 1.6311267665470037, "6.938775510204081": 1.3180354319246377, "7.346938775510204": 1.3896793742650342, "6.326530612244898": 1.1875829136979665, "8.36734693877551": 1.5299372142166416, "7.551020408163265": 1.421754225714061, "7.755102040816327": 1.4516330247356137, "8.16326530612245": 1.505560305045744, "7.959183673469388": 1.4795105591601017, "9.795918367346939": 1.6638119528296287, "8.571428571428571": 1.552780080894908, "9.591836734693878": 1.6479420990067686, "9.183673469387756": 1.6132904089755016, "10.0": 1.678805125218324}