{"0.20408163265306123": 3.070163066402213e-09, "1.2244897959183674": 2.055026988953175e-08, "1.0204081632653061": 1.675273434690242e-08, "0.6122448979591837": 9.620984029906682e-09, "0.40816326530612246": 6.2755539420578166e-09, "1.6326530612244898": 2.8639445330302452e-08, "0.8163265306122449": 1.311156586497579e-08, "2.0408163265306123": 3.743326657342401e-08, "2.2448979591836737": 4.211334389618431e-08, "3.2653061224489797": 6.870314331865261e-08, "1.4285714285714286": 2.4510323688250546e-08, "1.836734693877551": 3.294461300133961e-08, "2.4489795918367347": 4.699332065446515e-08, "3.8775510204081636": 8.759773180473864e-08, "2.857142857142857": 5.73898318428217e-08, "3.4693877551020407": 7.473190905522733e-08, "2.6530612244897958": 5.208225420311116e-08, "3.0612244897959187": 6.29264240601403e-08, "3.673469387755102": 8.102551960087453e-08, "0.0": 0.0, "4.285714285714286": 1.0163831943846688e-07, "4.4897959183673475": 1.0913984215570073e-07, "4.8979591836734695": 1.2519832607531748e-07, "4.081632653061225": 9.446334918371741e-08, "5.510204081632653": 1.5225128533603068e-07, "5.1020408163265305": 1.3379707155143897e-07, "5.918367346938775": 1.7256181316090136e-07, "6.326530612244898": 1.949785140171156e-07, "4.6938775510204085": 1.1698648744078278e-07, "5.3061224489795915": 1.4280623397559957e-07, "6.530612244897959": 2.0706639717268142e-07, "6.122448979591837": 1.8348965988160358e-07, "5.714285714285714": 1.6215983496395332e-07, "6.73469387755102": 2.1979438382622135e-07, "7.346938775510204": 2.6227828798159395e-07, "6.938775510204081": 2.3320674732150738e-07, "7.551020408163265": 2.780426868050135e-07, "7.142857142857143": 2.473510682167972e-07, "7.755102040816327": 2.947017592334568e-07, "7.959183673469388": 3.1231595537854905e-07, "8.16326530612245": 3.3094824843354416e-07, "8.775510204081632": 3.9360555473898146e-07, "8.36734693877551": 3.5066348115962115e-07, "8.979591836734695": 4.169612541625191e-07, "8.571428571428571": 3.7152743489860037e-07, "9.183673469387756": 4.416537126605065e-07, "9.795918367346939": 5.242160484420944e-07, "10.0": 5.546491622277287e-07, "9.387755102040817": 4.677350718016934e-07, "9.591836734693878": 4.952469311616805e-07}