{"0.20408163265306123": 2.35074216250746e-08, "1.2244897959183674": 1.4956205396261965e-07, "1.0204081632653061": 1.2312459223119017e-07, "0.6122448979591837": 7.214622473199192e-08, "0.40816326530612246": 4.7547800076650545e-08, "1.6326530612244898": 2.0449006615663805e-07, "0.8163265306122449": 9.732916878350303e-08, "2.0408163265306123": 2.6238658304567975e-07, "2.2448979591836737": 2.925427876846236e-07, "3.2653061224489797": 4.5717750574051175e-07, "1.4285714285714286": 1.7667283388067756e-07, "1.836734693877551": 2.3304888481959095e-07, "2.4489795918367347": 3.2355965075948883e-07, "3.8775510204081636": 5.689550508993845e-07, "3.4693877551020407": 4.932343095341309e-07, "2.857142857142857": 3.8835786993233326e-07, "2.6530612244897958": 3.5548205990111765e-07, "3.0612244897959187": 4.2223815809803225e-07, "3.673469387755102": 5.304711257008015e-07, "0.0": 0.0, "4.285714285714286": 6.49957890444612e-07, "4.4897959183673475": 6.926377197914397e-07, "4.8979591836734695": 7.828045026563054e-07, "4.081632653061225": 6.087581436778197e-07, "5.510204081632653": 9.316500020273059e-07, "5.1020408163265305": 8.304933931552527e-07, "5.918367346938775": 1.0413815728727431e-06, "6.326530612244898": 1.1608888473513673e-06, "4.6938775510204085": 7.368875686049685e-07, "5.3061224489795915": 8.800676489996897e-07, "6.530612244897959": 1.2247388289177938e-06, "6.122448979591837": 1.0998305304021037e-06, "5.714285714285714": 9.853733393682246e-07, "6.73469387755102": 1.2915772440859036e-06, "7.346938775510204": 1.5122205512905607e-06, "6.938775510204081": 1.361616000763608e-06, "7.551020408163265": 1.5932888581491353e-06, "7.142857142857143": 1.4350826375993315e-06, "7.755102040816327": 1.678561764761365e-06, "7.959183673469388": 1.7683272942191247e-06, "8.16326530612245": 1.8628851811400845e-06, "8.775510204081632": 2.1784100272237592e-06, "8.36734693877551": 1.9625437103035125e-06, "8.979591836734695": 2.295228191193134e-06, "8.571428571428571": 2.06761523041321e-06, "9.183673469387756": 2.4183490679179626e-06, "9.795918367346939": 2.8277046944884474e-06, "10.0": 2.9778722050009154e-06, "9.387755102040817": 2.5480178413980295e-06, "9.591836734693878": 2.684428780705867e-06}