{"0.20408163265306123": 2.656836097238672e-08, "0.6122448979591837": 9.243143124381866e-08, "0.8163265306122449": 1.339344259460199e-07, "0.40816326530612246": 5.706521122493378e-08, "1.836734693877551": 5.322385021190206e-07, "1.2244897959183674": 2.430812955197981e-07, "1.4285714285714286": 3.168572052474072e-07, "1.0204081632653061": 1.8332322828955984e-07, "3.673469387755102": 0.20486668033439032, "1.6326530612244898": 4.102387169703109e-07, "3.4693877551020407": 0.12986525194620963, "2.2448979591836737": 9.379695593329385e-07, "2.6530612244897958": 1.986181157178116e-06, "3.8775510204081636": 0.27122958993617763, "0.0": 0.0, "2.0408163265306123": 6.983930344475812e-07, "2.4489795918367347": 1.3134365752113773e-06, "3.2653061224489797": 0.0445978717450548, "2.857142857142857": 3.540598863041591e-06, "3.0612244897959187": 1.1003516001063592e-05, "4.081632653061225": 0.33026259417085485, "4.4897959183673475": 0.43039197144148245, "4.285714285714286": 0.38302695283053667, "4.8979591836734695": 0.5116789977723444, "5.714285714285714": 0.6342570773081059, "6.938775510204081": 0.7544946660853816, "6.530612244897959": 0.7206905355991089, "7.142857142857143": 0.7695337980868117, "5.1020408163265305": 0.546703313647671, "4.6938775510204085": 0.47307629290275555, "6.326530612244898": 0.7016739859339819, "5.3061224489795915": 0.5785748973881955, "5.918367346938775": 0.6586448748798251, "5.510204081632653": 0.6076560807859054, "6.122448979591837": 0.6810503479919117, "7.551020408163265": 0.7964050300415104, "6.73469387755102": 0.7382527856490508, "7.755102040816327": 0.8084080403822756, "7.346938775510204": 0.7834735996069907, "7.959183673469388": 0.8195527823206098, "8.16326530612245": 0.8299006197457945, "8.571428571428571": 0.8484120623711012, "8.36734693877551": 0.8395049782818168, "8.775510204081632": 0.8566614645449379, "10.0": 0.8938493254788668, "9.387755102040817": 0.8777708204113405, "8.979591836734695": 0.8642866876116954, "9.591836734693878": 0.8836701008634741, "9.795918367346939": 0.889026625094516, "9.183673469387756": 0.871315597317105}