{"1.836734693877551": -4.0069947360166225e-11, "0.20408163265306123": 0.0, "1.2244897959183674": 5.105915690251095e-13, "0.6122448979591837": -7.771561172376096e-15, "0.8163265306122449": -8.204548151979907e-13, "1.6326530612244898": -6.352696146905146e-13, "0.40816326530612246": 3.2573943542502093e-13, "3.2653061224489797": 0.6611426558943134, "2.0408163265306123": 1.1449063919144464e-11, "1.4285714285714286": 6.830314092098888e-12, "0.0": 0.0, "1.0204081632653061": -2.0193180461092197e-11, "2.857142857142857": 0.34367229011401323, "2.2448979591836737": 5.93053384179143e-11, "2.4489795918367347": 1.3851927382901863e-09, "3.8775510204081636": 0.9886221722146905, "2.6530612244897958": 0.13926916572442316, "3.4693877551020407": 0.7861766878503921, "3.0612244897959187": 0.5153462054894198, "4.081632653061225": 1.0713859484062263, "4.285714285714286": 1.1444910522659129, "5.1020408163265305": 1.3663224810061205, "4.4897959183673475": 1.209432089616704, "4.8979591836734695": 1.3194445417455434, "5.510204081632653": 1.4472417165398301, "5.3061224489795915": 1.4087322287069863, "4.6938775510204085": 1.2674198941493926, "5.714285714285714": 1.4823294648282586, "5.918367346938775": 1.5144011345772732, "6.326530612244898": 1.5708302697467604, "6.122448979591837": 1.5438025867667524, "7.142857142857143": 1.6598269795115406, "7.755102040816327": 1.7112918623310949, "3.673469387755102": 0.8943359302061364, "6.73469387755102": 1.6187514211692262, "7.959183673469388": 1.7262152612677275, "6.938775510204081": 1.6400580022972897, "8.36734693877551": 1.753272825486685, "7.551020408163265": 1.6953222304066067, "6.530612244897959": 1.5957395468801026, "7.346938775510204": 1.6782053029428416, "9.183673469387756": 1.798197181691099, "8.775510204081632": 1.777103747883069, "8.979591836734695": 1.787965936479639, "10.0": 1.8336895345297868, "9.591836734693878": 1.8169504417571904, "9.795918367346939": 1.8255537214656015, "8.571428571428571": 1.7655586081491395, "8.16326530612245": 1.7401822323532758, "9.387755102040817": 1.8078444876963942}