{"0.20408163265306123": 5.000000019037183e-07, "0.8163265306122449": 5.00000030459492e-07, "0.40816326530612246": 5.000000076148729e-07, "1.2244897959183674": 5.00000068533862e-07, "1.6326530612244898": 5.000001218379936e-07, "1.0204081632653061": 5.000000475929576e-07, "0.6122448979591837": 5.000000171334641e-07, "1.836734693877551": 5.000001542012249e-07, "3.2653061224489797": 5.000004873525423e-07, "1.4285714285714286": 5.000000932822068e-07, "2.2448979591836737": 5.000002303500312e-07, "2.0408163265306123": 5.000001903719031e-07, "3.4693877551020407": 5.000005501754407e-07, "2.857142857142857": 5.000003731291492e-07, "0.0": 5e-07, "3.0612244897959187": 5.000004283371121e-07, "2.4489795918367347": 5.000002741356125e-07, "3.673469387755102": 5.000006168058033e-07, "2.6530612244897958": 5.000003217286505e-07, "3.8775510204081636": 5.000006872436154e-07, "6.122448979591837": 0.7706280324810271, "6.938775510204081": 0.8705020874044072, "5.918367346938775": 0.7270766159015929, "5.714285714285714": 0.6635834502152971, "4.285714285714286": 5.000008395414099e-07, "6.73469387755102": 0.8522347060407418, "7.346938775510204": 0.8992228742923358, "7.142857142857143": 0.8859820668821696, "6.530612244897959": 0.8304037818800976, "4.6938775510204085": 5.00001007067897e-07, "4.081632653061225": 5.00000761488842e-07, "7.551020408163265": 0.9106284613278924, "6.326530612244898": 0.803842274787318, "7.755102040816327": 0.920505748957671, "4.4897959183673475": 5.000009214011792e-07, "7.959183673469388": 0.9290932949269551, "8.16326530612245": 0.936579670331792, "8.775510204081632": 0.9538009491555649, "9.183673469387756": 0.9618714358956716, "8.36734693877551": 0.9431157618716697, "8.571428571428571": 0.9488233009024368, "10.0": 0.9718770628674416, "8.979591836734695": 0.9581287473610678, "9.387755102040817": 0.9650809804987045, "9.795918367346939": 0.9700559460722457, "9.591836734693878": 0.9677985277489932, "4.8979591836734695": 0.41544984221180176, "5.1020408163265305": 0.45370939374183406, "5.3061224489795915": 0.48551742833791167, "5.510204081632653": 0.5123046577479617}