{"0.20408163265306123": 5.000000020410235e-07, "0.8163265306122449": 5.000000326563752e-07, "0.40816326530612246": 5.000000081640937e-07, "1.2244897959183674": 5.000000734768495e-07, "1.6326530612244898": 5.000001306255276e-07, "1.0204081632653061": 5.000000510255878e-07, "0.6122448979591837": 5.000000183692108e-07, "1.836734693877551": 5.000001653229484e-07, "3.2653061224489797": 5.000005225027126e-07, "1.4285714285714286": 5.000001000101621e-07, "2.2448979591836737": 5.000002469639668e-07, "2.0408163265306123": 5.00000204102427e-07, "3.4693877551020407": 5.000005898566947e-07, "2.857142857142857": 5.000004000409895e-07, "0.0": 5e-07, "3.0612244897959187": 5.000004592308112e-07, "2.4489795918367347": 5.000002939075712e-07, "3.673469387755102": 5.000006612927531e-07, "2.6530612244897958": 5.000003449332441e-07, "3.8775510204081636": 5.000007368108719e-07, "6.122448979591837": 0.7856458492228868, "6.938775510204081": 0.8814419742058248, "5.918367346938775": 0.7432339000324559, "5.714285714285714": 0.6808438792149772, "4.285714285714286": 5.000009000931001e-07, "6.73469387755102": 0.8641002439100129, "7.346938775510204": 0.9085032155862522, "7.142857142857143": 0.8960609198020225, "6.530612244897959": 0.8432601465163081, "4.6938775510204085": 5.000010797023852e-07, "4.081632653061225": 5.000008164110138e-07, "7.551020408163265": 0.9191699264128497, "6.326530612244898": 0.8177522279898228, "7.755102040816327": 0.928364708207479, "4.4897959183673475": 5.00000987856981e-07, "7.959183673469388": 0.9363227149719067, "8.16326530612245": 0.943229116705603, "8.775510204081632": 0.958975410579727, "9.183673469387756": 0.966253592616839, "8.36734693877551": 0.949231484960384, "8.571428571428571": 0.954448369691261, "10.0": 0.9750411282043618, "8.979591836734695": 0.9628897972410468, "9.387755102040817": 0.9691162559588564, "9.795918367346939": 0.9734842858131388, "9.591836734693878": 0.9715165923207757, "4.8979591836734695": 0.43196780937003165, "5.1020408163265305": 0.4708058137712028, "5.3061224489795915": 0.5029685129070292, "5.510204081632653": 0.5299612370602654}