{"0.20408163265306123": 5.000000019792361e-07, "0.8163265306122449": 5.000000316677778e-07, "0.40816326530612246": 5.000000079169443e-07, "1.2244897959183674": 5.000000712525052e-07, "1.6326530612244898": 5.000001266711374e-07, "1.0204081632653061": 5.000000494809042e-07, "0.6122448979591837": 5.000000178131248e-07, "1.836734693877551": 5.000001603181728e-07, "3.2653061224489797": 5.00000506685136e-07, "1.4285714285714286": 5.000000969825822e-07, "2.2448979591836737": 5.000002394876958e-07, "2.0408163265306123": 5.000001979236913e-07, "3.4693877551020407": 5.000005720001305e-07, "2.857142857142857": 5.000003879306614e-07, "0.0": 5e-07, "3.0612244897959187": 5.000004453286467e-07, "2.4489795918367347": 5.000002850101899e-07, "3.673469387755102": 5.000006412736257e-07, "2.6530612244897958": 5.000003344911771e-07, "3.8775510204081636": 5.000007145056065e-07, "6.122448979591837": 0.77888783168905, "6.938775510204081": 0.8765190251451869, "5.918367346938775": 0.7359631221735676, "5.714285714285714": 0.6730766861651212, "4.285714285714286": 5.000008728448395e-07, "6.73469387755102": 0.8587607518688409, "7.346938775510204": 0.9043270620039898, "7.142857142857143": 0.8915254359880888, "6.530612244897959": 0.8374747824300135, "4.6938775510204085": 5.000010470168656e-07, "4.081632653061225": 5.000007916960365e-07, "7.551020408163265": 0.915326267124619, "6.326530612244898": 0.8114927490486956, "7.755102040816327": 0.9248281765450654, "4.4897959183673475": 5.000009579518702e-07, "7.959183673469388": 0.9330694759516784, "8.16326530612245": 0.9402368658373881, "8.775510204081632": 0.9566469029388541, "9.183673469387756": 0.9642816220923136, "8.36734693877551": 0.9464794095704626, "8.571428571428571": 0.9519170887362902, "10.0": 0.9736172988027478, "8.979591836734695": 0.9607473247950562, "9.387755102040817": 0.967300382001788, "9.795918367346939": 0.971941532929737, "9.591836734693878": 0.9698434632634736, "4.8979591836734695": 0.4245347241488282, "5.1020408163265305": 0.46311242475798686, "5.3061224489795915": 0.4951155248509263, "5.510204081632653": 0.5220157763697288}