{"0.40816326530612246": 7.715791473783628e-08, "0.20408163265306123": 3.512263142866397e-08, "0.6122448979591837": 1.28369362343863e-07, "0.8163265306122449": 1.9212979927151533e-07, "1.2244897959183674": 3.817363637845825e-07, "3.673469387755102": 0.2415540435528263, "1.0204081632653061": 2.7369582102098683e-07, "3.8775510204081636": 0.26333575801822545, "3.2653061224489797": 0.1857273999640523, "1.4285714285714286": 5.316380331097607e-07, "1.6326530612244898": 7.535755634670912e-07, "2.857142857142857": 0.10626365157345107, "1.836734693877551": 1.1158966817939946e-06, "0.0": 0.0, "2.0408163265306123": 1.8134068299690794e-06, "2.6530612244897958": 0.0534893402339784, "3.4693877551020407": 0.2159768838520206, "3.0612244897959187": 0.14966163805904925, "2.2448979591836737": 3.7115193159239057e-06, "4.081632653061225": 0.28200362346602603, "4.8979591836734695": 0.33477110217170325, "2.4489795918367347": 2.8994980889433117e-05, "4.6938775510204085": 0.32416693576518396, "5.1020408163265305": 0.3440744675226257, "4.4897959183673475": 0.3120341016757493, "6.73469387755102": 0.3888311953978888, "5.510204081632653": 0.3594982777367512, "6.122448979591837": 0.3766587360679953, "5.3061224489795915": 0.3522648808688875, "5.714285714285714": 0.3659049226079021, "5.918367346938775": 0.3715942629498041, "6.938775510204081": 0.39207370600106284, "7.142857142857143": 0.3949848479163445, "6.326530612244898": 0.38117677790237986, "4.285714285714286": 0.2980940856453879, "7.346938775510204": 0.3976008371688195, "7.551020408163265": 0.39995283326806785, "6.530612244897959": 0.38521521765394146, "7.755102040816327": 0.40206761360612714, "7.959183673469388": 0.4039681252269498, "8.36734693877551": 0.4072016110283451, "8.16326530612245": 0.40567393703036064, "8.775510204081632": 0.40977553910292236, "8.571428571428571": 0.40856500785675115, "9.387755102040817": 0.4125714927368733, "9.183673469387756": 0.4117726299741775, "8.979591836734695": 0.4108423769458613, "10.0": 0.41420560472493295, "9.591836734693878": 0.41324237550796045, "9.795918367346939": 0.413787019843036}