{"0.40816326530612246": 1.8194026808551522e-07, "0.20408163265306123": 8.2820032134257e-08, "0.6122448979591837": 3.0269812602071393e-07, "0.8163265306122449": 4.530468106278942e-07, "1.2244897959183674": 9.00143771393275e-07, "3.673469387755102": 0.5695903989949361, "1.0204081632653061": 6.453815038889938e-07, "3.8775510204081636": 0.6209522195244576, "3.2653061224489797": 0.4379497949769628, "1.4285714285714286": 1.2536156089378307e-06, "1.6326530612244898": 1.7769497854594374e-06, "2.857142857142857": 0.2505723142040636, "1.836734693877551": 2.6313119286747276e-06, "0.0": 0.0, "2.0408163265306123": 4.276058080544371e-06, "2.6530612244897958": 0.12612918499617132, "3.4693877551020407": 0.5092788248856289, "3.0612244897959187": 0.3529058378923259, "2.2448979591836737": 8.751854189400817e-06, "4.081632653061225": 0.6649715071853206, "4.8979591836734695": 0.7893985248740161, "2.4489795918367347": 6.837088086273731e-05, "4.6938775510204085": 0.7643936386561746, "5.1020408163265305": 0.8113360900842165, "4.4897959183673475": 0.7357841162971369, "6.73469387755102": 0.9168735595184782, "5.510204081632653": 0.847705815403944, "6.122448979591837": 0.8881705998640381, "5.3061224489795915": 0.8306492869871297, "5.714285714285714": 0.8628128421988799, "5.918367346938775": 0.8762284472026242, "6.938775510204081": 0.9245194795827528, "7.142857142857143": 0.9313840240990346, "6.326530612244898": 0.8988242540661054, "4.285714285714286": 0.7029132142996187, "7.346938775510204": 0.937552591348698, "7.551020408163265": 0.9430986562247032, "6.530612244897959": 0.9083469947148496, "7.755102040816327": 0.9480853604786452, "7.959183673469388": 0.9525668138067577, "8.36734693877551": 0.9601914531656042, "8.16326530612245": 0.9565891601580105, "8.775510204081632": 0.9662608391192364, "8.571428571428571": 0.9634063765511045, "9.387755102040817": 0.9728537668239853, "9.183673469387756": 0.970970028704542, "8.979591836734695": 0.9687764690945615, "10.0": 0.9767070432402738, "9.591836734693878": 0.9744357249632153, "9.795918367346939": 0.9757200097533317}