{"0.40816326530612246": 1.0478235334767893e-07, "0.20408163265306123": 4.7697400705593045e-08, "0.6122448979591837": 1.7432876367685102e-07, "0.8163265306122449": 2.609170113563789e-07, "1.2244897959183674": 5.184074076086924e-07, "3.673469387755102": 0.32803635544210985, "1.0204081632653061": 3.71685682868007e-07, "3.2653061224489797": 0.2522223950129106, "3.8775510204081636": 0.35761646150623194, "1.4285714285714286": 7.219775758280701e-07, "1.6326530612244898": 1.0233742219923463e-06, "2.857142857142857": 0.14430866263061248, "1.836734693877551": 1.515415246880733e-06, "0.0": 0.0, "2.0408163265306123": 2.4626512505752935e-06, "2.6530612244897958": 0.07263984476219287, "3.4693877551020407": 0.2933019410336083, "3.0612244897959187": 0.2032441998332767, "2.2448979591836737": 5.040334873476909e-06, "4.081632653061225": 0.38296788371929447, "4.8979591836734695": 0.45462742270231277, "2.4489795918367347": 3.9375899973304215e-05, "4.6938775510204085": 0.44022670289099064, "5.1020408163265305": 0.4672616225615905, "4.4897959183673475": 0.4237500146213875, "6.73469387755102": 0.5280423641205896, "5.510204081632653": 0.488207537667193, "5.3061224489795915": 0.47838440611824223, "6.122448979591837": 0.5115118637960431, "5.714285714285714": 0.49690791959097796, "5.918367346938775": 0.5046341842528201, "6.938775510204081": 0.53244577358169, "7.142857142857143": 0.53639917618269, "6.326530612244898": 0.5176474761637256, "4.285714285714286": 0.40481912865423053, "7.346938775510204": 0.5399517541798783, "7.551020408163265": 0.5431458229566353, "6.530612244897959": 0.5231317770609081, "7.755102040816327": 0.5460177468725181, "7.959183673469388": 0.5485986885798082, "8.36734693877551": 0.5529898421372588, "8.16326530612245": 0.5509152231276501, "8.775510204081632": 0.556485300016314, "8.571428571428571": 0.5548413686943532, "9.387755102040817": 0.560282274087112, "9.183673469387756": 0.5591973987303644, "8.979591836734695": 0.5579340921487004, "10.0": 0.562501438515341, "9.591836734693878": 0.5611933494552548, "9.795918367346939": 0.5619329899102956}