{"0.40816326530612246": 2.2555279866054433e-11, "0.8163265306122449": 2.1809098971203866e-11, "1.0204081632653061": 2.0073942508247454e-13, "0.6122448979591837": 5.614952947041729e-13, "0.20408163265306123": 3.1108449149996885e-14, "0.0": 0.0, "1.2244897959183674": 4.0153103064710646e-12, "3.8775510204081636": 0.6277188611279687, "1.836734693877551": 3.6135761050104517e-12, "3.2653061224489797": 0.49731381802987135, "3.0612244897959187": 0.43773032343348706, "2.857142857142857": 0.36657638285501065, "1.6326530612244898": 4.048206214690708e-12, "1.4285714285714286": 2.2337687255458148e-14, "3.673469387755102": 0.590719098949938, "3.4693877551020407": 0.5477104564256197, "2.0408163265306123": 1.1832357316166053e-11, "2.6530612244897958": 0.28063658788050694, "2.4489795918367347": 0.1754835396481171, "2.2448979591836737": 0.04487451471306337, "4.081632653061225": 0.6597819156054775, "4.8979591836734695": 0.7531969940681982, "4.285714285714286": 0.6877522519417905, "5.714285714285714": 0.8119833528073002, "4.6938775510204085": 0.7339704961804309, "5.510204081632653": 0.7995077151988034, "4.4897959183673475": 0.7123017062704441, "5.1020408163265305": 0.7703398991321756, "5.3061224489795915": 0.7856949572677223, "6.326530612244898": 0.8429834744529558, "6.938775510204081": 0.8667882421762508, "6.530612244897959": 0.8515911479611253, "5.918367346938775": 0.8232943371824009, "7.755102040816327": 0.8909557927237473, "6.73469387755102": 0.8595000677500976, "6.122448979591837": 0.8335864349156403, "7.142857142857143": 0.8735230912047611, "7.551020408163265": 0.8855591777102398, "7.346938775510204": 0.879763099333088, "8.16326530612245": 0.9007017591229576, "7.959183673469388": 0.8959919057229099, "8.36734693877551": 0.9051155368728291, "8.775510204081632": 0.9131585666269562, "9.591836734693878": 0.9266836591289338, "8.571428571428571": 0.9092599216350621, "8.979591836734695": 0.9168324966162825, "9.183673469387756": 0.9203004498345397, "9.387755102040817": 0.9235791704021666, "9.795918367346939": 0.9296273891640914, "10.0": 0.9324224918519401}