{"0.20408163265306123": 2.0811652049276595e-08, "0.40816326530612246": 4.336373766250647e-08, "1.836734693877551": 2.7561617785232746e-07, "0.6122448979591837": 6.788241901514169e-08, "1.0204081632653061": 1.2393839831353297e-07, "2.0408163265306123": 3.253604713600327e-07, "1.4285714285714286": 1.918024000081213e-07, "3.8775510204081636": 1.4044524180123547e-06, "1.2244897959183674": 1.5617412970831036e-07, "0.8163265306122449": 9.463475826466873e-08, "3.0612244897959187": 7.088543397507652e-07, "2.2448979591836737": 3.8171245431730834e-07, "1.6326530612244898": 2.3138528818358477e-07, "3.2653061224489797": 8.311505241524857e-07, "3.4693877551020407": 9.80308178191391e-07, "2.857142857142857": 6.06772658654859e-07, "2.4489795918367347": 4.4607631400770885e-07, "3.673469387755102": 1.1662464044363996e-06, "2.6530612244897958": 5.202841930982718e-07, "0.0": 0.0, "4.081632653061225": 1.7205262995116876e-06, "4.285714285714286": 2.160045415150171e-06, "6.326530612244898": 0.3033948450608049, "7.142857142857143": 0.4688094735729539, "5.714285714285714": 0.13384116407445343, "4.6938775510204085": 3.883335310790279e-06, "4.4897959183673475": 2.8127735147935613e-06, "7.551020408163265": 0.5328133659419758, "7.959183673469388": 0.5872902591288336, "6.530612244897959": 0.35029250541524426, "6.122448979591837": 0.25206553375804575, "7.755102040816327": 0.5611346490143581, "6.938775510204081": 0.4326172199580369, "7.346938775510204": 0.5021176379451171, "5.510204081632653": 0.0655766698136674, "4.8979591836734695": 5.961335521781489e-06, "6.73469387755102": 0.3932302401945123, "5.918367346938775": 0.19575883171045239, "5.3061224489795915": 0.0001080185278449882, "5.1020408163265305": 1.1730476460286638e-05, "8.16326530612245": 0.6114634726757445, "8.979591836734695": 0.6912683237487838, "8.775510204081632": 0.6736016318462114, "8.36734693877551": 0.6338152067277656, "8.571428571428571": 0.6544866726050274, "10.0": 0.7607706820210122, "9.795918367346939": 0.7491606633870384, "9.387755102040817": 0.722621962253514, "9.183673469387756": 0.7075811213107059, "9.591836734693878": 0.7364615938052976}