{"0.20408163265306123": 1.637798962142129e-08, "0.40816326530612246": 3.405515730341198e-08, "1.836734693877551": 2.1311381259192607e-07, "0.6122448979591837": 5.3198566693385286e-08, "1.0204081632653061": 9.671026382360159e-08, "2.0408163265306123": 2.509779519670605e-07, "1.4285714285714286": 1.489967333046092e-07, "3.8775510204081636": 1.0580415601897973e-06, "1.2244897959183674": 1.2159410766389322e-07, "0.8163265306122449": 7.400543427914805e-08, "3.0612244897959187": 5.399368994529856e-07, "2.2448979591836737": 2.9373215318024623e-07, "1.6326530612244898": 1.7933281730554327e-07, "3.2653061224489797": 6.31398656652531e-07, "3.4693877551020407": 7.426793390088899e-07, "2.857142857142857": 4.6339517206785416e-07, "2.4489795918367347": 3.4241172339290503e-07, "3.673469387755102": 8.810891533985476e-07, "2.6530612244897958": 3.9836735557182493e-07, "0.0": 0.0, "4.081632653061225": 1.2924023742733638e-06, "4.285714285714286": 1.6177590136372414e-06, "6.326530612244898": 0.23121089661310526, "7.142857142857143": 0.36618112683094406, "5.714285714285714": 0.09995970450695714, "4.6938775510204085": 2.890699059336672e-06, "4.4897959183673475": 2.1002605716902317e-06, "7.551020408163265": 0.42094147650447733, "7.959183673469388": 0.46901404361929333, "6.530612244897959": 0.26866370629312875, "6.122448979591837": 0.19083791810161202, "7.755102040816327": 0.4457478581307177, "6.938775510204081": 0.3359159212657837, "7.346938775510204": 0.3944676685236532, "5.510204081632653": 0.04863117644449731, "4.8979591836734695": 4.423564591182107e-06, "6.73469387755102": 0.3034824412174755, "5.918367346938775": 0.14721478884917735, "5.3061224489795915": 7.9635055106127e-05, "5.1020408163265305": 8.676523584657706e-06, "8.16326530612245": 0.4908513155059308, "8.979591836734695": 0.5656716971546016, "8.775510204081632": 0.5486989822466601, "8.36734693877551": 0.5113567992859414, "8.571428571428571": 0.5306149780210717, "10.0": 0.6354613879388424, "9.795918367346939": 0.6233993384870324, "9.387755102040817": 0.5964892088891252, "9.183673469387756": 0.5815867217942519, "9.591836734693878": 0.6104166089774825}