{"0.20408163265306123": 1.0959068876264808e-08, "0.40816326530612246": 2.2678003531185363e-08, "1.836734693877551": 1.367220328292131e-07, "0.6122448979591837": 3.5251636077905194e-08, "1.0204081632653061": 6.343143278035204e-08, "2.0408163265306123": 1.6006598382009448e-07, "1.4285714285714286": 9.667869622253883e-08, "3.8775510204081636": 6.346505117400045e-07, "1.2244897959183674": 7.93296362762723e-08, "0.8163265306122449": 4.879181607462277e-08, "3.0612244897959187": 3.3348225020014356e-07, "2.2448979591836737": 1.8620067401272571e-07, "1.6326530612244898": 1.157131306768257e-07, "3.2653061224489797": 3.872574852636974e-07, "3.4693877551020407": 4.522440911191661e-07, "2.857142857142857": 2.88156021794848e-07, "2.4489795918367347": 2.1571055708592247e-07, "3.673469387755102": 5.325636243522837e-07, "2.6530612244897958": 2.493578874839454e-07, "0.0": 0.0, "4.081632653061225": 7.691397989820787e-07, "4.285714285714286": 9.549645228992157e-07, "6.326530612244898": 0.14298607073258346, "7.142857142857143": 0.24074648081293176, "5.714285714285714": 0.05854903170223941, "4.6938775510204085": 1.677476974226707e-06, "4.4897959183673475": 1.2294114190083831e-06, "7.551020408163265": 0.2842091671919795, "7.959183673469388": 0.32445422466318874, "6.530612244897959": 0.1688951740327652, "6.122448979591837": 0.11600416563263756, "7.755102040816327": 0.3047195581618239, "6.938775510204081": 0.2177254450863628, "7.346938775510204": 0.2628954836751972, "5.510204081632653": 0.027920017882178322, "4.8979591836734695": 2.5440667871161924e-06, "6.73469387755102": 0.1937906869122082, "5.918367346938775": 0.08788318090761904, "5.3061224489795915": 4.494414398085218e-05, "5.1020408163265305": 4.943914514444564e-06, "8.16326530612245": 0.34343645674282514, "8.979591836734695": 0.41216470909504566, "8.775510204081632": 0.3960401882916532, "8.36734693877551": 0.3616854124126005, "8.571428571428571": 0.3792162401962372, "10.0": 0.48230558406063484, "9.795918367346939": 0.46969105249813586, "9.387755102040817": 0.4423269547770943, "9.183673469387756": 0.4275935668296964, "9.591836734693878": 0.4563616275212641}