{"0.40816326530612246": 6.515287024044209e-08, "0.20408163265306123": 3.110156470477641e-08, "1.0204081632653061": 1.8992906989833976e-07, "0.8163265306122449": 1.4397043785295607e-07, "1.2244897959183674": 2.412833354054972e-07, "2.2448979591836737": 6.263057814035585e-07, "0.6122448979591837": 1.0259699821976149e-07, "1.4285714285714286": 2.990466141051081e-07, "2.6530612244897958": 8.881717219850959e-07, "2.0408163265306123": 5.256107974511224e-07, "3.8775510204081636": 3.253236148436367e-06, "1.6326530612244898": 3.645029875938579e-07, "1.836734693877551": 4.393040976440394e-07, "3.0612244897959187": 1.2812332123855674e-06, "3.4693877551020407": 1.9372545399380187e-06, "2.4489795918367347": 7.453224677889135e-07, "2.857142857142857": 1.0628207380550464e-06, "3.673469387755102": 2.4629970138621894e-06, "0.0": 0.0, "3.2653061224489797": 1.562234540102819e-06, "5.918367346938775": 0.2323979973743313, "5.3061224489795915": 0.13498529523899405, "6.530612244897959": 0.3053181884860589, "6.326530612244898": 0.2832166809121832, "7.755102040816327": 0.40429801846768837, "6.73469387755102": 0.32552950544802345, "5.714285714285714": 0.20311142904841858, "6.938775510204081": 0.3440475548724512, "5.510204081632653": 0.17078041448426626, "6.122448979591837": 0.2589977016809907, "5.1020408163265305": 0.09523120460829407, "4.081632653061225": 4.574751874690264e-06, "7.142857142857143": 0.36104348646026274, "7.346938775510204": 0.3766664399326442, "4.285714285714286": 7.234777399281042e-06, "7.551020408163265": 0.39104664973436315, "4.4897959183673475": 1.5353127040175533e-05, "7.959183673469388": 0.4165202596610029, "8.775510204081632": 0.4567083373975392, "4.6938775510204085": 0.001813347573762028, "8.571428571428571": 0.4478321964976257, "8.36734693877551": 0.4382157341318157, "8.979591836734695": 0.46489479221014673, "9.795918367346939": 0.49153083926928876, "9.591836734693878": 0.485723828748167, "9.183673469387756": 0.4724353590651545, "10.0": 0.4968111584268411, "9.387755102040817": 0.4793676791416107, "4.8979591836734695": 0.05093340366944402, "8.16326530612245": 0.4278006898657222}