{"0.40816326530612246": 1.0749255978630478e-07, "0.20408163265306123": 5.130567788292905e-08, "1.0204081632653061": 3.134878622751477e-07, "0.8163265306122449": 2.3759714962844484e-07, "1.2244897959183674": 3.98306977294501e-07, "2.2448979591836737": 1.0346230365285546e-06, "0.6122448979591837": 1.6929380897775303e-07, "1.4285714285714286": 4.937313262875533e-07, "2.6530612244897958": 1.4676215939497052e-06, "2.0408163265306123": 8.681587637162852e-07, "3.8775510204081636": 5.380156326739292e-06, "1.6326530612244898": 6.018856693496587e-07, "1.836734693877551": 7.255029658404709e-07, "3.0612244897959187": 2.117709630039982e-06, "3.4693877551020407": 3.202916586911665e-06, "2.4489795918367347": 1.2314043833461355e-06, "2.857142857142857": 1.7564579280826913e-06, "3.673469387755102": 4.0727059284153065e-06, "0.0": 0.0, "3.2653061224489797": 2.5825269492129725e-06, "5.918367346938775": 0.3845473427228518, "5.3061224489795915": 0.22335922353442625, "6.530612244897959": 0.5052078746503983, "6.326530612244898": 0.46863666413098287, "7.755102040816327": 0.6689891093609756, "6.73469387755102": 0.5386513999402155, "6.938775510204081": 0.5692930872389023, "5.714285714285714": 0.336087062261912, "5.510204081632653": 0.282589157832476, "6.122448979591837": 0.42856168802044975, "5.1020408163265305": 0.15757840688171632, "4.081632653061225": 7.566706674173887e-06, "7.142857142857143": 0.5974161367635304, "7.346938775510204": 0.6232673289711288, "4.285714285714286": 1.1968080132441453e-05, "7.551020408163265": 0.6470621618896175, "7.959183673469388": 0.6892131666655302, "4.4897959183673475": 2.5401304746733677e-05, "8.775510204081632": 0.7557120987541094, "4.6938775510204085": 0.0030005300359488246, "8.571428571428571": 0.7410248102809267, "8.36734693877551": 0.7251125170385153, "8.979591836734695": 0.7692581684660271, "9.795918367346939": 0.8133326498556501, "9.591836734693878": 0.8037238300275268, "9.183673469387756": 0.7817354918765739, "10.0": 0.8220699571555389, "9.387755102040817": 0.7932063535823066, "4.8979591836734695": 0.08427914445496966, "8.16326530612245": 0.707878815892234}