{"0.40816326530612246": 4.2339689545862684e-08, "0.20408163265306123": 2.0204113178152628e-08, "1.0204081632653061": 1.2355879237680786e-07, "0.8163265306122449": 9.362671177548866e-08, "1.2244897959183674": 1.570236418890038e-07, "2.2448979591836737": 4.0831725512499643e-07, "0.6122448979591837": 6.669681075799154e-08, "1.4285714285714286": 1.946847121824453e-07, "2.6530612244897958": 5.794498719646092e-07, "2.0408163265306123": 3.425479662651625e-07, "3.8775510204081636": 2.126920178302926e-06, "1.6326530612244898": 2.3738268175580084e-07, "1.836734693877551": 2.861988681964317e-07, "3.0612244897959187": 8.364764176544143e-07, "3.4693877551020407": 1.265662046973646e-06, "2.4489795918367347": 4.860819155572213e-07, "2.857142857142857": 6.936371900276448e-07, "3.673469387755102": 1.6097089145531167e-06, "0.0": 0.0, "3.2653061224489797": 1.0202924091101538e-06, "5.918367346938775": 0.1521493453485203, "5.3061224489795915": 0.0883739282954322, "6.530612244897959": 0.1998896861643395, "6.326530612244898": 0.18541998321879966, "7.755102040816327": 0.2646910908932873, "6.73469387755102": 0.21312189449219193, "5.714285714285714": 0.1329756332134934, "6.938775510204081": 0.22524553236645112, "5.510204081632653": 0.11180874334820977, "6.122448979591837": 0.16956398633945904, "5.1020408163265305": 0.062347202273422254, "4.081632653061225": 2.9919547994836236e-06, "7.142857142857143": 0.23637265030326796, "7.346938775510204": 0.24660088903848487, "4.285714285714286": 4.733302733160409e-06, "7.551020408163265": 0.2560155121552543, "4.4897959183673475": 1.0048177706558149e-05, "7.959183673469388": 0.2726929070045274, "8.775510204081632": 0.2990037613565703, "4.6938775510204085": 0.0011871824621867972, "8.571428571428571": 0.2931926137833012, "8.36734693877551": 0.2868967829066997, "8.979591836734695": 0.30436337625588045, "9.795918367346939": 0.3218018105863617, "9.591836734693878": 0.31800000127935996, "9.183673469387756": 0.30930013281141944, "10.0": 0.32525879872869784, "9.387755102040817": 0.3138386744406959, "4.8979591836734695": 0.03334574078552561, "8.16326530612245": 0.28007812602651183}