{"0.20408163265306123": 0.0, "0.40816326530612246": -3.2862601528904634e-14, "1.2244897959183674": 4.3371972680006365e-12, "1.4285714285714286": 2.1094237467877974e-15, "0.0": 0.0, "0.6122448979591837": -1.4841461393189093e-12, "0.8163265306122449": 6.439293542825908e-15, "2.0408163265306123": 3.756661648424142e-12, "4.081632653061225": 0.8304672891497581, "2.4489795918367347": 1.6482604170420245e-10, "1.0204081632653061": 1.5942802633617248e-13, "2.2448979591836737": 3.631328571174208e-11, "1.836734693877551": 1.557309836641707e-11, "1.6326530612244898": 1.0602629885170245e-13, "3.2653061224489797": 0.24531771616132825, "2.6530612244897958": 1.0271766770486579e-09, "3.0612244897959187": 0.03499754737786476, "3.673469387755102": 0.5794231487104484, "4.8979591836734695": 1.1762163898218587, "2.857142857142857": 8.121781136516404e-09, "3.4693877551020407": 0.4248652226322729, "4.4897959183673475": 1.0239561271584146, "3.8775510204081636": 0.7134578702148816, "4.285714285714286": 0.9332252268040313, "4.6938775510204085": 1.104462050303171, "5.1020408163265305": 1.2404339890470852, "5.714285714285714": 1.3971683262105112, "5.510204081632653": 1.3501318799807225, "5.918367346938775": 1.4398365084340745, "6.122448979591837": 1.4786502218534041, "5.3061224489795915": 1.2981242585754402, "6.73469387755102": 1.5760698537347362, "6.530612244897959": 1.5464135992999686, "6.326530612244898": 1.5140496161460268, "7.346938775510204": 1.6514616492372256, "7.551020408163265": 1.672795294360337, "6.938775510204081": 1.603302980568904, "7.755102040816327": 1.6925303344107157, "9.183673469387756": 1.7965496282318258, "8.16326530612245": 1.7277828980340526, "8.36734693877551": 1.7435497927154175, "8.571428571428571": 1.7582209604612524, "7.959183673469388": 1.7108155457788292, "8.979591836734695": 1.784641131623168, "7.142857142857143": 1.6283611627321766, "8.775510204081632": 1.7718900750260735, "9.795918367346939": 1.8278676578094295, "9.387755102040817": 1.8076835814358962, "10.0": 1.8370237230765631, "9.591836734693878": 1.8181044029068794}