{"0.20408163265306123": 3.266276138447211e-14, "0.8163265306122449": 1.7437229438144187e-11, "0.40816326530612246": 3.335014486793853e-11, "0.6122448979591837": 4.864775249302511e-13, "1.2244897959183674": 5.152704929400898e-11, "1.0204081632653061": 4.0545344859310716e-14, "1.4285714285714286": -1.6982237838192304e-11, "3.2653061224489797": 0.605773985883631, "2.6530612244897958": 0.4146654521175482, "3.0612244897959187": 0.5536740620128601, "3.4693877551020407": 0.6494918228261639, "3.8775510204081636": 0.7180703144887385, "3.673469387755102": 0.6864982011081748, "2.857142857142857": 0.4909721772636291, "2.4489795918367347": 0.3206077038555908, "2.2448979591836737": 0.20293663066417475, "1.6326530612244898": 1.6718404438620385e-12, "2.0408163265306123": 0.05312972725378898, "1.836734693877551": 2.165578827373338e-12, "0.0": 0.0, "4.081632653061225": 0.7451982667546998, "4.4897959183673475": 0.7890699014529605, "4.285714285714286": 0.76865919358265, "4.6938775510204085": 0.8069248831777703, "5.1020408163265305": 0.8364941654595592, "5.714285714285714": 0.8695881813309748, "5.918367346938775": 0.8784042464538159, "5.3061224489795915": 0.8488030198432153, "7.142857142857143": 0.9163955821922439, "6.122448979591837": 0.8863513811031571, "5.510204081632653": 0.8597727326871172, "6.73469387755102": 0.9060037396233354, "6.938775510204081": 0.9114278393391672, "6.530612244897959": 0.900064062466877, "4.8979591836734695": 0.8226241924410405, "6.326530612244898": 0.8935400149249478, "7.551020408163265": 0.9251598322367861, "7.346938775510204": 0.9209581302273832, "7.755102040816327": 0.9290392535038919, "8.16326530612245": 0.9359615903603256, "7.959183673469388": 0.932630031516733, "8.36734693877551": 0.9390597397266975, "8.571428571428571": 0.9419471792337274, "8.775510204081632": 0.9446439246510255, "8.979591836734695": 0.9471676694191548, "9.591836734693878": 0.9538491523586967, "10.0": 0.9576833243034408, "9.183673469387756": 0.9495340923133694, "9.795918367346939": 0.9558212546028146, "9.387755102040817": 0.9517571200912346}