{"0.0": 0.0, "0.20408163265306123": 2.2874753976795965e-08, "0.40816326530612246": 4.793050623050828e-08, "0.6122448979591837": 7.549484638891102e-08, "0.8163265306122449": 1.0596442538792029e-07, "1.4285714285714286": 2.202605120884185e-07, "1.0204081632653061": 1.3982414832037526e-07, "1.2244897959183674": 1.7767318382086464e-07, "1.6326530612244898": 2.6853599932055373e-07, "1.836734693877551": 3.237204197202989e-07, "2.4489795918367347": 5.496133520470612e-07, "2.0408163265306123": 3.8741091657415587e-07, "2.2448979591836737": 4.617397343242335e-07, "2.6530612244897958": 6.551083656979611e-07, "2.857142857142857": 7.841136883597949e-07, "3.0612244897959187": 9.454732373866999e-07, "3.4693877551020407": 1.430251179748936e-06, "3.2653061224489797": 1.1531081575065262e-06, "3.673469387755102": 1.8188321896130704e-06, "3.8775510204081636": 2.402960886975577e-06, "4.285714285714286": 5.346546956305469e-06, "4.081632653061225": 3.3799063992147174e-06, "4.4897959183673475": 1.1350398464724713e-05, "4.8979591836734695": 0.08468374912573456, "5.3061224489795915": 0.2243752883809206, "5.1020408163265305": 0.15832168805542474, "5.714285714285714": 0.3375090805515225, "5.510204081632653": 0.28382879830139274, "4.6938775510204085": 0.0026482399396320693, "5.918367346938775": 0.3861199172655849, "6.326530612244898": 0.4704383875258723, "6.122448979591837": 0.4302587044167247, "6.73469387755102": 0.54062512543868, "6.530612244897959": 0.5071005316522479, "6.938775510204081": 0.5713434708763637, "7.142857142857143": 0.5995425881611025, "7.346938775510204": 0.6254741450925954, "7.551020408163265": 0.6493575633065019, "7.755102040816327": 0.6713858290335213, "8.16326530612245": 0.7105342778753229, "7.959183673469388": 0.6917285615593427, "8.36734693877551": 0.7279342487470699, "8.775510204081632": 0.7589624252466739, "8.979591836734695": 0.7727801688992967, "8.571428571428571": 0.7440432788443032, "9.183673469387756": 0.785573244353247, "9.387755102040817": 0.797408491558214, "9.795918367346939": 0.818426966083162, "9.591836734693878": 0.8083434888619629, "10.0": 0.8277003619426846}