{"0.0": 0.0, "0.20408163265306123": 2.262150336996654e-08, "0.40816326530612246": 4.740034098375248e-08, "0.6122448979591837": 7.466054670586317e-08, "0.8163265306122449": 1.0479446610080306e-07, "1.4285714285714286": 2.178352028813295e-07, "1.0204081632653061": 1.3828174095801896e-07, "1.2244897959183674": 1.7571503636471087e-07, "1.6326530612244898": 2.6558179660390297e-07, "1.836734693877551": 3.2016234113196074e-07, "2.4489795918367347": 5.435887574715672e-07, "2.0408163265306123": 3.831566439495067e-07, "2.2448979591836737": 4.566738055843881e-07, "2.6530612244897958": 6.479338472096137e-07, "2.857142857142857": 7.755340682146823e-07, "3.0612244897959187": 9.351373438899791e-07, "3.4693877551020407": 1.414643741250403e-06, "3.2653061224489797": 1.1405137156578632e-06, "3.673469387755102": 1.7990021899959924e-06, "3.8775510204081636": 2.3767858173136067e-06, "4.285714285714286": 5.288412001598883e-06, "4.081632653061225": 3.343122552148112e-06, "4.4897959183673475": 1.122709194431751e-05, "4.8979591836734695": 0.08380370686852562, "5.3061224489795915": 0.2222298195980272, "5.1020408163265305": 0.15674385647503272, "5.714285714285714": 0.3345343089910585, "5.510204081632653": 0.2812236988917719, "4.6938775510204085": 0.002619532336768696, "5.918367346938775": 0.3828506031178825, "6.326530612244898": 0.46675860654669254, "6.122448979591837": 0.4267577634228412, "6.73469387755102": 0.5367136986695011, "6.530612244897959": 0.5032862680769932, "6.938775510204081": 0.5673662920166749, "7.142857142857143": 0.5955261002227582, "7.346938775510204": 0.6214405958480331, "7.551020408163265": 0.645325651003622, "7.755102040816327": 0.6673712400225793, "8.16326530612245": 0.7065915321039637, "7.959183673469388": 0.687744421969102, "8.36734693877551": 0.7240419808687856, "8.775510204081632": 0.7551922341496924, "8.979591836734695": 0.7690790542900107, "8.571428571428571": 0.7402089823409826, "9.183673469387756": 0.7819451797088321, "9.387755102040817": 0.7938565975282905, "9.795918367346939": 0.8150339598523852, "9.591836734693878": 0.8048701565411092, "10.0": 0.8243889132572852}