{"0.0": 0.0, "0.20408163265306123": 2.3043587714682238e-08, "0.40816326530612246": 4.828394972834551e-08, "0.6122448979591837": 7.605104617760958e-08, "0.8163265306122449": 1.0674439824599844e-07, "1.4285714285714286": 2.2187738489314453e-07, "1.0204081632653061": 1.4085241989527947e-07, "1.2244897959183674": 1.7897861545830058e-07, "1.6326530612244898": 2.705054677983209e-07, "1.836734693877551": 3.260924721125244e-07, "2.4489795918367347": 5.536297484307237e-07, "2.0408163265306123": 3.9024709832392197e-07, "2.2448979591836737": 4.651170201507973e-07, "2.6530612244897958": 6.59891378023526e-07, "2.857142857142857": 7.898334351232034e-07, "3.0612244897959187": 9.523638330511803e-07, "3.4693877551020407": 1.4406561387479582e-06, "3.2653061224489797": 1.1615044520723013e-06, "3.673469387755102": 1.8320521893577896e-06, "3.8775510204081636": 2.420410933416891e-06, "4.285714285714286": 5.385303592776523e-06, "4.081632653061225": 3.40442896392579e-06, "4.4897959183673475": 1.1432602811662845e-05, "4.8979591836734695": 0.08527044396387384, "5.3061224489795915": 0.22580560090284957, "5.1020408163265305": 0.15937357577568623, "5.714285714285714": 0.3394922615918318, "5.510204081632653": 0.28556553124113987, "4.6938775510204085": 0.002667378341540985, "5.918367346938775": 0.38829946003071963, "6.326530612244898": 0.47289157484532557, "6.122448979591837": 0.4325926650793138, "6.73469387755102": 0.5432327432847995, "6.530612244897959": 0.5096433740357509, "6.938775510204081": 0.5739949234494898, "7.142857142857143": 0.6022202467866659, "7.346938775510204": 0.6281631779223036, "7.551020408163265": 0.6520455048417549, "7.755102040816327": 0.6740622217074828, "8.16326530612245": 0.7131627750562292, "7.959183673469388": 0.6943846546195032, "8.36734693877551": 0.7305290939992596, "8.775510204081632": 0.7614758859779951, "8.979591836734695": 0.7752475786388211, "8.571428571428571": 0.7465994765131836, "9.183673469387756": 0.7879919541161905, "9.387755102040817": 0.7997764209114961, "9.795918367346939": 0.8206889702370137, "9.591836734693878": 0.810659043742532, "10.0": 0.8299079943996175}