{"6.666666666666667": 0.9019436943684317, "7.777777777777779": 0.9406578980067924, "5.555555555555555": 0.8320035218759303, "3.3333333333333335": 0.40708777510988214, "8.88888888888889": 0.9624032985918679, "10.0": 0.9730914350303533, "4.444444444444445": 0.697246250251229, "2.2222222222222223": 2.9994985494110557e-06, "0.0": 0.0, "1.1111111111111112": 3.7857855223387187e-07}