{"6.666666666666667": 0.3539700754055183, "7.777777777777779": 0.42118763956267774, "5.555555555555555": 0.27784125294618073, "3.3333333333333335": 0.08521735554734076, "8.88888888888889": 0.4802102854728531, "10.0": 0.5298802089582665, "4.444444444444445": 0.19018859182856335, "2.2222222222222223": 5.363725826627529e-07, "0.0": 0.0, "1.1111111111111112": 8.101916109121823e-08}