{"6.666666666666667": 0.7923489705758486, "7.777777777777779": 0.8367638463179696, "5.555555555555555": 0.7211710680899807, "3.3333333333333335": 0.3427136911973738, "8.88888888888889": 0.8659646959680648, "10.0": 0.8844491898159361, "4.444444444444445": 0.5958347185666961, "2.2222222222222223": 2.506873356061396e-06, "0.0": 0.0, "1.1111111111111112": 3.1906667400534114e-07}