{"0.0": 0.0, "0.40816326530612246": 2.2585115454424822e-08, "0.20408163265306123": 1.1157140987131985e-08, "0.6122448979591837": 3.4298953164665035e-08, "1.0204081632653061": 5.864873603655585e-08, "0.8163265306122449": 4.631454903788154e-08, "1.2244897959183674": 7.131936831668846e-08, "1.4285714285714286": 8.434539281351548e-08, "2.0408163265306123": 1.2576446114051574e-07, "1.6326530612244898": 9.77470312383056e-08, "1.836734693877551": 1.1154575090111024e-07, "2.2448979591836737": 1.4042773384333197e-07, "2.6530612244897958": 1.7119460225886254e-07, "2.4489795918367347": 1.5556170639221283e-07, "3.0612244897959187": 2.0407986152447042e-07, "2.857142857142857": 1.8735651791473552e-07, "3.4693877551020407": 2.393534713908261e-07, "3.2653061224489797": 2.2139965556395404e-07, "3.8775510204081636": 2.773295786013613e-07, "3.673469387755102": 2.5798213817869e-07, "4.285714285714286": 3.1837625798066346e-07, "4.081632653061225": 2.974437106656731e-07, "4.4897959183673475": 3.401838576996711e-07, "4.6938775510204085": 3.6292788730823645e-07, "4.8979591836734695": 3.866756399797293e-07, "5.1020408163265305": 4.1150099835410685e-07, "5.3061224489795915": 4.374843017379229e-07, "5.510204081632653": 4.647147490278167e-07, "5.714285714285714": 4.932897071790894e-07, "5.918367346938775": 5.233175982192905e-07, "6.122448979591837": 5.549174940012947e-07, "6.326530612244898": 5.882221035914381e-07, "6.530612244897959": 6.233794035950596e-07, "6.73469387755102": 6.605530148271539e-07, "7.142857142857143": 7.417087848728261e-07, "6.938775510204081": 6.999276540756855e-07, "7.346938775510204": 7.861293078921524e-07, "7.755102040816327": 8.839697061365892e-07, "7.551020408163265": 8.334505203518434e-07, "7.959183673469388": 9.380257452806859e-07, "8.16326530612245": 9.960037232778276e-07, "8.36734693877551": 1.0583489000904005e-06, "8.775510204081632": 1.1982711904066564e-06, "8.571428571428571": 1.1255726924051915e-06, "8.979591836734695": 1.2771422772804835e-06, "9.183673469387756": 1.3630040484555606e-06, "9.387755102040817": 1.4568308090112486e-06, "9.591836734693878": 1.5597902757175725e-06, "9.795918367346939": 1.6732871183547471e-06, "10.0": 1.7990446003555519e-06}