{"0.0": 0.0, "0.40816326530612246": 1.2558594040852103e-08, "0.20408163265306123": 6.169066915637364e-09, "0.6122448979591837": 1.9178036541858136e-08, "1.0204081632653061": 3.3147738457551895e-08, "0.8163265306122449": 2.6037489912642902e-08, "1.2244897959183674": 4.0520311372457326e-08, "1.4285714285714286": 4.816752914732546e-08, "2.0408163265306123": 7.28940791744546e-08, "1.6326530612244898": 5.610263565711815e-08, "1.836734693877551": 6.433976407437593e-08, "2.2448979591836737": 8.178193508433673e-08, "2.6530612244897958": 1.0062958539365411e-07, "2.4489795918367347": 9.102078876159423e-08, "3.0612244897959187": 1.2103966983156313e-07, "2.857142857142857": 1.1062858248706448e-07, "3.4693877551020407": 1.4319483322075863e-07, "3.2653061224489797": 1.3188658173635804e-07, "3.8775510204081636": 1.6730874893065836e-07, "3.673469387755102": 1.5499223390090854e-07, "4.285714285714286": 1.936328565565185e-07, "4.081632653061225": 1.8017715000450757e-07, "4.4897959183673475": 2.0771473164673947e-07, "4.6938775510204085": 2.2246493408829805e-07, "4.8979591836734695": 2.3792975679817924e-07, "5.1020408163265305": 2.541600923469341e-07, "5.3061224489795915": 2.712113142236623e-07, "5.510204081632653": 2.891449919698466e-07, "5.714285714285714": 3.0802836378285906e-07, "5.918367346938775": 3.2793638939517574e-07, "6.122448979591837": 3.489514277828786e-07, "6.326530612244898": 3.7116534984993215e-07, "6.530612244897959": 3.946806675785912e-07, "6.73469387755102": 4.1961076940392753e-07, "7.142857142857143": 4.7424220459914e-07, "6.938775510204081": 4.4608376734479724e-07, "7.346938775510204": 5.042477621837124e-07, "7.755102040816327": 5.705511078797679e-07, "7.551020408163265": 5.362818865258701e-07, "7.959183673469388": 6.072909367136895e-07, "8.16326530612245": 6.467690470034692e-07, "8.36734693877551": 6.892950397552001e-07, "8.775510204081632": 7.849721870741975e-07, "8.571428571428571": 7.352245558088168e-07, "8.979591836734695": 8.390233640557893e-07, "9.183673469387756": 8.979471279904008e-07, "9.387755102040817": 9.624211827436164e-07, "9.591836734693878": 1.0332577219167475e-06, "9.795918367346939": 1.1114336377651266e-06, "10.0": 1.1981472860958255e-06}