{"0.20408163265306123": 0.0, "0.40816326530612246": -3.9968028886505635e-15, "1.0204081632653061": 5.3512749786932545e-14, "1.2244897959183674": 1.0655920590352252e-12, "1.6326530612244898": 2.096629536652017e-10, "0.0": 0.0, "2.0408163265306123": 1.940336780137386e-12, "1.4285714285714286": 1.5555334798023068e-11, "0.6122448979591837": -3.4416913763379853e-13, "3.673469387755102": 3.2235447089412617e-08, "0.8163265306122449": -7.582823258189819e-12, "3.0612244897959187": 1.0946585859983315e-09, "4.285714285714286": 6.60877145564065e-07, "4.6938775510204085": 5.2813806087348425e-06, "4.081632653061225": 2.456054061239499e-07, "3.4693877551020407": 1.1040251934879564e-08, "4.4897959183673475": 1.8059032483863646e-06, "2.857142857142857": 3.056696007419646e-10, "2.2448979591836737": 1.5652146245770382e-11, "1.836734693877551": 5.403628877687083e-09, "3.8775510204081636": 9.028637282249008e-08, "4.8979591836734695": 1.8992844790011176e-05, "2.6530612244897958": 7.008634783645107e-10, "3.2653061224489797": 3.582340202257228e-09, "2.4489795918367347": 1.0943324024736967e-10, "5.510204081632653": 0.10590228949965907, "5.1020408163265305": 0.000297361559450815, "5.714285714285714": 0.15646970798168747, "6.122448979591837": 0.24700350796787918, "5.918367346938775": 0.20339069934424225, "6.938775510204081": 0.3938846850244546, "6.530612244897959": 0.325469446744592, "6.326530612244898": 0.28760782226127357, "6.73469387755102": 0.36082476685584397, "5.3061224489795915": 0.05131456361670861, "7.346938775510204": 0.45385404224692694, "8.16326530612245": 0.5533851381067639, "7.551020408163265": 0.48108548130839746, "8.571428571428571": 0.5948654216274168, "7.142857142857143": 0.42483796029129417, "8.775510204081632": 0.613871978518967, "7.959183673469388": 0.5307321834557317, "7.755102040816327": 0.5066699856666702, "8.36734693877551": 0.5747316564416514, "9.183673469387756": 0.6488099902447158, "9.795918367346939": 0.6945206137268425, "9.591836734693878": 0.6800973218344014, "8.979591836734695": 0.6318295895285033, "9.387755102040817": 0.6648790439164373, "10.0": 0.7082003788440331}