{"0.20408163265306123": 5.172413114518947e-08, "0.40816326530612246": 1.1842101439487968e-07, "3.8775510204081636": 0.35550192805811687, "3.4693877551020407": 0.32993159076142264, "3.673469387755102": 0.34383862493644135, "0.6122448979591837": 2.0769217909523175e-07, "1.0204081632653061": 5.232547513142487e-07, "1.4285714285714286": 1.4999850002437721e-06, "3.0612244897959187": 0.29303296773451615, "1.2244897959183674": 8.437465862939535e-07, "0.8163265306122449": 3.333329622776448e-07, "2.6530612244897958": 0.23794786886102212, "2.857142857142857": 0.2683695629178527, "2.4489795918367347": 0.19997056534892907, "2.0408163265306123": 0.0899787882023528, "0.0": 0.0, "3.2653061224489797": 0.31323517136388596, "2.2448979591836737": 0.15188749801626503, "1.6326530612244898": 3.599835997385069e-06, "5.3061224489795915": 0.400551671417881, "4.081632653061225": 0.36534290485307985, "4.8979591836734695": 0.3921329423041513, "5.510204081632653": 0.4039388654528358, "4.285714285714286": 0.3736910457953627, "5.1020408163265305": 0.3966469467084058, "5.714285714285714": 0.4068845642227738, "5.918367346938775": 0.4094521223300459, "6.122448979591837": 0.4116945812408138, "6.326530612244898": 0.4136565312762661, "1.836734693877551": 0.00866810783977076, "7.346938775510204": 0.42039032996043785, "4.6938775510204085": 0.38689827850518504, "6.530612244897959": 0.4153755852399848, "6.73469387755102": 0.41688355090044127, "4.4897959183673475": 0.38080683885605593, "6.938775510204081": 0.41820736782515755, "7.551020408163265": 0.42128506086807754, "7.755102040816327": 0.4220676879725723, "8.36734693877551": 0.42384582962525863, "8.16326530612245": 0.42333978377493936, "7.959183673469388": 0.422749519369588, "8.775510204081632": 0.4246261774215425, "7.142857142857143": 0.41936985823927947, "8.571428571428571": 0.4242732836721569, "9.387755102040817": 0.42525588623929694, "8.979591836734695": 0.42490704854651506, "9.591836734693878": 0.4253221391530164, "10.0": 0.4252247468505307, "9.183673469387756": 0.42511702343420604, "9.795918367346939": 0.4253130580135502}