{"0.20408163265306123": 6.896550819358596e-08, "0.40816326530612246": 1.578946858598396e-07, "3.8775510204081636": 0.47400257074415586, "3.4693877551020407": 0.43990878768189695, "3.673469387755102": 0.4584514999152552, "0.6122448979591837": 2.769229054603091e-07, "1.0204081632653061": 6.976730017523317e-07, "1.4285714285714286": 1.9999800003250317e-06, "3.0612244897959187": 0.3907106236460216, "1.2244897959183674": 1.124995448391938e-06, "0.8163265306122449": 4.4444394970352646e-07, "2.6530612244897958": 0.3172638251480296, "2.857142857142857": 0.3578260838904704, "2.4489795918367347": 0.26662742046523863, "2.0408163265306123": 0.11997171760313703, "0.0": 0.0, "3.2653061224489797": 0.41764689515184816, "2.2448979591836737": 0.20251666402168664, "1.6326530612244898": 4.799781329846757e-06, "5.3061224489795915": 0.5340688952238414, "4.081632653061225": 0.48712387313743993, "4.8979591836734695": 0.5228439230722018, "5.510204081632653": 0.5385851539371144, "4.285714285714286": 0.49825472772715035, "5.1020408163265305": 0.5288625956112077, "5.714285714285714": 0.5425127522970319, "5.918367346938775": 0.5459361631067277, "6.122448979591837": 0.548926108321085, "6.326530612244898": 0.5515420417016883, "1.836734693877551": 0.01155747711969435, "7.346938775510204": 0.5605204399472506, "4.6938775510204085": 0.5158643713402469, "6.530612244897959": 0.5538341136533131, "6.73469387755102": 0.5558447345339219, "4.4897959183673475": 0.507742451808075, "6.938775510204081": 0.5576098237668767, "7.551020408163265": 0.5617134144907701, "7.755102040816327": 0.5627569172967632, "8.36734693877551": 0.5651277728336782, "8.16326530612245": 0.5644530450332526, "7.959183673469388": 0.5636660258261174, "8.775510204081632": 0.5661682365620566, "7.142857142857143": 0.5591598109857059, "8.571428571428571": 0.565697711562876, "9.387755102040817": 0.5670078483190625, "8.979591836734695": 0.5665427313953535, "9.591836734693878": 0.5670961855373554, "10.0": 0.5669663291340411, "9.183673469387756": 0.5668226979122749, "9.795918367346939": 0.5670840773514002}