{"0.20408163265306123": 1.2068963933877542e-07, "0.40816326530612246": 2.763157002547192e-07, "3.8775510204081636": 0.8295044988022732, "3.4693877551020407": 0.7698403784433198, "3.673469387755102": 0.8022901248516964, "0.6122448979591837": 4.846150845555408e-07, "1.0204081632653061": 1.2209277530665806e-06, "1.4285714285714286": 3.4999650005688026e-06, "3.0612244897959187": 0.6837435913805376, "1.2244897959183674": 1.968742034685892e-06, "0.8163265306122449": 7.777769119811714e-07, "2.6530612244897958": 0.5552116940090516, "2.857142857142857": 0.6261956468083234, "2.4489795918367347": 0.4665979858141677, "2.0408163265306123": 0.2099505058054899, "0.0": 0.0, "3.2653061224489797": 0.7308820665157344, "2.2448979591836737": 0.3544041620379516, "1.6326530612244898": 8.399617327231826e-06, "5.3061224489795915": 0.9346205666417223, "4.081632653061225": 0.8524667779905197, "4.8979591836734695": 0.9149768653763534, "5.510204081632653": 0.9425240193899501, "4.285714285714286": 0.871945773522513, "5.1020408163265305": 0.9255095423196132, "5.714285714285714": 0.9493973165198061, "5.918367346938775": 0.9553882854367736, "6.122448979591837": 0.9606206895618987, "6.326530612244898": 0.9651985729779543, "1.836734693877551": 0.020225584959465113, "7.346938775510204": 0.9809107699076886, "4.6938775510204085": 0.9027626498454318, "6.530612244897959": 0.969209698893298, "6.73469387755102": 0.9727282854343631, "4.4897959183673475": 0.8885492906641305, "6.938775510204081": 0.9758171915920344, "7.551020408163265": 0.982998475358848, "7.755102040816327": 0.9848246052693356, "8.36734693877551": 0.9889736024589365, "8.16326530612245": 0.9877928288081919, "7.959183673469388": 0.9864155451957052, "8.775510204081632": 0.9907944139835992, "7.142857142857143": 0.9785296692249853, "8.571428571428571": 0.989970995235033, "9.387755102040817": 0.9922637345583594, "8.979591836734695": 0.9914497799418687, "9.591836734693878": 0.992418324690372, "10.0": 0.9921910759845719, "9.183673469387756": 0.991939721346481, "9.795918367346939": 0.9923971353649506}