{"2.6530612244897958": 0.45522502900864115, "0.20408163265306123": 3.3306690738754696e-16, "0.0": 0.0, "1.2244897959183674": -1.0436096431476471e-14, "2.0408163265306123": 0.111896870380082, "1.0204081632653061": -4.1522341120980855e-14, "0.40816326530612246": 3.9899195058978876e-12, "1.4285714285714286": -5.591083152012288e-13, "0.6122448979591837": -6.417089082333405e-14, "0.8163265306122449": 8.493206138382448e-13, "2.4489795918367347": 0.3641627800802224, "4.081632653061225": 0.7868742115407074, "4.285714285714286": 0.8110294806106509, "1.836734693877551": 6.7731376063306925e-12, "2.2448979591836737": 0.25204540925821584, "1.6326530612244898": 3.9834247012038304e-11, "4.4897959183673475": 0.8320509799603256, "3.8775510204081636": 0.7589963608243213, "4.8979591836734695": 0.86652015921861, "3.673469387755102": 0.726664355388145, "4.6938775510204085": 0.8504171585653026, "5.510204081632653": 0.9042280006481498, "2.857142857142857": 0.5301343792824378, "3.4693877551020407": 0.6889595863687699, "5.714285714285714": 0.9140242148332256, "5.3061224489795915": 0.8931779611374728, "3.2653061224489797": 0.6447149163523811, "5.1020408163265305": 0.8806839201062256, "5.918367346938775": 0.922727723862427, "3.0612244897959187": 0.592427717562606, "6.530612244897959": 0.9435582663020435, "6.73469387755102": 0.949080702906209, "6.326530612244898": 0.9373856196990791, "6.122448979591837": 0.9304757298344624, "7.142857142857143": 0.9584665765391466, "6.938775510204081": 0.9540283043130874, "7.551020408163265": 0.9660364238656829, "8.16326530612245": 0.974786508976333, "7.959183673469388": 0.9721671290952965, "8.571428571428571": 0.9792837997563136, "9.387755102040817": 0.985958567884167, "7.755102040816327": 0.9692617503854595, "7.346938775510204": 0.9624526337721206, "8.979591836734695": 0.9829548632697193, "9.795918367346939": 0.9884211766551806, "9.183673469387756": 0.9845315752830082, "8.36734693877551": 0.977149881825094, "9.591836734693878": 0.9872506788090314, "8.775510204081632": 0.9812118162273509, "10.0": 0.9894819422755926}