{"2.6530612244897958": 0.5319724342200561, "0.20408163265306123": 4.440892098500626e-16, "0.0": 0.0, "1.2244897959183674": -1.3100631690576847e-14, "2.0408163265306123": 0.13785711070924367, "1.0204081632653061": -5.1736392947532295e-14, "0.40816326530612246": 4.987010804313741e-12, "1.4285714285714286": -6.983302824892235e-13, "0.6122448979591837": -8.01581023779363e-14, "0.8163265306122449": 1.0614842338441122e-12, "2.4489795918367347": 0.43221693719927357, "4.081632653061225": 0.8551911836210346, "4.285714285714286": 0.8754073075827513, "1.836734693877551": 8.463008072112643e-12, "2.2448979591836737": 0.3044248787440188, "1.6326530612244898": 4.979217038680872e-11, "4.4897959183673475": 0.8924843109273429, "3.8775510204081636": 0.8311389440932616, "4.8979591836734695": 0.9193193107043701, "3.673469387755102": 0.8023620513753684, "5.510204081632653": 0.9467219657736748, "4.6938775510204085": 0.9069744549287461, "2.857142857142857": 0.6109843376863999, "3.4693877551020407": 0.7677150747682165, "5.714285714285714": 0.9534445864823913, "5.3061224489795915": 0.9389302589237393, "3.2653061224489797": 0.7257028987943147, "5.918367346938775": 0.9592591925981834, "5.1020408163265305": 0.9298748633802607, "3.0612244897959187": 0.6743464612337093, "6.73469387755102": 0.9758118305825967, "6.530612244897959": 0.972489376527015, "6.326530612244898": 0.9686784959093446, "6.122448979591837": 0.9642998082592827, "7.142857142857143": 0.9812501772215508, "6.938775510204081": 0.9787130638733608, "7.551020408163265": 0.9854196893946585, "8.571428571428571": 0.9921406307242703, "7.959183673469388": 0.9886316475437891, "8.16326530612245": 0.989952887603628, "9.387755102040817": 0.9951664688590325, "7.755102040816327": 0.9871293958882612, "7.346938775510204": 0.9834718458213534, "8.979591836734695": 0.9938411340775433, "9.795918367346939": 0.9962017720235937, "8.36734693877551": 0.991115957823669, "9.183673469387756": 0.9945448361176032, "8.775510204081632": 0.9930440556687112, "9.591836734693878": 0.995715904031366, "10.0": 0.9966316275813687}