{"2.6530612244897958": 0.9871974632286972, "0.20408163265306123": 7.771561172376096e-16, "0.0": 0.0, "1.2244897959183674": -2.353672812205332e-14, "1.0204081632653061": -9.325873406851315e-14, "2.0408163265306123": 0.24975398108932567, "0.40816326530612246": 8.97704133251409e-12, "1.4285714285714286": -1.2574385976904523e-12, "0.8163265306122449": 1.9106938253798944e-12, "0.6122448979591837": -1.4432899320127035e-13, "2.4489795918367347": 0.7963797172794961, "4.081632653061225": 1.642065395161742, "4.285714285714286": 1.6864367881934024, "1.836734693877551": 1.5236145678443336e-11, "2.2448979591836737": 0.5564702880022347, "1.6326530612244898": 8.962641739884702e-11, "4.4897959183673475": 1.7245352908876688, "4.8979591836734695": 1.7858394699229803, "3.8775510204081636": 1.590135304917583, "3.673469387755102": 1.5290264067635135, "5.510204081632653": 1.8509499664218247, "4.6938775510204085": 1.7573916134940486, "5.714285714285714": 1.8674688013156169, "2.857142857142857": 1.1411187169688377, "3.4693877551020407": 1.4566746611369863, "5.3061224489795915": 1.832108220061212, "5.1020408163265305": 1.8105587834864862, "3.2653061224489797": 1.3704178151466957, "5.918367346938775": 1.8819869164606104, "6.73469387755102": 1.9248925334888058, "3.0612244897959187": 1.2667741787963154, "7.142857142857143": 1.9397167537606974, "6.530612244897959": 1.9160476428290587, "6.326530612244898": 1.9060641156084237, "6.122448979591837": 1.894775538093745, "7.551020408163265": 1.9514561132603414, "6.938775510204081": 1.932741368186448, "8.571428571428571": 1.9714244304805841, "7.959183673469388": 1.9607987766390855, "8.16326530612245": 1.964739396579961, "9.387755102040817": 1.9811250367431996, "7.755102040816327": 1.9563911462737207, "8.979591836734695": 1.9767959973472626, "7.346938775510204": 1.945924479593474, "9.795918367346939": 1.9846229486787743, "8.36734693877551": 1.968265839648763, "9.183673469387756": 1.9790764114006114, "8.775510204081632": 1.974255871896062, "9.591836734693878": 1.9829665828403973, "10.0": 1.9861135698569612}