{"0.40816326530612246": 8.108094333599738e-08, "0.20408163265306123": 3.488370559930097e-08, "0.0": 0.0, "0.6122448979591837": 1.4516090905815352e-07, "0.8163265306122449": 2.3999925340875986e-07, "1.0204081632653061": 3.947353805584257e-07, "1.2244897959183674": 6.923038444484995e-07, "1.4285714285714286": 1.499956737564658e-06, "1.836734693877551": 0.0940686971201852, "1.6326530612244898": 1.1992022214829744e-05, "2.4489795918367347": 0.33842494336867074, "2.0408163265306123": 0.18929700007492778, "2.6530612244897958": 0.397966648530405, "3.4693877551020407": 0.5730509078915708, "2.2448979591836737": 0.26965523777162415, "3.2653061224489797": 0.5366560558813307, "3.8775510204081636": 0.6352279692506336, "3.0612244897959187": 0.4959133440112959, "2.857142857142857": 0.4500230939706632, "4.285714285714286": 0.6862461308764767, "3.673469387755102": 0.6057363176106274, "4.081632653061225": 0.6619482543943751, "4.8979591836734695": 0.7473010079325453, "4.6938775510204085": 0.728695442106695, "4.4897959183673475": 0.7084133654680224, "5.1020408163265305": 0.7644086251783974, "5.3061224489795915": 0.7801716978360282, "5.714285714285714": 0.8081797792334735, "5.510204081632653": 0.7947234993229422, "6.326530612244898": 0.8429312126577116, "6.122448979591837": 0.8321996991357242, "5.918367346938775": 0.8206421493392677, "6.530612244897959": 0.852906498538368, "7.142857142857143": 0.8788796536519017, "6.73469387755102": 0.8621872892920782, "6.938775510204081": 0.8708287279405411, "7.755102040816327": 0.8999008624713597, "7.346938775510204": 0.886383679381787, "7.551020408163265": 0.8933793546676113, "8.16326530612245": 0.9116376756136476, "7.959183673469388": 0.9059782762854348, "8.571428571428571": 0.9217891791449876, "8.36734693877551": 0.9169016488562101, "8.775510204081632": 0.9263159876645838, "8.979591836734695": 0.930494571715348, "9.183673469387756": 0.9343341815923295, "9.387755102040817": 0.9378410822729742, "9.591836734693878": 0.941018554646537, "9.795918367346939": 0.9438668627204011, "10.0": 0.9463835534660422}