{"0.20408163265306123": 1.5470732285472282e-08, "0.40816326530612246": 3.3627126024606474e-08, "0.6122448979591837": 5.523498207620267e-08, "1.0204081632653061": 1.1366572818823536e-07, "1.6326530612244898": 2.8068713029588076e-07, "0.8163265306122449": 8.138183260130496e-08, "1.2244897959183674": 1.545346326335663e-07, "1.4285714285714286": 2.0793809522300008e-07, "3.4693877551020407": 0.09351874244799202, "3.673469387755102": 0.11157806057925372, "1.836734693877551": 3.8561883154954796e-07, "3.8775510204081636": 0.12701817608391702, "2.2448979591836737": 8.45218056989182e-07, "3.2653061224489797": 0.07224315405728851, "3.0612244897959187": 0.04697382965760086, "2.0408163265306123": 5.501536016824505e-07, "0.0": 0.0, "2.4489795918367347": 1.528253754428438e-06, "2.857142857142857": 0.01668429329134835, "2.6530612244897958": 4.83239710114418e-06, "4.081632653061225": 0.14030399332391819, "5.3061224489795915": 0.19096016641758423, "4.6938775510204085": 0.17054684393705155, "4.285714285714286": 0.15180204059296154, "5.510204081632653": 0.19626386564584974, "5.714285714285714": 0.20098274804760316, "4.4897959183673475": 0.16180454084946155, "4.8979591836734695": 0.17822024208305395, "7.142857142857143": 0.2227706237943657, "5.918367346938775": 0.20519268754052142, "6.938775510204081": 0.22055138596467783, "5.1020408163265305": 0.18498152088699407, "6.122448979591837": 0.2089578951758847, "7.551020408163265": 0.2265890717671751, "7.346938775510204": 0.22477582755280437, "7.755102040816327": 0.22822941834268312, "6.73469387755102": 0.21809255942258549, "6.530612244897959": 0.215364539012161, "6.326530612244898": 0.21233297093567816, "7.959183673469388": 0.229713300742732, "8.16326530612245": 0.23105484048287417, "8.571428571428571": 0.23335734180393894, "9.387755102040817": 0.23667178275689868, "8.36734693877551": 0.2322661085235829, "9.591836734693878": 0.23726332148950469, "9.183673469387756": 0.23598927404265382, "8.775510204081632": 0.23433712333986756, "8.979591836734695": 0.23521253288705762, "10.0": 0.23818116429637043, "9.795918367346939": 0.23776606263228692}