{"0.0": 0.0, "0.6122448979591837": 4.048026630939297e-08, "0.20408163265306123": 1.3165520952277765e-08, "1.4285714285714286": 9.958187923236227e-08, "0.40816326530612246": 2.665301829442317e-08, "1.0204081632653061": 6.923058375747372e-08, "0.8163265306122449": 5.4666115757359265e-08, "1.2244897959183674": 8.419495654407391e-08, "2.0408163265306123": 1.4852820949873732e-07, "1.6326530612244898": 1.1541557769387852e-07, "1.836734693877551": 1.3172183039474235e-07, "2.2448979591836737": 1.6586435205969323e-07, "2.4489795918367347": 1.8376185481255606e-07, "2.857142857142857": 2.2138004414664034e-07, "2.6530612244897958": 2.022549057161536e-07, "3.0612244897959187": 2.41176699270235e-07, "3.4693877551020407": 2.829585665065374e-07, "3.8775510204081636": 3.2798483813920714e-07, "3.2653061224489797": 2.616875696113793e-07, "3.673469387755102": 3.050396852710587e-07, "4.285714285714286": 3.767078522705207e-07, "4.081632653061225": 3.5185296621262325e-07, "4.8979591836734695": 4.5792481825583965e-07, "4.4897959183673475": 4.0261949391879093e-07, "4.6938775510204085": 4.296639507263977e-07, "5.1020408163265305": 4.87494114991037e-07, "5.3061224489795915": 5.184722114863768e-07, "5.510204081632653": 5.509708311300023e-07, "5.714285714285714": 5.85112345086204e-07, "6.122448979591837": 6.588846695877137e-07, "6.326530612244898": 6.988345827648451e-07, "5.918367346938775": 6.210334111608655e-07, "6.73469387755102": 7.858053949616805e-07, "6.530612244897959": 7.410716903049271e-07, "7.142857142857143": 8.837398325722367e-07, "6.938775510204081": 8.332730087658393e-07, "7.346938775510204": 9.375079592908241e-07, "7.551020408163265": 9.94918232964221e-07, "7.755102040816327": 1.0563605488198493e-06, "7.959183673469388": 1.1222820203647775e-06, "8.16326530612245": 1.1931942494320498e-06, "8.36734693877551": 1.2696926762338677e-06, "8.571428571428571": 1.3524666765490258e-06, "8.775510204081632": 1.4423261260064057e-06, "8.979591836734695": 1.5402274897399076e-06, "9.183673469387756": 1.6473031548742328e-06, "9.387755102040817": 1.7649153025493147e-06, "9.591836734693878": 1.894714827085239e-06, "9.795918367346939": 2.0387131253206025e-06, "10.0": 2.199410109899673e-06}