{"0.0": 0.0, "0.6122448979591837": 1.7488873386708982e-08, "0.20408163265306123": 5.6136809917039086e-09, "0.40816326530612246": 1.1440208897255862e-08, "1.4285714285714286": 4.411396391099495e-08, "1.0204081632653061": 3.029299098331967e-08, "0.8163265306122449": 2.3769598238654532e-08, "1.2244897959183674": 3.707040021532745e-08, "2.0408163265306123": 6.697677731984475e-08, "1.836734693877551": 5.9052683409540424e-08, "1.6326530612244898": 5.143674113890681e-08, "2.2448979591836737": 7.522520305537141e-08, "2.4489795918367347": 8.381525671619766e-08, "2.857142857142857": 1.0209675473505225e-07, "2.6530612244897958": 9.276573142557491e-08, "3.0612244897959187": 1.1183010859738416e-07, "3.4693877551020407": 1.3260024417373386e-07, "3.8775510204081636": 1.5528968245440524e-07, "3.2653061224489797": 1.2198944660839144e-07, "3.673469387755102": 1.4369031307623276e-07, "4.285714285714286": 1.801506633248377e-07, "4.081632653061225": 1.67431252806728e-07, "4.8979591836734695": 2.2218574933169346e-07, "4.6938775510204085": 2.0748315929386178e-07, "4.4897959183673475": 1.9348709552443573e-07, "5.1020408163265305": 2.376465448887729e-07, "5.3061224489795915": 2.539219430800825e-07, "5.510204081632653": 2.710748039815046e-07, "5.714285714285714": 2.891740042420123e-07, "6.122448979591837": 3.285273391089418e-07, "6.326530612244898": 3.4996142216058846e-07, "5.918367346938775": 3.082965450876066e-07, "6.73469387755102": 3.96877001630098e-07, "6.530612244897959": 3.727052269463367e-07, "7.142857142857143": 4.500567767688795e-07, "6.938775510204081": 4.226108600858391e-07, "7.346938775510204": 4.793856307417298e-07, "7.551020408163265": 5.10790275478276e-07, "7.755102040816327": 5.444914164721005e-07, "7.959183673469388": 5.807422340269629e-07, "8.16326530612245": 6.198324791217745e-07, "8.36734693877551": 6.620994865750882e-07, "8.571428571428571": 7.079338448760131e-07, "8.775510204081632": 7.577944789179334e-07, "8.979591836734695": 8.122234079776398e-07, "9.183673469387756": 8.71862318478378e-07, "9.387755102040817": 9.374830936037674e-07, "9.591836734693878": 1.010021132438883e-06, "9.795918367346939": 1.0906159263792765e-06, "10.0": 1.1806835410451986e-06}