{"0.0": 0.0, "0.6122448979591837": 1.978801267897738e-08, "0.20408163265306123": 6.368864987761293e-09, "1.4285714285714286": 4.9660755443131694e-08, "0.40816326530612246": 1.2961489836972594e-08, "1.0204081632653061": 3.418675026073507e-08, "0.8163265306122449": 2.6859249990525003e-08, "1.2244897959183674": 4.1782855848202105e-08, "2.0408163265306123": 7.513192053773398e-08, "1.6326530612244898": 5.7834624794404e-08, "1.836734693877551": 6.631959810806064e-08, "2.2448979591836737": 8.428911795580361e-08, "2.4489795918367347": 9.380991652583347e-08, "2.857142857142857": 1.1402508367621106e-07, "2.6530612244897958": 1.0371464885463278e-07, "3.0612244897959187": 1.247647676646693e-07, "3.4693877551020407": 1.4763607640701423e-07, "3.8775510204081636": 1.725591980228854e-07, "3.2653061224489797": 1.3595925890869024e-07, "3.673469387755102": 1.5982525029571532e-07, "4.285714285714286": 1.9980638221940598e-07, "4.081632653061225": 1.858734241473175e-07, "4.8979591836734695": 2.45759656224108e-07, "4.4897959183673475": 2.144003353638712e-07, "4.6938775510204085": 2.297012384371153e-07, "5.1020408163265305": 2.626313018989994e-07, "5.3061224489795915": 2.803769699207119e-07, "5.510204081632653": 2.990644066963545e-07, "5.714285714285714": 3.187678383264316e-07, "6.122448979591837": 3.6156307215681893e-07, "6.326530612244898": 3.848487382210141e-07, "5.918367346938775": 3.395702316949325e-07, "6.73469387755102": 4.3576984096325613e-07, "6.530612244897959": 4.0954187328219577e-07, "7.142857142857143": 4.934250823492152e-07, "6.938775510204081": 4.6367707495383915e-07, "7.346938775510204": 5.251978635966393e-07, "7.551020408163265": 5.592030712268704e-07, "7.755102040816327": 5.956783297068753e-07, "7.959183673469388": 6.348962126607444e-07, "8.16326530612245": 6.771686561528021e-07, "8.36734693877551": 7.22858805540966e-07, "8.571428571428571": 7.723871280433142e-07, "8.775510204081632": 8.262476436267806e-07, "8.979591836734695": 8.850238161538669e-07, "9.183673469387756": 9.494064021179634e-07, "9.387755102040817": 1.0202263144983217e-06, "9.591836734693878": 1.0984905019035187e-06, "9.795918367346939": 1.185425646273409e-06, "10.0": 1.2825561979306457e-06}