{"mask": [0.0, 0.0, 0.0, 0.0, 0.0, 0.0, 0.0, 0.0, 0.0, 0.0, 0.0, 0.0, 0.0, 0.0, 0.0, 0.0, 0.0, 0.0, 0.0, 0.001, 0.003, 0.002, 0.006, 0.01, 0.009, 0.009, 0.008, 0.008, 0.009, 0.011, 0.011, 0.012, 0.018000000000000006, 0.016999999999999998, 0.028000000000000004, 0.013000000000000001, 0.018000000000000002, 0.025000000000000005, 0.009999999999999998, 0.014000000000000002, 0.017, 0.014999999999999996, 0.020999999999999998, 0.011, 0.033, 0.036, 0.015, 0.031999999999999994, 0.02, 0.009999999999999998], "mutation": [0.0, 0.0, 0.0, 0.0, 0.0, 0.0, 0.0, 0.0, 0.0, 0.0, 0.0, 0.0, 0.0, 0.0, 0.0, 0.0, 0.0, 0.0, 0.0, 0.001, 0.002, 0.001, 0.005, 0.005, 0.015, 0.006999999999999999, 0.008, 0.008, 0.008, 0.013000000000000001, 0.008, 0.015, 0.011, 0.011, 0.014000000000000002, 0.014000000000000002, 0.031000000000000007, 0.013000000000000001, 0.009, 0.02, 0.015000000000000003, 0.021, 0.017, 0.012999999999999998, 0.026000000000000002, 0.017000000000000005, 0.011999999999999999, 0.014000000000000002, 0.019999999999999997, 0.013000000000000001]}