{"mask": [0, 0, 0, 0, 0, 0, 0, 0, 0, 0, 0, 0, 0, 0, 0, 0, 0, 0, 0, 0.01, 0.015, 0.02, 0.012, 0.02, 0.015, 0.015, 0.02, 0.016, 0.01125, 0.015714285714285715, 0.015714285714285715, 0.015, 0.018000000000000006, 0.018888888888888886, 0.031111111111111114, 0.014444444444444446, 0.018000000000000002, 0.025000000000000005, 0.012499999999999999, 0.014000000000000002, 0.01888888888888889, 0.014999999999999996, 0.020999999999999998, 0.011, 0.033, 0.036, 0.015, 0.031999999999999994, 0.02, 0.01111111111111111], "mutation": [0, 0, 0, 0, 0, 0, 0, 0, 0, 0, 0, 0, 0, 0, 0, 0, 0, 0, 0, 0.01, 0.01, 0.01, 0.01, 0.01, 0.024999999999999998, 0.011666666666666665, 0.02, 0.016, 0.01, 0.018571428571428572, 0.011428571428571429, 0.01875, 0.011, 0.012222222222222223, 0.015555555555555557, 0.015555555555555557, 0.031000000000000007, 0.013000000000000001, 0.01125, 0.02, 0.01666666666666667, 0.021, 0.017, 0.012999999999999998, 0.026000000000000002, 0.017000000000000005, 0.011999999999999999, 0.014000000000000002, 0.019999999999999997, 0.014444444444444446]}