{"0.20408163265306123": 2.0872192862952943e-14, "0.40816326530612246": 1.3433476553359469e-11, "0.8163265306122449": 2.1101453917538038e-11, "3.8775510204081636": 0.3362178123275217, "3.4693877551020407": 0.24721469738581836, "1.836734693877551": 1.3913803442733297e-10, "0.6122448979591837": 4.1400216588272087e-13, "3.0612244897959187": 0.14044678456114412, "2.4489795918367347": 2.3690494010963903e-10, "1.2244897959183674": 8.572365040038221e-12, "1.4285714285714286": 1.846351960210768e-10, "3.2653061224489797": 0.19637706523401843, "1.6326530612244898": 7.2726269451095504e-12, "2.857142857142857": 0.07857821139052112, "2.0408163265306123": -5.953117998558355e-10, "3.673469387755102": 0.2936422345170431, "1.0204081632653061": 1.8784973576657649e-13, "0.0": 0.0, "2.2448979591836737": -1.1494714069471001e-09, "2.6530612244897958": 0.009708086493164791, "4.285714285714286": 0.4115842115094779, "6.122448979591837": 0.6431655356641537, "4.4897959183673475": 0.44508667384590905, "6.938775510204081": 0.7102738174078591, "4.081632653061225": 0.37540315130209845, "5.918367346938775": 0.6236956825127091, "4.8979591836734695": 0.5051250775610587, "5.1020408163265305": 0.5321041558597446, "4.6938775510204085": 0.4761877139725833, "5.3061224489795915": 0.5573035650790312, "5.714285714285714": 0.6029697451416489, "6.326530612244898": 0.6614758712929981, "7.551020408163265": 0.7512923261566558, "6.530612244897959": 0.6787132933132052, "5.510204081632653": 0.5808795884215061, "7.346938775510204": 0.7383864603348788, "6.73469387755102": 0.6949557823216364, "7.142857142857143": 0.7247313212327966, "7.755102040816327": 0.7634975173138605, "7.959183673469388": 0.7750466393000826, "8.36734693877551": 0.7963376626021632, "9.387755102040817": 0.8406040824128729, "9.591836734693878": 0.8481505240951541, "8.979591836734695": 0.8242826735163402, "8.571428571428571": 0.806152410113835, "9.183673469387756": 0.8326562261171946, "10.0": 0.862128402588183, "8.16326530612245": 0.7859807359980181, "8.775510204081632": 0.8154573883192866, "9.795918367346939": 0.8553182285649399}