{"0.20408163265306123": 5.417888360170764e-14, "0.40816326530612246": 3.437494733304902e-11, "0.8163265306122449": 5.2968074371051443e-11, "3.8775510204081636": 0.6410251789875773, "3.4693877551020407": 0.508325336815573, "1.836734693877551": 3.4556413286424004e-10, "0.6122448979591837": 1.0478284906412227e-12, "3.0612244897959187": 0.3150136403761894, "2.4489795918367347": 5.77588088468417e-10, "1.2244897959183674": 2.1317503318130093e-11, "1.4285714285714286": 4.5835868434096483e-10, "3.2653061224489797": 0.4210636656477784, "1.6326530612244898": 1.8042567440090806e-11, "2.857142857142857": 0.1850214202048106, "2.0408163265306123": -1.4825169980525743e-09, "3.673469387755102": 0.580664325310229, "1.0204081632653061": 4.689582056016661e-13, "0.0": 0.0, "2.2448979591836737": -2.86777823710338e-09, "2.6530612244897958": 0.024093789431823276, "4.285714285714286": 0.7344105610292528, "6.122448979591837": 0.9239379889434147, "4.4897959183673475": 0.7706161164541533, "6.938775510204081": 0.954817170960429, "4.081632653061225": 0.6916815767461006, "5.918367346938775": 0.9131342580950091, "4.8979591836734695": 0.8277184927003269, "5.1020408163265305": 0.8502478565021087, "4.6938775510204085": 0.8014182982288982, "5.3061224489795915": 0.8696037233106471, "5.714285714285714": 0.9006748239816068, "6.326530612244898": 0.9333231119612406, "7.551020408163265": 0.9691514519376838, "6.530612244897959": 0.9414895055021456, "5.510204081632653": 0.8862772794820675, "7.346938775510204": 0.9649926778692075, "6.73469387755102": 0.948606313515258, "7.142857142857143": 0.9602444420748173, "7.755102040816327": 0.9727976981287165, "7.959183673469388": 0.9759976466541045, "8.36734693877551": 0.9812794523778577, "9.387755102040817": 0.9898525152960939, "9.591836734693878": 0.9910102841531521, "8.979591836734695": 0.9870540409283473, "8.571428571428571": 0.9834534699416891, "9.183673469387756": 0.9885408721211395, "10.0": 0.9929363155253955, "8.16326530612245": 0.9788084348063466, "8.775510204081632": 0.985367588414781, "9.795918367346939": 0.9920327928236092}