{"0.20408163265306123": 3.419486915845482e-14, "0.40816326530612246": 2.181006486523529e-11, "0.8163265306122449": 3.38481020989434e-11, "3.8775510204081636": 0.45814075899154394, "3.4693877551020407": 0.3516589531577202, "1.836734693877551": 2.2170847380209579e-10, "0.6122448979591837": 6.675326957861217e-13, "3.0612244897959187": 0.21027352688716222, "2.4489795918367347": 3.7317819945315027e-10, "1.2244897959183674": 1.3670420351274971e-11, "1.4285714285714286": 2.9412459134903205e-10, "3.2653061224489797": 0.28625170539952244, "1.6326530612244898": 1.1580603143102053e-11, "2.857142857142857": 0.12115549491623692, "2.0408163265306123": -9.50193879134531e-10, "3.673469387755102": 0.4084510708343175, "1.0204081632653061": 3.0029312370061236e-13, "0.0": 0.0, "2.2448979591836737": -1.8367941390096122e-09, "2.6530612244897958": 0.015462367668628185, "4.285714285714286": 0.5407147513173879, "6.122448979591837": 0.7554745169758581, "4.4897959183673475": 0.5752984508892067, "6.938775510204081": 0.808091158828887, "4.081632653061225": 0.5019145214796994, "5.918367346938775": 0.739471112745629, "4.8979591836734695": 0.6341624436167661, "5.1020408163265305": 0.6593616361166903, "4.6938775510204085": 0.6062799476751093, "5.3061224489795915": 0.6822236283716776, "5.714285714285714": 0.7220517766776321, "6.326530612244898": 0.770214767560295, "7.551020408163265": 0.838435976469067, "6.530612244897959": 0.7838237781887814, "5.510204081632653": 0.7030386648457307, "7.346938775510204": 0.8290289473486103, "6.73469387755102": 0.796415994799085, "7.142857142857143": 0.8189365695696049, "7.755102040816327": 0.8472175896398029, "7.959183673469388": 0.8554270422416913, "8.36734693877551": 0.870314378512441, "9.387755102040817": 0.9003034555661613, "9.591836734693878": 0.9052944281183533, "8.979591836734695": 0.889391220481143, "8.571428571428571": 0.8770728340449766, "9.183673469387756": 0.8950100845187725, "10.0": 0.914451567763068, "8.16326530612245": 0.8631118155213495, "8.775510204081632": 0.8834214683574844, "9.795918367346939": 0.9100040542684076}