{"0.20408163265306123": 5.23748915311372e-08, "0.40816326530612246": 1.0900263698889101e-07, "0.6122448979591837": 1.704231558889773e-07, "2.2448979591836737": 9.447137890383944e-07, "1.2244897959183674": 3.9041080375729136e-07, "0.8163265306122449": 2.3727179989291145e-07, "1.6326530612244898": 5.764290436654306e-07, "1.0204081632653061": 3.1030141240156615e-07, "1.836734693877551": 6.852645752493324e-07, "2.6530612244897958": 1.2803008177393729e-06, "2.4489795918367347": 1.1010385638611375e-06, "1.4285714285714286": 4.786819297742205e-07, "2.0408163265306123": 8.071887781254438e-07, "2.857142857142857": 1.4879486453780204e-06, "0.0": 0.0, "3.2653061224489797": 2.0204432207506883e-06, "3.673469387755102": 2.7997326340940017e-06, "3.8775510204081636": 3.3425675036277767e-06, "3.4693877551020407": 2.3696288259527177e-06, "3.0612244897959187": 1.7313038509727246e-06, "4.4897959183673475": 6.377762230910531e-06, "4.081632653061225": 4.049136971452651e-06, "4.285714285714286": 5.006675124090516e-06, "6.938775510204081": 0.39933865727820106, "4.6938775510204085": 8.504069561736518e-06, "6.530612244897959": 0.3155092132344386, "4.8979591836734695": 1.2246646838435015e-05, "7.142857142857143": 0.4362844909873032, "6.122448979591837": 0.21580534272869947, "5.1020408163265305": 2.057744350226489e-05, "7.346938775510204": 0.4703432825014742, "5.714285714285714": 0.09617762266322213, "6.73469387755102": 0.3591978448635102, "7.551020408163265": 0.5017843768130928, "7.755102040816327": 0.5308437765847803, "6.326530612244898": 0.2678674020814943, "5.510204081632653": 0.027308023721787943, "5.3061224489795915": 5.526917469893539e-05, "7.959183673469388": 0.5577285250981365, "5.918367346938775": 0.15878333443834916, "8.36734693877551": 0.6056789196117754, "8.571428571428571": 0.6270441441042959, "8.979591836734695": 0.6651698959794622, "8.775510204081632": 0.6468387240141141, "9.795918367346939": 0.7255509663358469, "9.183673469387756": 0.6821311029086615, "9.591836734693878": 0.712256744146023, "9.387755102040817": 0.6978034110530488, "8.16326530612245": 0.582620381958659, "10.0": 0.7377368403467504}