{"0.20408163265306123": 1.3782866192404524e-08, "0.40816326530612246": 2.868490447076079e-08, "0.6122448979591837": 4.484819891815191e-08, "2.2448979591836737": 2.4860889185220885e-07, "1.2244897959183674": 1.0273968519928719e-07, "0.8163265306122449": 6.243994734023985e-08, "1.6326530612244898": 1.516918535961659e-07, "1.0204081632653061": 8.165826642146475e-08, "1.836734693877551": 1.8033278296035058e-07, "2.6530612244897958": 3.3692126782615064e-07, "2.4489795918367347": 2.897469904897728e-07, "1.4285714285714286": 1.2596892888795272e-07, "2.0408163265306123": 2.1241809950669572e-07, "2.857142857142857": 3.915654329942159e-07, "0.0": 0.0, "3.2653061224489797": 5.316955844080758e-07, "3.673469387755102": 7.367717458142108e-07, "3.8775510204081636": 8.796230272704674e-07, "3.4693877551020407": 6.23586533145452e-07, "3.0612244897959187": 4.556062765717695e-07, "4.4897959183673475": 1.67835848181856e-06, "4.081632653061225": 1.065562360908592e-06, "4.285714285714286": 1.3175460852869774e-06, "6.938775510204081": 0.10508912033636865, "4.6938775510204085": 2.2379130425622413e-06, "6.530612244897959": 0.08302874032485222, "4.8979591836734695": 3.222801799588161e-06, "7.142857142857143": 0.11481170815455347, "6.122448979591837": 0.05679087966544722, "5.1020408163265305": 5.415116711122339e-06, "7.346938775510204": 0.12377454802670372, "5.714285714285714": 0.025309900700847918, "6.73469387755102": 0.09452574864829218, "7.551020408163265": 0.1320485202139718, "7.755102040816327": 0.1396957306802053, "6.326530612244898": 0.07049142160039323, "5.510204081632653": 0.0071863220320494536, "5.3061224489795915": 1.4544519657614577e-05, "7.959183673469388": 0.14677066449950954, "5.918367346938775": 0.04178508801009188, "8.36734693877551": 0.15938918937151986, "8.571428571428571": 0.16501161686955143, "8.979591836734695": 0.17504470946827952, "8.775510204081632": 0.1702207168458195, "9.795918367346939": 0.19093446482522286, "9.183673469387756": 0.1795081849759635, "9.591836734693878": 0.1874359853015849, "9.387755102040817": 0.1836324765929075, "8.16326530612245": 0.15332115314701542, "10.0": 0.19414127377546062}