{"3.8775510204081636": 0.8327268291803037, "2.6530612244897958": 0.5343147364574496, "3.673469387755102": 0.8039630524382659, "3.0612244897959187": 0.6761222812819555, "1.2244897959183674": 1.5059687419376198e-06, "1.0204081632653061": 1.143737849809504e-06, "3.2653061224489797": 0.727376627191854, "3.4693877551020407": 0.7693394004301864, "0.20408163265306123": 5.66764181814505e-07, "2.857142857142857": 0.6129589036745402, "0.40816326530612246": 6.517985996139131e-07, "0.6122448979591837": 7.637916125125372e-07, "0.8163265306122449": 9.179782994554933e-07, "2.4489795918367347": 0.4352154726701856, "2.2448979591836737": 0.30856791989969445, "1.4285714285714286": 2.182018836197197e-06, "2.0408163265306123": 0.14397465897227332, "0.0": 5e-07, "1.6326530612244898": 3.8913546789646145e-06, "4.081632653061225": 0.8567669838168337, "1.836734693877551": 1.6678323908578336e-05, "5.714285714285714": 0.954711104423086, "5.3061224489795915": 0.9403085340395495, "4.285714285714286": 0.8769670491921441, "5.1020408163265305": 0.9313022389711029, "4.8979591836734695": 0.9207900757534802, "6.122448979591837": 0.9654414771972639, "6.326530612244898": 0.9697539870324503, "4.4897959183673475": 0.894021601093428, "5.510204081632653": 0.948046336398102, "4.6938775510204085": 0.908482057604668, "5.918367346938775": 0.9604646330948934, "6.938775510204081": 0.979573821763471, "6.530612244897959": 0.9734962818430801, "7.142857142857143": 0.982031456057248, "6.73469387755102": 0.9767474021560191, "7.346938775510204": 0.9841672711677998, "7.551020408163265": 0.9860205745249515, "7.755102040816327": 0.9876240497450238, "8.36734693877551": 0.9911792601796056, "7.959183673469388": 0.9890045855089171, "8.571428571428571": 0.9920035212112035, "8.979591836734695": 0.99317177073279, "8.16326530612245": 0.9901839381522053, "9.183673469387756": 0.993523486266155, "8.775510204081632": 0.9926658434956931, "9.795918367346939": 0.9936284390833934, "9.591836734693878": 0.993757277867477, "10.0": 0.993323839033491, "9.387755102040817": 0.9937199945364243}