{"3.8775510204081636": 0.7540892738568967, "2.6530612244897958": 0.4593825032681181, "3.673469387755102": 0.7228959622011466, "3.0612244897959187": 0.5930751308274447, "1.2244897959183674": 1.3248944230354492e-06, "1.0204081632653061": 1.0278650592213258e-06, "3.2653061224489797": 0.6437328932075456, "3.4693877551020407": 0.6865002152494242, "0.20408163265306123": 5.547466293285969e-07, "2.857142857142857": 0.5325225450811089, "0.40816326530612246": 6.244748529277215e-07, "0.6122448979591837": 7.163091260179277e-07, "0.8163265306122449": 8.427422149876275e-07, "2.4489795918367347": 0.3699632225438604, "2.2448979591836737": 0.2590821148666534, "1.4285714285714286": 1.8792555984580155e-06, "2.0408163265306123": 0.11926106773759959, "0.0": 5e-07, "1.6326530612244898": 3.2809114578217517e-06, "4.081632653061225": 0.7809926905461213, "1.836734693877551": 1.3766239739008898e-05, "5.714285714285714": 0.9048162655349041, "5.3061224489795915": 0.8842308330018364, "4.285714285714286": 0.8043273666987755, "5.1020408163265305": 0.871980776618821, "4.8979591836734695": 0.8581512127024303, "6.122448979591837": 0.9212458294832462, "6.326530612244898": 0.9282131808491594, "4.4897959183673475": 0.8246695966120643, "5.510204081632653": 0.8951160096240035, "4.6938775510204085": 0.8424845667231753, "5.918367346938775": 0.9134833417668914, "6.938775510204081": 0.9452146074542238, "6.530612244897959": 0.934478903172627, "7.142857142857143": 0.9498124915851442, "6.73469387755102": 0.9401231160819463, "7.346938775510204": 0.9539675493295267, "7.551020408163265": 0.9577233122912877, "7.755102040816327": 0.9611169399592017, "8.36734693877551": 0.9694149847912863, "7.959183673469388": 0.9641799287773025, "8.571428571428571": 0.9716263501854331, "8.979591836734695": 0.9753048334250599, "8.16326530612245": 0.9669386846608486, "9.183673469387756": 0.9767881616601428, "8.775510204081632": 0.9735863471884522, "9.591836734693878": 0.9790582519561961, "9.795918367346939": 0.9798416657686562, "10.0": 0.9803835069513542, "9.387755102040817": 0.9780393533164609}