{"3.8775510204081636": 0.6579767062393992, "2.6530612244897958": 0.36779866270337946, "3.673469387755102": 0.623813963022445, "3.0612244897959187": 0.4915730580497091, "1.2244897959183674": 1.1035813665994624e-06, "1.0204081632653061": 8.862427596135523e-07, "3.2653061224489797": 0.5415016627822796, "3.4693877551020407": 0.5852523222507147, "0.20408163265306123": 5.40058509623598e-07, "2.857142857142857": 0.4342114401335815, "0.40816326530612246": 5.910791625334872e-07, "0.6122448979591837": 6.582749758578492e-07, "0.8163265306122449": 7.507870006380136e-07, "2.4489795918367347": 0.29021047238946274, "2.2448979591836737": 0.19859946427071426, "1.4285714285714286": 1.5092116412212379e-06, "2.0408163265306123": 0.08905556733966499, "0.0": 5e-07, "1.6326530612244898": 2.53481418753603e-06, "4.081632653061225": 0.6883796654374729, "1.836734693877551": 1.020702575397958e-05, "5.714285714285714": 0.8438336846715707, "5.3061224489795915": 0.8156914206224091, "4.285714285714286": 0.7155455325402138, "5.1020408163265305": 0.7994767670771431, "4.8979591836734695": 0.7815926023067026, "6.122448979591837": 0.8672289267216688, "6.326530612244898": 0.8774410844029149, "4.4897959183673475": 0.7399060355792865, "5.510204081632653": 0.8304233880112164, "4.6938775510204085": 0.7618209667569062, "5.918367346938775": 0.8560617634771109, "6.938775510204081": 0.9032200121873659, "6.530612244897959": 0.8867909959087398, "7.142857142857143": 0.9104337572303505, "6.73469387755102": 0.8953600997691906, "7.346938775510204": 0.9170567781938594, "7.551020408163265": 0.923137769561254, "7.755102040816327": 0.9287193613320857, "8.36734693877551": 0.9428142037611181, "7.959183673469388": 0.9338386816608846, "8.571428571428571": 0.9467209189317136, "8.979591836734695": 0.9534674656045008, "8.16326530612245": 0.9385278192825236, "9.183673469387756": 0.956333876030572, "8.775510204081632": 0.9502669628129354, "9.591836734693878": 0.9610927758424083, "9.795918367346939": 0.9629911650506441, "10.0": 0.9645675455176314, "9.387755102040817": 0.9588741251587274}