{"0.40816326530612246": 1.9905208161164398e-07, "3.8775510204081636": 0.7892599819232704, "0.20408163265306123": 8.799416074057252e-08, "3.0612244897959187": 0.618219189456316, "0.6122448979591837": 3.436090373763779e-07, "3.673469387755102": 0.757082867186995, "1.2244897959183674": 1.2550856566132543e-06, "0.8163265306122449": 5.395136616367332e-07, "1.4285714285714286": 2.020910337086567e-06, "3.4693877551020407": 0.7188864848560264, "2.857142857142857": 0.5513420908811348, "1.0204081632653061": 8.20032813839351e-07, "3.2653061224489797": 0.6732286111922244, "1.6326530612244898": 3.726082933386756e-06, "1.836734693877551": 1.0839424319679039e-05, "2.4489795918367347": 0.3670384687832344, "2.2448979591836737": 0.23821477329279536, "0.0": 0.0, "2.0408163265306123": 0.07299637394108344, "2.6530612244897958": 0.46918741459522273, "4.081632653061225": 0.816533735515771, "4.285714285714286": 0.8397783160086612, "5.1020408163265305": 0.9044201335679306, "4.8979591836734695": 0.8916013788731789, "6.326530612244898": 0.9535349879423161, "5.714285714285714": 0.9337856754611847, "5.3061224489795915": 0.915566341012764, "5.918367346938775": 0.9412347647446204, "6.122448979591837": 0.9477774961205239, "5.510204081632653": 0.9252865739898235, "6.530612244897959": 0.958609730125395, "4.6938775510204085": 0.8768114465509664, "6.938775510204081": 0.9670458525207299, "6.73469387755102": 0.9630886991146225, "4.4897959183673475": 0.8596862016638463, "7.346938775510204": 0.9736370893353524, "7.551020408163265": 0.9763701688995947, "7.959183673469388": 0.9809041413543674, "7.755102040816327": 0.9787817811631226, "8.16326530612245": 0.9827639561995428, "8.36734693877551": 0.9843829752926286, "7.142857142857143": 0.9705441341131423, "8.775510204081632": 0.9869634169619487, "8.571428571428571": 0.9857784350610235, "9.183673469387756": 0.9887351912007133, "9.387755102040817": 0.9893297441015347, "9.591836734693878": 0.9897297165187754, "8.979591836734695": 0.9879471382669665, "9.795918367346939": 0.9899309386427293, "10.0": 0.9899263040956191}