{"0.40816326530612246": 2.596331499282311e-08, "3.8775510204081636": 0.10294695416390477, "0.20408163265306123": 1.1477499227031191e-08, "3.0612244897959187": 0.08063728558125856, "0.6122448979591837": 4.481857009257101e-08, "3.673469387755102": 0.0987499391983036, "1.2244897959183674": 1.6370682477564178e-07, "0.8163265306122449": 7.037134717000861e-08, "1.4285714285714286": 2.6359700048955193e-07, "3.4693877551020407": 0.09376780237252512, "2.857142857142857": 0.0719141857671045, "1.0204081632653061": 1.069608018051327e-07, "3.2653061224489797": 0.08781242754681187, "1.6326530612244898": 4.860108173982722e-07, "1.836734693877551": 1.4138379547407425e-06, "2.4489795918367347": 0.04787458288476966, "2.2448979591836737": 0.031071492168625453, "0.0": 0.0, "2.0408163265306123": 0.00952126616622827, "2.6530612244897958": 0.061198358425463784, "4.081632653061225": 0.10650440028466572, "4.285714285714286": 0.1095363020880862, "5.1020408163265305": 0.11796784350886048, "4.8979591836734695": 0.1162958320269363, "6.326530612244898": 0.1243741288620411, "5.714285714285714": 0.12179813158189357, "5.3061224489795915": 0.1194216966538387, "5.918367346938775": 0.12276975192321128, "6.122448979591837": 0.12362315166789435, "5.510204081632653": 0.12068955312910729, "6.530612244897959": 0.12503605175548618, "4.6938775510204085": 0.11436671041969122, "6.938775510204081": 0.12613641554618207, "6.73469387755102": 0.12562026510190719, "4.4897959183673475": 0.11213298282571904, "7.346938775510204": 0.1269961420872198, "7.551020408163265": 0.12735263072603403, "7.959183673469388": 0.12794401843752606, "7.755102040816327": 0.12766718884736375, "8.16326530612245": 0.128186602982549, "8.36734693877551": 0.12839777938599498, "7.142857142857143": 0.12659271314519244, "8.775510204081632": 0.12873435873416714, "8.571428571428571": 0.1285797958775247, "9.183673469387756": 0.12896545972183213, "9.387755102040817": 0.1290430101002001, "9.591836734693878": 0.12909518041549237, "8.979591836734695": 0.12886267020873463, "9.795918367346939": 0.12912142677948632, "10.0": 0.12912082227334154}