{"0.20408163265306123": 1.1102230246251565e-16, "0.6122448979591837": -6.885603198725221e-13, "0.40816326530612246": -7.993605777301127e-15, "1.0204081632653061": 1.0680345496894006e-13, "0.8163265306122449": -1.5165868560984563e-11, "0.0": 0.0, "1.6326530612244898": 4.193250191519837e-10, "1.2244897959183674": 2.1311841180704505e-12, "1.4285714285714286": 3.1110225506836287e-11, "1.836734693877551": 1.0807244432697871e-08, "2.6530612244897958": 1.391844417497623e-09, "4.081632653061225": 4.770630387396224e-07, "2.0408163265306123": 3.787969937718572e-12, "2.4489795918367347": 2.1644830372480328e-10, "2.857142857142857": 5.754713372496667e-10, "3.4693877551020407": 2.110355046269774e-08, "3.0612244897959187": 2.0717799698033446e-09, "4.285714285714286": 1.290781615370662e-06, "2.2448979591836737": 3.078914900811469e-11, "3.673469387755102": 6.19433916382306e-08, "3.2653061224489797": 6.8123109375761715e-09, "4.4897959183673475": 3.5470004948745526e-06, "4.6938775510204085": 1.0432625972889298e-05, "5.714285714285714": 0.2884550513320684, "5.510204081632653": 0.2005881678233613, "6.122448979591837": 0.432993275295403, "3.8775510204081636": 1.744250726076757e-07, "4.8979591836734695": 3.773378034199748e-05, "5.3061224489795915": 0.09999519158867409, "6.73469387755102": 0.5914482113300024, "6.938775510204081": 0.6326155188312581, "6.326530612244898": 0.4924933756691714, "5.918367346938775": 0.3654114070693639, "6.530612244897959": 0.5450032712528374, "7.551020408163265": 0.7307106623674985, "7.142857142857143": 0.6691776224235841, "7.346938775510204": 0.7017108239707922, "7.959183673469388": 0.779762218330488, "5.1020408163265305": 0.000594165152378201, "8.775510204081632": 0.8508533656554368, "8.36734693877551": 0.8191099523939183, "8.571428571428571": 0.8358221131296205, "8.979591836734695": 0.8643898248993553, "9.387755102040817": 0.8876120702581973, "9.591836734693878": 0.8975680917751049, "8.16326530612245": 0.8005043786478842, "9.183673469387756": 0.8765948411087853, "10.0": 0.9147305310537477, "7.755102040816327": 0.7566045506316154, "9.795918367346939": 0.9065746427471769}