{"0.20408163265306123": 0.0, "0.6122448979591837": -1.0327294575063206e-12, "0.40816326530612246": -1.199040866595169e-14, "0.8163265306122449": -2.2748691819174383e-11, "0.0": 0.0, "1.0204081632653061": 1.603162047558726e-13, "1.6326530612244898": 6.289879728171854e-10, "1.2244897959183674": 3.1967761771056757e-12, "1.4285714285714286": 4.6665560304859355e-11, "1.836734693877551": 1.6210873310384954e-08, "4.081632653061225": 7.226684449745946e-07, "2.6530612244897958": 2.0927078958621337e-09, "2.0408163265306123": 5.72841774015842e-12, "2.857142857142857": 8.811408269693288e-10, "2.4489795918367347": 3.258814329498705e-10, "3.4693877551020407": 3.2143802397577304e-08, "3.0612244897959187": 3.1664386668239786e-09, "4.285714285714286": 1.951658760934727e-06, "2.2448979591836737": 4.644129525388507e-11, "3.673469387755102": 9.417883883866551e-08, "3.2653061224489797": 1.03946511398334e-08, "4.4897959183673475": 5.352903743260917e-06, "4.6938775510204085": 1.571400658162414e-05, "5.714285714285714": 0.44492475931375575, "5.510204081632653": 0.30649045732302027, "3.8775510204081636": 2.647114454301658e-07, "6.122448979591837": 0.6799967832632823, "4.8979591836734695": 5.672662513211968e-05, "5.3061224489795915": 0.1513097552053827, "6.938775510204081": 1.0265002038557127, "6.73469387755102": 0.9522729781858463, "7.551020408163265": 1.2117961436758957, "5.918367346938775": 0.5688021064136062, "6.530612244897959": 0.8704727179974294, "6.326530612244898": 0.780101197930445, "7.142857142857143": 1.0940155827148783, "7.346938775510204": 1.1555648662177194, "5.1020408163265305": 0.000891526711829016, "7.959183673469388": 1.3104944017862197, "8.775510204081632": 1.4647253441744037, "8.571428571428571": 1.4306875347570376, "8.36734693877551": 1.3938416088355696, "9.387755102040817": 1.5524911141746345, "8.979591836734695": 1.4962194144278587, "9.591836734693878": 1.5776654136095063, "10.0": 1.6229309098977809, "9.183673469387756": 1.5254048313535011, "7.755102040816327": 1.2632745362982858, "8.16326530612245": 1.353889516754648, "9.795918367346939": 1.6010952564740195}