{"0.0": 0.0, "0.20408163265306123": 2.581898224822013e-08, "0.40816326530612246": 5.663818867266156e-08, "0.6122448979591837": 9.406594655128445e-08, "0.8163265306122449": 1.404831711007345e-07, "1.0204081632653061": 1.995705220890628e-07, "1.2244897959183674": 2.773355659812227e-07, "1.4285714285714286": 3.8429566230391993e-07, "1.836734693877551": 7.911111598511863e-07, "1.6326530612244898": 5.406952915782921e-07, "2.0408163265306123": 1.2567380074309774e-06, "2.2448979591836737": 2.4240981204427617e-06, "2.6530612244897958": 0.05701276114582919, "2.4489795918367347": 1.0725900066319985e-05, "3.0612244897959187": 0.2000843946764042, "3.2653061224489797": 0.25982973571365087, "2.857142857142857": 0.1329638336657626, "3.4693877551020407": 0.31334310157688056, "3.8775510204081636": 0.40515335751513376, "3.673469387755102": 0.36153834141821706, "4.081632653061225": 0.4447930775445735, "4.6938775510204085": 0.5444627938835434, "4.4897959183673475": 0.5140631287168571, "4.285714285714286": 0.4809570299930342, "4.8979591836734695": 0.5724547851360136, "5.3061224489795915": 0.622202160540654, "5.1020408163265305": 0.5982947635994131, "5.714285714285714": 0.6649568907516712, "5.510204081632653": 0.6443677141445904, "5.918367346938775": 0.6841150072828388, "6.326530612244898": 0.7186325118185034, "6.122448979591837": 0.7019693471737272, "6.73469387755102": 0.7487729472390429, "6.530612244897959": 0.7342043027453501, "7.142857142857143": 0.7752077569989653, "6.938775510204081": 0.7624174260215445, "7.346938775510204": 0.7872067154539161, "7.551020408163265": 0.7984699986468949, "7.755102040816327": 0.809047357414945, "8.16326530612245": 0.8283157149309056, "7.959183673469388": 0.818982990568176, "8.36734693877551": 0.837079832645591, "8.571428571428571": 0.8453049326943285, "8.775510204081632": 0.8530165048577638, "8.979591836734695": 0.860236024614244, "9.183673469387756": 0.8669809280645188, "9.387755102040817": 0.8732650909402165, "9.591836734693878": 0.8790988397783739, "9.795918367346939": 0.884488886743018, "10.0": 0.8894388516112555}