{"0.40816326530612246": 1.9955652049340243e-08, "0.20408163265306123": 9.564292844813252e-09, "1.836734693877551": 1.2877572767577792e-07, "1.4285714285714286": 8.910886341907017e-08, "0.8163265306122449": 4.368931000987391e-08, "1.6326530612244898": 1.0778435909661998e-07, "3.0612244897959187": 3.4177109914170944e-07, "1.2244897959183674": 7.238602869938234e-08, "1.0204081632653061": 5.73248223626668e-08, "0.6122448979591837": 3.128620571473789e-08, "2.4489795918367347": 2.1093716935640434e-07, "2.857142857142857": 2.903218739356866e-07, "2.0408163265306123": 1.5254221617515514e-07, "2.6530612244897958": 2.4735681252339827e-07, "3.2653061224489797": 4.0449277896803405e-07, "3.8775510204081636": 7.154739144024651e-07, "3.4693877551020407": 4.826473225948208e-07, "2.2448979591836737": 1.7967309338557968e-07, "3.673469387755102": 5.827296701397717e-07, "0.0": 0.0, "4.081632653061225": 8.999861064521503e-07, "6.122448979591837": 0.05565412678211453, "5.510204081632653": 0.02461033625918158, "7.142857142857143": 0.09180744789098105, "6.73469387755102": 0.07918871523802942, "6.326530612244898": 0.06420721767415816, "5.714285714285714": 0.035969276925839705, "4.285714285714286": 1.1738828912767674e-06, "6.938775510204081": 0.08576288194123009, "7.755102040816327": 0.10724573322242668, "5.918367346938775": 0.04627645342794788, "4.6938775510204085": 2.4936968362575293e-06, "7.346938775510204": 0.09737377668904187, "7.551020408163265": 0.10250676713293852, "7.959183673469388": 0.11162513800078208, "6.530612244897959": 0.07202605926838648, "4.4897959183673475": 1.622872124320001e-06, "4.8979591836734695": 4.907129683893011e-06, "5.3061224489795915": 0.012057721755544829, "8.16326530612245": 0.11567520828261148, "8.36734693877551": 0.11942245194756847, "8.571428571428571": 0.12289009527569739, "8.775510204081632": 0.1260984544950553, "5.1020408163265305": 4.389624862543657e-05, "8.979591836734695": 0.12906525309879202, "9.183673469387756": 0.13180589440984342, "9.387755102040817": 0.13433369720675048, "10.0": 0.1407461313544304, "9.795918367346939": 0.13879484551644347, "9.591836734693878": 0.13666010088223676}