{"0.40816326530612246": 8.980043422203109e-08, "0.20408163265306123": 4.303931780165968e-08, "1.836734693877551": 5.794907745410011e-07, "1.4285714285714286": 4.0098988538581594e-07, "0.8163265306122449": 1.9660189504443264e-07, "1.6326530612244898": 4.8502961593479e-07, "3.0612244897959187": 1.5379699461376934e-06, "1.2244897959183674": 3.257371291472207e-07, "1.0204081632653061": 2.5796170063200076e-07, "0.6122448979591837": 1.4078792571632046e-07, "2.4489795918367347": 9.4921726210382e-07, "2.857142857142857": 1.3064484327105904e-06, "2.0408163265306123": 6.864399727881984e-07, "2.6530612244897958": 1.1131056563552922e-06, "3.2653061224489797": 1.820217505356153e-06, "3.8775510204081636": 3.219632614811094e-06, "3.4693877551020407": 2.171912951676695e-06, "2.2448979591836737": 8.085289202351087e-07, "3.673469387755102": 2.6222835156289735e-06, "0.0": 0.0, "4.081632653061225": 4.049937479034676e-06, "6.122448979591837": 0.25044357051951555, "5.510204081632653": 0.11074651316631716, "7.142857142857143": 0.413133515509415, "6.73469387755102": 0.3563492185711326, "6.326530612244898": 0.28893247953371193, "5.714285714285714": 0.1618617461662787, "4.285714285714286": 5.282473010745453e-06, "6.938775510204081": 0.3859329687355354, "7.755102040816327": 0.48260579950092025, "5.918367346938775": 0.20824404042576555, "4.6938775510204085": 1.1221635763158886e-05, "7.346938775510204": 0.4381819951006884, "7.551020408163265": 0.46128045209822366, "7.959183673469388": 0.5023131210035195, "6.530612244897959": 0.3241172667077392, "4.4897959183673475": 7.302924559440007e-06, "4.8979591836734695": 2.2082083577518553e-05, "5.3061224489795915": 0.05425974789995175, "8.16326530612245": 0.5205384372717516, "8.36734693877551": 0.5374010337640581, "8.571428571428571": 0.5530054287406385, "8.775510204081632": 0.5674430452277487, "5.1020408163265305": 0.00019753311881446462, "8.979591836734695": 0.5807936389445642, "9.183673469387756": 0.5931265248442956, "9.387755102040817": 0.6045016374303774, "10.0": 0.6333575910949372, "9.795918367346939": 0.6245768048239959, "9.591836734693878": 0.6149704539700657}