{"0.0": 0.0, "0.40816326530612246": 0.0, "0.20408163265306123": 0.0, "0.6122448979591837": 0.0, "0.8163265306122449": 0.0, "1.0204081632653061": 0.0, "1.4285714285714286": 0.0, "1.2244897959183674": 0.0, "1.6326530612244898": 0.0, "1.836734693877551": 0.0, "2.0408163265306123": 0.0, "2.4489795918367347": 0.0, "2.2448979591836737": 0.0, "2.6530612244897958": 0.0, "2.857142857142857": 0.0, "3.4693877551020407": 0.0, "3.0612244897959187": 0.0, "3.2653061224489797": 0.0, "3.673469387755102": 0.0, "6.326530612244898": 0.2090435274233622, "6.122448979591837": 0.13973064271606297, "6.530612244897959": 0.27158970865250953, "5.918367346938775": 0.06272042731505129, "3.8775510204081636": 0.0, "4.081632653061225": 0.0, "6.73469387755102": 0.3281624041593412, "6.938775510204081": 0.3794481052544735, "4.6938775510204085": 0.0, "7.142857142857143": 0.42603628407640753, "4.285714285714286": 0.0, "4.8979591836734695": 0.0, "7.346938775510204": 0.4684402201295505, "7.551020408163265": 0.507104073790179, "4.4897959183673475": 0.0, "7.755102040816327": 0.5424161605903843, "7.959183673469388": 0.5747158995236643, "8.16326530612245": 0.6042991571242708, "8.36734693877551": 0.631426706978351, "8.571428571428571": 0.6563263053247355, "8.775510204081632": 0.6791985884149249, "5.1020408163265305": -2e-323, "8.979591836734695": 0.7002197775830065, "9.183673469387756": 0.7195437392849432, "5.3061224489795915": -2e-323, "9.387755102040817": 0.7373058370619555, "9.591836734693878": 0.7536244245606339, "9.795918367346939": 0.7686019439522316, "10.0": 0.7823279405489026, "5.510204081632653": -5.4e-323, "5.714285714285714": 1.02e-321}