{"0.40816326530612246": 8.079092950197264e-12, "0.20408163265306123": 1.3211653993039363e-14, "1.0204081632653061": 1.3498302475767332e-10, "1.6326530612244898": 3.0858593458304995e-10, "0.6122448979591837": 3.6932146230128637e-10, "1.2244897959183674": 8.509859483751825e-13, "1.4285714285714286": 2.131694820661778e-11, "0.8163265306122449": 6.49147402498329e-12, "2.6530612244897958": -3.5242897489240477e-09, "1.836734693877551": 2.706792678885961e-09, "3.8775510204081636": 0.44772327941275736, "3.4693877551020407": 0.26259235563890115, "2.0408163265306123": 1.2297918239312366e-10, "2.2448979591836737": 5.917892842433048e-10, "2.4489795918367347": -1.390620951724486e-10, "3.673469387755102": 0.3630599406273546, "2.857142857142857": 4.992634528022677e-09, "3.2653061224489797": 0.14256267811871526, "0.0": 0.0, "4.081632653061225": 0.5194958511830923, "4.285714285714286": 0.580664353517323, "4.4897959183673475": 0.6330433622312873, "6.938775510204081": 0.9147736574578678, "5.1020408163265305": 0.7506551025660179, "4.8979591836734695": 0.7169714914945042, "5.3061224489795915": 0.7799251607319794, "5.714285714285714": 0.827718663160537, "4.6938775510204085": 0.6780871070431896, "3.0612244897959187": 1.3231295934446052e-06, "5.510204081632653": 0.8054325293970858, "5.918367346938775": 0.8472365577204719, "6.326530612244898": 0.8794324625442766, "6.122448979591837": 0.8643671801949242, "6.73469387755102": 0.9044196448294685, "7.142857142857143": 0.9239387334065678, "6.530612244897959": 0.8927056564163476, "7.346938775510204": 0.9320621868469591, "7.551020408163265": 0.9392712812489127, "7.755102040816327": 0.945676266629338, "7.959183673469388": 0.9513729028195353, "8.571428571428571": 0.9649948625032657, "9.387755102040817": 0.9772503358921022, "9.795918367346939": 0.9816114751926868, "8.16326530612245": 0.9564445653862136, "8.979591836734695": 0.9718069517799918, "9.591836734693878": 0.979550941138874, "8.36734693877551": 0.9609640108678648, "9.183673469387756": 0.9746801453047361, "8.775510204081632": 0.9685928655459477, "10.0": 0.9834580385160544}