{"0.0": 0.0, "0.20408163265306123": 3.3306690738754696e-16, "1.4285714285714286": -6.9750871745100085e-12, "0.6122448979591837": -1.2323475573339238e-13, "0.40816326530612246": 2.6260105201458828e-12, "1.836734693877551": 1.3361201034456371e-11, "2.2448979591836737": 0.06299686686296213, "0.8163265306122449": -8.914646798530157e-12, "1.0204081632653061": 4.369837824924616e-13, "1.2244897959183674": 1.831634843796337e-11, "2.0408163265306123": 0.005468988142099285, "1.6326530612244898": 2.9626301412122302e-12, "2.857142857142857": 0.2024124923013948, "2.6530612244897958": 0.16048426437184848, "4.081632653061225": 0.39333546241421, "4.285714285714286": 0.41807213204546145, "3.673469387755102": 0.3387859856891604, "3.0612244897959187": 0.2407371863754455, "3.4693877551020407": 0.30854712322892963, "2.4489795918367347": 0.11429528391417887, "3.2653061224489797": 0.2759768392089812, "3.8775510204081636": 0.36697159937669865, "4.4897959183673475": 0.4413465708782274, "4.6938775510204085": 0.46329977497888675, "5.918367346938775": 0.5730769434194656, "5.1020408163265305": 0.5037118811257573, "5.3061224489795915": 0.5223677645885807, "5.714285714285714": 0.55698337118217, "4.8979591836734695": 0.48405313869741606, "6.122448979591837": 0.5884379695416689, "5.510204081632653": 0.5401012726933136, "6.326530612244898": 0.6031165024075724, "6.530612244897959": 0.6171574802252169, "7.755102040816327": 0.6900381929526961, "6.73469387755102": 0.6306014078871159, "6.938775510204081": 0.6434849313802213, "7.959183673469388": 0.7005647075421169, "7.142857142857143": 0.6558413247607712, "7.346938775510204": 0.6677009051375513, "9.387755102040817": 0.7641133526470426, "8.571428571428571": 0.7298305086135997, "8.36734693877551": 0.7204415998717826, "9.183673469387756": 0.7560033002064317, "10.0": 0.786788176256258, "8.979591836734695": 0.7475957455497519, "9.591836734693878": 0.7719392417585931, "8.16326530612245": 0.7106925163172748, "8.775510204081632": 0.7388765147576893, "7.551020408163265": 0.6790913880171029, "9.795918367346939": 0.7794935506654941}