{"0.0": 0.0, "0.20408163265306123": 1.1102230246251565e-15, "0.6122448979591837": -4.107825191113079e-13, "1.4285714285714286": -2.3250068537095103e-11, "0.40816326530612246": 8.753442415354584e-12, "1.836734693877551": 4.450673163347574e-11, "2.2448979591836737": 0.19498591904159546, "0.8163265306122449": -2.9715119254092315e-11, "1.0204081632653061": 1.4572787421229805e-12, "1.2244897959183674": 6.105382865939646e-11, "1.6326530612244898": 9.872103134966892e-12, "2.0408163265306123": 0.0181139270587386, "2.857142857142857": 0.529462243723156, "2.6530612244897958": 0.44183473984577204, "4.081632653061225": 0.8109853936545109, "4.285714285714286": 0.8354755211590681, "3.673469387755102": 0.7481510372950453, "3.4693877551020407": 0.7076687167545481, "3.0612244897959187": 0.6006928378444542, "3.2653061224489797": 0.6591932427751794, "2.4489795918367347": 0.3327377987143434, "3.8775510204081636": 0.7821902494759779, "4.4897959183673475": 0.8564042543726106, "5.918367346938775": 0.9414087657811885, "4.6938775510204085": 0.8743663595876845, "5.1020408163265305": 0.9032213269980345, "5.714285714285714": 0.9337172589600379, "5.3061224489795915": 0.914824984433407, "4.8979591836734695": 0.889841853495678, "6.122448979591837": 0.9481456326108859, "5.510204081632653": 0.9249171227108022, "6.326530612244898": 0.9540578042085931, "7.755102040816327": 0.979844738662682, "6.530612244897959": 0.9592554281456886, "6.73469387755102": 0.9638322588928766, "6.938775510204081": 0.9678684043041738, "7.959183673469388": 0.9820368385721963, "7.346938775510204": 0.9745838084064491, "7.142857142857143": 0.971432555554189, "9.387755102040817": 0.9918839234618181, "8.571428571428571": 0.9872485524219974, "8.36734693877551": 0.9857115471542103, "10.0": 0.9941999705012756, "9.183673469387756": 0.9909175951576399, "8.979591836734695": 0.9898332941901621, "9.591836734693878": 0.9927455300433184, "7.551020408163265": 0.9773731589862833, "8.16326530612245": 0.9839827635731385, "8.775510204081632": 0.9886159793037418, "9.795918367346939": 0.9935141042225325}