{"0.0": 0.0, "0.20408163265306123": 1.4432899320127035e-15, "0.6122448979591837": -5.340172748447003e-13, "1.4285714285714286": -3.022515571160511e-11, "0.40816326530612246": 1.1379452935500467e-11, "1.836734693877551": 5.786782164562965e-11, "2.2448979591836737": 0.2579827859045576, "1.0204081632653061": 1.894262524615442e-12, "0.8163265306122449": -3.862976605262247e-11, "1.2244897959183674": 7.937017709735983e-11, "2.0408163265306123": 0.023582915200837995, "1.6326530612244898": 1.2834733276179122e-11, "2.857142857142857": 0.7318747360245508, "2.6530612244897958": 0.6023190042176205, "4.081632653061225": 1.2043208560687209, "4.285714285714286": 1.2535476532045295, "3.673469387755102": 1.0869370229842057, "3.4693877551020407": 1.0162158399834778, "3.0612244897959187": 0.8414300242198998, "3.2653061224489797": 0.9351700819841606, "2.4489795918367347": 0.44703308262852226, "5.918367346938775": 1.514485709200654, "4.4897959183673475": 1.2977508252508378, "3.8775510204081636": 1.1491618488526765, "4.6938775510204085": 1.3376661345665712, "5.714285714285714": 1.490700630142208, "4.8979591836734695": 1.373894992193094, "5.1020408163265305": 1.4069332081237917, "5.3061224489795915": 1.4371927490219878, "6.122448979591837": 1.5365836021525547, "5.510204081632653": 1.4650183954041158, "7.755102040816327": 1.669882931615378, "6.326530612244898": 1.5571743066161656, "6.530612244897959": 1.5764129083709055, "6.73469387755102": 1.5944336667799925, "6.938775510204081": 1.6113533356843952, "7.959183673469388": 1.6826015461143131, "7.346938775510204": 1.6422847135440004, "7.142857142857143": 1.6272738803149602, "9.387755102040817": 1.7559972761088607, "8.571428571428571": 1.717079061035597, "10.0": 1.7809881467575335, "9.183673469387756": 1.7469208953640716, "8.36734693877551": 1.706153147025993, "8.979591836734695": 1.7374290397399141, "8.16326530612245": 1.6946752798904132, "7.551020408163265": 1.6564645470033863, "9.591836734693878": 1.7646847718019116, "8.775510204081632": 1.7274924940614311, "9.795918367346939": 1.7730076548880265}