{"0.20408163265306123": 1.3322676295501878e-15, "0.40816326530612246": -4.440892098500626e-16, "1.2244897959183674": -3.619970989632293e-11, "2.6530612244897958": 3.1417505264030865e-09, "0.0": 0.0, "1.6326530612244898": 4.4564352208453784e-13, "0.8163265306122449": -6.081801728896608e-13, "2.2448979591836737": 8.946998697467734e-11, "0.6122448979591837": -2.930988785010413e-14, "1.0204081632653061": -5.63615820681207e-12, "1.836734693877551": 2.933320253362126e-12, "4.081632653061225": 1.7740285340739348e-07, "1.4285714285714286": 5.5067062021407764e-14, "3.673469387755102": 2.8735402501922636e-08, "3.2653061224489797": 3.67698704817343e-09, "3.0612244897959187": 1.1790493026353488e-09, "3.4693877551020407": 1.0627735802515303e-08, "2.0408163265306123": 1.6839751815211912e-11, "3.8775510204081636": 7.326374396043889e-08, "2.857142857142857": -2.417246336428036e-08, "2.4489795918367347": 4.772393591423452e-10, "4.4897959183673475": 8.891331984006712e-07, "4.285714285714286": 4.031149093419728e-07, "4.6938775510204085": 1.8882343986170724e-06, "4.8979591836734695": 3.876160296401032e-06, "5.510204081632653": 2.8326232228259585e-05, "5.1020408163265305": 7.71939714672154e-06, "5.918367346938775": 9.569700018652316e-05, "5.3061224489795915": 1.4964117533322607e-05, "5.714285714285714": 5.252293458679613e-05, "6.122448979591837": 0.00017190041823378355, "6.73469387755102": 0.0009523071560204599, "6.530612244897959": 0.0005396824588642657, "6.938775510204081": 0.0016906458802865565, "6.326530612244898": 0.0003055469580148795, "7.142857142857143": 0.003050055472808788, "7.755102040816327": 0.023726644794033858, "7.346938775510204": 0.00567661282841625, "8.36734693877551": 0.16251356042223475, "7.959183673469388": 0.05274249648550844, "7.551020408163265": 0.011152149009023393, "8.16326530612245": 0.10270213574997933, "8.571428571428571": 0.22298932439369845, "9.387755102040817": 0.43299602761016553, "8.775510204081632": 0.2808781180621872, "8.979591836734695": 0.3352475290884822, "9.591836734693878": 0.47665111328107435, "10.0": 0.554578960368749, "9.183673469387756": 0.3859234295463645, "9.795918367346939": 0.5171052018624762}