{"1.0204081632653061": 4.076738946423575e-13, "0.40816326530612246": 1.7706947019746622e-11, "0.20408163265306123": 1.2212453270876722e-14, "2.2448979591836737": 0.1949859190469404, "0.8163265306122449": -9.810818824007583e-12, "1.2244897959183674": 3.5275005139112636e-11, "3.0612244897959187": 0.6006928376752433, "3.673469387755102": 0.7481510372399429, "3.2653061224489797": 0.6591932427232072, "0.6122448979591837": -5.861977570020827e-14, "2.6530612244897958": 0.4418347398994672, "1.4285714285714286": -1.532551863192566e-11, "3.8775510204081636": 0.7821902493783831, "2.857142857142857": 0.5294622437277199, "3.4693877551020407": 0.7076687167167903, "2.4489795918367347": 0.3327377987060095, "1.6326530612244898": 5.976552586162143e-12, "1.836734693877551": 1.9059198663740062e-12, "4.081632653061225": 0.8109853935666143, "0.0": 0.0, "4.4897959183673475": 0.8564042538790946, "4.285714285714286": 0.8354755208881987, "4.6938775510204085": 0.8743663587711167, "5.3061224489795915": 0.9148249814123047, "4.8979591836734695": 0.889841852197812, "5.1020408163265305": 0.9032213249930497, "5.918367346938775": 0.9414087567235014, "5.510204081632653": 0.9249171182625693, "2.0408163265306123": 0.01811392705643078, "6.530612244897959": 0.9592554054026504, "6.122448979591837": 0.9481456201049185, "7.346938775510204": 0.9745837464557546, "6.326530612244898": 0.954057787191054, "7.142857142857143": 0.971432506258566, "6.938775510204081": 0.9678683656305862, "5.714285714285714": 0.9337172525511404, "6.73469387755102": 0.9638322290014648, "7.755102040816327": 0.9798446446469897, "7.551020408163265": 0.9773730821759161, "7.959183673469388": 0.9820367249035924, "9.591836734693878": 0.9927451764995071, "8.571428571428571": 0.9872483648315546, "8.979591836734695": 0.9898330455809922, "8.36734693877551": 0.9857113866704931, "8.16326530612245": 0.983982627749028, "9.795918367346939": 0.9935137134698941, "9.387755102040817": 0.9918836062681426, "8.775510204081632": 0.9886157622778381, "9.183673469387756": 0.9909173130593593, "10.0": 0.9941995421126345}