{"1.0204081632653061": 3.5069724901859447e-13, "0.40816326530612246": 1.5235457340168067e-11, "0.20408163265306123": 1.050270981295398e-14, "2.2448979591836737": 0.1685881086105298, "0.8163265306122449": -8.440848020541126e-12, "1.2244897959183674": 3.034501538934365e-11, "3.0612244897959187": 0.528701707396936, "3.673469387755102": 0.6662780269293346, "3.2653061224489797": 0.5825499620155181, "0.6122448979591837": -5.044853423896712e-14, "2.6530612244897958": 0.3855646447988083, "1.4285714285714286": -1.3182921421162063e-11, "3.8775510204081636": 0.6991465193779156, "2.857142857142857": 0.46405229344320664, "3.4693877551020407": 0.627844398017723, "2.4489795918367347": 0.2890492957470279, "1.6326530612244898": 5.140865511066295e-12, "1.836734693877551": 1.6409540393169663e-12, "4.081632653061225": 0.7274554073521985, "0.0": 0.0, "4.4897959183673475": 0.7733927172811457, "4.285714285714286": 0.7519948431256823, "4.6938775510204085": 0.7921530420134782, "5.3061224489795915": 0.836333538047597, "4.8979591836734695": 0.8086841094980244, "5.1020408163265305": 0.8233194362196952, "5.918367346938775": 0.8677423940578557, "5.510204081632653": 0.8479539491487315, "2.0408163265306123": 0.015584939273428768, "6.530612244897959": 0.890835820369783, "6.122448979591837": 0.8762040900025403, "7.346938775510204": 0.9132071781922193, "6.326530612244898": 0.8838695302396236, "7.142857142857143": 0.9083142699592628, "5.714285714285714": 0.8583704762773512, "6.938775510204081": 0.9029916787810945, "6.73469387755102": 0.8971860647798551, "7.551020408163265": 0.9177167433441936, "7.755102040816327": 0.9218833543081446, "7.959183673469388": 0.9257423214313012, "9.591836734693878": 0.9485839895513035, "8.571428571428571": 0.9357647935880351, "8.979591836734695": 0.9413855855747535, "8.36734693877551": 0.932657429310751, "8.16326530612245": 0.9293246054626783, "9.795918367346939": 0.9507096809089918, "9.387755102040817": 0.9463295555439093, "8.775510204081632": 0.9386679127738313, "9.183673469387756": 0.9439345104887719, "10.0": 0.952717268941341}