{"2.2448979591836737": 5.000001481783628e-07, "0.20408163265306123": 5.000000012246141e-07, "1.0204081632653061": 5.000000306153526e-07, "1.4285714285714286": 5.000000600060957e-07, "1.6326530612244898": 5.000000783753131e-07, "3.4693877551020407": 5.000003539138905e-07, "3.0612244897959187": 5.000002755384143e-07, "3.2653061224489797": 5.00000313501531e-07, "1.2244897959183674": 5.000000440861092e-07, "0.8163265306122449": 5.000000195938252e-07, "0.40816326530612246": 5.000000048984563e-07, "0.6122448979591837": 5.000000110215266e-07, "2.6530612244897958": 5.000002069599085e-07, "0.0": 5e-07, "2.0408163265306123": 5.000001224614453e-07, "2.857142857142857": 5.000002400245406e-07, "1.836734693877551": 5.000000991937626e-07, "2.4489795918367347": 5.000001763445167e-07, "3.8775510204081636": 5.000004420863177e-07, "3.673469387755102": 5.000003967754895e-07, "6.530612244897959": 0.5346990266380585, "7.346938775510204": 0.7377666776486433, "4.285714285714286": 5.000005400555436e-07, "4.6938775510204085": 5.000006478209637e-07, "4.081632653061225": 5.000004898463518e-07, "6.938775510204081": 0.6688285790618754, "7.551020408163265": 0.7635076125470637, "7.755102040816327": 0.7854893506007963, "4.4897959183673475": 5.000005927138021e-07, "7.959183673469388": 0.804530453979753, "7.142857142857143": 0.7069746877384301, "5.3061224489795915": 5.000008278320137e-07, "6.73469387755102": 0.6182079859419315, "4.8979591836734695": 5.000007053767461e-07, "5.1020408163265305": 5.000007653806805e-07, "6.122448979591837": 0.4167582824602313, "8.36734693877551": 0.8358752290420478, "8.16326530612245": 0.8211911073389138, "9.591836734693878": 0.8954197720235788, "8.775510204081632": 0.8604525182133379, "9.795918367346939": 0.9018654791727069, "8.571428571428571": 0.8488849937337998, "9.387755102040817": 0.8881393219802507, "8.979591836734695": 0.870759502345463, "9.183673469387756": 0.8799500390923273, "5.918367346938775": 0.390427533904935, "5.510204081632653": 0.3185817952518546, "10.0": 0.9075355084844605, "5.714285714285714": 0.35768809755455966, "6.326530612244898": 0.44101000943131874}