{"2.2448979591836737": 5.000002245126549e-07, "0.20408163265306123": 5.000000018554758e-07, "1.0204081632653061": 5.000000463868963e-07, "1.4285714285714286": 5.000000909183227e-07, "1.6326530612244898": 5.000001187504683e-07, "3.4693877551020407": 5.000005362331082e-07, "3.0612244897959187": 5.000004174824052e-07, "3.2653061224489797": 5.000004750022703e-07, "1.2244897959183674": 5.000000667971324e-07, "0.8163265306122449": 5.000000296876133e-07, "0.40816326530612246": 5.000000074219034e-07, "0.6122448979591837": 5.000000166992824e-07, "2.6530612244897958": 5.000003135755926e-07, "0.0": 5e-07, "2.0408163265306123": 5.000001855476324e-07, "2.857142857142857": 5.000003636735132e-07, "1.836734693877551": 5.000001502935709e-07, "2.4489795918367347": 5.000002671886407e-07, "3.8775510204081636": 5.000006698276715e-07, "3.673469387755102": 5.000006011749139e-07, "6.530612244897959": 0.6549186233654336, "7.346938775510204": 0.844716363534279, "4.285714285714286": 5.000008182658635e-07, "4.6938775510204085": 5.000009815467681e-07, "4.081632653061225": 5.000007421913456e-07, "6.938775510204081": 0.784621201514459, "7.551020408163265": 0.8657995980723694, "7.755102040816327": 0.8831467852413378, "4.4897959183673475": 5.00000898051087e-07, "7.959183673469388": 0.8976412728410098, "7.142857142857143": 0.8184940674333497, "5.3061224489795915": 5.000012542907181e-07, "6.73469387755102": 0.7375070172197334, "4.8979591836734695": 5.00001068752479e-07, "5.1020408163265305": 5.000011596675094e-07, "6.122448979591837": 0.5296274034748754, "8.36734693877551": 0.9202992887470375, "8.16326530612245": 0.909882683647699, "9.591836734693878": 0.9579185935289827, "8.775510204081632": 0.9368499419669672, "9.795918367346939": 0.9613366262031899, "8.571428571428571": 0.9292081199260787, "9.387755102040817": 0.9538424717076384, "8.979591836734695": 0.9434109350514499, "9.183673469387756": 0.9490368252084352, "5.918367346938775": 0.5004204451271357, "5.510204081632653": 0.4177994186419105, "10.0": 0.9641523196185916, "5.714285714285714": 0.46328110690730173, "6.326530612244898": 0.5560106310221179}