{"2.2448979591836737": 5.000001901622235e-07, "0.20408163265306123": 5.000000015715881e-07, "1.0204081632653061": 5.000000392897017e-07, "1.4285714285714286": 5.000000770078206e-07, "1.6326530612244898": 5.000001005816484e-07, "3.4693877551020407": 5.000004541894602e-07, "3.0612244897959187": 5.000003536076093e-07, "3.2653061224489797": 5.000004023269376e-07, "1.2244897959183674": 5.00000056577172e-07, "0.8163265306122449": 5.000000251454087e-07, "0.40816326530612246": 5.000000062863523e-07, "0.6122448979591837": 5.000000141442923e-07, "2.6530612244897958": 5.000002655985349e-07, "0.0": 5e-07, "2.0408163265306123": 5.000001571588482e-07, "2.857142857142857": 5.000003080314756e-07, "1.836734693877551": 5.000001272986572e-07, "2.4489795918367347": 5.000002263087849e-07, "3.8775510204081636": 5.000005673440624e-07, "3.673469387755102": 5.00000509195173e-07, "6.530612244897959": 0.6008198048381148, "7.346938775510204": 0.796589004885743, "4.285714285714286": 5.000006930712195e-07, "4.6938775510204085": 5.000008313701562e-07, "4.081632653061225": 5.000006286360985e-07, "6.938775510204081": 0.7325145214107964, "7.551020408163265": 0.8197682045859819, "7.755102040816327": 0.8392009396530942, "4.4897959183673475": 5.000007606493089e-07, "7.959183673469388": 0.8557414043534444, "7.142857142857143": 0.768310346570636, "5.3061224489795915": 5.000010623843011e-07, "6.73469387755102": 0.6838224531447226, "4.8979591836734695": 5.000009052333992e-07, "5.1020408163265305": 5.000009822384364e-07, "6.122448979591837": 0.47883629901828556, "8.36734693877551": 0.8823084618797922, "8.16326530612245": 0.8699714743087457, "9.591836734693878": 0.929794123851551, "9.795918367346939": 0.9345746100394726, "8.775510204081632": 0.902471101277834, "8.571428571428571": 0.8930627131395532, "9.387755102040817": 0.924276054330314, "8.979591836734695": 0.9107177903337558, "5.918367346938775": 0.4509236350771454, "9.183673469387756": 0.9179477714561868, "5.510204081632653": 0.3731514881163854, "10.0": 0.9386747546082327, "5.714285714285714": 0.4157642526985678, "6.326530612244898": 0.5042603513062582}