{"0.0": 0.0, "0.20408163265306123": 0.0, "0.40816326530612246": 0.0, "0.6122448979591837": 0.0, "0.8163265306122449": 0.0, "1.0204081632653061": 0.0, "2.4489795918367347": 0.204863536752428, "2.6530612244897958": 0.3015896698687752, "2.2448979591836737": 0.08862459811309985, "3.0612244897959187": 0.45227937490163367, "2.857142857142857": 0.3830265417425296, "3.4693877551020407": 0.5630124374803177, "3.2653061224489797": 0.5116803374710284, "1.2244897959183674": 0.0, "3.8775510204081636": 0.6467262319820352, "3.673469387755102": 0.6076631599529935, "1.4285714285714286": 0.0, "4.081632653061225": 0.6810762429957999, "4.285714285714286": 0.7114193902072969, "1.6326530612244898": 1e-323, "4.4897959183673475": 0.7383327597731042, "1.836734693877551": 1.5e-323, "4.8979591836734695": 0.7836904886476891, "4.6938775510204085": 0.7622914470728378, "2.0408163265306123": -1.04e-322, "5.3061224489795915": 0.8200807636037469, "5.1020408163265305": 0.8028607488648594, "5.510204081632653": 0.8355873178578492, "5.714285714285714": 0.8495820849793142, "5.918367346938775": 0.8622383873889109, "6.122448979591837": 0.8737053325013513, "6.326530612244898": 0.8841121303680372, "6.530612244897959": 0.893571055490072, "6.73469387755102": 0.9021796898738494, "6.938775510204081": 0.9100234878036043, "7.142857142857143": 0.9171769641369476, "7.346938775510204": 0.9237054791571695, "7.551020408163265": 0.9296660327669602, "7.755102040816327": 0.9351084382936932, "7.959183673469388": 0.9400760024353257, "8.16326530612245": 0.9446060195249154, "8.36734693877551": 0.948730522662241, "8.571428571428571": 0.9524764687990631, "8.775510204081632": 0.9558662547209342, "9.183673469387756": 0.961645437349548, "9.387755102040817": 0.9640588002390318, "8.979591836734695": 0.9589179461661091, "9.795918367346939": 0.9679650651959708, "9.591836734693878": 0.9661644144761766, "10.0": 0.9694602658984138}