{"0.0": 0.0, "0.20408163265306123": 0.0, "0.40816326530612246": 0.0, "0.6122448979591837": 0.0, "0.8163265306122449": 0.0, "1.0204081632653061": 0.0, "2.4489795918367347": 0.23462531605592596, "2.6530612244897958": 0.341423243963082, "2.2448979591836737": 0.10283880526092035, "3.0612244897959187": 0.5021003570644342, "2.857142857142857": 0.4291652251035076, "3.4693877551020407": 0.615220471202108, "3.2653061224489797": 0.5633429559481484, "1.2244897959183674": 0.0, "3.8775510204081636": 0.6975656880131937, "3.673469387755102": 0.6595050926080034, "1.4285714285714286": 0.0, "4.081632653061225": 0.7304755426931644, "4.285714285714286": 0.7590854438252679, "1.6326530612244898": 1e-323, "4.4897959183673475": 0.7840782105030932, "1.836734693877551": 1.5e-323, "4.8979591836734695": 0.825322364246911, "4.6938775510204085": 0.8060065281439573, "2.0408163265306123": -1.14e-322, "5.3061224489795915": 0.8575431045621321, "5.1020408163265305": 0.8423982524659984, "5.510204081632653": 0.8710155396021491, "5.714285714285714": 0.8830327410224423, "5.918367346938775": 0.8937786880477299, "6.326530612244898": 0.9120588637716281, "6.122448979591837": 0.9034095581766877, "6.530612244897959": 0.9198411058167909, "6.73469387755102": 0.9268545822282858, "6.938775510204081": 0.933184255353891, "7.142857142857143": 0.938903332766946, "7.346938775510204": 0.9440752070907943, "7.551020408163265": 0.9487544960804027, "7.755102040816327": 0.9529883046415993, "7.959183673469388": 0.9568170267184013, "8.16326530612245": 0.9602749514325898, "8.36734693877551": 0.9633910224090383, "8.571428571428571": 0.9661891247093319, "8.775510204081632": 0.968688597008422, "9.183673469387756": 0.9728478220582485, "9.387755102040817": 0.9745257983118921, "8.979591836734695": 0.9709045009365435, "9.795918367346939": 0.977096826044722, "9.591836734693878": 0.975942074123786, "10.0": 0.9779870489059757}