{"0.0": 0.0, "0.6122448979591837": 0.0, "0.40816326530612246": 0.0, "0.20408163265306123": 0.0, "0.8163265306122449": 0.0, "1.2244897959183674": 0.0, "1.0204081632653061": 0.0, "1.4285714285714286": 0.0, "1.836734693877551": 0.0, "2.0408163265306123": 0.0, "1.6326530612244898": 0.0, "2.2448979591836737": 0.0, "2.4489795918367347": 0.0, "2.6530612244897958": 0.0, "2.857142857142857": 0.0, "3.2653061224489797": 0.0, "3.0612244897959187": 0.0, "4.4897959183673475": 0.19740089106018502, "4.081632653061225": 0.07248303695089307, "4.6938775510204085": 0.25111925009835834, "4.285714285714286": 0.1381343943830672, "5.1020408163265305": 0.3445891067099835, "3.673469387755102": 2e-323, "4.8979591836734695": 0.2999911174134757, "5.3061224489795915": 0.3854182514043412, "5.510204081632653": 0.42289405627134824, "3.4693877551020407": 0.0, "5.714285714285714": 0.45738533213425636, "5.918367346938775": 0.48920068757805396, "6.122448979591837": 0.5186137059276544, "6.326530612244898": 0.5458639705708441, "6.530612244897959": 0.5711543394653699, "6.73469387755102": 0.5946708232498727, "3.8775510204081636": 7.22e-321, "6.938775510204081": 0.6165713835635577, "7.142857142857143": 0.6369997690343963, "7.346938775510204": 0.6560844294990736, "7.551020408163265": 0.6739354698970553, "7.755102040816327": 0.6906551622479822, "7.959183673469388": 0.7063358599005162, "8.16326530612245": 0.7210563396132617, "8.775510204081632": 0.7601668633616557, "8.36734693877551": 0.7348924932971771, "8.571428571428571": 0.7479089775462334, "9.387755102040817": 0.7929142801873099, "8.979591836734695": 0.7717219763359295, "9.183673469387756": 0.7826223752507008, "9.591836734693878": 0.8026402402855509, "9.795918367346939": 0.8118366058577459, "10.0": 0.8205396756526288}