{"0.0": 0.0, "0.6122448979591837": 0.0, "0.40816326530612246": 0.0, "0.20408163265306123": 0.0, "0.8163265306122449": 0.0, "1.2244897959183674": 0.0, "1.0204081632653061": 0.0, "1.4285714285714286": 0.0, "1.836734693877551": 0.0, "2.0408163265306123": 5e-324, "1.6326530612244898": 0.0, "2.2448979591836737": 0.0, "2.4489795918367347": 0.0, "2.6530612244897958": 0.0, "2.857142857142857": 0.0, "3.2653061224489797": 0.0, "3.0612244897959187": 0.0, "4.4897959183673475": 0.2695852526327058, "4.081632653061225": 0.10191603075254696, "4.6938775510204085": 0.3384090977541116, "4.285714285714286": 0.19133101791916307, "5.1020408163265305": 0.4531393800604395, "3.673469387755102": 4e-323, "4.8979591836734695": 0.3992146161166859, "5.3061224489795915": 0.5011488921140808, "5.510204081632653": 0.5440297624003223, "3.4693877551020407": 0.0, "5.714285714285714": 0.5824560601556732, "5.918367346938775": 0.6169859371003944, "6.122448979591837": 0.6480997289141606, "6.326530612244898": 0.6762083424186037, "6.530612244897959": 0.7016570754692044, "6.73469387755102": 0.7247511432836838, "3.8775510204081636": 1.031e-320, "6.938775510204081": 0.7457484533292679, "7.142857142857143": 0.7648767515054181, "7.346938775510204": 0.7823351304631968, "7.551020408163265": 0.7982937438281152, "7.755102040816327": 0.8129054024493282, "7.959183673469388": 0.8263051169422622, "8.16326530612245": 0.8386084814503293, "8.775510204081632": 0.8699363366926345, "8.36734693877551": 0.8499219497379571, "8.571428571428571": 0.8603368056159494, "9.387755102040817": 0.8945439146994673, "8.979591836734695": 0.8787951081162624, "9.183673469387756": 0.8869777221851765, "9.591836734693878": 0.9015475376689148, "9.795918367346939": 0.9080352009390937, "10.0": 0.9140510371343165}