{"0.0": 0.0, "0.6122448979591837": 0.0, "0.40816326530612246": 0.0, "0.20408163265306123": 0.0, "0.8163265306122449": 0.0, "1.2244897959183674": 0.0, "1.0204081632653061": 0.0, "1.4285714285714286": 0.0, "1.836734693877551": 0.0, "2.0408163265306123": 0.0, "1.6326530612244898": 0.0, "2.2448979591836737": 0.0, "2.4489795918367347": 0.0, "2.6530612244897958": 0.0, "2.857142857142857": 0.0, "3.2653061224489797": 0.0, "3.0612244897959187": 0.0, "4.4897959183673475": 0.23710228992507135, "4.081632653061225": 0.08867118354180274, "4.6938775510204085": 0.2991286663090228, "4.285714285714286": 0.16739253732791998, "5.1020408163265305": 0.40429175705273446, "3.673469387755102": 3e-323, "4.8979591836734695": 0.3545640417002413, "5.3061224489795915": 0.4490701037946979, "5.510204081632653": 0.489518694642284, "3.4693877551020407": 0.0, "5.714285714285714": 0.5261742325460355, "5.918367346938775": 0.5594825748153415, "6.122448979591837": 0.5898310185702329, "6.326530612244898": 0.6175533750871118, "6.530612244897959": 0.6429308442674788, "6.73469387755102": 0.6662149992684688, "3.8775510204081636": 8.913e-321, "6.938775510204081": 0.6876187719346983, "7.142857142857143": 0.7073321093934585, "7.346938775510204": 0.7255223150293412, "7.551020408163265": 0.7423325205591386, "7.755102040816327": 0.7578927943587225, "7.959183673469388": 0.7723189512734765, "8.16326530612245": 0.7857100176236488, "8.775510204081632": 0.820540073693694, "8.36734693877551": 0.798158694339606, "8.571428571428571": 0.8097442829845771, "9.387755102040817": 0.8488105791689964, "8.979591836734695": 0.8306121988151126, "9.183673469387756": 0.8400178160646624, "9.591836734693878": 0.8570392538464007, "9.795918367346939": 0.8647458331524874, "10.0": 0.8719709244675573}