{"2.888888888888889": 0.19536498991085244, "2.7777777777777777": 0.1192650989089205, "3.0": 0.26339740895315544, "2.6666666666666665": 0.0338344528145236, "2.111111111111111": 0.0, "2.0": 0.0, "2.2222222222222223": 0.0, "2.4444444444444446": -4e-323, "2.3333333333333335": -2.5e-323, "2.5555555555555554": 3e-323}