{"0.20408163265306123": 5.1982394918539186e-08, "1.0204081632653061": 3.046118533436138e-07, "0.8163265306122449": 2.3364391498640084e-07, "0.40816326530612246": 1.0792408596584706e-07, "1.6326530612244898": 5.595532689129863e-07, "1.4285714285714286": 4.6657780338077414e-07, "1.2244897959183674": 3.8195652065974966e-07, "1.836734693877551": 6.621842961239093e-07, "2.0408163265306123": 7.760573649336544e-07, "3.4693877551020407": 2.1395777217125912e-06, "2.6530612244897958": 1.2072320281913778e-06, "2.857142857142857": 1.391276819916431e-06, "3.673469387755102": 2.486270488646305e-06, "2.4489795918367347": 1.0458271163717425e-06, "3.2653061224489797": 1.8494484615597248e-06, "3.0612244897959187": 1.6030842090033256e-06, "0.0": 0.0, "3.8775510204081636": 2.907854448800365e-06, "0.6122448979591837": 1.6829532759934792e-07, "2.2448979591836737": 9.031266534456198e-07, "4.285714285714286": 4.09950282146651e-06, "4.081632653061225": 3.431533756592756e-06, "4.6938775510204085": 6.197541466669654e-06, "4.8979591836734695": 7.985454541552381e-06, "4.4897959183673475": 4.980920219281204e-06, "6.530612244897959": 0.19344875219850236, "6.938775510204081": 0.273740840765636, "7.142857142857143": 0.30918120845325997, "7.346938775510204": 0.34188493511744555, "6.73469387755102": 0.23527396957466565, "5.918367346938775": 0.04373840734090186, "6.326530612244898": 0.14788451361370536, "5.1020408163265305": 1.0870434705151381e-05, "5.510204081632653": 3.037771877539321e-05, "5.3061224489795915": 1.6308770681443414e-05, "7.755102040816327": 0.4000660783355137, "6.122448979591837": 0.09814447902182122, "7.959183673469388": 0.4259612726164644, "7.551020408163265": 0.3721057370735192, "8.16326530612245": 0.4499629310283113, "8.571428571428571": 0.492870582237412, "8.36734693877551": 0.4722218711255616, "5.714285714285714": 0.0001515901100070274, "8.775510204081632": 0.512025324651186, "8.979591836734695": 0.5297879260725944, "9.591836734693878": 0.5755557142050151, "9.183673469387756": 0.546247327390135, "9.795918367346939": 0.5885293557884432, "9.387755102040817": 0.5614809205851515, "10.0": 0.600451035707586}