{"0.20408163265306123": 6.02335687151327e-08, "1.0204081632653061": 3.5296294117593354e-07, "0.8163265306122449": 2.70730250698528e-07, "0.40816326530612246": 1.2505489326201322e-07, "1.6326530612244898": 6.483712481055239e-07, "1.4285714285714286": 5.40637772171373e-07, "1.2244897959183674": 4.425845398120908e-07, "1.836734693877551": 7.672929145562759e-07, "2.0408163265306123": 8.99241073653282e-07, "3.4693877551020407": 2.479193233095542e-06, "2.6530612244897958": 1.3988561596503273e-06, "2.857142857142857": 1.6121144103793568e-06, "3.673469387755102": 2.880916597955243e-06, "2.4489795918367347": 1.2118314205577331e-06, "3.2653061224489797": 2.143011709426348e-06, "3.0612244897959187": 1.8575420199562344e-06, "0.0": 0.0, "3.8775510204081636": 3.3694186470226436e-06, "0.6122448979591837": 1.9500887166273645e-07, "2.2448979591836737": 1.0464800905004798e-06, "4.285714285714286": 4.750217555032621e-06, "4.081632653061225": 3.976221654464621e-06, "4.6938775510204085": 7.181278207410869e-06, "4.8979591836734695": 9.252987008465456e-06, "4.4897959183673475": 5.771542476309966e-06, "6.530612244897959": 0.22415490334112173, "6.938775510204081": 0.31719176787129255, "7.142857142857143": 0.35825759074742825, "7.346938775510204": 0.3961523851360876, "6.73469387755102": 0.2726190441103269, "5.918367346938775": 0.05068101168072755, "6.326530612244898": 0.17135824593334123, "5.1020408163265305": 1.2595900531365883e-05, "5.510204081632653": 3.5199578898471483e-05, "5.3061224489795915": 1.8897464440402683e-05, "7.755102040816327": 0.46356863045226193, "6.122448979591837": 0.11372296775544363, "7.959183673469388": 0.4935741730317761, "7.551020408163265": 0.43117013978360147, "8.16326530612245": 0.5213856184931226, "8.571428571428571": 0.5711040079893821, "8.36734693877551": 0.5471777236851745, "5.714285714285714": 0.0001756520322303651, "8.775510204081632": 0.5932991857069296, "8.979591836734695": 0.613881247671419, "9.591836734693878": 0.6669137640788269, "9.183673469387756": 0.632953252372696, "9.795918367346939": 0.6819467138501006, "9.387755102040817": 0.6506048762335881, "10.0": 0.695760723915139}