{"0.8163265306122449": 6.703116950390609e-10, "0.20408163265306123": -4.0456527017340704e-13, "1.2244897959183674": 2.635791696015133e-09, "0.6122448979591837": -2.464406456681445e-11, "1.0204081632653061": 6.956235587551873e-11, "0.40816326530612246": -1.2160339402100817e-10, "1.6326530612244898": 3.974587325927814e-11, "3.8775510204081636": 0.6671949195929097, "1.4285714285714286": 2.0335599870691112e-10, "3.673469387755102": 0.6265447881952657, "3.4693877551020407": 0.5795248938753251, "3.0612244897959187": 0.46063011652340125, "3.2653061224489797": 0.5247936297715365, "2.857142857142857": 0.38479385973415003, "1.836734693877551": 2.372441354481225e-09, "2.6530612244897958": 0.29431808334591925, "2.4489795918367347": 0.18519738439615663, "2.0408163265306123": 4.6527803831963865e-10, "0.0": 0.0, "2.2448979591836737": 0.05190143142490089, "4.8979591836734695": 0.8055086614327819, "4.6938775510204085": 0.784390610076672, "4.4897959183673475": 0.7605116651993595, "4.285714285714286": 0.7334125730339739, "4.081632653061225": 0.7025351230109633, "5.510204081632653": 0.8558042429520064, "5.1020408163265305": 0.8242466566611963, "5.918367346938775": 0.8810551398081833, "6.326530612244898": 0.9014383572652191, "5.3061224489795915": 0.840922695802773, "6.122448979591837": 0.8917815886990702, "6.938775510204081": 0.9251327006459873, "6.530612244897959": 0.9101475387372607, "5.714285714285714": 0.8691175613797074, "6.73469387755102": 0.9180149589297375, "7.346938775510204": 0.9374308600764079, "7.142857142857143": 0.9315811794071623, "7.755102040816327": 0.9475742628281212, "7.551020408163265": 0.9427436841931028, "7.959183673469388": 0.9519708782855965, "8.36734693877551": 0.9596286460468019, "8.16326530612245": 0.9559763291186743, "8.775510204081632": 0.9660057271447481, "8.571428571428571": 0.9629617009827404, "9.591836734693878": 0.9757921517171514, "8.979591836734695": 0.968787764878811, "10.0": 0.9795352266459996, "9.795918367346939": 0.9777451565462644, "9.183673469387756": 0.9713320451488573, "9.387755102040817": 0.9736603205165422}