{"0.8163265306122449": 7.3439354597582e-10, "0.20408163265306123": -4.098943406916078e-13, "1.2244897959183674": 3.0165728803766e-09, "0.6122448979591837": -2.6365354344193292e-11, "1.0204081632653061": 7.793787837329091e-11, "0.40816326530612246": -1.2679546301797018e-10, "1.6326530612244898": 4.7333692521078774e-11, "3.8775510204081636": 0.747223070446823, "1.4285714285714286": 2.375140084609484e-10, "3.673469387755102": 0.7080569399047878, "3.4693877551020407": 0.661409038186199, "3.0612244897959187": 0.5377697470094953, "3.2653061224489797": 0.6054493008747236, "2.857142857142857": 0.45515141569719086, "1.836734693877551": 2.8788122996559196e-09, "2.6530612244897958": 0.3532130692172585, "2.4489795918367347": 0.2258671123383077, "2.0408163265306123": 5.74761127580814e-10, "0.0": 0.0, "2.2448979591836737": 0.06445030049856215, "4.8979591836734695": 0.8708408043028416, "4.6938775510204085": 0.8530787588539708, "4.4897959183673475": 0.8324650364777673, "4.285714285714286": 0.8084423154167284, "4.081632653061225": 0.7803179272715851, "5.510204081632653": 0.9111432134749623, "5.1020408163265305": 0.8862033454493368, "5.918367346938775": 0.9301474760240156, "6.326530612244898": 0.9447751018162335, "5.3061224489795915": 0.8995360431843056, "6.122448979591837": 0.9379307572332544, "6.938775510204081": 0.9608379665343951, "6.530612244897959": 0.9508059607315509, "5.714285714285714": 0.9212769839076861, "6.73469387755102": 0.9561299337821398, "7.346938775510204": 0.9687067776604705, "7.142857142857143": 0.9650079395108522, "7.755102040816327": 0.9749140359231614, "7.551020408163265": 0.9719921785933281, "7.959183673469388": 0.9775156173136532, "8.36734693877551": 0.9819036092393449, "8.16326530612245": 0.979834544060147, "8.775510204081632": 0.985403194753993, "8.571428571428571": 0.983751463884949, "8.979591836734695": 0.9868808126352016, "9.591836734693878": 0.9904512325371275, "10.0": 0.9922596191486478, "9.183673469387756": 0.9882036665180784, "9.387755102040817": 0.989388796064723, "9.795918367346939": 0.9914042565002226}