{"0.8163265306122449": 7.055567130542784e-10, "0.20408163265306123": -4.0749625895841747e-13, "1.2244897959183674": 2.84522134741394e-09, "0.6122448979591837": -2.5590773944372815e-11, "1.0204081632653061": 7.416889324929343e-11, "0.40816326530612246": -1.2445903196933728e-10, "1.6326530612244898": 4.391917385326849e-11, "3.8775510204081636": 0.7112104025625621, "1.4285714285714286": 2.221429040716316e-10, "3.673469387755102": 0.6713764716355028, "3.4693877551020407": 0.6245611732463058, "3.0612244897959187": 0.503056913290753, "3.2653061224489797": 0.5691542488782895, "2.857142857142857": 0.42349051551382255, "1.836734693877551": 2.6509453743273074e-09, "2.6530612244897958": 0.32671032557515584, "2.4489795918367347": 0.20756573476433973, "2.0408163265306123": 5.254937374132852e-10, "0.0": 0.0, "2.2448979591836737": 0.05880330941541459, "4.8979591836734695": 0.8414413400113148, "4.6938775510204085": 0.8221690919041864, "4.4897959183673475": 0.8000860194024838, "4.285714285714286": 0.7746789313444888, "4.081632653061225": 0.7453156653543054, "5.510204081632653": 0.8862406767396322, "5.1020408163265305": 0.8583228354946737, "5.918367346938775": 0.9080559247268911, "6.326530612244898": 0.9252735667682771, "5.3061224489795915": 0.873160036862616, "6.122448979591837": 0.9171636313928715, "6.938775510204081": 0.9447705968846116, "6.530612244897959": 0.9325096708341203, "5.714285714285714": 0.8978052437700957, "6.73469387755102": 0.938978195098559, "7.346938775510204": 0.9546326147476423, "7.142857142857143": 0.9499658974641918, "7.755102040816327": 0.9626111380303933, "7.551020408163265": 0.9588303561132268, "7.959183673469388": 0.9660204847510276, "8.36734693877551": 0.9718798758027005, "8.16326530612245": 0.9690983473364843, "8.775510204081632": 0.9766743343298327, "8.571428571428571": 0.9743960705789552, "9.591836734693878": 0.9838546461681383, "8.979591836734695": 0.9787389411448258, "10.0": 0.9865336425224562, "9.795918367346939": 0.9852576615209414, "9.183673469387756": 0.980611436901929, "9.387755102040817": 0.9823109820680416}