{"0.20408163265306123": 8.341675659437422e-08, "0.40816326530612246": 1.8850262693130997e-07, "0.6122448979591837": 3.2496143925786536e-07, "3.673469387755102": 0.7525791972457867, "0.8163265306122449": 5.093077416917968e-07, "3.8775510204081636": 0.785241298886489, "2.857142857142857": 0.5439510670166138, "3.4693877551020407": 0.7138219627683845, "3.0612244897959187": 0.6117353587607111, "3.2653061224489797": 0.6675110604976725, "2.4489795918367347": 0.3572490361127813, "1.4285714285714286": 1.8819213811871137e-06, "1.2244897959183674": 1.1770092155463201e-06, "1.6326530612244898": 3.4165476437763e-06, "2.2448979591836737": 0.226813404111893, "1.0204081632653061": 7.7211354853811e-07, "2.6530612244897958": 0.46071132364447603, "0.0": 0.0, "1.836734693877551": 9.340784258633474e-06, "2.0408163265306123": 0.05958675262665001, "4.081632653061225": 0.8129369761628292, "4.6938775510204085": 0.8741942959011267, "5.510204081632653": 0.9235294757671388, "5.3061224489795915": 0.9136293932987845, "5.1020408163265305": 0.9022820888752047, "4.8979591836734695": 0.8892378482673556, "6.122448979591837": 0.946457058273542, "5.714285714285714": 0.9321898315529942, "6.530612244897959": 0.9575134081641933, "6.326530612244898": 0.9523322783066317, "5.918367346938775": 0.9397838328588038, "6.73469387755102": 0.9620886593343401, "4.4897959183673475": 0.856782800041516, "7.142857142857143": 0.9697105046663472, "6.938775510204081": 0.9661330640390993, "4.285714285714286": 0.8365505913509897, "7.551020408163265": 0.9756737727758693, "7.346938775510204": 0.9728753494456223, "7.755102040816327": 0.9781448215719281, "7.959183673469388": 0.9803212762197695, "8.16326530612245": 0.982230345102716, "8.36734693877551": 0.9838942243679066, "8.571428571428571": 0.9853305490449015, "9.183673469387756": 0.9883893175869505, "8.979591836734695": 0.9875703867628701, "9.387755102040817": 0.9890119780846696, "8.775510204081632": 0.9865527573589898, "10.0": 0.9896784824916594, "9.591836734693878": 0.9894375228765483, "9.795918367346939": 0.9896619952624075}