{"0.40816326530612246": 6.050715484207103e-14, "0.0": 0.0, "2.6530612244897958": 2.669290344314845e-10, "2.857142857142857": 4.593043612111103e-09, "1.6326530612244898": 2.985878211347881e-11, "2.2448979591836737": 1.6262546864709293e-11, "0.20408163265306123": 0.0, "0.8163265306122449": -2.0539125955565396e-13, "3.2653061224489797": 0.10396113885134062, "4.081632653061225": 0.3020092670048039, "2.0408163265306123": -3.239719603698177e-11, "3.673469387755102": 0.21240921444530114, "0.6122448979591837": 1.1152856416174473e-11, "1.4285714285714286": 2.7730040486062535e-12, "4.285714285714286": 0.3412241436474799, "1.836734693877551": 2.817592825721249e-10, "1.2244897959183674": -1.0421641327695852e-10, "3.0612244897959187": 0.040662731756460846, "4.4897959183673475": 0.3773099772717853, "2.4489795918367347": 1.9644086357573087e-10, "1.0204081632653061": -6.73505695658605e-12, "4.8979591836734695": 0.4414713943354637, "4.6938775510204085": 0.4106245106338854, "5.510204081632653": 0.5216272159669599, "3.8775510204081636": 0.25924055180764716, "5.1020408163265305": 0.4701102162283217, "3.4693877551020407": 0.1609000306021584, "5.714285714285714": 0.5448671549187798, "5.3061224489795915": 0.49676435903605254, "5.918367346938775": 0.5666315176976594, "6.122448979591837": 0.5870498690158077, "6.530612244897959": 0.6242933840314187, "6.326530612244898": 0.6062366529233703, "7.142857142857143": 0.6725405548507096, "7.551020408163265": 0.70047971892981, "6.73469387755102": 0.6413104634868441, "7.346938775510204": 0.6868912689332112, "7.959183673469388": 0.7255781822037728, "9.183673469387756": 0.7872425026498875, "7.755102040816327": 0.7133592196382753, "6.938775510204081": 0.6573686946127151, "8.979591836734695": 0.7781817739167112, "8.775510204081632": 0.768675091609366, "8.571428571428571": 0.7586938397925749, "8.36734693877551": 0.7482069631131266, "8.16326530612245": 0.7371806844692008, "10.0": 0.8195258721405216, "9.591836734693878": 0.804129820983436, "9.387755102040817": 0.7958837018156615, "9.795918367346939": 0.8120035268276506}