{"0.40816326530612246": 1.2101430968414206e-13, "0.0": 0.0, "2.6530612244897958": 5.239751965646633e-10, "2.857142857142857": 9.150218027720314e-09, "1.6326530612244898": 5.97155658255133e-11, "2.2448979591836737": 3.2010394335202363e-11, "0.20408163265306123": 1.1102230246251565e-16, "0.8163265306122449": -4.105604745063829e-13, "3.2653061224489797": 0.19711435908120756, "4.081632653061225": 0.5128089338746442, "2.0408163265306123": -6.488742876342712e-11, "3.673469387755102": 0.37970075363689915, "1.4285714285714286": 5.5456750303051194e-12, "0.6122448979591837": 2.2305379765441558e-11, "4.285714285714286": 0.5660143663422923, "1.836734693877551": 5.63504687356442e-10, "1.2244897959183674": -2.0843260450931211e-10, "3.0612244897959187": 0.07967200565529942, "4.4897959183673475": 0.6122571276883321, "2.4489795918367347": 3.9046421651534047e-10, "1.0204081632653061": -1.3470335957777024e-11, "4.8979591836734695": 0.6880457761010759, "4.6938775510204085": 0.6526365196526385, "5.1020408163265305": 0.7192167849000424, "5.510204081632653": 0.7711594050073279, "3.8775510204081636": 0.45127543833138395, "3.4693877551020407": 0.2959112408949781, "5.714285714285714": 0.7928539828294365, "5.3061224489795915": 0.7467538402884333, "5.918367346938775": 0.8121915972458339, "6.122448979591837": 0.8294719574509893, "6.530612244897959": 0.8588440799662383, "7.142857142857143": 0.89276915631029, "7.551020408163265": 0.9102855873727493, "7.346938775510204": 0.9019613883690772, "6.326530612244898": 0.8449500980521351, "6.73469387755102": 0.8713411842216257, "7.959183673469388": 0.9246893065742838, "9.183673469387756": 0.9547218743249963, "7.755102040816327": 0.9178344483002787, "6.938775510204081": 0.8826029285902068, "8.979591836734695": 0.9507864962997362, "8.571428571428571": 0.941764622436653, "8.775510204081632": 0.9464804837577738, "8.16326530612245": 0.9309217348512909, "10.0": 0.9674040976211071, "8.36734693877551": 0.9365948852671312, "9.591836734693878": 0.9616170215492129, "9.387755102040817": 0.9583216168923316, "9.795918367346939": 0.964636127283183}