{"0.40816326530612246": 1.815214645262131e-13, "0.0": 0.0, "2.6530612244897958": 7.909041199738454e-10, "2.857142857142857": 1.3743261528809114e-08, "1.6326530612244898": 8.95743479389921e-11, "2.2448979591836737": 4.8272941199911656e-11, "0.8163265306122449": -6.159517340620368e-13, "0.20408163265306123": 0.0, "3.2653061224489797": 0.30107549793254806, "4.081632653061225": 0.8148182008794481, "2.0408163265306123": -9.728462480040889e-11, "3.673469387755102": 0.5921099680822004, "1.4285714285714286": 8.318790101213835e-12, "4.285714285714286": 0.9072385099897722, "0.6122448979591837": 3.345812515931357e-11, "1.836734693877551": 8.452640809508694e-10, "3.0612244897959187": 0.12033473741176015, "1.2244897959183674": -3.1264901778627063e-10, "4.4897959183673475": 0.9895671049601172, "2.4489795918367347": 5.869049690687689e-10, "1.0204081632653061": -2.0205392914363074e-11, "5.1020408163265305": 1.189327001128364, "5.510204081632653": 1.292786620974288, "4.6938775510204085": 1.0632610302865237, "4.8979591836734695": 1.1295171704365394, "3.8775510204081636": 0.7105159901390311, "3.4693877551020407": 0.4568112714971364, "5.714285714285714": 1.3377211377482163, "5.3061224489795915": 1.2435181993244857, "6.122448979591837": 1.4165218264667971, "6.530612244897959": 1.4831374639976571, "5.918367346938775": 1.378823114943493, "7.142857142857143": 1.5653097111609995, "7.551020408163265": 1.6107653063025593, "7.346938775510204": 1.5888526573022883, "9.183673469387756": 1.7419643769748838, "6.73469387755102": 1.5126516477084697, "6.326530612244898": 1.4511867509755052, "7.959183673469388": 1.6502674887780566, "6.938775510204081": 1.539971623202922, "8.979591836734695": 1.7289682702164475, "7.755102040816327": 1.631193667938554, "8.571428571428571": 1.7004584622292278, "8.775510204081632": 1.71515557536714, "10.0": 1.7869299697616288, "8.16326530612245": 1.6681024193204919, "8.36734693877551": 1.6848018483802578, "9.591836734693878": 1.765746842532649, "9.387755102040817": 1.7542053187079931, "9.795918367346939": 1.7766396541108336}