{"1.836734693877551": 1.0877965195277284e-12, "0.20408163265306123": 4.440892098500626e-16, "0.8163265306122449": -1.0089928892398348e-11, "0.40816326530612246": 3.5984548674150574e-12, "1.4285714285714286": -1.2726708575883094e-11, "2.2448979591836737": 0.07700908518434124, "2.4489795918367347": 0.1288330187520299, "0.0": 0.0, "2.6530612244897958": 0.17551382218763123, "3.8775510204081636": 0.3843568875795619, "1.0204081632653061": 5.311306949806749e-13, "3.2653061224489797": 0.29230255344342726, "0.6122448979591837": -1.6009416015094757e-13, "2.0408163265306123": 0.018918806331115312, "1.6326530612244898": 3.414268867629744e-12, "1.2244897959183674": 3.7456038270988756e-11, "2.857142857142857": 0.2179027003945242, "3.0612244897959187": 0.2566588967525738, "3.4693877551020407": 0.3252507046021227, "3.673469387755102": 0.35584243663545945, "4.285714285714286": 0.4360462066071923, "4.4897959183673475": 0.4595819546856993, "4.081632653061225": 0.411026384487415, "4.6938775510204085": 0.48177519769145316, "4.8979591836734695": 0.5027478525787286, "5.918367346938775": 0.592573025667106, "5.510204081632653": 0.5593340852945541, "5.1020408163265305": 0.5226056229017928, "5.3061224489795915": 0.5414407272272715, "6.122448979591837": 0.6080382967710398, "6.326530612244898": 0.622803361872088, "7.142857142857143": 0.6757055054530728, "5.714285714285714": 0.5763570854870317, "6.938775510204081": 0.6633292583892261, "7.755102040816327": 0.7098701113138774, "6.73469387755102": 0.6504098479020494, "6.530612244897959": 0.6369135717400729, "7.346938775510204": 0.6875693407992545, "7.551020408163265": 0.6989489207478776, "8.36734693877551": 0.7401129349691549, "7.959183673469388": 0.7203567513032092, "8.16326530612245": 0.7304308800182244, "9.183673469387756": 0.7752821563324273, "8.775510204081632": 0.75837557570789, "8.571428571428571": 0.749421924030274, "9.591836734693878": 0.7909535206406175, "9.795918367346939": 0.7983599785216167, "9.387755102040817": 0.7832652488573604, "8.979591836734695": 0.7669904705638458, "10.0": 0.805496931782667}