{"1.836734693877551": 4.68114436102951e-12, "0.8163265306122449": -4.3723247244997765e-11, "0.40816326530612246": 1.559330442546525e-11, "0.20408163265306123": 1.9984014443252818e-15, "1.4285714285714286": -5.5149218525230026e-11, "2.2448979591836737": 0.3114276022156339, "2.4489795918367347": 0.49738439389294653, "0.0": 0.0, "2.6530612244897958": 0.6499671817265383, "1.0204081632653061": 2.3012702854430245e-12, "3.8775510204081636": 1.185855558929139, "3.2653061224489797": 0.97644439751312, "0.6122448979591837": -6.938893903907228e-13, "1.6326530612244898": 1.4792278513198198e-11, "1.2244897959183674": 1.623103873527043e-10, "2.0408163265306123": 0.0806012634244696, "2.857142857142857": 0.777142246870913, "3.4693877551020407": 1.0558028070386225, "3.0612244897959187": 0.8845867503003721, "3.673469387755102": 1.1250045789384533, "4.285714285714286": 1.2878586472763178, "4.4897959183673475": 1.33102384347912, "4.081632653061225": 1.2397676218164535, "4.8979591836734695": 1.4053411316845008, "4.6938775510204085": 1.3699875033160374, "5.510204081632653": 1.4942164855126578, "5.918367346938775": 1.5424350885709095, "5.1020408163265305": 1.4375719266055103, "5.3061224489795915": 1.4670843241169162, "7.142857142857143": 1.6522736655316423, "6.122448979591837": 1.563967964516111, "7.755102040816327": 1.6937017593145862, "6.326530612244898": 1.5840275610572108, "5.714285714285714": 1.51925304889681, "6.938775510204081": 1.636781789434318, "6.73469387755102": 1.6203120966942612, "6.530612244897959": 1.6027652847064557, "8.775510204081632": 1.7495868277863642, "9.183673469387756": 1.7683795391126347, "8.571428571428571": 1.7395006266083843, "7.959183673469388": 1.7060552333982952, "7.346938775510204": 1.6668747414917917, "7.551020408163265": 1.6806615706824433, "9.591836734693878": 1.7855269579413005, "8.16326530612245": 1.717775302505591, "9.795918367346939": 1.7935469649745839, "8.36734693877551": 1.7289095568117634, "9.387755102040817": 1.7771456781681387, "8.979591836734695": 1.759202712304753, "10.0": 1.801227302612898}