{"3.8775510204081636": 0.25924055206002505, "1.836734693877551": 8.501011006245562e-11, "1.4285714285714286": -1.021405182655144e-14, "2.4489795918367347": 8.138123508416584e-11, "0.20408163265306123": 1.6653345369377348e-15, "0.40816326530612246": 1.1430856261540612e-12, "2.2448979591836737": -2.7080804265722236e-10, "0.8163265306122449": 3.169686735304822e-13, "1.2244897959183674": 0.0, "0.6122448979591837": 9.43689570931383e-15, "3.673469387755102": 0.21240921441448746, "1.0204081632653061": 4.3653969328261155e-12, "1.6326530612244898": 9.53570555850547e-13, "2.0408163265306123": -9.00968188943807e-12, "3.2653061224489797": 0.10396113891892622, "3.0612244897959187": 0.040662731762187376, "2.6530612244897958": 3.30735883125044e-10, "0.0": 0.0, "3.4693877551020407": 0.16090003036743783, "4.081632653061225": 0.3020092670593246, "2.857142857142857": 4.591247937391074e-09, "4.6938775510204085": 0.41062451048571424, "5.510204081632653": 0.5216272159643294, "4.4897959183673475": 0.3773099768964734, "4.285714285714286": 0.3412241436632516, "5.1020408163265305": 0.4701102162073695, "5.714285714285714": 0.5448671549178798, "6.326530612244898": 0.6062366529556942, "6.122448979591837": 0.5870498690894999, "4.8979591836734695": 0.4414713942788314, "5.3061224489795915": 0.49676435902853244, "5.918367346938775": 0.5666315178775629, "6.938775510204081": 0.6573686946155219, "6.530612244897959": 0.6242933840456755, "7.346938775510204": 0.6868912689337756, "6.73469387755102": 0.6413104634931555, "7.755102040816327": 0.7133592196383916, "7.142857142857143": 0.6725405548519654, "7.551020408163265": 0.7004797189300659, "8.571428571428571": 0.7586938398712342, "7.959183673469388": 0.7255781822038259, "8.16326530612245": 0.737180684469225, "8.775510204081632": 0.7686750916546479, "8.979591836734695": 0.7781817739425227, "8.36734693877551": 0.7482069631009316, "9.387755102040817": 0.7958837018237627, "10.0": 0.8195258721417973, "9.183673469387756": 0.7872425026644387, "9.795918367346939": 0.8120035268300538, "9.591836734693878": 0.8041298209878822}