{"3.8775510204081636": 0.4512754382315064, "1.836734693877551": 1.6791457113640718e-10, "1.4285714285714286": -1.9761969838327786e-14, "2.4489795918367347": 1.5833012678712066e-10, "0.20408163265306123": 3.3306690738754696e-15, "0.40816326530612246": 2.2289947665399268e-12, "2.2448979591836737": -5.379579004483048e-10, "0.8163265306122449": 6.199485369506874e-13, "1.2244897959183674": 1.1102230246251565e-16, "0.6122448979591837": 1.8540724511240114e-14, "3.673469387755102": 0.3797007532989898, "1.0204081632653061": 8.553491248619594e-12, "1.6326530612244898": 1.8778312238509898e-12, "2.0408163265306123": -1.7969181698163084e-11, "3.2653061224489797": 0.19711435910265007, "3.0612244897959187": 0.07967200560918697, "2.6530612244897958": 6.449862866020339e-10, "0.0": 0.0, "3.4693877551020407": 0.29591124032846605, "4.081632653061225": 0.5128089331789107, "2.857142857142857": 9.12180808665397e-09, "4.6938775510204085": 0.6526365165679194, "5.510204081632653": 0.771159391780456, "4.4897959183673475": 0.6122571253124446, "4.285714285714286": 0.5660143651380279, "5.1020408163265305": 0.7192167784581198, "5.714285714285714": 0.7928539643022215, "6.326530612244898": 0.8449500515042305, "6.122448979591837": 0.8294719227649976, "4.8979591836734695": 0.6880457716772364, "5.3061224489795915": 0.7467538309903726, "5.918367346938775": 0.8121915718422413, "6.530612244897959": 0.8588440183948756, "6.938775510204081": 0.8826028250078103, "7.346938775510204": 0.9019612223426573, "6.73469387755102": 0.8713411038552489, "7.755102040816327": 0.9178341937960629, "7.142857142857143": 0.892769024408709, "7.551020408163265": 0.9102853807092773, "8.571428571428571": 0.9417640924853118, "7.959183673469388": 0.9246889963705113, "8.775510204081632": 0.946479861627442, "8.16326530612245": 0.9309213604929739, "8.979591836734695": 0.9507857721972429, "8.36734693877551": 0.9365944377789898, "9.387755102040817": 0.9583206597242798, "10.0": 0.9674027237546864, "9.183673469387756": 0.9547210384778889, "9.795918367346939": 0.9646349004475351, "9.591836734693878": 0.9616159338631227}