{"3.8775510204081636": 0.4128684609972102, "1.836734693877551": 1.5133367892161688e-10, "1.4285714285714286": -1.785238623597252e-14, "2.4489795918367347": 1.429403484465297e-10, "0.20408163265306123": 2.9976021664879227e-15, "0.40816326530612246": 2.0118129384627536e-12, "2.2448979591836737": -4.845279288900884e-10, "0.8163265306122449": 5.593525642666463e-13, "1.2244897959183674": 8.881784197001253e-17, "0.6122448979591837": 1.6719958750854857e-14, "3.673469387755102": 0.3462424455220894, "1.0204081632653061": 7.715872385460897e-12, "1.6326530612244898": 1.6929790902509012e-12, "2.0408163265306123": -1.617728173641808e-11, "3.2653061224489797": 0.17848371506590532, "3.0612244897959187": 0.07187015083978705, "2.6530612244897958": 5.821362059066359e-10, "0.0": 0.0, "3.4693877551020407": 0.2689089983362604, "4.081632653061225": 0.47064899995499354, "2.857142857142857": 8.215696056801392e-09, "4.6938775510204085": 0.6042341153514784, "5.510204081632653": 0.7212529566172307, "4.4897959183673475": 0.5652676956292504, "4.285714285714286": 0.5210563208430727, "5.1020408163265305": 0.6693954660079697, "5.714285714285714": 0.7432566024253533, "6.326530612244898": 0.7972073717945234, "6.122448979591837": 0.7809875120298981, "4.8979591836734695": 0.6387308961975553, "5.3061224489795915": 0.6967559365980046, "5.918367346938775": 0.7630795610493057, "6.938775510204081": 0.8375559989293527, "6.530612244897959": 0.8119338915250356, "7.346938775510204": 0.858947231660881, "6.73469387755102": 0.8253349757828302, "7.755102040816327": 0.8769391989645287, "7.142857142857143": 0.8487233304973603, "7.551020408163265": 0.8683242483534351, "8.571428571428571": 0.9051500419624963, "7.959183673469388": 0.8848668335371742, "8.16326530612245": 0.8921732252882242, "8.775510204081632": 0.9109189076328833, "8.979591836734695": 0.9162649725462989, "8.36734693877551": 0.8989169428433781, "9.387755102040817": 0.9258332681441765, "10.0": 0.9378273534321087, "9.183673469387756": 0.9212253313151989, "9.795918367346939": 0.934108625724039, "9.591836734693878": 0.9301187112880747}