{"0.40816326530612246": 3.3763651713609126e-08, "0.20408163265306123": 1.6276854707359915e-08, "1.4285714285714286": 1.4524980619922508e-07, "0.8163265306122449": 7.29590320905439e-08, "0.6122448979591837": 5.260257318297714e-08, "1.836734693877551": 2.0567146928842033e-07, "1.2244897959183674": 1.1903337595275e-07, "2.0408163265306123": 2.4074057028950244e-07, "1.0204081632653061": 9.502662003909036e-08, "3.4693877551020407": 6.558664628435158e-07, "2.4489795918367347": 3.235414223361058e-07, "1.6326530612244898": 1.7399925491684026e-07, "3.0612244897959187": 4.934844532497171e-07, "2.2448979591836737": 2.7978919360876526e-07, "2.6530612244897958": 3.729084882528993e-07, "3.8775510204081636": 8.865187885089062e-07, "3.2653061224489797": 5.681934289953071e-07, "2.857142857142857": 4.290534163953905e-07, "3.673469387755102": 7.602153512832524e-07, "0.0": 0.0, "4.081632653061225": 1.0425467082468548e-06, "4.285714285714286": 1.2402264626166926e-06, "4.4897959183673475": 1.498852657765056e-06, "4.6938775510204085": 1.851813760271427e-06, "5.1020408163265305": 3.166389182141156e-06, "6.530612244897959": 0.08709992883664285, "6.73469387755102": 0.10730549160136274, "4.8979591836734695": 2.3623347316676086e-06, "6.326530612244898": 0.06509056447827799, "7.346938775510204": 0.15882061989600776, "7.551020408163265": 0.17342716788058538, "6.122448979591837": 0.041066722590817076, "7.142857142857143": 0.14301595236402742, "5.3061224489795915": 4.619570675050451e-06, "6.938775510204081": 0.1258908301053838, "5.714285714285714": 2.579260546142436e-05, "5.918367346938775": 0.014793906400707456, "7.959183673469388": 0.19946190443629688, "7.755102040816327": 0.18694286744254093, "5.510204081632653": 8.040630252477512e-06, "8.16326530612245": 0.21106704213466349, "8.571428571428571": 0.23181776247918348, "8.36734693877551": 0.22183102400006718, "8.775510204081632": 0.2410833512750537, "9.795918367346939": 0.2781097360988315, "8.979591836734695": 0.24967693168837543, "9.591836734693878": 0.27182772034158237, "9.387755102040817": 0.2650142432566948, "10.0": 0.28388408666458426, "9.183673469387756": 0.25764143810348844}