{"0.40816326530612246": 4.617675888733261e-08, "0.20408163265306123": 2.222817268213372e-08, "1.4285714285714286": 2.0016466529954825e-07, "0.8163265306122449": 1.000813484980074e-07, "0.6122448979591837": 7.20489956195361e-08, "1.836734693877551": 2.843221237351314e-07, "1.2244897959183674": 1.6378276443753002e-07, "2.0408163265306123": 3.3333309311962803e-07, "1.0204081632653061": 1.305505895368246e-07, "3.4693877551020407": 9.187387572092378e-07, "2.4489795918367347": 4.494330185401358e-07, "1.6326530612244898": 2.401586652983032e-07, "3.0612244897959187": 6.889238215871246e-07, "2.2448979591836737": 3.8802485268629603e-07, "2.6530612244897958": 5.188609192967061e-07, "3.8775510204081636": 1.2461612273170547e-06, "3.2653061224489797": 7.945652872090516e-07, "2.857142857142857": 5.979720700894618e-07, "3.673469387755102": 1.0667537497812953e-06, "0.0": 0.0, "4.081632653061225": 1.468075868222211e-06, "4.285714285714286": 1.7495595373677995e-06, "4.4897959183673475": 2.1182129590971653e-06, "4.6938775510204085": 2.621798134248786e-06, "5.1020408163265305": 4.499603276265452e-06, "6.530612244897959": 0.12459648957749402, "6.73469387755102": 0.15350056477180754, "4.8979591836734695": 3.3507581939840414e-06, "6.326530612244898": 0.09311207462662686, "7.346938775510204": 0.22719300081789118, "7.551020408163265": 0.24808768047347482, "6.122448979591837": 0.05874594780952406, "7.142857142857143": 0.20458441010188183, "5.3061224489795915": 6.5770100640547556e-06, "6.938775510204081": 0.1800869077447111, "5.714285714285714": 3.6862268188239595e-05, "5.918367346938775": 0.021162661287224004, "7.959183673469388": 0.2853303938631354, "7.755102040816327": 0.2674219005062514, "5.510204081632653": 1.1469452904177657e-05, "8.16326530612245": 0.3019315534780423, "8.571428571428571": 0.3316154770516886, "8.36734693877551": 0.3173294389373555, "8.775510204081632": 0.3448699099120336, "9.795918367346939": 0.3978361856754495, "8.979591836734695": 0.3571630341917348, "9.591836734693878": 0.38884975666769495, "9.387755102040817": 0.37910307176302394, "10.0": 0.4060963991795216, "9.183673469387756": 0.3685562675648452}