{"0.40816326530612246": 7.994041060094174e-08, "0.20408163265306123": 3.850502738949364e-08, "1.4285714285714286": 3.4541447149877343e-07, "0.8163265306122449": 1.7304038058855123e-07, "0.6122448979591837": 1.246515688025132e-07, "1.836734693877551": 4.899935930235518e-07, "1.2244897959183674": 2.8281614039027987e-07, "2.0408163265306123": 5.740736634091305e-07, "1.0204081632653061": 2.2557720957591506e-07, "3.4693877551020407": 1.5746052200527536e-06, "2.4489795918367347": 7.729744408762416e-07, "1.6326530612244898": 4.1415792021514353e-07, "3.0612244897959187": 1.182408274836841e-06, "2.2448979591836737": 6.678140462950615e-07, "2.6530612244897958": 8.917694075496057e-07, "3.8775510204081636": 2.13268001582596e-06, "3.2653061224489797": 1.3627587162043586e-06, "2.857142857142857": 1.0270254864848522e-06, "3.673469387755102": 1.8269691010645476e-06, "0.0": 0.0, "4.081632653061225": 2.5106225764690656e-06, "4.285714285714286": 2.989785999984492e-06, "4.4897959183673475": 3.617065616862221e-06, "4.6938775510204085": 4.473611894520212e-06, "5.1020408163265305": 7.665992458406608e-06, "6.530612244897959": 0.21169641841413683, "6.73469387755102": 0.26080605637317017, "4.8979591836734695": 5.7130929256516504e-06, "6.326530612244898": 0.15820263910490484, "7.346938775510204": 0.3860136207138989, "7.551020408163265": 0.4215148483540603, "6.122448979591837": 0.09981267040034111, "7.142857142857143": 0.34760036246590914, "5.3061224489795915": 1.1196580739105211e-05, "6.938775510204081": 0.30597773785009497, "5.714285714285714": 6.265487364966395e-05, "5.918367346938775": 0.03595656768793145, "7.959183673469388": 0.4847922982994324, "7.755102040816327": 0.4543647679487922, "5.510204081632653": 1.9510083156655164e-05, "8.16326530612245": 0.5129985956127057, "8.571428571428571": 0.563433239530872, "8.36734693877551": 0.5391604629374227, "8.775510204081632": 0.5859532611870872, "9.795918367346939": 0.6759459217742809, "8.979591836734695": 0.6068399658801102, "9.591836734693878": 0.6606774770092774, "9.387755102040817": 0.6441173150197188, "10.0": 0.6899804858441058, "9.183673469387756": 0.6261977056683337}