{"0.0": 0.0, "0.20408163265306123": 0.0, "0.6122448979591837": 0.0, "0.40816326530612246": 0.0, "0.8163265306122449": 0.0, "1.0204081632653061": 0.0, "1.2244897959183674": 0.0, "1.6326530612244898": 0.0, "1.836734693877551": 0.0, "1.4285714285714286": 0.0, "2.0408163265306123": 0.0, "2.4489795918367347": 0.0, "2.2448979591836737": 0.0, "2.857142857142857": 0.0, "2.6530612244897958": 0.0, "3.2653061224489797": 0.0, "3.0612244897959187": 0.0, "3.4693877551020407": 0.0, "3.673469387755102": 0.0, "3.8775510204081636": 0.0, "4.081632653061225": 0.0, "4.285714285714286": 0.0, "4.6938775510204085": 0.0, "4.4897959183673475": 0.0, "4.8979591836734695": 0.0, "5.510204081632653": 0.0, "5.1020408163265305": 0.0, "5.714285714285714": 0.0, "7.959183673469388": 0.036964931265351615, "5.918367346938775": 0.0, "5.3061224489795915": 0.0, "6.122448979591837": 0.0, "8.775510204081632": 0.16850717684214078, "8.16326530612245": 0.07248401559805417, "8.36734693877551": 0.106166402446977, "8.571428571428571": 0.13813299909054305, "6.326530612244898": 0.0, "8.979591836734695": 0.19740252521798243, "6.530612244897959": 0.0, "9.183673469387756": 0.22490897256516867, "9.387755102040817": 0.2511207180406534, "9.591836734693878": 0.2761251584806089, "6.938775510204081": 0.0, "9.795918367346939": 0.2999903301440569, "6.73469387755102": 3.5e-323, "7.142857142857143": 0.0, "10.0": 0.32279255988521666, "7.551020408163265": 4e-323, "7.346938775510204": 0.0, "7.755102040816327": 2e-322}