{"1.4285714285714286": 6.81607475851233e-07, "0.20408163265306123": 5.194193143725139e-07, "1.0204081632653061": 6.1662181284587e-07, "1.836734693877551": 7.63137849437336e-07, "0.40816326530612246": 5.405317032602977e-07, "2.4489795918367347": 9.337897581442044e-07, "2.0408163265306123": 8.122422871241327e-07, "0.8163265306122449": 5.888229169214887e-07, "3.8775510204081636": 2.049088844258419e-06, "1.2244897959183674": 6.473812627750607e-07, "3.2653061224489797": 1.347008027068226e-06, "2.2448979591836737": 8.685507385050583e-07, "0.0": 5e-07, "0.6122448979591837": 5.635724994090757e-07, "2.6530612244897958": 1.0102862348011391e-06, "3.4693877551020407": 1.518801240499365e-06, "3.673469387755102": 1.7432590415046392e-06, "3.0612244897959187": 1.2112560783997873e-06, "2.857142857142857": 1.101253196501427e-06, "1.6326530612244898": 7.19929314053555e-07, "4.081632653061225": 2.490501414481321e-06, "4.4897959183673475": 4.4301599331181405e-06, "7.346938775510204": 0.5128993941987341, "4.6938775510204085": 7.33501607811223e-06, "6.530612244897959": 0.38622308415388656, "6.122448979591837": 0.3063263379206199, "6.73469387755102": 0.42162227892839566, "4.285714285714286": 3.1836176487872248e-06, "5.3061224489795915": 0.09925746461464623, "5.918367346938775": 0.26113795273304263, "7.755102040816327": 0.5634168512459565, "5.1020408163265305": 0.03460017219017349, "5.510204081632653": 0.15813809424240394, "6.326530612244898": 0.3478982179984382, "6.938775510204081": 0.4543761941931641, "7.959183673469388": 0.5860775882660679, "5.714285714285714": 0.21190661012679474, "7.142857142857143": 0.4847301762547481, "4.8979591836734695": 2.1790416073204915e-05, "7.551020408163265": 0.5390728730789303, "8.36734693877551": 0.6268482741370148, "8.16326530612245": 0.6071837245485125, "8.571428571428571": 0.645170316565111, "9.591836734693878": 0.7193015347377483, "9.183673469387756": 0.6928921343841874, "9.387755102040817": 0.7066028061756381, "9.795918367346939": 0.7310281779593728, "10.0": 0.7418155868756968, "8.775510204081632": 0.6622364416355432, "8.979591836734695": 0.6781219912094939}