{"1.4285714285714286": 6.452983221364988e-07, "0.20408163265306123": 5.157516820451456e-07, "1.0204081632653061": 5.937520719030268e-07, "1.836734693877551": 7.094801082827123e-07, "2.4489795918367347": 8.426088824015489e-07, "0.40816326530612246": 5.328053965590413e-07, "2.0408163265306123": 7.479308335858168e-07, "0.8163265306122449": 5.715698551209892e-07, "3.8775510204081636": 1.6982620487697347e-06, "1.2244897959183674": 6.182000127680387e-07, "3.2653061224489797": 1.1613452082543279e-06, "2.2448979591836737": 7.918701579072155e-07, "0.0": 5e-07, "0.6122448979591837": 5.51340168499461e-07, "2.6530612244897958": 9.019133936414013e-07, "3.4693877551020407": 1.2930646344915374e-06, "3.673469387755102": 1.4647751226211196e-06, "3.0612244897959187": 1.05700149672563e-06, "2.857142857142857": 9.722225474468996e-07, "1.6326530612244898": 6.755247375190779e-07, "4.081632653061225": 2.034664014005265e-06, "4.4897959183673475": 3.509533094173459e-06, "7.346938775510204": 0.4329199807332201, "4.6938775510204085": 5.715408199102449e-06, "6.530612244897959": 0.3165846808153381, "6.122448979591837": 0.24679087548837353, "6.73469387755102": 0.34835454119186554, "4.285714285714286": 2.5621001103197157e-06, "5.3061224489795915": 0.07672187803992342, "5.918367346938775": 0.20841085782761043, "7.755102040816327": 0.48152445088276463, "5.1020408163265305": 0.026423097224220104, "6.326530612244898": 0.2827861482219912, "5.510204081632653": 0.12362780115640543, "6.938775510204081": 0.3782461835767038, "7.959183673469388": 0.5037863968006208, "5.714285714285714": 0.16743538937393987, "7.142857142857143": 0.40639440245358843, "4.8979591836734695": 1.668647313083382e-05, "7.551020408163265": 0.4579310849028377, "8.36734693877551": 0.5446143141090624, "8.16326530612245": 0.5247936929127097, "8.571428571428571": 0.5633080963708494, "9.591836734693878": 0.6414670776846277, "9.183673469387756": 0.6131164132352431, "9.387755102040817": 0.627757452445295, "9.795918367346939": 0.6542666760661568, "10.0": 0.6661726287835793, "8.775510204081632": 0.5809273154083837, "8.979591836734695": 0.597517202871759}