{"0.6122448979591837": 1.7697174585676282e-07, "0.20408163265306123": 4.8136918184646595e-08, "0.40816326530612246": 1.060278578197079e-07, "0.8163265306122449": 2.6594417976034736e-07, "1.2244897959183674": 5.348291540690481e-07, "3.8775510204081636": 0.33807017987129767, "2.857142857142857": 0.15157675722754316, "3.673469387755102": 0.3122668055735965, "3.2653061224489797": 0.24603324278870528, "1.6326530612244898": 1.0816179069556153e-06, "1.0204081632653061": 3.808176769809386e-07, "3.0612244897959187": 0.20318473940340728, "1.836734693877551": 1.6407701048451932e-06, "0.0": 0.0, "2.6530612244897958": 0.08875988018828053, "2.0408163265306123": 2.797872778745924e-06, "3.4693877551020407": 0.2819375278887691, "2.2448979591836737": 6.6140905955908485e-06, "1.4285714285714286": 7.520872862860457e-07, "4.6938775510204085": 0.4099639850308319, "5.1020408163265305": 0.4334141104892985, "4.4897959183673475": 0.3956496012881017, "4.8979591836734695": 0.42246151573550716, "4.081632653061225": 0.3601627754531305, "5.714285714285714": 0.45905960192055784, "2.4489795918367347": 0.01139562313774235, "5.3061224489795915": 0.443045830511144, "5.510204081632653": 0.45154258465575914, "6.530612244897959": 0.4816535670432111, "7.551020408163265": 0.49879992539633716, "7.346938775510204": 0.4960720134845911, "6.938775510204081": 0.48964730312847293, "6.73469387755102": 0.4858706640425461, "6.326530612244898": 0.47693782743293855, "4.285714285714286": 0.3791858601402865, "7.142857142857143": 0.4930334404733169, "7.755102040816327": 0.5012488484664035, "6.122448979591837": 0.47165554110258806, "5.918367346938775": 0.46572724029541857, "8.571428571428571": 0.508738609115172, "8.16326530612245": 0.5054140814337482, "7.959183673469388": 0.5034458803721379, "8.979591836734695": 0.5113410537871055, "8.36734693877551": 0.5071729149827122, "8.775510204081632": 0.5101244549171615, "9.591836734693878": 0.5140451766710253, "9.387755102040817": 0.5132966793811595, "10.0": 0.5150918691452839, "9.795918367346939": 0.5146436570874637, "9.183673469387756": 0.512396524535828}