{"0.6122448979591837": 3.362463171278494e-07, "0.20408163265306123": 9.146014455082851e-08, "0.40816326530612246": 2.0145292985744497e-07, "0.8163265306122449": 5.052939415446598e-07, "1.2244897959183674": 1.0161753927311917e-06, "3.8775510204081636": 0.6423333417554656, "2.857142857142857": 0.2879958387323319, "3.673469387755102": 0.5933069305898332, "3.2653061224489797": 0.4674631612985401, "1.6326530612244898": 2.0550740232156706e-06, "1.0204081632653061": 7.23553586263783e-07, "3.0612244897959187": 0.3860510048664738, "1.836734693877551": 3.117463199205866e-06, "2.6530612244897958": 0.16864377235773292, "0.0": 0.0, "2.0408163265306123": 5.315958279617257e-06, "3.4693877551020407": 0.5356813029886611, "2.2448979591836737": 1.2566772131622614e-05, "1.4285714285714286": 1.4289658439434868e-06, "4.6938775510204085": 0.7789315715585807, "5.1020408163265305": 0.8234868099296669, "4.4897959183673475": 0.7517342424473931, "4.8979591836734695": 0.8026768798974637, "4.081632653061225": 0.6843092733609479, "5.714285714285714": 0.8722132436490597, "2.4489795918367347": 0.021651683961710463, "5.3061224489795915": 0.8417870779711738, "5.510204081632653": 0.8579309108459421, "6.530612244897959": 0.9151417773821011, "7.551020408163265": 0.9477198582530407, "7.346938775510204": 0.942536825620723, "6.938775510204081": 0.9303298759440985, "6.73469387755102": 0.9231542616808375, "6.326530612244898": 0.9061818721225832, "4.285714285714286": 0.7204531342665444, "7.142857142857143": 0.9367635368993021, "7.755102040816327": 0.9523728120861668, "6.122448979591837": 0.8961455280949171, "5.918367346938775": 0.8848817565612954, "8.571428571428571": 0.9666033573188272, "8.16326530612245": 0.9602867547241217, "7.959183673469388": 0.9565471727070619, "8.979591836734695": 0.9715480021955002, "8.36734693877551": 0.9636285384671535, "8.775510204081632": 0.969236464342607, "9.591836734693878": 0.9766858356749479, "9.387755102040817": 0.975263690824203, "10.0": 0.9786745513760398, "9.795918367346939": 0.9778229484661809, "9.183673469387756": 0.9735533966180728}