{"0.6122448979591837": 1.5927457127108655e-07, "0.20408163265306123": 4.3323226366181915e-08, "0.40816326530612246": 9.542507203773712e-08, "0.8163265306122449": 2.393497617843126e-07, "1.2244897959183674": 4.813462386621435e-07, "3.8775510204081636": 0.3042631618841679, "2.857142857142857": 0.1364190815047888, "3.673469387755102": 0.2810401250162369, "3.2653061224489797": 0.22142991850983473, "1.6326530612244898": 9.734561162600543e-07, "1.0204081632653061": 3.4273590928284473e-07, "3.0612244897959187": 0.18286626546306653, "1.836734693877551": 1.4766930943606742e-06, "0.0": 0.0, "2.6530612244897958": 0.07988389216945248, "2.0408163265306123": 2.5180855008713314e-06, "3.4693877551020407": 0.2537437750998921, "2.2448979591836737": 5.952681536031763e-06, "1.4285714285714286": 6.768785576574413e-07, "4.6938775510204085": 0.36896758652774864, "5.1020408163265305": 0.3900726994403686, "4.4897959183673475": 0.35608464115929145, "4.8979591836734695": 0.3802153641619564, "4.081632653061225": 0.3241464979078175, "5.714285714285714": 0.4131536417285021, "2.4489795918367347": 0.010256060823968112, "5.3061224489795915": 0.3987412474600296, "5.510204081632653": 0.4063883261901831, "6.530612244897959": 0.43348821033888996, "7.551020408163265": 0.44891993285670334, "7.346938775510204": 0.4464648121361319, "6.938775510204081": 0.4406825728156255, "6.73469387755102": 0.43728359763829155, "6.326530612244898": 0.4292440446896446, "4.285714285714286": 0.34126727412625785, "7.142857142857143": 0.44373009642598515, "7.755102040816327": 0.4511239636197631, "6.122448979591837": 0.4244899869923292, "5.918367346938775": 0.41915451626587685, "8.571428571428571": 0.4578647482036549, "8.16326530612245": 0.45487267329037334, "7.959183673469388": 0.453101292334924, "8.979591836734695": 0.46020694840839493, "8.36734693877551": 0.45645562348444096, "8.775510204081632": 0.4591120094254454, "9.591836734693878": 0.46264065900392276, "9.387755102040817": 0.46196701144304336, "10.0": 0.46358268223075555, "9.795918367346939": 0.4631792913787173, "9.183673469387756": 0.461156872082245}