{"0.0": 0.0, "0.20408163265306123": 1.2548259528690691e-08, "0.40816326530612246": 2.573407430329583e-08, "0.6122448979591837": 3.960731842818208e-08, "0.8163265306122449": 5.42232066475482e-08, "1.0204081632653061": 6.964302425177388e-08, "1.4285714285714286": 1.0317521376826904e-07, "1.2244897959183674": 8.593498914409064e-08, "1.6326530612244898": 1.2144911058889698e-07, "2.0408163265306123": 1.6149322910786982e-07, "1.836734693877551": 1.408524494809044e-07, "2.4489795918367347": 2.0699331115842528e-07, "2.2448979591836737": 1.8349393986800485e-07, "2.857142857142857": 2.5914635506462877e-07, "2.6530612244897958": 2.3215026290572433e-07, "3.0612244897959187": 2.881908550802532e-07, "3.2653061224489797": 3.195264512283904e-07, "3.4693877551020407": 3.5343500818862007e-07, "3.673469387755102": 3.902474882064895e-07, "3.8775510204081636": 4.3035311043813906e-07, "4.285714285714286": 5.223865204954851e-07, "4.081632653061225": 4.7421512212404174e-07, "4.8979591836734695": 7.002092151227415e-07, "4.6938775510204085": 6.34476534276729e-07, "4.4897959183673475": 5.755360490793283e-07, "5.3061224489795915": 8.573613161565535e-07, "5.1020408163265305": 7.739813655875229e-07, "5.510204081632653": 9.523594304964293e-07, "5.714285714285714": 1.0615824282235054e-06, "5.918367346938775": 1.1884870640515108e-06, "6.122448979591837": 1.3377404833075684e-06, "6.326530612244898": 1.5158171889564095e-06, "6.530612244897959": 1.7319639799460763e-06, "6.73469387755102": 1.9998377604419747e-06, "7.142857142857143": 2.7884516804675263e-06, "6.938775510204081": 2.3405455601863226e-06, "7.346938775510204": 3.403627479559627e-06, "7.755102040816327": 5.734070059953285e-06, "7.551020408163265": 4.301283420107152e-06, "7.959183673469388": 8.384037856639596e-06, "8.16326530612245": 1.4947665061981118e-05, "9.183673469387756": 0.1589383052183763, "8.979591836734695": 0.11896175614688595, "8.775510204081632": 0.07638045611893993, "9.387755102040817": 0.19649464966567165, "8.571428571428571": 0.031000378120806273, "8.36734693877551": 5.849110921126023e-05, "9.591836734693878": 0.2317966551123182, "9.795918367346939": 0.26499009937677986, "10.0": 0.29620727773413214}