{"0.0": 0.0, "0.20408163265306123": 1.2456285134141884e-08, "0.40816326530612246": 2.5545547056577037e-08, "0.6122448979591837": 3.931730156438966e-08, "0.8163265306122449": 5.3826366726400374e-08, "1.0204081632653061": 6.913358754572931e-08, "1.4285714285714286": 1.0242124522446743e-07, "1.2244897959183674": 8.53066918332395e-08, "1.6326530612244898": 1.205620465631509e-07, "2.0408163265306123": 1.6031486139469794e-07, "1.836734693877551": 1.3982417769350794e-07, "2.4489795918367347": 2.0548445045629417e-07, "2.2448979591836737": 1.8215570806980749e-07, "2.857142857142857": 2.57259212603246e-07, "2.6530612244897958": 2.3045886676977706e-07, "3.0612244897959187": 2.860932519849185e-07, "3.2653061224489797": 3.172019296731775e-07, "3.4693877551020407": 3.508650853794143e-07, "3.673469387755102": 3.87411303656578e-07, "3.8775510204081636": 4.2722700743978754e-07, "4.285714285714286": 5.185956534965419e-07, "4.081632653061225": 4.707721159193388e-07, "4.8979591836734695": 6.951354824747714e-07, "4.6938775510204085": 6.298768203334842e-07, "5.3061224489795915": 8.511550135541935e-07, "4.4897959183673475": 5.713615593290975e-07, "5.1020408163265305": 7.68375859100732e-07, "5.510204081632653": 9.45468866729002e-07, "5.714285714285714": 1.053905411158329e-06, "5.918367346938775": 1.1798965676993007e-06, "6.122448979591837": 1.3280759522007754e-06, "6.326530612244898": 1.5048715538351612e-06, "6.530612244897959": 1.7194637411909408e-06, "6.73469387755102": 1.985411305254864e-06, "7.142857142857143": 2.768356168312866e-06, "6.938775510204081": 2.323669639853741e-06, "7.346938775510204": 3.3791106880646695e-06, "7.755102040816327": 5.692807514128151e-06, "7.551020408163265": 4.270315974743128e-06, "7.959183673469388": 8.32373584340759e-06, "8.16326530612245": 1.4840207544012272e-05, "9.183673469387756": 0.15788900430876668, "8.979591836734695": 0.11815815607022158, "8.775510204081632": 0.07585243269747513, "9.387755102040817": 0.195226595165216, "8.571428571428571": 0.030781021066505928, "8.36734693877551": 5.807083696329433e-05, "9.591836734693878": 0.23033418600782823, "9.795918367346939": 0.2633552453872203, "10.0": 0.29441999708734823}