{"0.0": 0.0, "0.20408163265306123": 1.2318323542318681e-08, "0.40816326530612246": 2.526275618649886e-08, "0.6122448979591837": 3.888227626870102e-08, "0.8163265306122449": 5.323110684467864e-08, "1.0204081632653061": 6.836943248666254e-08, "1.4285714285714286": 1.0129029240876503e-07, "1.2244897959183674": 8.436424586696273e-08, "1.6326530612244898": 1.192314505245318e-07, "2.0408163265306123": 1.5854730982494006e-07, "1.836734693877551": 1.3828177001241335e-07, "2.4489795918367347": 2.0322115940309743e-07, "2.2448979591836737": 1.801483603725114e-07, "2.857142857142857": 2.5442849891117196e-07, "2.6530612244897958": 2.2792177256585622e-07, "3.0612244897959187": 2.8294684734191673e-07, "3.2653061224489797": 3.137151473403582e-07, "3.4693877551020407": 3.4701020116560576e-07, "3.673469387755102": 3.83157026831711e-07, "3.8775510204081636": 4.2253785294226016e-07, "4.285714285714286": 5.129093529981276e-07, "4.081632653061225": 4.6560760661228454e-07, "4.8979591836734695": 6.875248835028165e-07, "4.6938775510204085": 6.229772494186168e-07, "4.4897959183673475": 5.650998247037511e-07, "5.3061224489795915": 8.418455596506535e-07, "5.1020408163265305": 7.59967599370546e-07, "5.510204081632653": 9.351330210778612e-07, "5.714285714285714": 1.0423898855605637e-06, "5.918367346938775": 1.1670108231709852e-06, "6.122448979591837": 1.3135791555405854e-06, "6.326530612244898": 1.4884531011532887e-06, "6.530612244897959": 1.7007133830582371e-06, "6.73469387755102": 1.963771622474198e-06, "7.142857142857143": 2.7382129000808773e-06, "6.938775510204081": 2.298355759354869e-06, "7.346938775510204": 3.342335500822235e-06, "7.755102040816327": 5.6309136953904474e-06, "7.551020408163265": 4.223864806697095e-06, "7.959183673469388": 8.233282823559581e-06, "8.16326530612245": 1.4679021267059004e-05, "9.183673469387756": 0.15631505294435233, "8.979591836734695": 0.11695275595522506, "8.775510204081632": 0.07506039756527788, "9.387755102040817": 0.19332451341453263, "8.571428571428571": 0.03045198548505541, "8.36734693877551": 5.744042859134545e-05, "9.591836734693878": 0.2281404823510933, "9.795918367346939": 0.260902964402881, "10.0": 0.29173907611717254}