{"0.6122448979591837": 8.285589673286988e-08, "0.20408163265306123": 2.54946914822465e-08, "0.40816326530612246": 5.282316278408107e-08, "1.2244897959183674": 2.0026257397327282e-07, "1.6326530612244898": 3.1903004348950957e-07, "1.0204081632653061": 1.551966277577396e-07, "1.4285714285714286": 2.5388182785577073e-07, "0.8163265306122449": 1.1657923524806394e-07, "2.857142857142857": 1.5871707322106174e-06, "1.836734693877551": 4.00104448439542e-07, "2.6530612244897958": 1.118845894036536e-06, "2.4489795918367347": 8.336178933468868e-07, "3.2653061224489797": 5.025682826237115e-06, "2.0408163265306123": 5.039332225860685e-07, "2.2448979591836737": 6.417697074495303e-07, "3.8775510204081636": 0.1730616008067805, "0.0": 0.0, "3.673469387755102": 0.08648928036317524, "3.0612244897959187": 2.497100618058191e-06, "3.4693877551020407": 4.7683686037359764e-05, "4.081632653061225": 0.24862559742301124, "4.285714285714286": 0.314968578423466, "5.918367346938775": 0.6417463245763513, "5.3061224489795915": 0.5503741985717165, "4.4897959183673475": 0.3735287944362066, "6.938775510204081": 0.7471692083984933, "6.530612244897959": 0.7104789544922572, "6.326530612244898": 0.6896050864651486, "5.1020408163265305": 0.5131744314045807, "5.714285714285714": 0.6142342301663332, "5.510204081632653": 0.5839070012492096, "7.142857142857143": 0.7633235880607298, "6.122448979591837": 0.6667753617424147, "7.346938775510204": 0.7782059001797895, "4.8979591836734695": 0.4717594379906753, "4.6938775510204085": 0.4254737910760076, "7.755102040816327": 0.8046120138288795, "7.551020408163265": 0.7919344351267332, "6.73469387755102": 0.7296066218301822, "8.36734693877551": 0.8371742518700206, "8.16326530612245": 0.8271597188382165, "7.959183673469388": 0.816327956764561, "9.795918367346939": 0.8882654868490415, "9.591836734693878": 0.8827787716605783, "9.387755102040817": 0.8767262436391912, "8.571428571428571": 0.8464291449573201, "8.775510204081632": 0.8549735839302682, "8.979591836734695": 0.8628491639480701, "10.0": 0.8931988212687187, "9.183673469387756": 0.8700905835283568}