{"0.6122448979591837": 2.012214613925514e-07, "0.20408163265306123": 6.191567911505399e-08, "0.40816326530612246": 1.2828482305002755e-07, "1.2244897959183674": 4.863519530865911e-07, "1.6326530612244898": 7.747872173173271e-07, "1.0204081632653061": 3.7690608860981857e-07, "1.4285714285714286": 6.165701336325901e-07, "0.8163265306122449": 2.8312099572773134e-07, "2.857142857142857": 3.854556721354859e-06, "1.836734693877551": 9.716821829194239e-07, "2.6530612244897958": 2.7171967880224847e-06, "2.4489795918367347": 2.0245003853978775e-06, "3.2653061224489797": 1.2205221988970187e-05, "2.0408163265306123": 1.2238377485410488e-06, "2.2448979591836737": 1.5585834491524081e-06, "3.8775510204081636": 0.41079917496496676, "0.0": 0.0, "3.673469387755102": 0.20771641185692846, "3.0612244897959187": 6.064385306453227e-06, "3.4693877551020407": 0.00011580254147200016, "4.081632653061225": 0.5838853215911798, "4.285714285714286": 0.7324621782428031, "5.918367346938775": 1.4110024003133714, "5.3061224489795915": 1.2311666181708054, "4.4897959183673475": 0.8608342096628837, "6.938775510204081": 1.6069116651663988, "6.530612244897959": 1.5402713028225896, "6.326530612244898": 1.5016009394037477, "5.1020408163265305": 1.1555801740495777, "5.714285714285714": 1.3577656651777545, "5.510204081632653": 1.2981568990412737, "7.142857142857143": 1.6356848445509997, "6.122448979591837": 1.4587110378612227, "7.346938775510204": 1.6618672712957248, "4.8979591836734695": 1.0699266768633204, "4.6938775510204085": 0.9724125460749765, "7.755102040816327": 1.707511310914113, "7.551020408163265": 1.6857313537434586, "6.73469387755102": 1.5752305260542212, "8.36734693877551": 1.7622226134266779, "8.16326530612245": 1.7455962192385195, "7.959183673469388": 1.7274085743178462, "9.795918367346939": 1.8433536194910638, "9.591836734693878": 1.8350539055428243, "9.387755102040817": 1.8257396481896186, "8.571428571428571": 1.7774144334079651, "8.775510204081632": 1.79127916942723, "8.979591836734695": 1.8039072173007589, "10.0": 1.850665540393628, "9.183673469387756": 1.8153736375725271}