{"0.20408163265306123": 5.561522658935968e-07, "1.2244897959183674": 1.340668414204977e-06, "3.2653061224489797": 0.6724013773743559, "3.673469387755102": 0.7528631848406263, "3.8775510204081636": 0.7841165454869063, "1.0204081632653061": 1.0392879453670718e-06, "0.8163265306122449": 8.506989831720729e-07, "0.6122448979591837": 7.215640658276982e-07, "0.40816326530612246": 6.275965015847747e-07, "2.857142857142857": 0.5574246648784928, "2.4489795918367347": 0.38683112546197396, "3.0612244897959187": 0.6202566135176899, "3.4693877551020407": 0.7160503157885579, "2.6530612244897958": 0.4809613586458386, "2.2448979591836737": 0.269372800704862, "1.4285714285714286": 1.8991958381380785e-06, "1.6326530612244898": 3.2888379276421164e-06, "2.0408163265306123": 0.1204277696321181, "0.0": 5e-07, "4.6938775510204085": 0.8705850313346654, "4.8979591836734695": 0.8854588549316172, "5.918367346938775": 0.9362138922785938, "5.510204081632653": 0.9197384565181299, "4.081632653061225": 0.8108056768720082, "1.836734693877551": 1.2755416907339803e-05, "5.1020408163265305": 0.8984318687758008, "4.4897959183673475": 0.8534741955738039, "4.285714285714286": 0.8337160206063877, "6.326530612244898": 0.9490627570437076, "6.530612244897959": 0.9544075730917047, "5.714285714285714": 0.9284952602122617, "5.3061224489795915": 0.9097815559844419, "6.122448979591837": 0.9430310798463937, "7.551020408163265": 0.9733830847549019, "7.142857142857143": 0.9671033209196429, "6.938775510204081": 0.9633610967824979, "6.73469387755102": 0.9591497010973606, "7.346938775510204": 0.9704290130687523, "7.755102040816327": 0.9760036856823584, "9.183673469387756": 0.9870958603155118, "7.959183673469388": 0.9783229856500733, "8.16326530612245": 0.9803678065811477, "8.571428571428571": 0.9837175230528702, "8.36734693877551": 0.9821601328175085, "9.591836734693878": 0.9883224986473871, "8.979591836734695": 0.9861775398273641, "8.775510204081632": 0.9850534436004441, "9.387755102040817": 0.9878110464584794, "9.795918367346939": 0.988626528835577, "10.0": 0.9887165080304}