{"0.20408163265306123": 5.595837931467121e-07, "1.2244897959183674": 1.3920425710793462e-06, "3.2653061224489797": 0.6934133014787306, "3.673469387755102": 0.7724163618199116, "3.8775510204081636": 0.8027127084195718, "1.0204081632653061": 1.0722444210433666e-06, "0.8163265306122449": 8.721305835236737e-07, "0.6122448979591837": 7.351040904060659e-07, "0.40816326530612246": 6.353940650177651e-07, "2.857142857142857": 0.5785023461202141, "2.4489795918367347": 0.40466982021161857, "3.0612244897959187": 0.641560054054912, "3.4693877551020407": 0.7364372198859719, "2.6530612244897958": 0.5010222176561651, "2.2448979591836737": 0.28314456879502464, "1.4285714285714286": 1.984702184001891e-06, "1.6326530612244898": 3.4592666480538867e-06, "2.0408163265306123": 0.1272761934519923, "0.0": 5e-07, "4.6938775510204085": 0.8850507499823783, "4.8979591836734695": 0.8989383181164529, "5.918367346938775": 0.945456535087881, "5.510204081632653": 0.930528103909076, "4.081632653061225": 0.828380246200652, "1.836734693877551": 1.3504353952434938e-05, "5.1020408163265305": 0.9109671781020254, "4.4897959183673475": 0.868960441807516, "4.285714285714286": 0.8502447588625262, "6.326530612244898": 0.9569520398098017, "6.530612244897959": 0.9616886416651647, "5.714285714285714": 0.9384865919265457, "5.3061224489795915": 0.9214194623571461, "6.122448979591837": 0.951573574376388, "7.551020408163265": 0.978220770201481, "7.142857142857143": 0.9728078701649295, "6.938775510204081": 0.9695520621361337, "6.73469387755102": 0.965865412444699, "7.346938775510204": 0.9756832086437266, "7.755102040816327": 0.9804565577859505, "9.183673469387756": 0.9895821058767693, "7.959183673469388": 0.9824206819302177, "8.16326530612245": 0.9841380020137398, "8.571428571428571": 0.9869084001257942, "8.36734693877551": 0.9856286412690973, "9.591836734693878": 0.9904314732150844, "8.979591836734695": 0.9888787947396864, "8.775510204081632": 0.9879890885222582, "9.387755102040817": 0.9901002931084402, "9.795918367346939": 0.9905707564253088, "10.0": 0.9905103893071869}