{"0.40816326530612246": 5.000000081640937e-07, "0.6122448979591837": 5.000000183692107e-07, "2.857142857142857": 5.000004000409109e-07, "1.0204081632653061": 5.000000510255864e-07, "2.0408163265306123": 5.000002041024066e-07, "1.836734693877551": 5.00000165322935e-07, "0.20408163265306123": 5.000000020410235e-07, "2.2448979591836737": 5.00000246963937e-07, "1.6326530612244898": 5.000001306255192e-07, "1.2244897959183674": 5.000000734768469e-07, "2.6530612244897958": 5.000003449331857e-07, "3.4693877551020407": 5.00000589856524e-07, "0.0": 5e-07, "1.4285714285714286": 5.000001000101572e-07, "3.2653061224489797": 5.000005225025787e-07, "0.8163265306122449": 5.000000326563747e-07, "2.4489795918367347": 5.000002939075289e-07, "3.8775510204081636": 5.000007368106054e-07, "3.0612244897959187": 5.000004592307077e-07, "3.673469387755102": 5.000006612925384e-07, "6.73469387755102": 0.8193268590887378, "6.530612244897959": 0.7838709702253868, "6.938775510204081": 0.8465077880473088, "7.551020408163265": 0.9006917061808306, "6.326530612244898": 0.7337532455742476, "6.122448979591837": 0.6401154897734501, "4.8979591836734695": 5.000011756281656e-07, "7.346938775510204": 0.8859427771309677, "7.959183673469388": 0.9236148575912184, "7.755102040816327": 0.9130954713252356, "7.142857142857143": 0.8682011614991446, "4.081632653061225": 5.000008164106865e-07, "5.1020408163265305": 5.000012756347794e-07, "4.4897959183673475": 5.00000987856502e-07, "4.285714285714286": 5.000009000927024e-07, "8.16326530612245": 0.932590155901904, "8.571428571428571": 0.9468824638499763, "8.36734693877551": 0.9402794877180642, "4.6938775510204085": 5.000010797018129e-07, "9.183673469387756": 0.961581317376644, "9.387755102040817": 0.9651100996069556, "9.591836734693878": 0.9680702291168569, "8.775510204081632": 0.9525555462206893, "9.795918367346939": 0.9705095926605617, "8.979591836734695": 0.9574224332807276, "5.3061224489795915": 0.4488125454885703, "10.0": 0.97246473544834, "5.714285714285714": 0.5216942793989416, "5.510204081632653": 0.48904910197882956, "5.918367346938775": 0.5498797132513635}