{"0.40816326530612246": 5.000000070151831e-07, "0.6122448979591837": 5.00000015784162e-07, "2.857142857142857": 5.000003437442561e-07, "1.0204081632653061": 5.000000438448954e-07, "2.0408163265306123": 5.000001753796358e-07, "0.20408163265306123": 5.000000017537959e-07, "1.836734693877551": 5.000001420574923e-07, "2.2448979591836737": 5.000002122093813e-07, "1.6326530612244898": 5.000001122429484e-07, "1.2244897959183674": 5.000000631366515e-07, "2.6530612244897958": 5.000002963916885e-07, "3.4693877551020407": 5.000005068476448e-07, "0.0": 5e-07, "1.4285714285714286": 5.00000085936002e-07, "3.2653061224489797": 5.000004489722331e-07, "0.8163265306122449": 5.000000280607324e-07, "2.4489795918367347": 5.000002525467312e-07, "3.8775510204081636": 5.000006331212873e-07, "3.0612244897959187": 5.000003946044368e-07, "3.673469387755102": 5.000005682306676e-07, "6.73469387755102": 0.7771817075779994, "6.530612244897959": 0.7395806822942836, "6.938775510204081": 0.8065637427231744, "7.551020408163265": 0.867094774007555, "6.326530612244898": 0.687555510977256, "6.122448979591837": 0.5930473336195671, "4.8979591836734695": 5.000010101852783e-07, "7.346938775510204": 0.850302085496492, "7.959183673469388": 0.8938315585017564, "7.755102040816327": 0.8814527622468797, "7.142857142857143": 0.8304379838908778, "4.081632653061225": 5.000007015194709e-07, "5.1020408163265305": 5.000010961182418e-07, "4.4897959183673475": 5.000008488381955e-07, "4.285714285714286": 5.000007734251502e-07, "8.16326530612245": 0.9045695465246177, "8.571428571428571": 0.9220992146037126, "8.36734693877551": 0.9139250494821543, "4.6938775510204085": 5.000009277583727e-07, "9.183673469387756": 0.9409679014419099, "9.387755102040817": 0.9457159117679246, "9.591836734693878": 0.9498155528884675, "8.775510204081632": 0.9292508816623619, "9.795918367346939": 0.9533181375410369, "5.3061224489795915": 0.40731486215724644, "8.979591836734695": 0.9355066459641237, "10.0": 0.9562635925770737, "5.714285714285714": 0.47706854079806593, "5.510204081632653": 0.44566599438537957, "5.918367346938775": 0.5044064991935895}