{"0.20408163265306123": 4.0358740316056104e-08, "0.40816326530612246": 8.955221759991036e-08, "1.0204081632653061": 3.333329622776449e-07, "2.6530612244897958": 0.11670647033996505, "0.6122448979591837": 1.508379246873979e-07, "1.836734693877551": 1.7233825626328015e-06, "3.4693877551020407": 0.2569791582724303, "2.857142857142857": 0.16246970408831815, "3.2653061224489797": 0.23102559064038883, "1.2244897959183674": 4.778752494329736e-07, "0.8163265306122449": 2.2929920307165037e-07, "3.673469387755102": 0.2788441030695372, "3.8775510204081636": 0.29739557303212794, "2.4489795918367347": 0.0601764340145748, "3.0612244897959187": 0.19997056448524492, "1.4285714285714286": 6.923056010560948e-07, "1.6326530612244898": 1.0434724195453605e-06, "2.0408163265306123": 3.599835997117658e-06, "0.0": 0.0, "4.285714285714286": 0.326835506462979, "4.081632653061225": 0.3132351382253751, "4.8979591836734695": 0.35760386680996686, "4.6938775510204085": 0.34874701324629404, "4.4897959183673475": 0.338572299147114, "6.122448979591837": 0.39212728344682557, "6.530612244897959": 0.39904415928325354, "5.1020408163265305": 0.3653423275884257, "5.3061224489795915": 0.37212654761417235, "6.73469387755102": 0.40194596688195633, "6.326530612244898": 0.39578767428929806, "7.346938775510204": 0.40891502948206526, "6.938775510204081": 0.40453519605919996, "5.918367346938775": 0.38800527219728786, "7.142857142857143": 0.40684791130475406, "7.551020408163265": 0.41076303998388963, "7.755102040816327": 0.4124145906034415, "5.714285714285714": 0.38335375189580795, "5.510204081632653": 0.37809254872576964, "2.2448979591836737": 3.289556600823532e-05, "7.959183673469388": 0.4138889647513511, "8.16326530612245": 0.4152024705111212, "9.591836734693878": 0.4207610788597103, "8.571428571428571": 0.4173990794220362, "8.775510204081632": 0.4183025006827236, "10.0": 0.4213293323741668, "9.183673469387756": 0.41975500384893527, "9.795918367346939": 0.42110033318724965, "8.979591836734695": 0.4190860780424494, "9.387755102040817": 0.42031273065275654, "8.36734693877551": 0.41636875811446933}