{"0.20408163265306123": 2.873257187729905e-13, "0.6122448979591837": 1.466693433371802e-12, "1.0204081632653061": 1.6534476010576781e-10, "1.836734693877551": -1.5929706220774165e-09, "0.8163265306122449": 2.252538156000128e-11, "2.857142857142857": 3.1417638490793823e-10, "1.2244897959183674": 1.881284017457574e-12, "2.2448979591836737": 2.0138390954826946e-11, "0.40816326530612246": 2.8976820942716586e-14, "1.6326530612244898": -8.122300609869625e-11, "2.4489795918367347": 1.8170331905764668e-11, "1.4285714285714286": 9.505674025689359e-12, "3.4693877551020407": 1.1612854300402375e-08, "2.0408163265306123": 2.432676282637658e-12, "2.6530612244897958": 7.997006390425554e-11, "3.0612244897959187": 1.1207633265897243e-09, "3.673469387755102": 3.4206058985297716e-08, "3.8775510204081636": 9.848794626510226e-08, "3.2653061224489797": 3.74474919961898e-09, "0.0": 0.0, "4.081632653061225": 2.6310091937320475e-07, "4.285714285714286": 7.11079432713646e-07, "4.4897959183673475": 1.9582826048414327e-06, "5.918367346938775": 0.21959229195209073, "6.530612244897959": 0.3474219296495897, "6.122448979591837": 0.26560187144754277, "6.73469387755102": 0.38388603629096985, "4.8979591836734695": 2.0776307653991298e-05, "6.326530612244898": 0.30809563139126656, "6.938775510204081": 0.4177564931933464, "7.551020408163265": 0.5060459701695174, "7.755102040816327": 0.5316611081896434, "7.346938775510204": 0.4786379690108109, "4.6938775510204085": 5.729279662769482e-06, "5.3061224489795915": 0.05618235646769676, "7.142857142857143": 0.44927042622416163, "5.510204081632653": 0.11537055633339466, "5.714285714285714": 0.16966783346628345, "7.959183673469388": 0.5556325214011385, "8.36734693877551": 0.5991660802087848, "8.16326530612245": 0.5780940389786878, "5.1020408163265305": 0.0003268485718024627, "9.591836734693878": 0.7018382921612627, "8.571428571428571": 0.6189572788737672, "10.0": 0.7288463081524175, "8.979591836734695": 0.6550809276089556, "9.795918367346939": 0.7157194211442506, "8.775510204081632": 0.637565878428395, "9.387755102040817": 0.6871467237364705, "9.183673469387756": 0.6715833274631525}