{"0.20408163265306123": 2.0761170560490427e-14, "0.40816326530612246": 1.2882805933145391e-11, "0.6122448979591837": 3.3362201889985954e-13, "0.8163265306122449": 1.441058383733207e-11, "1.0204081632653061": 1.5587531265737198e-13, "1.2244897959183674": 4.6885828552944986e-12, "1.4285714285714286": 6.761036175362278e-11, "1.836734693877551": 2.7137847524727476e-11, "3.673469387755102": 0.30174669521026454, "3.8775510204081636": 0.3410711682595081, "1.6326530612244898": 2.2327695248236523e-12, "3.2653061224489797": 0.21212759357507416, "3.4693877551020407": 0.2589356639438889, "2.0408163265306123": 8.421707775596587e-12, "3.0612244897959187": 0.1606975540685196, "2.857142857142857": 0.10387055219857833, "2.2448979591836737": 2.6862956303830288e-11, "2.6530612244897958": 0.040671307029607306, "0.0": 0.0, "2.4489795918367347": 3.187172747942668e-10, "4.081632653061225": 0.37733089893368454, "4.285714285714286": 0.4108780475574345, "4.4897959183673475": 0.4420093660661333, "5.1020408163265305": 0.523255488782278, "4.6938775510204085": 0.4709770313763041, "5.714285714285714": 0.589979495031044, "5.510204081632653": 0.5691141874804695, "6.73469387755102": 0.6777167202027268, "6.326530612244898": 0.6456010535900201, "6.122448979591837": 0.628131194574105, "5.3061224489795915": 0.5469141676487062, "6.530612244897959": 0.6621064048827455, "4.8979591836734695": 0.4979969940308808, "5.918367346938775": 0.6096194888293417, "7.346938775510204": 0.7197747937577256, "6.938775510204081": 0.6924946394584083, "7.142857142857143": 0.7064968437619221, "7.755102040816327": 0.7443413658559523, "7.551020408163265": 0.7323753612341926, "7.959183673469388": 0.7557120381226756, "8.36734693877551": 0.7768087003212519, "8.16326530612245": 0.7665234180656308, "8.571428571428571": 0.7865985338393786, "9.387755102040817": 0.8213410012953504, "8.979591836734695": 0.8048032560919348, "8.775510204081632": 0.7959212830428205, "9.795918367346939": 0.8363881324811715, "10.0": 0.8434016148105723, "9.591836734693878": 0.8290407912843761, "9.183673469387756": 0.8132689049647746}