{"0.20408163265306123": 5.029310301551959e-14, "0.40816326530612246": 3.11946024567078e-11, "0.6122448979591837": 8.067990719951013e-13, "0.8163265306122449": 3.4866665110655504e-11, "1.0204081632653061": 3.779199175824033e-13, "1.2244897959183674": 1.1392775611795969e-11, "1.4285714285714286": 1.6483669984523885e-10, "1.836734693877551": 6.666744933880864e-11, "3.673469387755102": 0.592589234622154, "3.8775510204081636": 0.6475510032990822, "1.6326530612244898": 5.459077634384357e-12, "3.2653061224489797": 0.4490150626119064, "3.4693877551020407": 0.5272410238014964, "2.0408163265306123": 2.045108526971262e-11, "3.0612244897959187": 0.35464865135153134, "2.857142857142857": 0.23980173789902104, "2.2448979591836737": 6.47453202162751e-11, "2.6530612244897958": 0.0985978586790146, "0.0": 0.0, "2.4489795918367347": 7.860860851138796e-10, "4.081632653061225": 0.6940550483767474, "4.285714285714286": 0.7336130029310107, "4.4897959183673475": 0.7674227207952993, "5.1020408163265305": 0.8430669830023599, "4.6938775510204085": 0.7964428585728331, "5.510204081632653": 0.8781275104810878, "5.714285714285714": 0.892349944060146, "6.73469387755102": 0.941034596844468, "6.326530612244898": 0.9252291536390534, "6.122448979591837": 0.915671344835828, "5.3061224489795915": 0.86181804779235, "6.530612244897959": 0.9336330607295872, "4.8979591836734695": 0.8214475414292004, "5.918367346938775": 0.9047816104797131, "7.346938775510204": 0.9584303071729766, "6.938775510204081": 0.947563231257804, "7.142857142857143": 0.9533299719478283, "7.755102040816327": 0.9669502005257767, "7.551020408163265": 0.9629466232172673, "7.959183673469388": 0.9705028709747903, "8.36734693877551": 0.9764636418671806, "8.16326530612245": 0.9736583996235518, "8.571428571428571": 0.9789595164730378, "9.387755102040817": 0.9865025815603004, "8.979591836734695": 0.9831619575183368, "8.775510204081632": 0.981181826963751, "9.795918367346939": 0.9891644921531971, "10.0": 0.990286725712661, "9.591836734693878": 0.9879086503922678, "9.183673469387756": 0.9849274645976444}