{"0.20408163265306123": 3.7003733410756475e-14, "0.40816326530612246": 2.2954294021104718e-11, "0.6122448979591837": 5.938693981022425e-13, "0.8163265306122449": 2.5661428537659962e-11, "1.0204081632653061": 2.779998453661392e-13, "1.2244897959183674": 8.375888871370308e-12, "1.4285714285714286": 1.2108484770401163e-10, "1.836734693877551": 4.887912852247212e-11, "3.673469387755102": 0.46171009188680373, "3.8775510204081636": 0.5096350775312739, "1.6326530612244898": 4.00723898508204e-12, "3.2653061224489797": 0.3424157015453319, "3.4693877551020407": 0.40650361186557304, "2.0408163265306123": 1.5037865397360408e-11, "3.0612244897959187": 0.2673706575741761, "2.857142857142857": 0.17863270433382183, "2.2448979591836737": 4.769825645567494e-11, "2.6530612244897958": 0.07253091043678132, "0.0": 0.0, "2.4489795918367347": 5.757701204700538e-10, "4.081632653061225": 0.5515291811273692, "4.285714285714286": 0.5883822730129015, "4.4897959183673475": 0.6209867111671746, "5.1020408163265305": 0.6991518106033231, "4.6938775510204085": 0.6499832363343951, "5.714285714285714": 0.7562832419970502, "5.510204081632653": 0.7390715151308096, "6.73469387755102": 0.8225415523556845, "6.326530612244898": 0.7993965086169885, "6.122448979591837": 0.7862782772180528, "5.3061224489795915": 0.7201113017277103, "6.530612244897959": 0.8114460655985085, "4.8979591836734695": 0.6758947950999566, "5.918367346938775": 0.7719586557370459, "7.346938775510204": 0.8510353261361137, "6.938775510204081": 0.8327823649480759, "7.142857142857143": 0.8422550642641706, "7.755102040816327": 0.8667762249243558, "7.551020408163265": 0.8591895553248837, "7.959183673469388": 0.8738469961913388, "8.36734693877551": 0.8866189181715127, "8.16326530612245": 0.8804476579224874, "8.571428571428571": 0.8923970742878913, "9.387755102040817": 0.9121798704410728, "8.979591836734695": 0.902900541876456, "8.775510204081632": 0.8978145821993323, "9.795918367346939": 0.9204151303007856, "10.0": 0.9241884258067212, "9.591836734693878": 0.9164181137937166, "9.183673469387756": 0.907681112762853}