{"0.40816326530612246": 1.9088508551590166e-11, "0.20408163265306123": 2.9531932455029164e-14, "0.8163265306122449": 1.869548960087286e-11, "0.6122448979591837": 4.649614027130156e-13, "3.2653061224489797": 0.4956321981068007, "3.4693877551020407": 0.5677789942115665, "1.0204081632653061": 3.34047234318291e-10, "3.8775510204081636": 0.6787587514745738, "1.6326530612244898": 1.7288392939462938e-12, "2.0408163265306123": 3.317968122473758e-11, "1.2244897959183674": 5.284994664123133e-12, "3.0612244897959187": 0.40862507491928923, "1.4285714285714286": 6.043687772461226e-11, "2.857142857142857": 0.30277951970776373, "1.836734693877551": 7.567879656278365e-11, "3.673469387755102": 0.6280586642474257, "0.0": 0.0, "2.2448979591836737": 6.892053594498293e-11, "2.6530612244897958": 0.17271376486978895, "4.285714285714286": 0.7581283188583559, "4.8979591836734695": 0.8390401693368674, "4.081632653061225": 0.7216518057545988, "4.4897959183673475": 0.7892911536933559, "2.4489795918367347": 0.010997286683960383, "5.714285714285714": 0.9041405363077163, "6.938775510204081": 0.9544186694502707, "5.3061224489795915": 0.8761475805637311, "5.510204081632653": 0.8911109339636335, "5.918367346938775": 0.9155108828088501, "5.1020408163265305": 0.8589222359851871, "6.530612244897959": 0.9418008479435275, "4.6938775510204085": 0.8160237547761716, "7.346938775510204": 0.9642068893386091, "6.326530612244898": 0.9341609279683905, "6.122448979591837": 0.9254527165713257, "7.142857142857143": 0.9596202407855592, "7.755102040816327": 0.971831919572873, "8.16326530612245": 0.9777924386905616, "6.73469387755102": 0.9485132979259971, "8.36734693877551": 0.980270057576795, "7.551020408163265": 0.9682553220158137, "7.959183673469388": 0.9749942682812794, "8.775510204081632": 0.9844112035935378, "8.571428571428571": 0.9824652103317321, "8.979591836734695": 0.9861372121513036, "9.183673469387756": 0.9876688296020482, "9.795918367346939": 0.9913089680158969, "9.387755102040817": 0.9890285386248793, "9.591836734693878": 0.9902361138534743, "10.0": 0.9922624501478683}