{"0.40816326530612246": -3.019806626980426e-14, "0.8163265306122449": -1.3988810110276972e-14, "0.20408163265306123": 0.0, "0.6122448979591837": -3.3726355042063005e-12, "0.0": 0.0, "1.836734693877551": -3.888889210656998e-12, "1.4285714285714286": -1.7541523789077473e-14, "1.0204081632653061": -3.064215547965432e-13, "1.2244897959183674": -4.0880632212747514e-12, "1.6326530612244898": -2.7466917629226373e-13, "3.2653061224489797": 0.05966856840486523, "4.081632653061225": 0.25410301247497924, "2.2448979591836737": 4.672373599134971e-12, "4.285714285714286": 0.29364226405171856, "3.0612244897959187": 5.301380426869784e-07, "3.4693877551020407": 0.11471510624097259, "4.6938775510204085": 0.36452959971267573, "4.8979591836734695": 0.3964238991831486, "2.857142857142857": 1.9914020432665325e-09, "2.6530612244897958": 2.8064306434316677e-10, "2.4489795918367347": 4.635725137092095e-11, "2.0408163265306123": 1.0049738818906917e-12, "3.8775510204081636": 0.21138924992597796, "3.673469387755102": 0.16509045819747137, "4.4897959183673475": 0.33035306319157165, "5.1020408163265305": 0.4262533925847001, "5.510204081632653": 0.480449312671669, "6.530612244897959": 0.5905232202036923, "5.918367346938775": 0.5283635577604704, "6.122448979591837": 0.5502768210078332, "5.3061224489795915": 0.4542068855509339, "6.326530612244898": 0.5709665220014826, "5.714285714285714": 0.5051255589993353, "6.73469387755102": 0.6090282995397804, "6.938775510204081": 0.6265551737114919, "7.142857142857143": 0.6431703030284892, "7.346938775510204": 0.6589340557037505, "8.775510204081632": 0.7495284833911906, "7.551020408163265": 0.6739014412834208, "7.959183673469388": 0.7016440312516085, "8.36734693877551": 0.726752712153929, "8.16326530612245": 0.7145076787806488, "9.183673469387756": 0.7702292755868569, "9.387755102040817": 0.7798724051519739, "7.755102040816327": 0.6881227379401584, "8.979591836734695": 0.7601235792230987, "9.795918367346939": 0.7978695084195755, "10.0": 0.8062688197990583, "8.571428571428571": 0.738415186244942, "9.591836734693878": 0.789078011565781}