{"0.40816326530612246": -7.549516567451064e-14, "0.8163265306122449": -3.5083047578154947e-14, "0.20408163265306123": 0.0, "0.6122448979591837": -8.431477738213289e-12, "0.0": 0.0, "1.836734693877551": -9.742429085690674e-12, "1.4285714285714286": -4.39648317751562e-14, "1.0204081632653061": -7.66053886991358e-13, "1.2244897959183674": -1.0219824986279491e-11, "1.6326530612244898": -6.883382752675971e-13, "3.2653061224489797": 0.14256267857717275, "4.081632653061225": 0.5194958563028971, "2.2448979591836737": 1.0908829395361863e-11, "4.285714285714286": 0.5806643623305562, "3.0612244897959187": 1.3251682728920855e-06, "3.4693877551020407": 0.2625923571767278, "4.8979591836734695": 0.716971521463672, "4.6938775510204085": 0.6780871275033034, "2.857142857142857": 4.9247016464804005e-09, "2.6530612244897958": 6.867846291669366e-10, "2.4489795918367347": 1.1226586327239829e-10, "2.0408163265306123": 2.3732127374387346e-12, "3.8775510204081636": 0.4477232830100112, "3.673469387755102": 0.3630599433776006, "5.1020408163265305": 0.7506551453343929, "4.4897959183673475": 0.6330433758986049, "5.510204081632653": 0.8054326134797192, "6.326530612244898": 0.8794327264670472, "5.918367346938775": 0.8472367113603632, "6.122448979591837": 0.8643673830476657, "6.530612244897959": 0.8927059949684362, "5.3061224489795915": 0.7799252213492971, "6.938775510204081": 0.9147741929358659, "5.714285714285714": 0.8277187777479925, "7.142857142857143": 0.9239393944595062, "6.73469387755102": 0.9044200731972168, "7.346938775510204": 0.9320629933020876, "8.775510204081632": 0.9685952869157298, "7.551020408163265": 0.939272254010814, "7.959183673469388": 0.9513742734690855, "8.36734693877551": 0.9609658665353755, "8.16326530612245": 0.9564461678739782, "9.183673469387756": 0.9746831988422657, "9.387755102040817": 0.9772537240047301, "8.979591836734695": 0.9718096821014595, "7.755102040816327": 0.9456774273405231, "10.0": 0.983462464620512, "9.795918367346939": 0.9816155532402978, "8.571428571428571": 0.9649969916449492, "9.591836734693878": 0.9795546719358039}