{"0.40816326530612246": -1.056932319443149e-13, "0.8163265306122449": -4.907185768843192e-14, "0.20408163265306123": 0.0, "0.6122448979591837": -1.180411324241959e-11, "0.0": 0.0, "1.836734693877551": -1.3631318296347672e-11, "1.4285714285714286": -6.150635556423367e-14, "1.6326530612244898": -9.630074515598608e-13, "1.2244897959183674": -1.4307888207554242e-11, "3.2653061224489797": 0.20223124698203798, "4.081632653061225": 0.7735988687778763, "1.0204081632653061": -1.0724754417879012e-12, "2.2448979591836737": 1.5581202994496834e-11, "4.285714285714286": 0.8743066263822749, "3.0612244897959187": 1.8553063155790639e-06, "3.4693877551020407": 0.3773074634177005, "4.8979591836734695": 1.1133954206468206, "4.6938775510204085": 1.0426167272159792, "2.857142857142857": 6.9161035787246306e-09, "2.6530612244897958": 9.674276935101034e-10, "2.0408163265306123": 3.3781866193294263e-12, "3.8775510204081636": 0.6591125329359893, "2.4489795918367347": 1.5862300362101678e-10, "3.673469387755102": 0.5281504015750721, "5.1020408163265305": 1.176908537919093, "4.4897959183673475": 0.9633964390901766, "5.510204081632653": 1.2858819261513883, "6.326530612244898": 1.4503992484685297, "5.918367346938775": 1.3756002691208336, "6.122448979591837": 1.4146442040554987, "6.530612244897959": 1.4832292151721285, "5.3061224489795915": 1.2341321069002311, "6.938775510204081": 1.541329366647358, "5.714285714285714": 1.3328443367473277, "7.142857142857143": 1.5671096974879954, "6.73469387755102": 1.5134483727369972, "7.346938775510204": 1.5909970490058383, "8.775510204081632": 1.7181237703069203, "7.551020408163265": 1.6131736952942348, "8.36734693877551": 1.6877185786893045, "8.16326530612245": 1.670953846654627, "7.959183673469388": 1.6530183047206939, "9.183673469387756": 1.7449124744291227, "8.979591836734695": 1.7319332613245582, "9.387755102040817": 1.757126129156704, "7.755102040816327": 1.6338001652806815, "10.0": 1.7897312844195703, "9.795918367346939": 1.7794850616598732, "8.571428571428571": 1.7034121778898912, "9.591836734693878": 1.7686326835015849}