{"0.20408163265306123": 4.6545491328045245e-08, "1.0204081632653061": 2.569003577530847e-07, "0.8163265306122449": 2.001042718183137e-07, "0.6122448979591837": 1.4632551325363022e-07, "3.0612244897959187": 1.1143724168114018e-06, "0.40816326530612246": 9.52355381234598e-08, "2.4489795918367347": 7.794103835976436e-07, "1.4285714285714286": 3.8110444403059914e-07, "1.6326530612244898": 4.494456207929729e-07, "1.2244897959183674": 3.170895952367598e-07, "2.2448979591836737": 6.867920499103209e-07, "2.0408163265306123": 6.015423102264013e-07, "2.6530612244897958": 8.805564141009382e-07, "3.673469387755102": 1.5767777272182851e-06, "3.2653061224489797": 1.250900408582692e-06, "2.857142857142857": 9.916361228639625e-07, "1.836734693877551": 5.226966581209444e-07, "3.4693877551020407": 1.4038992159435704e-06, "3.8775510204081636": 1.7739420010563271e-06, "0.0": 0.0, "4.081632653061225": 2.0011894588402614e-06, "5.714285714285714": 7.241021370022373e-06, "4.6938775510204085": 2.957413118386083e-06, "4.4897959183673475": 2.5799995165253987e-06, "4.8979591836734695": 3.420687899934156e-06, "4.285714285714286": 2.2663060220256624e-06, "5.1020408163265305": 4.00353362963782e-06, "5.510204081632653": 5.78198459356562e-06, "5.3061224489795915": 4.7599196850053e-06, "6.122448979591837": 1.3444741741523871e-05, "6.326530612244898": 2.2155934866583483e-05, "7.142857142857143": 0.10316924078152179, "5.918367346938775": 9.495709177349765e-06, "6.938775510204081": 0.06152829402057443, "7.755102040816327": 0.21042223028262427, "7.959183673469388": 0.24111972570984597, "6.530612244897959": 5.7336649172951514e-05, "7.551020408163265": 0.1773501366661347, "7.346938775510204": 0.141682619085252, "6.73469387755102": 0.01649524469623857, "8.775510204081632": 0.3437236063513481, "8.36734693877551": 0.2961459926068437, "8.16326530612245": 0.26963717708510354, "8.979591836734695": 0.3650422010122985, "8.571428571428571": 0.3207971620108159, "9.183673469387756": 0.3848555225893189, "9.591836734693878": 0.42031405595304155, "9.795918367346939": 0.4361056249213881, "9.387755102040817": 0.4032533640682178, "10.0": 0.4506868164169517}