{"0.20408163265306123": 5.36440797107065e-08, "1.0204081632653061": 3.002146117601945e-07, "0.8163265306122449": 2.3304888481966858e-07, "0.6122448979591837": 1.6983023630785536e-07, "3.0612244897959187": 1.3442527500513985e-06, "0.40816326530612246": 1.1014851200590475e-07, "2.4489795918367347": 9.316646177297601e-07, "1.4285714285714286": 4.483402585853507e-07, "1.6326530612244898": 5.304711440463067e-07, "1.2244897959183674": 3.7179767628950916e-07, "2.2448979591836737": 8.184026412274943e-07, "2.0408163265306123": 7.145612717801601e-07, "2.6530612244897958": 1.0558099497103698e-06, "3.673469387755102": 1.9188354453759076e-06, "3.2653061224489797": 1.5134245277354077e-06, "2.857142857142857": 1.1926138799567454e-06, "1.836734693877551": 6.189241253063753e-07, "3.4693877551020407": 1.703515534557348e-06, "3.8775510204081636": 2.16495556225062e-06, "0.0": 0.0, "4.081632653061225": 2.449207491470338e-06, "5.714285714285714": 9.054531025982535e-06, "4.6938775510204085": 3.649624798612431e-06, "4.4897959183673475": 3.1751926502612164e-06, "4.8979591836734695": 4.232743034280629e-06, "4.285714285714286": 2.7814385622912185e-06, "5.1020408163265305": 4.967190782477474e-06, "5.510204081632653": 7.211455877975122e-06, "5.3061224489795915": 5.921241547156389e-06, "6.122448979591837": 1.6897446421725112e-05, "6.326530612244898": 2.7915228407097214e-05, "7.142857142857143": 0.13051704113761567, "5.918367346938775": 1.1904222462782289e-05, "6.938775510204081": 0.07783798651766732, "7.755102040816327": 0.2662004616863816, "7.959183673469388": 0.3050351944091457, "6.530612244897959": 7.241907703708187e-05, "7.551020408163265": 0.2243616765198613, "7.346938775510204": 0.17923947703259546, "6.73469387755102": 0.020867656841278014, "8.775510204081632": 0.43483712853147133, "8.36734693877551": 0.3746477259012611, "8.16326530612245": 0.34111200088839033, "8.979591836734695": 0.46180681817940883, "8.571428571428571": 0.4058333832724842, "9.183673469387756": 0.4868722196319578, "9.591836734693878": 0.5317300376120103, "9.795918367346939": 0.5517076074196422, "9.387755102040817": 0.5101469280384019, "10.0": 0.5701539550413092}