{"0.20408163265306123": 7.09858838266126e-09, "1.0204081632653061": 4.3314254007109903e-08, "0.8163265306122449": 3.294461300135485e-08, "0.6122448979591837": 2.3504723054225122e-08, "3.0612244897959187": 2.2988033323999703e-07, "0.40816326530612246": 1.4912973882444944e-08, "2.4489795918367347": 1.522542341321165e-07, "1.4285714285714286": 6.723581455475152e-08, "1.6326530612244898": 8.102552325333387e-08, "1.2244897959183674": 5.47080810527493e-08, "2.2448979591836737": 1.316105913171733e-07, "2.0408163265306123": 1.1301896155375879e-07, "2.6530612244897958": 1.7525353560943141e-07, "3.673469387755102": 3.4205771815762247e-07, "3.2653061224489797": 2.6252411915271613e-07, "2.857142857142857": 2.0097775709278294e-07, "1.836734693877551": 9.622746718543102e-08, "3.4693877551020407": 2.9961631861377756e-07, "3.8775510204081636": 3.9101356119429306e-07, "0.0": 0.0, "4.081632653061225": 4.4801803263007696e-07, "5.714285714285714": 1.8135096559601627e-06, "4.6938775510204085": 6.922116802263495e-07, "4.4897959183673475": 5.951931337358163e-07, "4.8979591836734695": 8.120551343464731e-07, "4.285714285714286": 5.151325402655559e-07, "5.1020408163265305": 9.63657152839653e-07, "5.510204081632653": 1.4294712844095034e-06, "5.3061224489795915": 1.1613218621510888e-06, "6.122448979591837": 3.4527046802012445e-06, "6.326530612244898": 5.7592935405137415e-06, "7.142857142857143": 0.02734780035609391, "5.918367346938775": 2.4085132854325286e-06, "6.938775510204081": 0.016309692497092906, "7.755102040816327": 0.05577823140375745, "7.959183673469388": 0.06391546869929979, "6.530612244897959": 1.5082427864130333e-05, "7.551020408163265": 0.04701153985372657, "7.346938775510204": 0.037556857947343474, "6.73469387755102": 0.004372412145039443, "8.775510204081632": 0.09111352218012335, "8.36734693877551": 0.07850173329441734, "8.16326530612245": 0.07147482380328678, "8.979591836734695": 0.09676461716711034, "8.571428571428571": 0.08503622126166827, "9.183673469387756": 0.1020166970426389, "9.591836734693878": 0.11141598165896872, "9.795918367346939": 0.11560198249825408, "9.387755102040817": 0.10689356397018417, "10.0": 0.11946713862435737}