{"0.6122448979591837": 6.373855858713817e-08, "0.20408163265306123": 1.948398368045449e-08, "0.0": 0.0, "0.40816326530612246": 4.0652563926688054e-08, "0.8163265306122449": 8.901999934600043e-08, "1.2244897959183674": 1.475803981544313e-07, "1.0204081632653061": 1.1683166992400003e-07, "1.4285714285714286": 1.8176540269489605e-07, "1.6326530612244898": 2.2000694825808966e-07, "2.2448979591836737": 3.680082136922171e-07, "2.0408163265306123": 3.119888520176404e-07, "1.836734693877551": 2.630838822154298e-07, "2.4489795918367347": 4.328357172606372e-07, "2.6530612244897958": 5.087539278308799e-07, "2.857142857142857": 5.989065350256661e-07, "3.2653061224489797": 8.418381109155268e-07, "3.0612244897959187": 7.077528153462613e-07, "3.4693877551020407": 1.0111646241883638e-06, "3.8775510204081636": 1.5315457650458655e-06, "3.673469387755102": 1.2318398544269058e-06, "4.081632653061225": 1.9622582492827768e-06, "4.285714285714286": 2.63431101775597e-06, "4.4897959183673475": 3.83042097341975e-06, "4.6938775510204085": 6.557667148698615e-06, "4.8979591836734695": 1.9000984230399392e-05, "5.714285714285714": 0.20635916433329904, "5.1020408163265305": 0.03017831010976786, "5.510204081632653": 0.15282875232239004, "5.3061224489795915": 0.09431255943551184, "5.918367346938775": 0.2554574809784356, "6.122448979591837": 0.30059818159361806, "6.326530612244898": 0.34219341107609585, "6.530612244897959": 0.3806016863601608, "6.73469387755102": 0.41613409925457195, "6.938775510204081": 0.4490652512452066, "7.551020408163265": 0.5345150876593852, "7.142857142857143": 0.47963493486079056, "7.346938775510204": 0.508055888510344, "7.755102040816327": 0.5591787484951248, "7.959183673469388": 0.582194368736402, "8.16326530612245": 0.6036920516322258, "8.571428571428571": 0.6425847639965714, "8.36734693877551": 0.6237880632086024, "8.775510204081632": 0.6601731356653512, "8.979591836734695": 0.6766335119520053, "9.183673469387756": 0.6920359750799001, "9.387755102040817": 0.7064421677898441, "9.591836734693878": 0.7199056282640969, "9.795918367346939": 0.7324718892016974, "10.0": 0.7441801378950709}