{"0.6122448979591837": 7.403819300841234e-08, "0.20408163265306123": 2.2552798840393918e-08, "0.0": 0.0, "0.40816326530612246": 4.713754287416373e-08, "0.8163265306122449": 1.0359401559156074e-07, "1.2244897959183674": 1.723941096126075e-07, "1.0204081632653061": 1.3621370631455627e-07, "1.4285714285714286": 2.127451285643134e-07, "1.6326530612244898": 2.580247964144462e-07, "2.2448979591836737": 4.34363295393136e-07, "2.0408163265306123": 3.67440298623831e-07, "1.836734693877551": 3.091852451581346e-07, "2.4489795918367347": 5.120262998505523e-07, "2.6530612244897958": 6.032221850136285e-07, "2.857142857142857": 7.117980698986218e-07, "3.2653061224489797": 1.0054748446061882e-06, "3.0612244897959187": 8.432117138920939e-07, "3.4693877551020407": 1.2108315238921214e-06, "3.8775510204081636": 1.843872631835277e-06, "3.673469387755102": 1.479000734010546e-06, "4.081632653061225": 2.3690816662286774e-06, "4.285714285714286": 3.1897129982450408e-06, "4.4897959183673475": 4.65191021201386e-06, "4.6938775510204085": 7.988694282767262e-06, "4.8979591836734695": 2.3221323415391066e-05, "5.714285714285714": 0.24636448987681725, "5.1020408163265305": 0.036821493913786404, "5.510204081632653": 0.18372290770132166, "5.3061224489795915": 0.11420264025960916, "5.918367346938775": 0.302974395884562, "6.122448979591837": 0.35427157901143524, "6.326530612244898": 0.40087326296195086, "6.530612244897959": 0.4433104022812279, "6.73469387755102": 0.48203938757557113, "6.938775510204081": 0.5174579587063524, "7.551020408163265": 0.6070837642933892, "7.142857142857143": 0.5499102832233016, "7.346938775510204": 0.5796979775516866, "7.755102040816327": 0.6322986181960288, "7.959183673469388": 0.6555454746625946, "8.16326530612245": 0.6770019894407765, "8.571428571428571": 0.715152806481118, "8.36734693877551": 0.6968252668427475, "8.775510204081632": 0.7321058341877853, "8.979591836734695": 0.7477907361458705, "9.183673469387756": 0.7623000909607536, "9.387755102040817": 0.775714923563996, "9.591836734693878": 0.7881054839376184, "9.795918367346939": 0.7995317680774734, "10.0": 0.8100453866842012}