{"3.673469387755102": 0.11976967719005337, "0.6122448979591837": 3.573462437456665e-08, "2.4489795918367347": 1.429325520462321e-06, "0.40816326530612246": 2.2158235468862685e-08, "0.20408163265306123": 1.0384726690648768e-08, "0.8163265306122449": 5.1717257929185745e-08, "1.2244897959183674": 9.510474094323817e-08, "1.4285714285714286": 1.2644364355368105e-07, "3.8775510204081636": 0.13937689125207314, "3.2653061224489797": 0.07799111249952287, "2.2448979591836737": 5.742573952290778e-07, "3.4693877551020407": 0.09934138540721969, "1.0204081632653061": 7.102118867719195e-08, "2.0408163265306123": 3.431585195626666e-07, "2.857142857142857": 0.032008927218451035, "1.836734693877551": 2.3406280603519412e-07, "1.6326530612244898": 1.696067602900483e-07, "3.0612244897959187": 0.055596741923754536, "2.6530612244897958": 0.007044863466890143, "4.6938775510204085": 0.21109315596619396, "0.0": 0.0, "4.285714285714286": 0.17645145493797634, "5.3061224489795915": 0.25930591064226205, "7.346938775510204": 0.39609701436176614, "4.4897959183673475": 0.19404968587622734, "5.918367346938775": 0.30379544187761376, "4.081632653061225": 0.15824720714694004, "5.1020408163265305": 0.2436858191387285, "5.510204081632653": 0.2745147755293985, "7.142857142857143": 0.38378700662175325, "6.73469387755102": 0.35832566259253495, "4.8979591836734695": 0.22762587372000626, "6.938775510204081": 0.37119863413746323, "6.530612244897959": 0.34515994725372057, "6.122448979591837": 0.31790796948791544, "6.326530612244898": 0.3316914088563232, "5.714285714285714": 0.28933736471740523, "7.551020408163265": 0.40813297164874063, "7.959183673469388": 0.4313901477652044, "7.755102040816327": 0.41989723560489195, "8.16326530612245": 0.442609960808956, "9.591836734693878": 0.5128802492038042, "8.36734693877551": 0.45355275702843323, "8.979591836734695": 0.48464560991035316, "8.571428571428571": 0.4642123652440453, "8.775510204081632": 0.47458028289396414, "10.0": 0.5298802089582665, "9.795918367346939": 0.5215771231647524, "9.183673469387756": 0.494395000718096, "9.387755102040817": 0.5038126402437632}