{"3.673469387755102": 0.5230670131684361, "0.6122448979591837": 1.561519061679743e-07, "2.4489795918367347": 8.346455541926725e-06, "0.40816326530612246": 9.438896531265306e-08, "0.20408163265306123": 4.3166475452318956e-08, "0.8163265306122449": 2.3207825649019371e-07, "1.2244897959183674": 4.516817403797786e-07, "1.4285714285714286": 6.190128546213584e-07, "3.8775510204081636": 0.5791240019189766, "3.2653061224489797": 0.37973495343437264, "2.2448979591836737": 3.224900353286332e-06, "3.4693877551020407": 0.4573441991445939, "1.0204081632653061": 3.276660508749603e-07, "2.0408163265306123": 1.857126325696447e-06, "2.857142857142857": 0.17633958038028857, "1.836734693877551": 1.2230249527122997e-06, "1.6326530612244898": 8.571402401796235e-07, "3.0612244897959187": 0.28734446140526865, "2.6530612244897958": 0.041565967333900215, "4.6938775510204085": 0.736252869575373, "0.0": 0.0, "4.285714285714286": 0.6687830266562574, "5.3061224489795915": 0.8092539297890863, "7.346938775510204": 0.928194785956862, "4.4897959183673475": 0.7048291902357479, "5.918367346938775": 0.8597267525704831, "4.081632653061225": 0.6272425069305392, "5.1020408163265305": 0.7879362902307855, "5.510204081632653": 0.8281122444955995, "7.142857142857143": 0.9212629912958754, "6.73469387755102": 0.9050058528627528, "4.8979591836734695": 0.7637620161657064, "6.938775510204081": 0.9135643981562696, "6.530612244897959": 0.8954792355818945, "6.122448979591837": 0.8729983956364942, "6.326530612244898": 0.8848588794158951, "5.714285714285714": 0.8448434094960593, "7.551020408163265": 0.9344400748866271, "7.959183673469388": 0.9451380236614855, "7.755102040816327": 0.9400680119001936, "8.16326530612245": 0.9497009695000577, "9.591836734693878": 0.970290519801222, "8.36734693877551": 0.9538000962424954, "8.979591836734695": 0.9636484741157857, "8.571428571428571": 0.9574718263544667, "8.775510204081632": 0.9607464109683015, "10.0": 0.9730914350303533, "9.795918367346939": 0.9718508983290619, "9.183673469387756": 0.9661974703322506, "9.387755102040817": 0.9684080744657864}