{"0.40816326530612246": 1.3810737848045236e-07, "0.20408163265306123": 6.12939770083563e-08, "0.6122448979591837": 2.3718875041843434e-07, "3.8775510204081636": 0.44191686048189166, "3.673469387755102": 0.42243874549747173, "1.0204081632653061": 5.567001988955053e-07, "3.4693877551020407": 0.3993507466097347, "3.2653061224489797": 0.37179214734415794, "2.857142857142857": 0.2983814199597337, "3.0612244897959187": 0.33863564591412004, "2.6530612244897958": 0.24899808425822748, "1.4285714285714286": 1.3170663977696629e-06, "1.2244897959183674": 8.39376027334945e-07, "0.8163265306122449": 3.6986268743579253e-07, "2.4489795918367347": 0.18767743519797273, "1.6326530612244898": 2.297843416856928e-06, "2.2448979591836737": 0.11044476930965466, "0.0": 0.0, "2.0408163265306123": 0.01155747711243023, "4.285714285714286": 0.4725649420310207, "4.081632653061225": 0.4584514719026216, "1.836734693877551": 5.460359555340906e-06, "5.510204081632653": 0.5247417123870839, "4.6938775510204085": 0.4951021069063976, "5.918367346938775": 0.5345463435204024, "4.4897959183673475": 0.4846713201776355, "5.714285714285714": 0.5299624035600423, "6.73469387755102": 0.5480539526471147, "6.530612244897959": 0.5452766250756981, "6.122448979591837": 0.5385799399173549, "5.3061224489795915": 0.5187814307330938, "6.326530612244898": 0.5421361120003189, "6.938775510204081": 0.550512768821263, "7.346938775510204": 0.5546215375516241, "7.142857142857143": 0.5526911488561246, "7.551020408163265": 0.5563315317105861, "5.1020408163265305": 0.5119585524215602, "4.8979591836734695": 0.5041251281685661, "7.755102040816327": 0.5578445128478212, "8.16326530612245": 0.5603548570876526, "8.775510204081632": 0.5630343638631307, "9.183673469387756": 0.5641945089472904, "8.979591836734695": 0.5636737695549306, "9.387755102040817": 0.5645984050650992, "10.0": 0.5650991619534512, "9.591836734693878": 0.5648853687431604, "9.795918367346939": 0.5650534962067537, "8.36734693877551": 0.561382038975644, "8.571428571428571": 0.5622724490810368, "7.959183673469388": 0.5591801587855293}