{"0.40816326530612246": 1.0358053386033929e-07, "0.20408163265306123": 4.5970482756267235e-08, "0.6122448979591837": 1.7789156281382575e-07, "3.8775510204081636": 0.33143764536141873, "3.673469387755102": 0.3168290591231039, "3.4693877551020407": 0.29951305995730093, "1.0204081632653061": 4.1752514917162914e-07, "3.2653061224489797": 0.2788441105081184, "2.857142857142857": 0.22378606496980027, "3.0612244897959187": 0.2539767344355899, "2.6530612244897958": 0.18674856319367064, "1.4285714285714286": 9.877997983272476e-07, "1.2244897959183674": 6.295320205012086e-07, "0.8163265306122449": 2.773970155768445e-07, "2.4489795918367347": 0.1407580763984795, "1.6326530612244898": 1.7233825626426961e-06, "2.2448979591836737": 0.08283357698224102, "0.0": 0.0, "2.0408163265306123": 0.008668107834322673, "4.285714285714286": 0.35442370652326566, "4.081632653061225": 0.3438386039269662, "1.836734693877551": 4.09526966650568e-06, "5.510204081632653": 0.39355628429031275, "4.6938775510204085": 0.37132658017979825, "5.918367346938775": 0.40090975764030184, "4.4897959183673475": 0.3635034901332267, "5.714285714285714": 0.39747180267003174, "6.73469387755102": 0.411040464485336, "6.530612244897959": 0.40895746880677364, "6.122448979591837": 0.4039349549380162, "5.3061224489795915": 0.3890860730498204, "6.326530612244898": 0.4066020840002393, "6.938775510204081": 0.41288457661594735, "7.346938775510204": 0.4159661531637181, "7.142857142857143": 0.4145183616420934, "7.551020408163265": 0.41724864878293955, "5.1020408163265305": 0.38396891431617036, "4.8979591836734695": 0.3780938461264247, "7.755102040816327": 0.4183833846358659, "8.16326530612245": 0.4202661428157395, "8.775510204081632": 0.4222757728973479, "9.183673469387756": 0.4231458817104678, "8.979591836734695": 0.4227553271661981, "9.387755102040817": 0.4234488037988244, "10.0": 0.42382437146508856, "9.591836734693878": 0.42366402655737045, "9.795918367346939": 0.42379012215506545, "8.36734693877551": 0.42103652923173296, "8.571428571428571": 0.4217043368107777, "7.959183673469388": 0.41938511908914705}