{"2.0": 0.05763165218998245, "2.3333333333333335": 0.11104272267584414, "2.6666666666666665": 0.1771370807241175, "2.888888888888889": 0.2241980245666123, "2.2222222222222223": 0.09139456439575167, "3.0": 0.24796361116023802, "2.111111111111111": 0.07349475568898456, "2.5555555555555554": 0.154238878891518, "2.7777777777777777": 0.20053036841938832, "2.4444444444444446": 0.13210371326208625}