{"10.0": 0.8037051817127474, "1.1111111111111112": 1.5083070677814048e-07, "7.777777777777779": 0.6330676658648898, "6.666666666666667": 0.4691604161662742, "2.2222222222222223": 4.2342456808291655e-07, "3.3333333333333335": 1.0615334369946546e-06, "8.88888888888889": 0.7374222913432695, "5.555555555555555": 0.20068594952569138, "4.444444444444445": 4.257387763777668e-06, "0.0": 0.0}