{"10.0": 0.6661724618698103, "1.1111111111111112": 1.043171559115791e-07, "7.777777777777779": 0.4840620079472047, "6.666666666666667": 0.33798003789386766, "2.2222222222222223": 2.8667968034929444e-07, "3.3333333333333335": 7.01714400031018e-07, "8.88888888888889": 0.5902681713923505, "5.555555555555555": 0.13362027978178817, "4.444444444444445": 2.739018867490233e-06, "0.0": 0.0}