{"2.888888888888889": 0.18437314841679536, "2.7777777777777777": 0.12264454898022757, "2.6666666666666665": 0.05430820818664176, "3.0": 0.24032931151592435, "2.0": 1e-323, "2.111111111111111": 1.5e-323, "2.2222222222222223": 1e-323, "2.3333333333333335": -1.5e-323, "2.5555555555555554": 0.0, "2.4444444444444446": -8e-323}