{"2.888888888888889": 0.21047717153736042, "2.7777777777777777": 0.140633818109116, "2.6666666666666665": 0.06256427308673775, "3.0": 0.2731865989462632, "2.0": 1.5e-323, "2.111111111111111": 2e-323, "2.2222222222222223": 1e-323, "2.3333333333333335": -1.5e-323, "2.5555555555555554": 0.0, "2.4444444444444446": -1e-322}