{"2.888888888888889": 0.15246823126943804, "2.7777777777777777": 0.1006576644893639, "2.6666666666666665": 0.04421746219763557, "3.0": 0.2001704046566214, "2.0": 1e-323, "2.111111111111111": 1.5e-323, "2.2222222222222223": 5e-324, "2.3333333333333335": -1e-323, "2.5555555555555554": 0.0, "2.4444444444444446": -7e-323}