{"0.0": 0.0, "0.20408163265306123": 0.0, "0.40816326530612246": 0.0, "0.6122448979591837": 0.0, "0.8163265306122449": 0.0, "1.0204081632653061": 0.0, "1.2244897959183674": 0.0, "1.4285714285714286": 0.0, "1.6326530612244898": 0.0, "2.0408163265306123": 0.0, "1.836734693877551": 0.0, "2.4489795918367347": 0.0, "2.2448979591836737": 0.0, "2.6530612244897958": 0.0, "4.6938775510204085": 0.07218055128573109, "4.8979591836734695": 0.16118390384092698, "5.1020408163265305": 0.23988903297124198, "3.0612244897959187": 0.0, "2.857142857142857": 0.0, "5.3061224489795915": 0.3097360120961339, "5.510204081632653": 0.37192948257523806, "5.714285714285714": 0.4274757663743637, "6.122448979591837": 0.5219019343335156, "3.4693877551020407": 0.0, "3.2653061224489797": 0.0, "6.326530612244898": 0.5621170361267325, "5.918367346938775": 0.4772265539580253, "3.673469387755102": 0.0, "6.530612244897959": 0.5983988611689748, "3.8775510204081636": 0.0, "6.73469387755102": 0.6311991302550131, "7.142857142857143": 0.6878678117209271, "6.938775510204081": 0.6609094608097802, "7.755102040816327": 0.7549908346872695, "4.081632653061225": 0.0, "7.551020408163265": 0.7346685800926496, "7.346938775510204": 0.7123688797145171, "7.959183673469388": 0.7735315251220125, "8.16326530612245": 0.7904615362760019, "4.285714285714286": 0.0, "8.36734693877551": 0.8059311030131515, "8.571428571428571": 0.8200711988022563, "8.775510204081632": 0.8329965875902401, "4.4897959183673475": -5.73e-322, "8.979591836734695": 0.8448073711876007, "9.387755102040817": 0.8654201612190187, "9.591836734693878": 0.8743619054841558, "9.795918367346939": 0.8824700633005998, "9.183673469387756": 0.8555901752539032, "10.0": 0.8897909561326072}