{"0.20408163265306123": 4.7271681983387526e-08, "0.40816326530612246": 1.027495517418531e-07, "3.8775510204081636": 0.38811109358974655, "0.6122448979591837": 1.6877355634395266e-07, "1.0204081632653061": 3.473119472418303e-07, "1.6326530612244898": 8.576551203485245e-07, "1.836734693877551": 1.1782797630680629e-06, "1.4285714285714286": 6.35366402070278e-07, "0.8163265306122449": 2.486667107262096e-07, "1.2244897959183674": 4.7218915526923027e-07, "3.4693877551020407": 0.2857517130355312, "2.2448979591836737": 2.5826107296891675e-06, "3.673469387755102": 0.3409329628810531, "3.2653061224489797": 0.2207429707306038, "3.0612244897959187": 0.14353114617600266, "2.4489795918367347": 4.669664249642447e-06, "2.0408163265306123": 1.68102489402971e-06, "0.0": 0.0, "2.857142857142857": 0.05097978505689773, "2.6530612244897958": 1.4765657809051657e-05, "4.081632653061225": 0.42870664626752775, "4.285714285714286": 0.46383956847849367, "5.1020408163265305": 0.565221313821371, "4.8979591836734695": 0.544561850809332, "5.714285714285714": 0.6141139523676764, "4.4897959183673475": 0.49440276370668823, "5.3061224489795915": 0.5834893973870628, "5.510204081632653": 0.5996951450289852, "4.6938775510204085": 0.5211153564743243, "6.122448979591837": 0.6384824574818699, "5.918367346938775": 0.6269776563738158, "6.938775510204081": 0.6739070126698489, "7.346938775510204": 0.6868150286335691, "7.142857142857143": 0.680688017149451, "6.73469387755102": 0.6663939315690109, "6.530612244897959": 0.6580583136482697, "7.551020408163265": 0.6923554970663683, "7.755102040816327": 0.6973676671581983, "7.959183673469388": 0.701901752269459, "6.326530612244898": 0.6487951889701276, "8.571428571428571": 0.7130363221787024, "8.16326530612245": 0.706000901475449, "8.36734693877551": 0.7097019982665034, "8.775510204081632": 0.71603009909404, "9.183673469387756": 0.7210783373525536, "8.979591836734695": 0.7187049615993429, "9.387755102040817": 0.7231637806460794, "9.591836734693878": 0.72497126010682, "10.0": 0.7277757797944653, "9.795918367346939": 0.7265074135986547}