{"0.6122448979591837": 2.2310311522693887e-07, "0.20408163265306123": 6.450208477903255e-08, "0.40816326530612246": 1.3816891457999732e-07, "1.2244897959183674": 5.79056606215572e-07, "1.0204081632653061": 4.389808037237356e-07, "1.6326530612244898": 9.632745174780916e-07, "1.836734693877551": 1.2368298199521656e-06, "2.2448979591836737": 2.107281274231791e-06, "0.8163265306122449": 3.2210376805475344e-07, "2.4489795918367347": 2.8628257268910446e-06, "3.8775510204081636": 0.29112051552160667, "3.4693877551020407": 0.1067023307544947, "3.673469387755102": 0.20587025927366798, "2.6530612244897958": 4.109588813456409e-06, "0.0": 0.0, "2.857142857142857": 6.557333460259081e-06, "2.0408163265306123": 1.6004272600148431e-06, "1.4285714285714286": 7.499992126149512e-07, "3.0612244897959187": 1.355341053723342e-05, "4.4897959183673475": 0.4852261763694129, "4.8979591836734695": 0.578164540461215, "4.285714285714286": 0.42907031763923936, "6.326530612244898": 0.7760698985620142, "5.1020408163265305": 0.6167870970769316, "5.510204081632653": 0.6818031688072347, "6.73469387755102": 0.8105399780569165, "5.3061224489795915": 0.6511423453447999, "5.918367346938775": 0.733889362797165, "7.346938775510204": 0.8512169562152678, "6.122448979591837": 0.7560647238753849, "4.081632653061225": 0.36488025699668886, "4.6938775510204085": 0.5345875464141816, "6.938775510204081": 0.8254074151414866, "6.530612244897959": 0.7941562771520189, "7.142857142857143": 0.8389198235077363, "3.2653061224489797": 0.0002001607223302483, "7.755102040816327": 0.8726346562604845, "7.551020408163265": 0.8624201167588358, "5.714285714285714": 0.7092502679022531, "9.183673469387756": 0.9227646912588555, "8.16326530612245": 0.8904515443541242, "8.571428571428571": 0.9052614978980883, "8.979591836734695": 0.9175038202480967, "9.387755102040817": 0.9274931899651103, "8.775510204081632": 0.9116813103059099, "9.795918367346939": 0.9354412860878059, "9.591836734693878": 0.9317127188666467, "10.0": 0.9386919271111471, "8.36734693877551": 0.8982017090776485, "7.959183673469388": 0.8819520371496182}