{"0.6122448979591837": 1.0568042300223424e-07, "0.20408163265306123": 3.0553619105857524e-08, "0.40816326530612246": 6.544843322210402e-08, "1.2244897959183674": 2.742899713652709e-07, "1.0204081632653061": 2.0793827544808534e-07, "1.6326530612244898": 4.562879293317275e-07, "1.836734693877551": 5.858667568194473e-07, "2.2448979591836737": 9.981858667413747e-07, "0.8163265306122449": 1.5257546907856756e-07, "2.4489795918367347": 1.3560753443168106e-06, "3.8775510204081636": 0.1378991915628663, "3.4693877551020407": 0.050543209304760646, "3.673469387755102": 0.09751749123489538, "2.6530612244897958": 1.9466473326898777e-06, "0.0": 0.0, "2.857142857142857": 3.106105323280618e-06, "2.0408163265306123": 7.580971231649259e-07, "1.4285714285714286": 3.552627849228716e-07, "3.0612244897959187": 6.420036570268463e-06, "4.4897959183673475": 0.22984397828024827, "4.8979591836734695": 0.273867413902681, "4.285714285714286": 0.20324383467121862, "6.326530612244898": 0.3676120572135859, "5.1020408163265305": 0.29216230914170455, "5.510204081632653": 0.32295939575079546, "6.73469387755102": 0.38393998960590786, "5.3061224489795915": 0.3084358477949052, "5.918367346938775": 0.347631803430236, "7.346938775510204": 0.40320803189144266, "6.122448979591837": 0.3581359218357086, "4.081632653061225": 0.17283801647211583, "4.6938775510204085": 0.25322567988040184, "6.938775510204081": 0.3909824598038622, "6.530612244897959": 0.3761792891772723, "7.142857142857143": 0.39738307429313824, "3.2653061224489797": 9.48129737353808e-05, "7.755102040816327": 0.4133532582286506, "7.551020408163265": 0.4085147921489222, "5.714285714285714": 0.3359606532168567, "9.183673469387756": 0.4370990642805105, "8.16326530612245": 0.421792836799322, "8.571428571428571": 0.4288080779517261, "8.979591836734695": 0.4346070727490985, "9.387755102040817": 0.43933887945715766, "8.775510204081632": 0.43184904172385213, "9.795918367346939": 0.4431037670942239, "9.591836734693878": 0.4413376036736748, "10.0": 0.4446435444210697, "8.36734693877551": 0.42546396745783355, "7.959183673469388": 0.41776675443929306}