{"0.0": 0.0, "0.40816326530612246": 7.117641262810196e-08, "0.20408163265306123": 3.306010163475547e-08, "0.6122448979591837": 1.1560496424750709e-07, "0.8163265306122449": 1.6805535982162634e-07, "1.0204081632653061": 2.3091577703322266e-07, "2.0408163265306123": 9.166613035810647e-07, "1.836734693877551": 6.89238740700215e-07, "1.6326530612244898": 5.260855855158539e-07, "1.4285714285714286": 4.03332049808921e-07, "1.2244897959183674": 3.0762678868830994e-07, "2.4489795918367347": 1.8149735291316427e-06, "2.2448979591836737": 1.255652789251247e-06, "2.6530612244897958": 2.9129024427042552e-06, "2.857142857142857": 6.049629265905244e-06, "3.4693877551020407": 0.18673544463670638, "3.8775510204081636": 0.3345983573594509, "3.2653061224489797": 0.09616937219560523, "3.673469387755102": 0.26556299507017683, "3.0612244897959187": 8.978741475488892e-05, "4.4897959183673475": 0.49701976135941317, "4.6938775510204085": 0.5397013911948421, "5.1020408163265305": 0.6122877754251487, "4.285714285714286": 0.4491949446009387, "4.8979591836734695": 0.5779314286576732, "4.081632653061225": 0.395393257403905, "5.3061224489795915": 0.6432555949013933, "6.326530612244898": 0.7597492611766655, "5.510204081632653": 0.6712468748554737, "5.714285714285714": 0.6966116827705859, "5.918367346938775": 0.7196506490256311, "6.122448979591837": 0.7406219593581778, "6.530612244897959": 0.7772268330507144, "6.73469387755102": 0.7932234531234174, "6.938775510204081": 0.8078871724192489, "7.142857142857143": 0.8213472372136694, "7.755102040816327": 0.8555750664958104, "7.346938775510204": 0.8337174463573368, "7.551020408163265": 0.8450974683677533, "7.959183673469388": 0.865227331247582, "8.16326530612245": 0.8741215745577897, "8.36734693877551": 0.8823168208222743, "8.775510204081632": 0.8968076050374522, "8.571428571428571": 0.889864121157718, "9.183673469387756": 0.9090276267106149, "9.387755102040817": 0.9143617675776508, "8.979591836734695": 0.9031849360885309, "9.795918367346939": 0.9235830859102387, "9.591836734693878": 0.9192082802695022, "10.0": 0.9274977529894548}