{"0.20408163265306123": 5.329070518200751e-15, "0.40816326530612246": 3.379851953866364e-12, "1.0204081632653061": 2.969191559287765e-11, "0.8163265306122449": 1.7248424910576432e-12, "0.6122448979591837": 4.4853010194856324e-14, "1.4285714285714286": 1.9242385462803213e-12, "3.673469387755102": 0.4773425668859296, "1.2244897959183674": 1.7419399256368706e-13, "2.4489795918367347": 1.8650192501468155e-10, "1.6326530612244898": 2.304079149695326e-11, "2.0408163265306123": 1.203359634160961e-11, "1.836734693877551": 5.708766792622555e-13, "2.2448979591836737": 2.3496982137771738e-11, "3.2653061224489797": 0.3105444934305114, "3.8775510204081636": 0.5421649260390383, "3.4693877551020407": 0.40102414002800923, "3.0612244897959187": 0.20242731146975335, "2.857142857142857": 0.07206655709097787, "0.0": 0.0, "2.6530612244897958": 2.2552862910529825e-09, "4.285714285714286": 0.6451678144619284, "4.081632653061225": 0.5975630874612501, "4.4897959183673475": 0.686277047778651, "4.8979591836734695": 0.7529860245917472, "4.6938775510204085": 0.7219342615714566, "5.3061224489795915": 0.8039216308390084, "5.1020408163265305": 0.7801248709974684, "6.122448979591837": 0.874078738475385, "5.510204081632653": 0.8248500924614945, "5.918367346938775": 0.8596219234771261, "6.73469387755102": 0.908510380373934, "6.530612244897959": 0.8983340862806724, "6.326530612244898": 0.8869149738100882, "5.714285714285714": 0.8433060143065395, "7.142857142857143": 0.9257137590591119, "6.938775510204081": 0.917593787619105, "7.346938775510204": 0.9329824542665179, "7.551020408163265": 0.9394973686376885, "7.959183673469388": 0.950595206178527, "7.755102040816327": 0.9453435093060458, "8.16326530612245": 0.9553176264503824, "8.775510204081632": 0.9668488094123897, "8.36734693877551": 0.959568046224564, "8.571428571428571": 0.9633969241376034, "9.183673469387756": 0.9727747736538462, "8.979591836734695": 0.9699631144229746, "9.591836734693878": 0.9776108084528198, "9.795918367346939": 0.9796873552720834, "9.387755102040817": 0.9753148078302334, "10.0": 0.9815663770600284}