{"0.40816326530612246": 2.665302126579657e-08, "3.8775510204081636": 3.279849068323261e-07, "1.836734693877551": 1.3172184022307938e-07, "0.20408163265306123": 1.3165521345942908e-08, "1.0204081632653061": 6.923058981812237e-08, "2.857142857142857": 2.213800628228838e-07, "0.8163265306122449": 5.466612245787992e-08, "3.4693877551020407": 2.8295863391896167e-07, "2.0408163265306123": 1.4852824658264756e-07, "0.6122448979591837": 4.048027205064767e-08, "1.2244897959183674": 8.41949612590902e-08, "1.6326530612244898": 1.1541559398322706e-07, "3.0612244897959187": 2.411767513097786e-07, "2.6530612244897958": 2.0225494103616236e-07, "2.4489795918367347": 1.8376192075227082e-07, "3.2653061224489797": 2.6168759593467356e-07, "2.2448979591836737": 1.6586437277038825e-07, "3.673469387755102": 3.0503971411036215e-07, "1.4285714285714286": 9.958190514511103e-08, "0.0": 0.0, "4.8979591836734695": 4.5792409538752334e-07, "4.4897959183673475": 4.0261932087053955e-07, "4.285714285714286": 3.767078522705207e-07, "4.081632653061225": 3.5185296621262325e-07, "5.1020408163265305": 4.874923359592988e-07, "7.142857142857143": 8.83311614444368e-07, "4.6938775510204085": 4.2966359047185055e-07, "5.918367346938775": 6.210120568019124e-07, "5.510204081632653": 5.509642233411629e-07, "5.3061224489795915": 5.184688366382852e-07, "5.714285714285714": 5.851004315967141e-07, "6.530612244897959": 7.409679930998386e-07, "6.73469387755102": 7.85636499524347e-07, "7.346938775510204": 9.368408763265398e-07, "6.326530612244898": 6.987724194994791e-07, "6.122448979591837": 6.588478572679447e-07, "7.755102040816327": 1.054805429826179e-06, "7.959183673469388": 1.1199473380343784e-06, "6.938775510204081": 8.330017141768752e-07, "7.551020408163265": 9.938934881498228e-07, "8.16326530612245": 1.189727038653998e-06, "8.775510204081632": 1.4315715599726787e-06, "8.36734693877551": 1.264591773969252e-06, "8.571428571428571": 1.3450298787225795e-06, "8.979591836734695": 1.5247883036032205e-06, "9.591836734693878": 1.8507465439322062e-06, "9.387755102040817": 1.7337207132660965e-06, "9.795918367346939": 1.9770430800254414e-06, "10.0": 2.1132715505010675e-06, "9.183673469387756": 1.625290256908839e-06}