{"0.40816326530612246": 1.2961491895309592e-08, "3.8775510204081636": 1.7255924209918087e-07, "1.836734693877551": 6.631960465923604e-08, "0.20408163265306123": 6.3688652622470756e-09, "1.0204081632653061": 3.418675438441278e-08, "2.857142857142857": 1.1402509586471188e-07, "0.8163265306122449": 2.6859254575737473e-08, "3.4693877551020407": 1.4763611993666097e-07, "2.0408163265306123": 7.513194514285596e-08, "0.6122448979591837": 1.9788016631313706e-08, "1.2244897959183674": 4.178285903878083e-08, "1.6326530612244898": 5.783463570456196e-08, "3.0612244897959187": 1.2476480150132607e-07, "2.6530612244897958": 1.0371467199447875e-07, "2.4489795918367347": 9.380995990095962e-08, "3.2653061224489797": 1.3595927596388135e-07, "2.2448979591836737": 8.42891316368927e-08, "3.673469387755102": 1.598252688576236e-07, "1.4285714285714286": 4.96607728861566e-08, "0.0": 0.0, "4.8979591836734695": 2.45759198650209e-07, "4.4897959183673475": 2.1440022526934812e-07, "4.285714285714286": 1.9980638221940598e-07, "4.081632653061225": 1.858734241473175e-07, "7.142857142857143": 4.931595541959487e-07, "5.1020408163265305": 2.626301784294412e-07, "4.6938775510204085": 2.2970100983275018e-07, "5.918367346938775": 3.3955685905288084e-07, "5.510204081632653": 2.990602521513205e-07, "5.3061224489795915": 2.8037484347559725e-07, "5.714285714285714": 3.187603632252731e-07, "6.530612244897959": 4.094772793287764e-07, "6.73469387755102": 4.356648025013748e-07, "7.346938775510204": 5.247847851340541e-07, "6.326530612244898": 3.8480995094621007e-07, "6.122448979591837": 3.615400621473099e-07, "7.755102040816327": 5.947177694482974e-07, "7.959183673469388": 6.334557968041631e-07, "6.938775510204081": 4.6350860898170995e-07, "7.551020408163265": 5.585693368594799e-07, "8.16326530612245": 6.750318349880727e-07, "8.775510204081632": 8.196387645861694e-07, "8.36734693877551": 7.197183649011794e-07, "8.571428571428571": 7.678129594072839e-07, "8.979591836734695": 8.755441443276415e-07, "9.591836734693878": 1.0715532156749597e-06, "9.387755102040817": 1.0011018755303269e-06, "9.795918367346939": 1.1476670798064342e-06, "10.0": 1.2298469430344096e-06, "9.183673469387756": 9.359010918365683e-07}