{"0.40816326530612246": 1.1440210854144369e-08, "3.8775510204081636": 1.5528972379549804e-07, "1.836734693877551": 5.905268959658679e-08, "0.20408163265306123": 5.61368125294754e-09, "1.0204081632653061": 3.029299489177838e-08, "2.857142857142857": 1.0209676620269272e-07, "0.8163265306122449": 2.376960258883276e-08, "3.4693877551020407": 1.3260028504973866e-07, "2.0408163265306123": 6.697680053843471e-08, "0.6122448979591837": 1.7488877140276593e-08, "1.2244897959183674": 3.707040323652424e-08, "1.6326530612244898": 5.143675145137697e-08, "3.0612244897959187": 1.1183014041149801e-07, "2.6530612244897958": 9.276575321206944e-08, "2.4489795918367347": 8.381529758414722e-08, "3.2653061224489797": 1.219894626337934e-07, "2.2448979591836737": 7.52252159553932e-08, "3.673469387755102": 1.4369033049620817e-07, "1.4285714285714286": 4.411398041293943e-08, "0.0": 0.0, "4.8979591836734695": 2.2218532123495185e-07, "4.4897959183673475": 1.9348699242477131e-07, "4.285714285714286": 1.801506633248377e-07, "4.081632653061225": 1.67431252806728e-07, "5.1020408163265305": 2.3764549425945704e-07, "7.142857142857143": 4.498093252794579e-07, "4.6938775510204085": 2.0748294531729462e-07, "5.918367346938775": 3.0828405930298836e-07, "5.510204081632653": 2.7107092201911585e-07, "5.3061224489795915": 2.5391995534640967e-07, "5.714285714285714": 2.891670222951129e-07, "6.530612244897959": 3.7264497779865824e-07, "6.73469387755102": 3.967790583877113e-07, "7.346938775510204": 4.790007750015558e-07, "6.326530612244898": 3.499252322180691e-07, "6.122448979591837": 3.285058626894616e-07, "7.755102040816327": 5.435969182951994e-07, "7.959183673469388": 5.79401181111917e-07, "6.938775510204081": 4.224538195155805e-07, "7.551020408163265": 5.101999867161086e-07, "8.16326530612245": 6.178434790251921e-07, "8.775510204081632": 7.516462317654461e-07, "8.36734693877551": 6.591768750047269e-07, "8.571428571428571": 7.036777461500286e-07, "8.979591836734695": 8.034059044081327e-07, "9.591836734693878": 9.849761792019322e-07, "9.387755102040817": 9.196997824485748e-07, "9.795918367346939": 1.0555141908932112e-06, "10.0": 1.1316886533158918e-06, "9.183673469387756": 8.593022957174272e-07}