{"1.6326530612244898": 2.0415592485324546e-07, "0.40816326530612246": 3.8292114072542e-08, "2.4489795918367347": 3.95118096080693e-07, "2.6530612244897958": 4.6182473452151115e-07, "1.4285714285714286": 1.6919050988248569e-07, "0.20408163265306123": 1.838687455682271e-08, "3.8775510204081636": 1.2978006185136253e-06, "0.6122448979591837": 5.991743898697096e-08, "1.0204081632653061": 1.0933313387361947e-07, "0.8163265306122449": 8.350229566234227e-08, "1.2244897959183674": 1.377555660548424e-07, "1.836734693877551": 2.4329654348921396e-07, "2.0408163265306123": 2.8742525214324154e-07, "3.0612244897959187": 6.333822100213201e-07, "0.0": 0.0, "2.2448979591836737": 3.3758181956687724e-07, "3.673469387755102": 1.0641082873947589e-06, "2.857142857142857": 5.401251296238793e-07, "3.2653061224489797": 7.464029263113472e-07, "3.4693877551020407": 8.863069478878256e-07, "6.73469387755102": 0.36371181374398476, "7.346938775510204": 0.45719511904732013, "5.510204081632653": 0.10059367173894958, "5.918367346938775": 0.20243282408089477, "6.326530612244898": 0.2891827437912554, "4.6938775510204085": 4.241281658987845e-06, "7.142857142857143": 0.4281896807068111, "4.285714285714286": 2.088302029611654e-06, "7.755102040816327": 0.5095933071649027, "6.122448979591837": 0.24749547735390848, "4.4897959183673475": 2.8401958349722404e-06, "4.081632653061225": 1.6189281870453033e-06, "6.530612244897959": 0.3278255346255076, "6.938775510204081": 0.3970930835003634, "7.959183673469388": 0.5332682064227846, "7.551020408163265": 0.48427966648393833, "4.8979591836734695": 7.776845271574397e-06, "5.714285714285714": 0.15361297698110266, "5.3061224489795915": 0.042863860108746696, "9.387755102040817": 0.661287994477976, "9.183673469387756": 0.6465181003985081, "8.16326530612245": 0.555420773321813, "8.36734693877551": 0.5761533965032504, "5.1020408163265305": 3.3994858941529475e-05, "8.571428571428571": 0.5955559143504205, "8.979591836734695": 0.6306745840881824, "8.775510204081632": 0.6137068689432527, "9.795918367346939": 0.6877711807410731, "9.591836734693878": 0.6750271045229188, "10.0": 0.6995494757961026}