{"1.6326530612244898": 2.4728538513931445e-07, "0.40816326530612246": 4.567390440514382e-08, "2.4489795918367347": 4.842890405201196e-07, "2.6530612244897958": 5.678601278969888e-07, "1.4285714285714286": 2.043711288491303e-07, "0.20408163265306123": 2.1880478475199848e-08, "3.8775510204081636": 1.6304359968343251e-06, "0.6122448979591837": 7.163897569559276e-08, "1.0204081632653061": 1.3137402541525682e-07, "0.8163265306122449": 1.000830301711952e-07, "1.2244897959183674": 1.659562413597406e-07, "1.836734693877551": 2.955293579604042e-07, "2.0408163265306123": 3.5015050041343976e-07, "3.0612244897959187": 7.840400009767984e-07, "0.0": 0.0, "2.2448979591836737": 4.1248923883112683e-07, "3.673469387755102": 1.3316599965721016e-06, "2.857142857142857": 6.663300398354289e-07, "3.2653061224489797": 9.271967194015878e-07, "3.4693877551020407": 1.1049947524220323e-06, "6.73469387755102": 0.44283781928846344, "7.346938775510204": 0.5462729493959222, "5.510204081632653": 0.12809514231178798, "5.918367346938775": 0.25366315368628956, "6.326530612244898": 0.3569985386313092, "4.6938775510204085": 5.419729186765033e-06, "7.142857142857143": 0.5147121481718928, "4.285714285714286": 2.6451375649392424e-06, "7.755102040816327": 0.6019974005056081, "6.122448979591837": 0.3077806566392549, "4.4897959183673475": 3.6131074681585842e-06, "4.081632653061225": 2.042073754201445e-06, "6.530612244897959": 0.4018609085260914, "7.959183673469388": 0.6266047123172713, "6.938775510204081": 0.4803367735893342, "7.551020408163265": 0.575289226519769, "4.8979591836734695": 9.984031306624718e-06, "5.714285714285714": 0.19401378576807002, "5.3061224489795915": 0.05504809773671948, "9.387755102040817": 0.7527951005078971, "9.183673469387756": 0.7388873966355686, "8.16326530612245": 0.6492929529285603, "8.36734693877551": 0.6702216049489993, "5.1020408163265305": 4.385450886389078e-05, "8.571428571428571": 0.6895305004772204, "8.979591836734695": 0.7237633215158222, "8.775510204081632": 0.7073420800009174, "9.795918367346939": 0.7772299933425104, "9.591836734693878": 0.7655560944033933, "10.0": 0.7878673258438239}