{"0.20408163265306123": 5.272702993063957e-07, "3.8775510204081636": 0.40790812880835525, "0.6122448979591837": 5.982678211568039e-07, "0.40816326530612246": 5.595249214790655e-07, "0.8163265306122449": 6.456756798690004e-07, "3.673469387755102": 0.3592208878697516, "1.0204081632653061": 7.050214072483671e-07, "1.2244897959183674": 7.814636524249306e-07, "2.857142857142857": 0.09589041336932635, "1.4285714285714286": 8.836334723951627e-07, "3.2653061224489797": 0.2436760345651665, "3.4693877551020407": 0.3048108264095486, "1.6326530612244898": 1.0271471692674072e-06, "2.0408163265306123": 1.6068159240208812e-06, "0.0": 5e-07, "3.0612244897959187": 0.17456450451245736, "1.836734693877551": 1.2434652800984537e-06, "2.2448979591836737": 2.34427934754283e-06, "2.4489795918367347": 4.646650822578615e-06, "4.081632653061225": 0.4516841970596839, "4.4897959183673475": 0.5270470182736581, "6.73469387755102": 0.7701481214209397, "2.6530612244897958": 0.005676265636776874, "6.122448979591837": 0.7233649262429848, "4.285714285714286": 0.4912138665204631, "5.714285714285714": 0.6857223102795816, "4.8979591836734695": 0.5893866493012525, "5.3061224489795915": 0.6415813890302325, "7.551020408163265": 0.8186958934793047, "6.530612244897959": 0.7556886891047593, "5.918367346938775": 0.7052748040300731, "5.1020408163265305": 0.6166065079611867, "4.6938775510204085": 0.5596425732858834, "6.326530612244898": 0.7401295205139391, "5.510204081632653": 0.6645510122801006, "6.938775510204081": 0.7836010052452574, "7.142857142857143": 0.7961296004049223, "7.346938775510204": 0.8078065377357228, "7.755102040816327": 0.8288540795496525, "8.36734693877551": 0.8554054507523747, "7.959183673469388": 0.8383305826552643, "8.16326530612245": 0.8471685794967498, "8.775510204081632": 0.8701988848855693, "8.979591836734695": 0.8768048014690561, "8.571428571428571": 0.8630732130019609, "9.591836734693878": 0.8936626870542432, "9.795918367346939": 0.898328318864003, "10.0": 0.9025243822497788, "9.183673469387756": 0.8829088888607703, "9.387755102040817": 0.8885249094910882}