{"0.20408163265306123": 5.454504984308431e-07, "3.8775510204081636": 0.5825075347956432, "0.6122448979591837": 6.637796965632456e-07, "0.40816326530612246": 5.992082004966547e-07, "0.8163265306122449": 7.427927879919926e-07, "3.673469387755102": 0.5237364023035774, "1.0204081632653061": 8.417023220618342e-07, "1.2244897959183674": 9.691060433627569e-07, "2.857142857142857": 0.1546525079679468, "1.4285714285714286": 1.1393890388948705e-06, "3.2653061224489797": 0.3721634695665901, "3.4693877551020407": 0.45444507830984865, "1.6326530612244898": 1.378578461065516e-06, "2.0408163265306123": 2.3446925261224394e-06, "0.0": 5e-07, "3.0612244897959187": 0.2736620895405915, "1.836734693877551": 1.7391084930857869e-06, "2.2448979591836737": 3.5737970229221016e-06, "2.4489795918367347": 7.411075151670157e-06, "4.081632653061225": 0.6326742154485456, "4.4897959183673475": 0.7129020494379521, "6.73469387755102": 0.913742477543196, "2.6530612244897958": 0.009442201235809869, "6.122448979591837": 0.8825499582029666, "4.285714285714286": 0.6757408392836368, "4.8979591836734695": 0.7731587839485036, "5.714285714285714": 0.8547248920984011, "5.3061224489795915": 0.8191501812226898, "7.551020408163265": 0.94186511227973, "6.530612244897959": 0.9045153222285234, "5.918367346938775": 0.8694732923525618, "5.1020408163265305": 0.7976632174647084, "4.6938775510204085": 0.7451161224494653, "6.326530612244898": 0.8941697535668435, "5.510204081632653": 0.838050937558188, "6.938775510204081": 0.9219845392524496, "7.142857142857143": 0.9293558401523763, "7.346938775510204": 0.9359545733623713, "7.755102040816327": 0.9471599063416574, "8.36734693877551": 0.9599261685975162, "7.959183673469388": 0.9519010338703834, "8.16326530612245": 0.9561414766968387, "8.775510204081632": 0.9662728326957882, "8.979591836734695": 0.968891496589565, "9.591836734693878": 0.9747556136041939, "8.571428571428571": 0.9632928598512628, "9.795918367346939": 0.9760816952678298, "10.0": 0.9771006139253247, "9.183673469387756": 0.9711688875508523, "9.387755102040817": 0.9731200921369823}