{"0.20408163265306123": 5.372694088248419e-07, "3.8775510204081636": 0.5039378021013636, "0.6122448979591837": 6.342993526303469e-07, "0.40816326530612246": 5.813507249387395e-07, "0.8163265306122449": 6.990900893366461e-07, "3.673469387755102": 0.4497044208083558, "1.0204081632653061": 7.80195910395774e-07, "1.2244897959183674": 8.846669674407351e-07, "2.857142857142857": 0.12820956539856762, "1.4285714285714286": 1.024299033970002e-06, "3.2653061224489797": 0.3143441238159495, "3.4693877551020407": 0.38710966495471366, "1.6326530612244898": 1.220434379756367e-06, "2.0408163265306123": 2.0126480551767385e-06, "0.0": 5e-07, "3.0612244897959187": 0.22906817627793116, "1.836734693877551": 1.516069047241487e-06, "2.2448979591836737": 3.020514069001429e-06, "2.4489795918367347": 6.167084203578963e-06, "4.081632653061225": 0.5512287071735579, "4.4897959183673475": 0.6292672854140198, "6.73469387755102": 0.8491250172881808, "2.6530612244897958": 0.007747530216245023, "6.122448979591837": 0.8109166938209749, "4.285714285714286": 0.5927037015402087, "5.714285714285714": 0.7786737302799324, "4.8979591836734695": 0.6904613233572406, "5.3061224489795915": 0.7392442247360841, "7.551020408163265": 0.8864389638195387, "6.530612244897959": 0.8375433373228296, "5.918367346938775": 0.795583972607442, "5.1020408163265305": 0.7161876981881237, "6.326530612244898": 0.8248516486930366, "4.6938775510204085": 0.6616530253258535, "5.510204081632653": 0.7599759711830487, "6.938775510204081": 0.8597119489492132, "7.142857142857143": 0.869404032266022, "7.346938775510204": 0.8782879573303795, "7.755102040816327": 0.8939222842852552, "8.36734693877551": 0.9128918455672026, "7.959183673469388": 0.9007943308235798, "8.16326530612245": 0.9071036729567987, "8.775510204081632": 0.9230395561811897, "8.979591836734695": 0.9274524837853361, "8.571428571428571": 0.9181940187690771, "9.591836734693878": 0.9382637966567162, "9.795918367346939": 0.9410926758861078, "10.0": 0.9435413096713291, "9.183673469387756": 0.9314518881403155, "9.387755102040817": 0.93505225994633}