{"0.20408163265306123": 4.5722691147889335e-08, "0.40816326530612246": 1.0839139637918214e-07, "0.0": 0.0, "0.6122448979591837": 1.9957019142673608e-07, "0.8163265306122449": 3.444430907610793e-07, "1.0204081632653061": 6.102329991118996e-07, "1.2244897959183674": 1.2567433306938371e-06, "1.4285714285714286": 5.1659314745493445e-06, "2.0408163265306123": 0.2961370354124172, "2.4489795918367347": 0.44479277536324785, "1.6326530612244898": 0.08341606632895318, "1.836734693877551": 0.20008459204069642, "2.2448979591836737": 0.37655325252522426, "2.6530612244897958": 0.5033446243333338, "2.857142857142857": 0.554047804316966, "3.2653061224489797": 0.6371633280861151, "3.0612244897959187": 0.5982951844876545, "3.4693877551020407": 0.6714982972978372, "3.8775510204081636": 0.7291439977558475, "3.673469387755102": 0.701976227583638, "4.285714285714286": 0.7752654595391782, "4.081632653061225": 0.7534500631292651, "4.6938775510204085": 0.8126176600293625, "4.4897959183673475": 0.7949007622853215, "5.3061224489795915": 0.8563299057197683, "5.1020408163265305": 0.8431548662586061, "4.8979591836734695": 0.8286387941722976, "5.510204081632653": 0.8683063990934117, "5.714285714285714": 0.8792081914115176, "5.918367346938775": 0.8891439016743847, "6.326530612244898": 0.9064868411190026, "6.122448979591837": 0.8982087600365496, "6.530612244897959": 0.9140524963454242, "6.73469387755102": 0.9209713956421951, "7.142857142857143": 0.9330958034623754, "6.938775510204081": 0.9273019551578896, "7.346938775510204": 0.9383987983018981, "7.551020408163265": 0.9432513331473147, "7.959183673469388": 0.9517429018025992, "7.755102040816327": 0.9476889992886804, "8.16326530612245": 0.9554398620478527, "8.571428571428571": 0.9618510366482499, "8.775510204081632": 0.9646000084445474, "8.36734693877551": 0.9588028584492598, "9.387755102040817": 0.9711565180371148, "8.979591836734695": 0.9670619374218857, "9.183673469387756": 0.9692455838040396, "9.795918367346939": 0.9741668584658179, "9.591836734693878": 0.9727971690782965, "10.0": 0.9752620286182898}