{"0.20408163265306123": 9.144538020521418e-08, "0.40816326530612246": 2.167827810096695e-07, "0.0": 0.0, "0.6122448979591837": 3.9914034302521086e-07, "0.8163265306122449": 6.888860628811157e-07, "1.0204081632653061": 1.2204656258394858e-06, "1.2244897959183674": 2.513485081983875e-06, "1.4285714285714286": 1.033183626225069e-05, "2.0408163265306123": 0.5045769270820138, "2.4489795918367347": 0.6917449377114115, "1.6326530612244898": 0.15987389253611053, "1.836734693877551": 0.3601353401093076, "2.2448979591836737": 0.6113141530632451, "2.6530612244897958": 0.7533334378213161, "2.857142857142857": 0.8011266391615636, "3.2653061224489797": 0.8683495494176487, "3.0612244897959187": 0.8386332411710098, "3.4693877551020407": 0.8920866309864254, "3.8775510204081636": 0.9266370232300766, "3.673469387755102": 0.9111818300532553, "4.285714285714286": 0.9494943692702228, "4.081632653061225": 0.9392131214561085, "4.6938775510204085": 0.9648877773120343, "4.4897959183673475": 0.9579342644639295, "5.3061224489795915": 0.9793582982813419, "5.1020408163265305": 0.9753992815619612, "4.8979591836734695": 0.9706351717834674, "5.510204081632653": 0.9826556957754752, "5.714285714285714": 0.9854074037889083, "5.918367346938775": 0.9877076163614686, "6.326530612244898": 0.9912463350622591, "6.122448979591837": 0.9896330329337608, "6.530612244897959": 0.9925988052481354, "6.73469387755102": 0.9937323675000043, "7.142857142857143": 0.9954733993329289, "6.938775510204081": 0.9946812891095331, "7.346938775510204": 0.9961311468144333, "7.551020408163265": 0.9966723505644947, "7.959183673469388": 0.9974569189418108, "7.755102040816327": 0.9971108400212529, "8.16326530612245": 0.9977177171509153, "8.571428571428571": 0.997997760765419, "8.775510204081632": 0.9980175636272236, "8.36734693877551": 0.9978974816940702, "9.387755102040817": 0.9975481084239296, "8.979591836734695": 0.9979534633240175, "9.183673469387756": 0.9977996716996814, "9.795918367346939": 0.9967081814500129, "9.591836734693878": 0.9971884503793085, "10.0": 0.9960926584575712}