{"0.20408163265306123": 7.0870170129418e-08, "0.40816326530612246": 1.6800665792595022e-07, "0.0": 0.0, "0.6122448979591837": 3.0933377480589717e-07, "0.8163265306122449": 5.338867254270992e-07, "1.0204081632653061": 9.458609438120724e-07, "1.2244897959183674": 1.947951293903359e-06, "1.4285714285714286": 8.007179107785088e-06, "2.0408163265306123": 0.4107789758306954, "2.4489795918367347": 0.580616464654738, "1.6326530612244898": 0.12546787074288976, "1.836734693877551": 0.28811250347843265, "2.2448979591836737": 0.5056717478211357, "2.6530612244897958": 0.6408384717517243, "2.857142857142857": 0.6899411634814947, "3.2653061224489797": 0.7643157498184588, "3.0612244897959187": 0.7304811156634998, "3.4693877551020407": 0.7928218808265609, "3.8775510204081636": 0.8377651617666737, "3.673469387755102": 0.8170393089419274, "4.285714285714286": 0.8710913598912529, "4.081632653061225": 0.855619745209029, "4.6938775510204085": 0.8963662245348323, "4.4897959183673475": 0.8845691884835559, "5.3061224489795915": 0.9239955216286336, "5.1020408163265305": 0.9158892946754514, "4.8979591836734695": 0.9067368018584412, "5.510204081632653": 0.9311985122685467, "5.714285714285714": 0.9376177582190827, "5.918367346938775": 0.9433539447522811, "6.326530612244898": 0.953104562787794, "6.122448979591837": 0.9484921101300159, "6.530612244897959": 0.9572529662419156, "6.73469387755102": 0.9609899301639903, "7.142857142857143": 0.9674034811911799, "6.938775510204081": 0.9643605888312938, "7.346938775510204": 0.9701515899837925, "7.551020408163265": 0.9726328927267638, "7.959183673469388": 0.9768856112291654, "7.755102040816327": 0.9748710116915953, "8.16326530612245": 0.9786926823545371, "8.571428571428571": 0.9817317349126933, "8.775510204081632": 0.9829796637950196, "8.36734693877551": 0.9803049012339057, "9.387755102040817": 0.9856718927498631, "8.979591836734695": 0.9840522766680578, "9.183673469387756": 0.9849503321466427, "9.795918367346939": 0.9865645861071254, "9.591836734693878": 0.986212373793853, "10.0": 0.9867188750298945}