{"0.6122448979591837": 8.881784197001252e-15, "0.40816326530612246": 0.0, "1.2244897959183674": 8.881784197001252e-16, "0.8163265306122449": 8.030243137113757e-13, "0.0": 0.0, "1.4285714285714286": 1.587618925213974e-14, "1.6326530612244898": 5.85420600884845e-13, "0.20408163265306123": 0.0, "2.4489795918367347": 6.255396201026997e-11, "1.836734693877551": 1.539968152997062e-11, "3.673469387755102": 2.121692235235173e-07, "3.4693877551020407": 5.8542384273607695e-08, "3.2653061224489797": 1.6483198694849932e-08, "2.857142857142857": 1.1758497509006816e-09, "2.2448979591836737": 1.1824763390677617e-11, "2.6530612244897958": 3.329954090247611e-10, "1.0204081632653061": 0.0, "3.0612244897959187": 4.525236629859819e-09, "3.8775510204081636": 8.722416692252821e-07, "2.0408163265306123": 1.942002114674324e-12, "4.285714285714286": 0.1100805534743583, "4.081632653061225": 6.761005845845602e-06, "4.8979591836734695": 0.5659112737550007, "4.4897959183673475": 0.28080500358023697, "4.6938775510204085": 0.43179297060977284, "5.1020408163265305": 0.6855237227878019, "5.3061224489795915": 0.7925930488052599, "5.510204081632653": 0.8887604235400238, "5.918367346938775": 1.0537026832578986, "6.938775510204081": 1.3502255818898599, "7.551020408163265": 1.4740413420991771, "7.346938775510204": 1.4362129465575437, "8.571428571428571": 1.623479027068241, "7.142857142857143": 1.3950635562836382, "6.122448979591837": 1.1246430107640144, "5.714285714285714": 0.975407113618076, "6.530612244897959": 1.2477484023086687, "6.73469387755102": 1.3012801785906918, "7.959183673469388": 1.5409921512494198, "9.183673469387756": 1.6891741110240162, "6.326530612244898": 1.1890805192210778, "8.16326530612245": 1.5706538443965998, "7.755102040816327": 1.508872431816744, "9.591836734693878": 1.7256357996228018, "10.0": 1.757298616025714, "8.36734693877551": 1.5980826175499243, "8.979591836734695": 1.668872589114347, "8.775510204081632": 1.6470222155602006, "9.795918367346939": 1.7420181127880294, "9.387755102040817": 1.7080562737194556}