{"0.0": 0.0, "0.20408163265306123": 0.0, "0.40816326530612246": 0.0, "0.6122448979591837": 0.0, "0.8163265306122449": 0.0, "1.0204081632653061": 0.0, "1.4285714285714286": 0.0, "1.2244897959183674": 0.0, "1.6326530612244898": 0.0, "1.836734693877551": 0.0, "2.0408163265306123": 0.0, "2.2448979591836737": 0.0, "2.4489795918367347": 0.0, "4.285714285714286": 0.055035173003479015, "4.6938775510204085": 0.21589418019525725, "4.4897959183673475": 0.14040013185521208, "4.8979591836734695": 0.2829529205528986, "5.1020408163265305": 0.3427595329833756, "2.6530612244897958": 0.0, "2.857142857142857": 0.0, "5.3061224489795915": 0.39629348530078845, "3.0612244897959187": 0.0, "5.714285714285714": 0.4876986872342259, "5.510204081632653": 0.444376751888923, "3.4693877551020407": 0.0, "6.122448979591837": 0.5623118372926447, "3.2653061224489797": 0.0, "5.918367346938775": 0.5268447461453702, "6.326530612244898": 0.5945259834604533, "3.673469387755102": 0.0, "3.8775510204081636": 0.0, "6.530612244897959": 0.6238535553053387, "6.73469387755102": 0.6506097527803879, "6.938775510204081": 0.67506883538099, "7.142857142857143": 0.6974683084605119, "4.081632653061225": -1.8e-322, "7.346938775510204": 0.718015986227139, "7.755102040816327": 0.7542577938514845, "7.551020408163265": 0.7368928736649608, "8.16326530612245": 0.7849911618989238, "7.959183673469388": 0.7702500058130861, "8.36734693877551": 0.7985883362804338, "8.571428571428571": 0.8111348159103214, "8.775510204081632": 0.8227122325682557, "8.979591836734695": 0.8333915598399901, "9.387755102040817": 0.8522916062220919, "9.183673469387756": 0.8432338360961873, "9.795918367346939": 0.868224473126702, "9.591836734693878": 0.8606094722302701, "10.0": 0.8751672869778709}