{"0.0": 0.0, "0.20408163265306123": 0.0, "0.40816326530612246": 0.0, "0.6122448979591837": 0.0, "0.8163265306122449": 0.0, "1.0204081632653061": 0.0, "1.4285714285714286": 0.0, "1.2244897959183674": 0.0, "1.6326530612244898": 0.0, "1.836734693877551": 0.0, "2.0408163265306123": 0.0, "2.2448979591836737": 0.0, "2.4489795918367347": 0.0, "4.285714285714286": 0.02201406920139161, "4.6938775510204085": 0.08635767207810292, "4.4897959183673475": 0.05616005274208482, "4.8979591836734695": 0.11318116822115946, "5.1020408163265305": 0.13710381319335024, "2.6530612244897958": 0.0, "2.857142857142857": 0.0, "5.3061224489795915": 0.15851739412031537, "3.0612244897959187": 0.0, "5.714285714285714": 0.1950794748936904, "5.510204081632653": 0.17775070075556917, "3.4693877551020407": 0.0, "6.122448979591837": 0.22492473491705783, "3.2653061224489797": 0.0, "5.918367346938775": 0.21073789845814814, "6.326530612244898": 0.23781039338418133, "3.673469387755102": 0.0, "3.8775510204081636": 0.0, "6.530612244897959": 0.24954142212213554, "6.73469387755102": 0.2602439011121552, "6.938775510204081": 0.27002753415239616, "7.142857142857143": 0.27898732338420473, "4.081632653061225": -7e-323, "7.346938775510204": 0.28720639449085544, "7.755102040816327": 0.3017031175405938, "7.551020408163265": 0.29475714946598436, "8.16326530612245": 0.3139964647595696, "7.959183673469388": 0.30810000232523455, "8.36734693877551": 0.31943533451217354, "8.571428571428571": 0.3244539263641287, "8.775510204081632": 0.3290848930273022, "8.979591836734695": 0.33335662393599597, "9.387755102040817": 0.3409166424888367, "9.183673469387756": 0.33729353443847493, "9.795918367346939": 0.34728978925068094, "9.591836734693878": 0.34424378889210794, "10.0": 0.3500669147911483}