{"3.8775510204081636": 3.935123511559566e-06, "1.836734693877551": 7.08266692647311e-07, "0.20408163265306123": 5.26036112937399e-08, "2.4489795918367347": 1.1601550775666175e-06, "1.2244897959183674": 3.9812320709224677e-07, "1.6326530612244898": 5.928140994225532e-07, "1.0204081632653061": 3.152865520495207e-07, "1.4285714285714286": 4.900988283419872e-07, "0.40816326530612246": 1.0975608924216334e-07, "2.2448979591836737": 9.882024450797335e-07, "0.6122448979591837": 1.7207413914317777e-07, "0.8163265306122449": 2.4029122096858336e-07, "2.857142857142857": 1.5967717779629421e-06, "2.6530612244897958": 1.360463439741583e-06, "3.0612244897959187": 1.8797433064705149e-06, "2.0408163265306123": 8.389824766174602e-07, "3.2653061224489797": 2.2247138310326162e-06, "3.4693877551020407": 2.6545659970674464e-06, "0.0": 0.0, "3.673469387755102": 3.205022784527023e-06, "4.081632653061225": 4.949955981880731e-06, "5.714285714285714": 0.4447434450110838, "6.938775510204081": 1.0257829703292574, "4.285714285714286": 6.456424972113612e-06, "5.510204081632653": 0.30632455869751335, "4.4897959183673475": 8.925972414721475e-06, "7.551020408163265": 1.2103119888372114, "4.6938775510204085": 1.3715947738803365e-05, "6.530612244897959": 0.8700365609329297, "6.73469387755102": 0.9517136231945362, "7.755102040816327": 1.261400684071259, "7.142857142857143": 1.0930980132496506, "7.959183673469388": 1.3081411648576844, "6.122448979591837": 0.679727476063708, "7.346938775510204": 1.1543952695179331, "6.326530612244898": 0.7797599994816165, "5.918367346938775": 0.5685854764771949, "4.8979591836734695": 2.6993744050518237e-05, "5.3061224489795915": 0.151110092930783, "5.1020408163265305": 0.0002445786521222368, "8.16326530612245": 1.350950545807281, "8.979591836734695": 1.4894572181567542, "9.591836734693878": 1.5657282261567858, "9.795918367346939": 1.5868147759803437, "9.183673469387756": 1.517189448871481, "8.571428571428571": 1.4261797921304773, "8.775510204081632": 1.4591891327137505, "10.0": 1.6059305233688224, "9.387755102040817": 1.542562658053716, "8.36734693877551": 1.3901916048068292}