{"3.8775510204081636": 1.3117084107127857e-06, "1.836734693877551": 2.3608891612842902e-07, "0.20408163265306123": 1.753453720039997e-08, "2.4489795918367347": 3.8671840903924845e-07, "1.2244897959183674": 1.3270774156786382e-07, "1.6326530612244898": 1.976047128233919e-07, "1.0204081632653061": 1.0509552103152973e-07, "1.4285714285714286": 1.6336628501017682e-07, "0.40816326530612246": 3.658536352688407e-08, "2.2448979591836737": 3.294008511948848e-07, "0.6122448979591837": 5.73580474777078e-08, "0.8163265306122449": 8.009707579470832e-08, "2.857142857142857": 5.322573537536108e-07, "2.6530612244897958": 4.534878817976139e-07, "3.0612244897959187": 6.265812330248515e-07, "2.0408163265306123": 2.796608516092174e-07, "3.2653061224489797": 7.415714603202809e-07, "3.4693877551020407": 8.848555933456172e-07, "0.0": 0.0, "3.673469387755102": 1.0683413086267086e-06, "4.081632653061225": 1.6499862347782614e-06, "5.714285714285714": 0.15640158050749045, "6.938775510204081": 0.39355673328525204, "4.285714285714286": 2.1521432012774266e-06, "5.510204081632653": 0.10584236842746239, "4.4897959183673475": 2.9753270890956085e-06, "7.551020408163265": 0.48035515178600435, "4.6938775510204085": 4.571989547288995e-06, "6.530612244897959": 0.32528123654080016, "6.73469387755102": 0.36057607513780165, "7.755102040816327": 0.5057282716780847, "7.142857142857143": 0.4244072550796886, "7.959183673469388": 0.5295263584274896, "6.122448979591837": 0.2468946504045776, "7.346938775510204": 0.4532914400040311, "6.326530612244898": 0.28746518819976846, "5.918367346938775": 0.20330619244076512, "4.8979591836734695": 8.997941671102872e-06, "5.3061224489795915": 0.051245390506139826, "5.1020408163265305": 8.152843299513252e-05, "8.16326530612245": 0.551852066026972, "8.979591836734695": 0.6280963087167597, "9.591836734693878": 0.673313406529879, "9.795918367346939": 0.686344517684436, "9.183673469387756": 0.6442250238139321, "8.571428571428571": 0.5924395766878549, "8.775510204081632": 0.6108523258552393, "10.0": 0.6984042684374983, "9.387755102040817": 0.6592844064714399, "8.36734693877551": 0.5727963613674767}