{"3.8775510204081636": 2.62341510084678e-06, "1.836734693877551": 4.721777765188818e-07, "0.20408163265306123": 3.506907409333994e-08, "2.4489795918367347": 7.734366685273691e-07, "1.2244897959183674": 2.6541546552438303e-07, "1.6326530612244898": 3.952093865991612e-07, "1.0204081632653061": 2.1019103101799094e-07, "1.4285714285714286": 3.2673254333181063e-07, "0.40816326530612246": 7.31707257152793e-08, "2.2448979591836737": 6.588015938848488e-07, "0.6122448979591837": 1.1471609166546997e-07, "0.8163265306122449": 1.6019414517387507e-07, "2.857142857142857": 1.0645144242093312e-06, "2.6530612244897958": 9.069755579439691e-07, "3.0612244897959187": 1.2531620734456627e-06, "2.0408163265306123": 5.593216250082429e-07, "3.2653061224489797": 1.483142370712335e-06, "3.4693877551020407": 1.769710403721829e-06, "0.0": 0.0, "3.673469387755102": 2.136681475900316e-06, "4.081632653061225": 3.2999697471024662e-06, "5.714285714285714": 0.2883418645035934, "6.938775510204081": 0.6322262370440054, "5.510204081632653": 0.20048219027005093, "4.285714285714286": 4.304281770836186e-06, "4.4897959183673475": 5.95064532562587e-06, "7.551020408163265": 0.729956837051207, "4.6938775510204085": 9.143958191514372e-06, "6.530612244897959": 0.5447553243921296, "6.73469387755102": 0.5911375480567348, "7.755102040816327": 0.7556724123931746, "7.142857142857143": 0.6686907581699617, "7.959183673469388": 0.7786148064301948, "6.122448979591837": 0.4328328256591305, "7.346938775510204": 0.7011038295139023, "6.326530612244898": 0.492294811281848, "5.918367346938775": 0.36527928403642973, "4.8979591836734695": 1.7995802379415375e-05, "5.3061224489795915": 0.09986470242464321, "5.1020408163265305": 0.00016305021912710424, "8.16326530612245": 0.7990984797803091, "8.979591836734695": 0.8613609094399947, "9.591836734693878": 0.8924148196269069, "9.795918367346939": 0.9004702582959081, "9.183673469387756": 0.8729644250575487, "8.571428571428571": 0.8337402154426227, "8.775510204081632": 0.8483368068585114, "10.0": 0.9075262549313239, "9.387755102040817": 0.8832782515822759, "8.36734693877551": 0.8173952434393525}