{"0.40816326530612246": 9.041249546631678e-08, "1.6326530612244898": 6.71093185372946e-07, "1.0204081632653061": 2.93757514177039e-07, "0.0": 0.0, "0.20408163265306123": 4.198005703638508e-08, "3.8775510204081636": 0.4247019079295829, "1.2244897959183674": 3.9162335350486297e-07, "0.6122448979591837": 1.4690876257803055e-07, "0.8163265306122449": 2.1366563315845098e-07, "1.4285714285714286": 5.139181698426413e-07, "2.0408163265306123": 1.1735910441554771e-06, "2.2448979591836737": 1.6126994708604519e-06, "1.836734693877551": 8.805528575009875e-07, "3.4693877551020407": 0.24805811438424, "2.4489795918367347": 2.3433513977718283e-06, "3.673469387755102": 0.3436766809885504, "3.2653061224489797": 0.13439962677034145, "2.6530612244897958": 3.8001823861819155e-06, "2.857142857142857": 8.135094485879042e-06, "4.081632653061225": 0.49380521186685483, "4.285714285714286": 0.5530823158228808, "5.714285714285714": 0.7989722434419643, "5.1020408163265305": 0.7206562204855268, "4.6938775510204085": 0.6484774624083193, "4.4897959183673475": 0.6041956898029017, "5.3061224489795915": 0.7501532160613298, "4.8979591836734695": 0.687004853766147, "6.530612244897959": 0.8672928587933165, "3.0612244897959187": 0.0005524414377941047, "5.510204081632653": 0.7760928687656614, "6.122448979591837": 0.8371492970175267, "7.142857142857143": 0.9014146284191912, "6.938775510204081": 0.8912826262749877, "6.326530612244898": 0.8530937882191337, "7.551020408163265": 0.9186334754119067, "5.918367346938775": 0.819207583230911, "7.755102040816327": 0.9259373186852408, "7.346938775510204": 0.9104927114568873, "6.73469387755102": 0.8799612350391661, "8.36734693877551": 0.943631731156142, "7.959183673469388": 0.9324906318395931, "8.16326530612245": 0.938367606502146, "8.979591836734695": 0.9562459807607167, "9.795918367346939": 0.9668951838261568, "8.571428571428571": 0.9483370318021954, "8.775510204081632": 0.9525291047878502, "9.591836734693878": 0.9648267817146681, "9.387755102040817": 0.9623726911693099, "9.183673469387756": 0.9595188521281159, "10.0": 0.9685871479917862}