{"0.40816326530612246": 6.871349714295897e-08, "1.6326530612244898": 5.100308533098058e-07, "1.0204081632653061": 2.232557169876809e-07, "0.0": 0.0, "0.20408163265306123": 3.190484347454008e-08, "3.8775510204081636": 0.3392678878647828, "1.2244897959183674": 2.976337597062552e-07, "0.6122448979591837": 1.116506611132206e-07, "0.8163265306122449": 1.6238588448743926e-07, "1.4285714285714286": 3.905778280964678e-07, "2.0408163265306123": 8.919292927249645e-07, "2.2448979591836737": 1.2256517851116545e-06, "1.836734693877551": 6.692202275276537e-07, "3.4693877551020407": 0.19355950083833268, "2.4489795918367347": 1.7809474576803183e-06, "3.673469387755102": 0.27143200528253925, "3.2653061224489797": 0.10353308672561638, "2.6530612244897958": 2.888139653279904e-06, "2.857142857142857": 6.182676574229042e-06, "4.081632653061225": 0.39873429448029984, "4.285714285714286": 0.4511596063281851, "5.714285714285714": 0.6904470574744862, "5.1020408163265305": 0.6091144123411756, "4.6938775510204085": 0.5389683707414695, "4.4897959183673475": 0.49761401342541844, "5.3061224489795915": 0.6389922022475396, "4.8979591836734695": 0.5759377981645519, "6.530612244897959": 0.7683182366736471, "3.0612244897959187": 0.00041987747218133877, "6.122448979591837": 0.7329195418247048, "5.510204081632653": 0.6659861467146234, "7.142857142857143": 0.8111539506098403, "6.938775510204081": 0.7980601702373992, "6.326530612244898": 0.7514049627784113, "7.551020408163265": 0.8343265930024693, "5.918367346938775": 0.7126732110874635, "7.755102040816327": 0.8445808376772328, "7.346938775510204": 0.8232115232879748, "6.73469387755102": 0.7838227128247943, "8.36734693877551": 0.8708435130350348, "7.959183673469388": 0.854045345713478, "8.16326530612245": 0.8627818084601466, "8.979591836734695": 0.8914034186067561, "9.795918367346939": 0.9114236801495876, "8.571428571428571": 0.878276172456928, "8.775510204081632": 0.8851186236263768, "9.591836734693878": 0.9071532843312944, "9.387755102040817": 0.9024017925950605, "9.183673469387756": 0.8971573305860749, "10.0": 0.9152205693168228}