{"0.40816326530612246": 5.4247498260720436e-08, "1.6326530612244898": 4.026559652677122e-07, "1.0204081632653061": 1.7625451886144215e-07, "0.0": 0.0, "0.20408163265306123": 2.518803443331007e-08, "3.8775510204081636": 0.28231187448824924, "1.2244897959183674": 2.3497403050718332e-07, "0.6122448979591837": 8.814526013668063e-08, "0.8163265306122449": 1.281993853734315e-07, "1.4285714285714286": 3.083509335990187e-07, "2.0408163265306123": 7.041547917712893e-07, "2.2448979591836737": 9.67619994612456e-07, "1.836734693877551": 5.283318075454309e-07, "3.4693877551020407": 0.15722709180772781, "2.4489795918367347": 1.406011497619311e-06, "3.673469387755102": 0.22326888814519866, "3.2653061224489797": 0.08295539336246638, "2.6530612244897958": 2.2801111646785613e-06, "2.857142857142857": 4.881064633129043e-06, "4.081632653061225": 0.3353536828892631, "4.285714285714286": 0.38321113333172124, "5.714285714285714": 0.6180969334961677, "5.1020408163265305": 0.5347532069116083, "4.6938775510204085": 0.46596230963023644, "4.4897959183673475": 0.4265595625070964, "5.3061224489795915": 0.5648848597050128, "4.8979591836734695": 0.5018930944301555, "6.530612244897959": 0.702335155260534, "3.0612244897959187": 0.00033150149510616136, "6.122448979591837": 0.6634330383628237, "5.510204081632653": 0.5925816653472645, "7.142857142857143": 0.7509801654036065, "6.938775510204081": 0.7359118662123402, "6.326530612244898": 0.6836124124845964, "7.551020408163265": 0.7781220047295113, "5.918367346938775": 0.6416502963251652, "7.755102040816327": 0.790343183671894, "7.346938775510204": 0.7650240645086995, "6.73469387755102": 0.71973036468188, "8.36734693877551": 0.8223180342876297, "7.959183673469388": 0.8017484882960682, "8.16326530612245": 0.8123912764321467, "8.979591836734695": 0.8481750438374491, "9.795918367346939": 0.8744426776985416, "8.571428571428571": 0.831568932893416, "8.775510204081632": 0.8401783028520612, "9.591836734693878": 0.868704286075712, "9.387755102040817": 0.862421193545561, "9.183673469387756": 0.8555829828913808, "10.0": 0.8796428502001805}