{"0.0": 0.0, "0.20408163265306123": 0.0, "0.40816326530612246": 0.0, "0.6122448979591837": 0.0, "2.4489795918367347": 0.37969956342808925, "0.8163265306122449": 0.0, "2.0408163265306123": 0.07966933641286368, "2.6530612244897958": 0.483180597104138, "2.2448979591836737": 0.24859234973997468, "3.0612244897959187": 0.6331194208367158, "1.0204081632653061": 0.0, "2.857142857142857": 0.566014234410356, "3.2653061224489797": 0.688045670911455, "1.2244897959183674": 0.0, "3.4693877551020407": 0.733405829590852, "1.4285714285714286": 0.0, "3.673469387755102": 0.7711592973536382, "3.8775510204081636": 0.8027973433006432, "4.081632653061225": 0.8294718005701379, "1.6326530612244898": 1.5e-323, "4.285714285714286": 0.8520824914003675, "4.4897959183673475": 0.8713408788023297, "4.6938775510204085": 0.8878145119646472, "4.8979591836734695": 0.9019606339057228, "5.1020408163265305": 0.9141505375882965, "5.3061224489795915": 0.9246876442331465, "1.836734693877551": -4.4e-323, "5.714285714285714": 0.9417607490837531, "5.510204081632653": 0.933822062070198, "6.122448979591837": 0.9547128766832955, "5.918367346938775": 0.9486762625579234, "6.326530612244898": 0.959991941270286, "6.530612244897959": 0.9646158322670918, "6.73469387755102": 0.9686710328004395, "6.938775510204081": 0.9722309464733575, "7.142857142857143": 0.9753577255911592, "7.551020408163265": 0.9805146347032683, "7.346938775510204": 0.9781041140570864, "7.755102040816327": 0.9826267706132326, "7.959183673469388": 0.9844717945357014, "8.16326530612245": 0.9860754183208602, "8.571428571428571": 0.9886371224172047, "8.775510204081632": 0.9896235863788679, "8.36734693877551": 0.9874584430352246, "8.979591836734695": 0.9904261126427637, "9.387755102040817": 0.9914945298198863, "9.183673469387756": 0.9910493427778418, "9.795918367346939": 0.9918397725871732, "9.591836734693878": 0.9917596958315082, "10.0": 0.9917268003167217}