{"0.0": 0.0, "0.20408163265306123": 0.0, "0.40816326530612246": 0.0, "0.6122448979591837": 0.0, "2.4489795918367347": 0.3462413424005075, "0.8163265306122449": 0.0, "2.0408163265306123": 0.07186773723280442, "2.6530612244897958": 0.4427641726482689, "2.2448979591836737": 0.22550633377944618, "3.0612244897959187": 0.5853542011666961, "1.0204081632653061": 0.0, "2.857142857142857": 0.5210561955092827, "3.2653061224489797": 0.6387307930769512, "1.2244897959183674": 0.0, "3.4693877551020407": 0.6834591475645597, "3.673469387755102": 0.7212528430291378, "1.4285714285714286": 0.0, "3.8775510204081636": 0.753422863304751, "4.081632653061225": 0.780987320736418, "1.6326530612244898": 1.5e-323, "4.285714285714286": 0.8047459043771938, "4.4897959183673475": 0.825334539519812, "4.6938775510204085": 0.8432634181709687, "4.8979591836734695": 0.8589460602188391, "5.1020408163265305": 0.8727203389906716, "5.3061224489795915": 0.8848640622526458, "1.836734693877551": -3.5e-323, "5.714285714285714": 0.9051435281812898, "5.510204081632653": 0.8956077864228984, "6.122448979591837": 0.9212106297719848, "5.918367346938775": 0.9136325531386632, "6.326530612244898": 0.9279928333806776, "6.530612244897959": 0.9340770102676945, "6.73469387755102": 0.9395464451420769, "6.938775510204081": 0.9444724636632568, "7.142857142857143": 0.9489159536055489, "7.551020408163265": 0.9565563513311097, "7.346938775510204": 0.9529290965564469, "7.755102040816327": 0.9598355669295309, "7.959183673469388": 0.962798706917842, "8.16326530612245": 0.965472395864769, "8.571428571428571": 0.970034710247706, "8.775510204081632": 0.9719543266588085, "8.36734693877551": 0.9678785640982627, "8.979591836734695": 0.9736471275157644, "9.387755102040817": 0.9763733536085673, "9.183673469387756": 0.9751192168723106, "9.795918367346939": 0.9782228173921286, "9.591836734693878": 0.9774090783932812, "10.0": 0.9788081161930807}