{"0.0": 0.0, "0.20408163265306123": 0.0, "0.40816326530612246": 0.0, "0.6122448979591837": 0.0, "2.4489795918367347": 0.21240845829018126, "0.8163265306122449": 0.0, "2.0408163265306123": 0.04066134051256746, "2.6530612244897958": 0.28109847482479206, "2.2448979591836737": 0.13316226993733213, "3.0612244897959187": 0.39429332248661847, "1.0204081632653061": 0.0, "2.857142857142857": 0.34122403990498823, "3.2653061224489797": 0.4414712817389363, "1.2244897959183674": 0.0, "3.4693877551020407": 0.4836724194593907, "1.4285714285714286": 0.0, "3.673469387755102": 0.5216270257311375, "3.8775510204081636": 0.5559249433211809, "4.081632653061225": 0.5870494014015372, "1.6326530612244898": 0.0, "4.285714285714286": 0.6153995562844984, "4.4897959183673475": 0.6413091823897408, "4.6938775510204085": 0.6650590429962538, "4.8979591836734695": 0.6868877654713041, "5.1020408163265305": 0.7069995446001727, "5.3061224489795915": 0.7255697343306429, "1.836734693877551": -2.5e-323, "5.714285714285714": 0.7586746445714372, "5.510204081632653": 0.7427506838336981, "6.122448979591837": 0.7872016421267405, "5.918367346938775": 0.7734577154616236, "6.326530612244898": 0.7999964018222437, "6.530612244897959": 0.8119217222701061, "6.73469387755102": 0.823048094508626, "6.938775510204081": 0.8334385324228547, "7.142857142857143": 0.8431488656631081, "7.551020408163265": 0.8607232178424747, "7.346938775510204": 0.8522290265538882, "7.755102040816327": 0.8686707521947233, "7.959183673469388": 0.8761063564464044, "8.16326530612245": 0.883060306040404, "8.571428571428571": 0.8956250615697107, "8.775510204081632": 0.9012772877785705, "8.36734693877551": 0.8895590483504136, "8.979591836734695": 0.9065311870077669, "9.387755102040817": 0.915888648763289, "9.183673469387756": 0.911398713250185, "9.795918367346939": 0.9237549966119509, "9.591836734693878": 0.9200066086403723, "10.0": 0.9271333796985167}