{"0.40816326530612246": -1.3322676295501878e-15, "1.4285714285714286": -1.9462209621678994e-12, "0.20408163265306123": 4.884981308350689e-15, "1.0204081632653061": -4.0172754012246514e-11, "1.2244897959183674": -2.796702869289902e-10, "0.6122448979591837": -1.5432100042289676e-13, "0.8163265306122449": -3.65063534957244e-12, "3.4693877551020407": 7.198342255598789e-09, "1.6326530612244898": -1.692312956436126e-11, "3.2653061224489797": 2.385182384934126e-09, "1.836734693877551": -1.1849166092758878e-10, "2.6530612244897958": 4.984679335962028e-11, "2.857142857142857": 4.089550920127749e-10, "2.4489795918367347": 6.228351168147128e-12, "2.2448979591836737": 1.2456702336294256e-12, "2.0408163265306123": -6.839724342455611e-10, "3.0612244897959187": 7.364645560059557e-10, "3.8775510204081636": 5.560645421898158e-08, "3.673469387755102": 2.04934821335101e-08, "0.0": 0.0, "4.081632653061225": 1.4523178837322348e-07, "4.6938775510204085": 2.3365644231665428e-06, "4.285714285714286": 3.6913522916126595e-07, "4.4897959183673475": 9.257523531092104e-07, "5.1020408163265305": 1.8237305091983735e-05, "7.755102040816327": 0.30158529775738585, "4.8979591836734695": 6.14300395740397e-06, "7.346938775510204": 0.2574238955541718, "7.142857142857143": 0.23415088732106049, "6.938775510204081": 0.2100223278723865, "5.714285714285714": 0.044092060172805425, "6.530612244897959": 0.15899134503450718, "6.326530612244898": 0.13197282327382598, "5.3061224489795915": 8.368868502195426e-05, "6.122448979591837": 0.10386539298225916, "6.73469387755102": 0.1849876027753542, "5.918367346938775": 0.07459651515004084, "7.551020408163265": 0.27988778248874546, "5.510204081632653": 0.012365960310183666, "7.959183673469388": 0.3225559504548591, "8.16326530612245": 0.3428363900775807, "8.571428571428571": 0.38146085540473484, "8.775510204081632": 0.3998666126375704, "8.979591836734695": 0.41770606648182373, "9.795918367346939": 0.48390790910829207, "8.36734693877551": 0.3624607352161303, "9.387755102040817": 0.45179030141382626, "9.591836734693878": 0.4680836156828466, "9.183673469387756": 0.43500564749619397, "10.0": 0.49928432063795314}