{"0.40816326530612246": 5.329070518200751e-15, "1.4285714285714286": 1.7291723608536813e-12, "0.20408163265306123": -2.7755575615628914e-14, "1.0204081632653061": 7.377021216115054e-11, "1.2244897959183674": 3.730784570166179e-10, "0.6122448979591837": 4.909406214892442e-13, "0.8163265306122449": 8.887113267519453e-12, "3.4693877551020407": 1.7136636554226925e-08, "1.6326530612244898": 8.354983371816616e-12, "3.2653061224489797": 5.456253560076618e-09, "1.836734693877551": 1.5859202839862974e-11, "2.6530612244897958": 1.0463041544284124e-10, "2.857142857142857": 6.992806333983026e-10, "2.4489795918367347": 1.9169332787782878e-11, "2.2448979591836737": 4.000577646934289e-12, "2.0408163265306123": -1.3399037435135597e-10, "3.0612244897959187": 1.6173355987803006e-09, "3.8775510204081636": 1.4287798022483145e-07, "3.673469387755102": 5.0713082622166894e-08, "0.0": 0.0, "4.081632653061225": 3.8710029204303e-07, "4.6938775510204085": 6.917109761750417e-06, "4.285714285714286": 1.0197405643230795e-06, "4.4897959183673475": 2.648412045669346e-06, "5.1020408163265305": 5.7691786655156285e-05, "7.755102040816327": 0.6975793446922071, "4.8979591836734695": 1.880516601215909e-05, "7.346938775510204": 0.6290940599077287, "7.142857142857143": 0.5889421323373343, "6.938775510204081": 0.5441918294060641, "5.714285714285714": 0.1395479406131126, "6.530612244897959": 0.4384772356510409, "6.326530612244898": 0.37607362590035265, "5.3061224489795915": 0.0002733791727951296, "6.122448979591837": 0.3061602481088812, "6.73469387755102": 0.49425992160221754, "5.918367346938775": 0.2277100656303368, "7.551020408163265": 0.6651574681436438, "5.510204081632653": 0.04061942065036839, "7.959183673469388": 0.726752609652713, "8.16326530612245": 0.7530235159746558, "8.571428571428571": 0.7980464637736582, "8.775510204081632": 0.8173093094378289, "8.979591836734695": 0.8346997632005941, "9.795918367346939": 0.8890400964515377, "8.36734693877551": 0.7766978973067393, "9.387755102040817": 0.864602340646088, "9.591836734693878": 0.8774347938598112, "9.183673469387756": 0.8504076914767388, "10.0": 0.8995391081300149}