{"0.0": 0.0, "0.40816326530612246": 0.0, "0.20408163265306123": 0.0, "0.6122448979591837": 0.0, "0.8163265306122449": 0.0, "1.0204081632653061": 0.0, "1.4285714285714286": 0.0, "1.2244897959183674": 0.0, "1.6326530612244898": -1e-323, "2.0408163265306123": 0.0, "1.836734693877551": 0.0, "2.4489795918367347": 0.0, "2.2448979591836737": 0.0, "4.6938775510204085": 0.21589418019525686, "4.285714285714286": 0.055035173003479605, "2.6530612244897958": 0.0, "4.8979591836734695": 0.28295292055289856, "4.4897959183673475": 0.1404001318552119, "5.3061224489795915": 0.39629348530078906, "5.1020408163265305": 0.3427595329833736, "5.714285714285714": 0.4876986872342235, "5.510204081632653": 0.44437675188892334, "3.0612244897959187": 0.0, "6.122448979591837": 0.5623118372926457, "3.2653061224489797": 0.0, "5.918367346938775": 0.5268447461453848, "2.857142857142857": 0.0, "3.4693877551020407": 3e-323, "6.326530612244898": 0.5945259834604532, "3.673469387755102": 2.5e-323, "6.530612244897959": 0.6238535553053393, "6.73469387755102": 0.6506097527803858, "3.8775510204081636": -2e-323, "6.938775510204081": 0.6750688353809899, "7.142857142857143": 0.6974683084605119, "7.346938775510204": 0.7180159862271532, "7.551020408163265": 0.7368928736649636, "7.755102040816327": 0.7542577938514853, "4.081632653061225": -2.9e-322, "7.959183673469388": 0.7702500058130862, "8.16326530612245": 0.7849911618989205, "8.36734693877551": 0.7985883362804336, "8.571428571428571": 0.8111348159103214, "8.775510204081632": 0.8227122325682557, "9.183673469387756": 0.8432338360961872, "8.979591836734695": 0.8333915598399901, "9.387755102040817": 0.852291606222092, "9.591836734693878": 0.8606094722302701, "9.795918367346939": 0.8682244731266983, "10.0": 0.8751672869778703}