{"0.0": 0.0, "0.40816326530612246": 0.0, "0.20408163265306123": 0.0, "0.6122448979591837": 0.0, "0.8163265306122449": 0.0, "1.0204081632653061": 0.0, "1.4285714285714286": 0.0, "1.2244897959183674": 0.0, "1.6326530612244898": 0.0, "2.0408163265306123": 0.0, "1.836734693877551": 0.0, "2.4489795918367347": 0.0, "2.2448979591836737": 0.0, "4.6938775510204085": 0.08635767207810277, "4.285714285714286": 0.022014069201391838, "2.6530612244897958": 0.0, "4.8979591836734695": 0.11318116822115945, "4.4897959183673475": 0.05616005274208476, "5.3061224489795915": 0.15851739412031562, "5.1020408163265305": 0.13710381319334947, "5.714285714285714": 0.19507947489368946, "5.510204081632653": 0.17775070075556929, "3.0612244897959187": 0.0, "6.122448979591837": 0.22492473491705825, "3.2653061224489797": 0.0, "5.918367346938775": 0.2107378984581539, "2.857142857142857": 0.0, "3.4693877551020407": 1e-323, "6.326530612244898": 0.23781039338418128, "3.673469387755102": 0.0, "6.530612244897959": 0.24954142212213568, "6.73469387755102": 0.2602439011121544, "3.8775510204081636": 0.0, "6.938775510204081": 0.2700275341523961, "7.142857142857143": 0.27898732338420473, "7.346938775510204": 0.28720639449086127, "7.551020408163265": 0.29475714946598547, "7.755102040816327": 0.3017031175405941, "4.081632653061225": -1.14e-322, "7.959183673469388": 0.3081000023252346, "8.16326530612245": 0.3139964647595682, "8.36734693877551": 0.31943533451217343, "8.571428571428571": 0.3244539263641286, "8.775510204081632": 0.3290848930273022, "9.183673469387756": 0.33729353443847493, "8.979591836734695": 0.333356623935996, "9.387755102040817": 0.3409166424888367, "9.591836734693878": 0.34424378889210794, "9.795918367346939": 0.34728978925067927, "10.0": 0.3500669147911482}