{"0.0": 0.0, "0.20408163265306123": 0.0, "0.40816326530612246": 0.0, "0.6122448979591837": 0.0, "0.8163265306122449": 0.0, "1.0204081632653061": 0.0, "1.2244897959183674": 0.0, "1.4285714285714286": 0.0, "1.6326530612244898": 0.0, "3.4693877551020407": 0.0, "1.836734693877551": 0.0, "2.0408163265306123": 0.0, "2.4489795918367347": 0.0, "4.285714285714286": 0.05503517300347992, "2.2448979591836737": 0.0, "4.6938775510204085": 0.21589418019525955, "4.4897959183673475": 0.14040013185521433, "4.8979591836734695": 0.2829529205528986, "5.1020408163265305": 0.3427595329833732, "2.6530612244897958": 0.0, "5.3061224489795915": 0.3962934853007887, "3.673469387755102": 0.0, "5.714285714285714": 0.48769868723422366, "2.857142857142857": 0.0, "5.510204081632653": 0.4443767518889235, "3.0612244897959187": 0.0, "5.918367346938775": 0.5268447461453702, "6.122448979591837": 0.5623118372926447, "6.326530612244898": 0.5945259834604535, "3.2653061224489797": 0.0, "6.73469387755102": 0.6506097527803866, "6.530612244897959": 0.623853555305343, "3.8775510204081636": 0.0, "7.142857142857143": 0.6974683084605117, "6.938775510204081": 0.6750688353809899, "7.346938775510204": 0.7180159862271391, "7.551020408163265": 0.7368928736649607, "7.755102040816327": 0.7542577938514845, "7.959183673469388": 0.7702500058130903, "8.16326530612245": 0.7849911618989214, "4.081632653061225": 2.5e-323, "8.36734693877551": 0.7985883362804336, "8.571428571428571": 0.8111348159103218, "8.775510204081632": 0.8227122325682554, "9.387755102040817": 0.852291606222092, "8.979591836734695": 0.8333915598399904, "9.183673469387756": 0.8432338360961871, "9.795918367346939": 0.8682244731266991, "9.591836734693878": 0.8606094722302794, "10.0": 0.8751672869778707}