{"0.40816326530612246": 1.5041745954338925e-07, "1.4285714285714286": 7.281476698604484e-07, "0.20408163265306123": 7.28279891621729e-08, "1.2244897959183674": 5.710735506204495e-07, "1.6326530612244898": 9.234603852371212e-07, "1.0204081632653061": 4.4119106476896784e-07, "0.6122448979591837": 2.354572285034506e-07, "0.8163265306122449": 3.310720675181389e-07, "2.4489795918367347": 2.7038128432333745e-06, "2.2448979591836737": 1.983661358993794e-06, "2.0408163265306123": 1.5100537461506745e-06, "3.673469387755102": 0.5314335250539086, "0.0": 0.0, "3.4693877551020407": 0.3132112662740677, "2.857142857142857": 6.505260429835758e-06, "1.836734693877551": 1.174378661364588e-06, "2.6530612244897958": 3.9325886456218844e-06, "3.8775510204081636": 0.7142471570669802, "3.0612244897959187": 1.528979291175458e-05, "3.2653061224489797": 0.05049966365908777, "4.6938775510204085": 1.2088414989953005, "4.285714285714286": 0.9998431606351437, "6.326530612244898": 1.6501361576101574, "5.3061224489795915": 1.4288786291878506, "4.081632653061225": 0.8685986028656355, "5.714285714285714": 1.5338232112328976, "5.510204081632653": 1.4846732579944366, "5.1020408163265305": 1.3652914784424257, "4.8979591836734695": 1.2925157080654486, "4.4897959183673475": 1.112158984064747, "7.551020408163265": 1.7927138501771311, "7.346938775510204": 1.7747520109551524, "6.530612244897959": 1.6807564160881752, "7.755102040816327": 1.8089394328020039, "6.122448979591837": 1.615828771739219, "6.73469387755102": 1.70815903514185, "7.142857142857143": 1.7548434610653252, "6.938775510204081": 1.7327419367963246, "5.918367346938775": 1.5772782387649795, "8.16326530612245": 1.8368745948759782, "7.959183673469388": 1.8236085599204874, "8.571428571428571": 1.8596987839405528, "8.36734693877551": 1.8488679203853386, "8.775510204081632": 1.8694596494216826, "9.183673469387756": 1.886063725986723, "10.0": 1.9089246483631632, "9.591836734693878": 1.8991309472897975, "9.795918367346939": 1.904426945557147, "8.979591836734695": 1.8782271507383381, "9.387755102040817": 1.8930189968889584}