{"0.0": 0.0, "0.20408163265306123": 2.5751068647595088e-08, "0.40816326530612246": 5.429861122715384e-08, "0.6122448979591837": 8.612433447015338e-08, "0.8163265306122449": 1.2182731658472667e-07, "1.0204081632653061": 1.6216204875414605e-07, "1.2244897959183674": 2.0809235184677887e-07, "1.4285714285714286": 2.608690803301629e-07, "1.6326530612244898": 3.2214720398513116e-07, "2.0408163265306123": 4.79998771751737e-07, "1.836734693877551": 3.941601125428032e-07, "2.4489795918367347": 7.128682204550048e-07, "2.2448979591836737": 5.840695782948683e-07, "2.6530612244897958": 8.76401381908704e-07, "3.0612244897959187": 1.384606564701397e-06, "2.857142857142857": 1.090905131208815e-06, "3.2653061224489797": 1.8113074184627347e-06, "3.4693877551020407": 2.4877700212497753e-06, "3.673469387755102": 3.724055412584972e-06, "3.8775510204081636": 6.705445865723535e-06, "4.6938775510204085": 0.21589714812038763, "4.285714285714286": 0.05505154745820676, "4.8979591836734695": 0.2829548440799674, "5.1020408163265305": 0.3427608877164969, "4.081632653061225": 2.3984947347316217e-05, "4.4897959183673475": 0.14040553057646904, "5.3061224489795915": 0.39629448903826964, "5.714285714285714": 0.48769929232433895, "5.510204081632653": 0.4443775215540468, "5.918367346938775": 0.5268452309840285, "6.122448979591837": 0.5623122316622531, "6.326530612244898": 0.594526308183034, "6.73469387755102": 0.6506099793764399, "6.530612244897959": 0.6238538254037461, "6.938775510204081": 0.6750690268813643, "7.142857142857143": 0.6974684713353412, "7.346938775510204": 0.7180161255305384, "7.551020408163265": 0.7368929933978832, "7.755102040816327": 0.7542578972167922, "8.16326530612245": 0.78499123982139, "7.959183673469388": 0.7702500954004167, "8.775510204081632": 0.8227122847854643, "8.571428571428571": 0.8111348754167049, "8.36734693877551": 0.7985884042753406, "9.183673469387756": 0.8432338765933549, "9.387755102040817": 0.852291642000778, "8.979591836734695": 0.8333916057733954, "9.795918367346939": 0.868224501211105, "9.591836734693878": 0.8606095039009752, "10.0": 0.8751673119231593}