{"0.20408163265306123": 0.0, "0.0": 0.0, "0.40816326530612246": 0.0, "0.6122448979591837": 0.0, "0.8163265306122449": 0.0, "1.4285714285714286": 0.0, "1.0204081632653061": 0.0, "3.4693877551020407": 0.18560746953522647, "3.2653061224489797": 0.08866785648626471, "1.2244897959183674": 0.0, "3.8775510204081636": 0.34127376265981724, "1.836734693877551": 0.0, "3.673469387755102": 0.2690029961041098, "1.6326530612244898": 0.0, "2.0408163265306123": 0.0, "2.4489795918367347": 0.0, "2.2448979591836737": -1.5e-323, "2.857142857142857": 2.5e-323, "2.6530612244897958": 2e-323, "4.081632653061225": 0.4042925971855573, "4.285714285714286": 0.4595662622345623, "4.4897959183673475": 0.5082907817615788, "4.6938775510204085": 0.5514450101822891, "5.1020408163265305": 0.6241061061873435, "3.0612244897959187": -1.73e-322, "4.8979591836734695": 0.5898322782894292, "5.3061224489795915": 0.6548209121143991, "5.510204081632653": 0.6824328042126704, "6.122448979591837": 0.7502612892791265, "5.918367346938775": 0.7298486829884503, "5.714285714285714": 0.7073331710291164, "6.326530612244898": 0.7688134166187593, "6.530612244897959": 0.7857101011070271, "6.73469387755102": 0.8011330746777556, "6.938775510204081": 0.815236861949133, "7.142857142857143": 0.8281584162560228, "7.346938775510204": 0.8400180527707971, "7.551020408163265": 0.8509191133412951, "7.755102040816327": 0.8609547772099692, "7.959183673469388": 0.8702077782848868, "8.16326530612245": 0.8787492479639808, "8.36734693877551": 0.8866450117497833, "8.571428571428571": 0.8939517306923517, "8.775510204081632": 0.9007213540914282, "9.183673469387756": 0.9128301267515052, "8.979591836734695": 0.9070006164582644, "9.591836734693878": 0.9232873676538295, "9.387755102040817": 0.9182476422704563, "9.795918367346939": 0.9279789644446088, "10.0": 0.9323507186236143}