{"0.20408163265306123": 0.0, "0.0": 0.0, "0.40816326530612246": 0.0, "0.6122448979591837": 0.0, "0.8163265306122449": 0.0, "1.4285714285714286": 0.0, "1.0204081632653061": 0.0, "3.4693877551020407": 0.21186611438870942, "3.2653061224489797": 0.10191222980783929, "1.2244897959183674": 0.0, "3.8775510204081636": 0.38470095115724445, "1.836734693877551": 0.0, "3.673469387755102": 0.30508143142830296, "1.6326530612244898": 0.0, "2.0408163265306123": 0.0, "2.4489795918367347": 0.0, "2.2448979591836737": -1.5e-323, "2.857142857142857": 3e-323, "2.6530612244897958": 3e-323, "4.081632653061225": 0.45314028583795196, "4.285714285714286": 0.5123222109463442, "4.4897959183673475": 0.5637623834250425, "4.6938775510204085": 0.6086890217215609, "5.1020408163265305": 0.6828061518591647, "3.0612244897959187": -2e-322, "4.8979591836734695": 0.6481010131515661, "5.3061224489795915": 0.7134817740998104, "5.510204081632653": 0.740682219353754, "6.122448979591837": 0.8057590604697118, "5.918367346938775": 0.7864588840645038, "5.714285714285714": 0.7648777759337975, "6.326530612244898": 0.8230625176909495, "6.530612244897959": 0.8386085577301866, "6.73469387755102": 0.8526065515829369, "6.938775510204081": 0.8652338569787739, "7.142857142857143": 0.8766458852662573, "7.346938775510204": 0.8869779269757531, "7.551020408163265": 0.8963458226027657, "7.755102040816327": 0.9048526632159073, "7.959183673469388": 0.9125891192769744, "8.16326530612245": 0.9196330710955444, "8.36734693877551": 0.9260553331864332, "8.571428571428571": 0.9319168609476574, "8.775510204081632": 0.9372727427553378, "9.183673469387756": 0.9466574416162287, "8.979591836734695": 0.9421720555711774, "9.591836734693878": 0.9545383784424268, "9.387755102040817": 0.9507678939375781, "9.795918367346939": 0.9579992884539017, "10.0": 0.9611789619558643}