{"0.20408163265306123": 0.0, "0.0": 0.0, "0.40816326530612246": 0.0, "0.6122448979591837": 0.0, "0.8163265306122449": 0.0, "1.4285714285714286": 0.0, "1.0204081632653061": 0.0, "3.4693877551020407": 0.1535135702698585, "3.2653061224489797": 0.07248028909322914, "1.2244897959183674": 0.0, "3.8775510204081636": 0.2881960878296287, "1.836734693877551": 0.0, "3.673469387755102": 0.22490713070787385, "1.6326530612244898": 0.0, "2.0408163265306123": 0.0, "2.4489795918367347": 0.0, "2.2448979591836737": -1e-323, "2.857142857142857": 2e-323, "2.6530612244897958": 2e-323, "4.081632653061225": 0.3445898666104082, "4.285714285714286": 0.3950867693646065, "4.4897959183673475": 0.440492157506235, "4.6938775510204085": 0.48148010718984574, "5.1020408163265305": 0.5523616059217848, "3.0612244897959187": -1.33e-322, "4.8979591836734695": 0.5186149356801506, "5.3061224489795915": 0.5831243030211184, "5.510204081632653": 0.6112390745957895, "6.122448979591837": 0.6824306800461886, "5.918367346938775": 0.660658437228829, "5.714285714285714": 0.6370008761456173, "6.326530612244898": 0.7025089597527492, "6.530612244897959": 0.7210564319009425, "6.73469387755102": 0.7382210473491999, "6.938775510204081": 0.7541294235795716, "7.142857142857143": 0.7688959541324029, "7.346938775510204": 0.7826226509647398, "7.551020408163265": 0.7953975797994971, "7.755102040816327": 0.8073018054249335, "7.959183673469388": 0.8184083615167799, "8.16326530612245": 0.8287801308031802, "8.36734693877551": 0.8384768411049885, "8.571428571428571": 0.8475499048247566, "8.775510204081632": 0.8560474346133168, "9.183673469387756": 0.8714856308057322, "8.979591836734695": 0.8640133019869269, "9.591836734693878": 0.8850916878010997, "9.387755102040817": 0.8785006680106414, "9.795918367346939": 0.8912874573221398, "10.0": 0.8971161989953089}