{"0.6122448979591837": 4.844262436981348e-08, "2.857142857142857": 3.5501444791544874e-07, "1.0204081632653061": 8.644137886885689e-08, "1.2244897959183674": 1.0752887212057106e-07, "0.20408163265306123": 1.5148368173124147e-08, "1.6326530612244898": 1.5470775293151724e-07, "2.6530612244897958": 3.133892886177781e-07, "1.4285714285714286": 1.302207356034152e-07, "0.40816326530612246": 3.1263919835922944e-08, "2.4489795918367347": 2.756816472477462e-07, "0.8163265306122449": 6.679358753294039e-08, "2.0408163265306123": 2.0999469940824083e-07, "3.8775510204081636": 6.50824031164313e-07, "1.836734693877551": 1.8121221407584924e-07, "3.0612244897959187": 4.0120204444197837e-07, "3.2653061224489797": 4.5274679424223336e-07, "3.673469387755102": 5.761308323291667e-07, "2.2448979591836737": 2.4136269554740586e-07, "3.4693877551020407": 5.106393821960207e-07, "0.0": 0.0, "4.285714285714286": 8.368501097210012e-07, "4.081632653061225": 7.368067745666385e-07, "5.1020408163265305": 1.4802217679128378e-06, "4.8979591836734695": 1.2670793966749691e-06, "4.4897959183673475": 9.547126797843577e-07, "4.6938775510204085": 1.0956236151404827e-06, "5.714285714285714": 2.6090711969720193e-06, "5.510204081632653": 2.1119179172442523e-06, "7.551020408163265": 0.19096100140029126, "5.3061224489795915": 1.7523593200159216e-06, "6.326530612244898": 6.778361223766275e-06, "7.346938775510204": 0.1455038379146846, "5.918367346938775": 3.3414521041621547e-06, "7.142857142857143": 0.09651857872872531, "6.122448979591837": 4.527634156028745e-06, "7.755102040816327": 0.23319338964306094, "6.530612244897959": 1.2691138926716711e-05, "6.938775510204081": 0.04366590881077918, "7.959183673469388": 0.2724687719031667, "6.73469387755102": 6.98808016577064e-05, "8.36734693877551": 0.34306543948026835, "8.979591836734695": 0.4318471604786286, "8.16326530612245": 0.3090233429398766, "8.775510204081632": 0.40432520514736353, "8.571428571428571": 0.3747787715809585, "9.387755102040817": 0.48130227280013027, "10.0": 0.542953611866571, "9.591836734693878": 0.5034404143904048, "9.795918367346939": 0.5239670152998558, "9.183673469387756": 0.457469687864527}