{"0.6122448979591837": 4.926051718120233e-08, "2.857142857142857": 3.613090288110636e-07, "1.0204081632653061": 8.791361637985748e-08, "1.2244897959183674": 1.0936831994689033e-07, "0.20408163265306123": 1.5401927656959255e-08, "1.6326530612244898": 1.5737775825162325e-07, "2.6530612244897958": 3.189206162909178e-07, "1.4285714285714286": 1.3245820509157753e-07, "0.40816326530612246": 3.178949004312814e-08, "2.4489795918367347": 2.8052545038841463e-07, "0.8163265306122449": 6.792623068172918e-08, "2.0408163265306123": 2.136513230096435e-07, "3.8775510204081636": 6.626326525573945e-07, "1.836734693877551": 1.8435358441698475e-07, "3.0612244897959187": 4.0834813489005765e-07, "3.2653061224489797": 4.6084808918735586e-07, "3.673469387755102": 5.86535667779165e-07, "2.2448979591836737": 2.455844311636098e-07, "3.4693877551020407": 5.198188234538e-07, "0.0": 0.0, "4.285714285714286": 8.52177025048024e-07, "4.081632653061225": 7.502381408926507e-07, "5.1020408163265305": 1.5078525226702086e-06, "4.8979591836734695": 1.290618525896209e-06, "4.4897959183673475": 9.722809855689526e-07, "4.6938775510204085": 1.1158807667863137e-06, "5.714285714285714": 2.658485127555333e-06, "5.510204081632653": 2.151722350364681e-06, "7.551020408163265": 0.19421965708320804, "5.3061224489795915": 1.7852277074799065e-06, "6.326530612244898": 6.908639950819053e-06, "7.346938775510204": 0.14807195201010545, "5.918367346938775": 3.405046317071973e-06, "7.142857142857143": 0.09828147369720708, "6.122448979591837": 4.614227047093394e-06, "7.755102040816327": 0.237042752768497, "6.530612244897959": 1.2936268428391161e-05, "6.938775510204081": 0.0444916963490215, "7.959183673469388": 0.27682178996112533, "6.73469387755102": 7.123721682496497e-05, "8.36734693877551": 0.34820729387524196, "8.979591836734695": 0.4377519713248588, "8.16326530612245": 0.31380400252711377, "8.775510204081632": 0.41002232696125923, "8.571428571428571": 0.38022369347100365, "9.387755102040817": 0.48751060514267064, "10.0": 0.5494033168001152, "9.591836734693878": 0.509753853500842, "9.795918367346939": 0.5303597682663959, "9.183673469387756": 0.4635432614586336}