{"0.20408163265306123": 8.881784197001252e-15, "0.40816326530612246": 5.800471214456593e-12, "2.857142857142857": 0.10254839066123644, "1.0204081632653061": 1.0180545295668253e-10, "3.0612244897959187": 0.14580136759330187, "0.6122448979591837": 1.4155343563970746e-13, "1.2244897959183674": 1.6088241849843143e-12, "3.2653061224489797": 0.18562542552616357, "0.8163265306122449": 5.697997629283691e-12, "1.4285714285714286": 1.8370749366170003e-11, "1.836734693877551": 2.2922663767133145e-11, "3.4693877551020407": 0.2224796570409301, "3.8775510204081636": 0.28870559827241504, "2.0408163265306123": 1.0151435247962581e-11, "3.673469387755102": 0.256737308867128, "1.6326530612244898": 5.268008251846368e-13, "2.6530612244897958": 0.05529385676014276, "2.2448979591836737": 2.150057909489078e-11, "2.4489795918367347": 0.003311964470152473, "0.0": 0.0, "4.081632653061225": 0.31864017848076953, "4.285714285714286": 0.3467558893664444, "5.714285714285714": 0.5051309692905481, "4.6938775510204085": 0.3982328017566089, "7.551020408163265": 0.6447844545365604, "6.326530612244898": 0.5578758724537003, "5.510204081632653": 0.48584371676574567, "4.4897959183673475": 0.3732348749137836, "5.1020408163265305": 0.44430367537392723, "5.918367346938775": 0.5235252713697645, "7.346938775510204": 0.6317580150824222, "4.8979591836734695": 0.42188368466091786, "5.3061224489795915": 0.4655940695687759, "6.530612244897959": 0.573937193052231, "6.938775510204081": 0.6040566835236072, "6.122448979591837": 0.5410884653755998, "7.142857142857143": 0.6181923732370628, "7.755102040816327": 0.657300037912077, "6.73469387755102": 0.5893172617339241, "7.959183673469388": 0.6693309019564948, "8.16326530612245": 0.6809012262021314, "8.36734693877551": 0.6920334514709512, "9.183673469387756": 0.7325793064410129, "8.979591836734695": 0.7230036834326868, "8.571428571428571": 0.7027484698932777, "8.775510204081632": 0.7130657904580702, "9.795918367346939": 0.7592896575543804, "9.387755102040817": 0.7418088145444361, "9.591836734693878": 0.7507074563095688, "10.0": 0.7675690942272545}