{"2.857142857142857": 0.3444898557572771, "2.0408163265306123": 0.1614784845640066, "3.673469387755102": 0.4708699670039792, "0.20408163265306123": 3.885780586188048e-14, "0.40816326530612246": -3.774758283725532e-15, "2.2448979591836737": 0.21494778817285065, "2.4489795918367347": 0.2626269605759872, "3.0612244897959187": 0.3800606444950789, "1.2244897959183674": 1.1903811270030928e-12, "1.836734693877551": 0.10082316783223433, "0.6122448979591837": -3.4912073232362673e-12, "1.6326530612244898": 0.03103237361974731, "3.4693877551020407": 0.4429031998486981, "3.8775510204081636": 0.4968943983643185, "0.8163265306122449": 4.156675004196586e-13, "3.2653061224489797": 0.4127373408206617, "2.6530612244897958": 0.3055471200394182, "1.0204081632653061": -4.065636716177323e-13, "1.4285714285714286": 4.530820163495264e-13, "4.6938775510204085": 0.5853748381556225, "5.1020408163265305": 0.6221865355157516, "5.3061224489795915": 0.6390955979521967, "4.081632653061225": 0.521190320832869, "0.0": 0.0, "6.122448979591837": 0.6984188436362799, "4.4897959183673475": 0.565288884583458, "4.285714285714286": 0.5439375952518798, "4.8979591836734695": 0.6043081137972748, "5.510204081632653": 0.6551104726844366, "6.326530612244898": 0.7114530799407217, "6.530612244897959": 0.7238615953275578, "5.714285714285714": 0.6702976293443061, "7.346938775510204": 0.7679622543642249, "5.918367346938775": 0.6847161561595956, "6.73469387755102": 0.7356830847350264, "7.142857142857143": 0.7577026479984611, "6.938775510204081": 0.746952731171213, "7.551020408163265": 0.7777585952745621, "7.959183673469388": 0.796059395357053, "7.755102040816327": 0.7871166155742323, "8.16326530612245": 0.8046083529516627, "8.36734693877551": 0.8127834205286035, "8.775510204081632": 0.8280850781109095, "8.571428571428571": 0.8206031964924856, "9.183673469387756": 0.8420994216468651, "10.0": 0.8667298426583793, "9.387755102040817": 0.8486616436522921, "9.591836734693878": 0.8549456582817322, "8.979591836734695": 0.8352453772539642, "9.795918367346939": 0.8609643318734627}