{"2.857142857142857": 0.755320234022522, "2.0408163265306123": 0.44403510694502435, "3.673469387755102": 0.8801766727308733, "0.20408163265306123": 1.284528039491306e-13, "0.40816326530612246": -1.2212453270876722e-14, "2.2448979591836737": 0.5536641150342652, "2.4489795918367347": 0.6377924365337371, "3.0612244897959187": 0.7968435143035537, "1.2244897959183674": 3.960498595745321e-12, "1.836734693877551": 0.29830180125081773, "0.6122448979591837": -1.1582290682099483e-11, "1.6326530612244898": 0.09974773143252391, "3.4693877551020407": 0.8577336421540863, "3.8775510204081636": 0.8987184101810366, "0.8163265306122449": 1.379896197306607e-12, "3.2653061224489797": 0.8303939690622701, "2.6530612244897958": 0.7034194876940614, "1.0204081632653061": -1.3524736885983657e-12, "1.4285714285714286": 1.5093482019779003e-12, "4.6938775510204085": 0.946848092563765, "5.1020408163265305": 0.9610125529378716, "5.3061224489795915": 0.966531160996358, "4.081632653061225": 0.9141230909472178, "0.0": 0.0, "6.122448979591837": 0.9816057916271722, "4.4897959183673475": 0.9377696150502097, "4.285714285714286": 0.9269846376442514, "4.8979591836734695": 0.9545161556518971, "5.510204081632653": 0.9712304250764245, "6.326530612244898": 0.9841246915485425, "6.530612244897959": 0.9862883259757277, "5.714285714285714": 0.9752405846372765, "7.346938775510204": 0.9923228240285002, "5.918367346938775": 0.9786692571229042, "6.73469387755102": 0.988149092933918, "7.142857142857143": 0.9911318518647277, "6.938775510204081": 0.9897511567293502, "7.551020408163265": 0.9933509623644595, "7.959183673469388": 0.9950069705817064, "7.755102040816327": 0.9942391650010055, "8.16326530612245": 0.9956710815044066, "8.36734693877551": 0.9962457991807985, "8.775510204081632": 0.9971743771352741, "8.571428571428571": 0.9967433874617802, "9.183673469387756": 0.9978715139875659, "9.387755102040817": 0.9981521668628526, "10.0": 0.9987899267154076, "8.979591836734695": 0.9975478218702054, "9.591836734693878": 0.99839556951002, "9.795918367346939": 0.9986067178942969}