{"2.857142857142857": 0.7142371961959976, "2.0408163265306123": 0.4157794447069226, "3.673469387755102": 0.8392460021581839, "0.20408163265306123": 1.194933041404056e-13, "0.40816326530612246": -1.1368683772161604e-14, "2.2448979591836737": 0.5197924823481237, "2.4489795918367347": 0.600275888937962, "3.0612244897959187": 0.7551652273227063, "1.2244897959183674": 3.683486848871098e-12, "1.836734693877551": 0.2785539379089594, "0.6122448979591837": -1.0773182346213163e-11, "1.6326530612244898": 0.09287619565124626, "3.4693877551020407": 0.8162505979235475, "3.8775510204081636": 0.8585360089993648, "0.8163265306122449": 1.2834733276179122e-12, "3.2653061224489797": 0.7886283062381093, "2.6530612244897958": 0.663632250928597, "1.0204081632653061": -1.2578826869003026e-12, "1.4285714285714286": 1.403721583415063e-12, "4.6938775510204085": 0.9107007671229508, "5.1020408163265305": 0.9271299511956597, "5.3061224489795915": 0.933787604691942, "4.081632653061225": 0.874829813935783, "0.0": 0.0, "6.122448979591837": 0.953287096828083, "4.4897959183673475": 0.9005215420035346, "4.285714285714286": 0.8886799334050143, "4.8979591836734695": 0.9194953514664349, "5.510204081632653": 0.9396184298372258, "6.326530612244898": 0.9568575303877604, "6.530612244897959": 0.9600456529109107, "5.714285714285714": 0.9447462891079795, "7.346938775510204": 0.9698867670620728, "5.918367346938775": 0.9492739470265734, "6.73469387755102": 0.9629024921140288, "7.142857142857143": 0.9677889314781012, "6.938775510204081": 0.9654713141735365, "7.551020408163265": 0.9717917256554698, "7.959183673469388": 0.975112213059241, "7.755102040816327": 0.9735269100583283, "8.16326530612245": 0.9765648086491322, "8.36734693877551": 0.977899561315579, "8.775510204081632": 0.9802654472328377, "8.571428571428571": 0.9791293683648506, "9.183673469387756": 0.9822943047534958, "10.0": 0.9855839183097047, "9.387755102040817": 0.9832031145417965, "9.591836734693878": 0.9840505783871911, "8.979591836734695": 0.9813175774085814, "9.795918367346939": 0.9848424792922135}