{"0.20408163265306123": 5.464461644794765e-07, "3.0612244897959187": 0.41219436225125144, "0.40816326530612246": 6.025574709613941e-07, "3.2653061224489797": 0.4890059143143832, "0.6122448979591837": 6.717187714054917e-07, "1.0204081632653061": 8.730600765734519e-07, "3.8775510204081636": 0.6550047278341813, "2.0408163265306123": 3.6381481490734285e-06, "3.4693877551020407": 0.5535942573598158, "3.673469387755102": 0.6083202243312055, "1.4285714285714286": 1.250640998249257e-06, "1.2244897959183674": 1.0279213177315253e-06, "0.8163265306122449": 7.591072055425257e-07, "2.6530612244897958": 0.20842939595577048, "2.857142857142857": 0.32005358882376084, "1.6326530612244898": 1.5985269642729267e-06, "0.0": 5e-07, "2.4489795918367347": 0.07166526323375152, "1.836734693877551": 2.218754993891063e-06, "2.2448979591836737": 1.0210291573783581e-05, "4.6938775510204085": 0.7857315961496605, "4.081632653061225": 0.6950707421264923, "4.285714285714286": 0.7296434133904768, "6.122448979591837": 0.8987916267494798, "6.326530612244898": 0.908518019587751, "5.714285714285714": 0.8756303414405531, "4.8979591836734695": 0.8085630341718035, "4.4897959183673475": 0.7596218779079986, "6.530612244897959": 0.9172082846643264, "7.142857142857143": 0.9382084837085795, "5.510204081632653": 0.8618283639508767, "5.3061224489795915": 0.8462447160031583, "6.73469387755102": 0.9249855116227286, "5.918367346938775": 0.8878852750390189, "6.938775510204081": 0.931955315639204, "7.755102040816327": 0.9533960800825368, "5.1020408163265305": 0.8286006259503118, "7.551020408163265": 0.948866426719708, "7.346938775510204": 0.9438231255664942, "7.959183673469388": 0.9574614569137636, "8.36734693877551": 0.9643608383121456, "8.571428571428571": 0.96725977613262, "9.183673469387756": 0.9740292027353488, "8.16326530612245": 0.9611045656838406, "8.979591836734695": 0.9720771043564667, "8.775510204081632": 0.9698254824622665, "9.591836734693878": 0.9770719905868958, "9.387755102040817": 0.9756920673238283, "9.795918367346939": 0.9781715129250558, "10.0": 0.9789896497192929}