{"0.20408163265306123": 5.446078268627352e-07, "3.0612244897959187": 0.39633042351610154, "0.40816326530612246": 5.983766759255278e-07, "3.2653061224489797": 0.47202275846474306, "0.6122448979591837": 6.645024604807533e-07, "1.0204081632653061": 8.563508099941108e-07, "3.8775510204081636": 0.6379330513662512, "2.0408163265306123": 3.469910961209227e-06, "3.4693877551020407": 0.5361776871433133, "3.673469387755102": 0.5909258182880676, "1.4285714285714286": 1.2146513863100133e-06, "1.2244897959183674": 1.003471287350078e-06, "0.8163265306122449": 7.478715859292621e-07, "2.6530612244897958": 0.19843633623584359, "2.857142857142857": 0.306341857436535, "1.6326530612244898": 1.543934909799171e-06, "0.0": 5e-07, "2.4489795918367347": 0.06779562963958048, "1.836734693877551": 2.1301035661217074e-06, "2.2448979591836737": 9.668378472244365e-06, "4.6938775510204085": 0.7712785247365006, "4.081632653061225": 0.678516718972858, "4.285714285714286": 0.713729317785363, "6.122448979591837": 0.8893098986519626, "6.326530612244898": 0.8996343799198505, "5.714285714285714": 0.8648550618304424, "4.8979591836734695": 0.7948720239263943, "4.4897959183673475": 0.744419722443988, "6.530612244897959": 0.9088901380204449, "7.142857142857143": 0.9313982087261443, "5.510204081632653": 0.8503598307456307, "5.3061224489795915": 0.8340554377528442, "5.918367346938775": 0.877772794410365, "6.73469387755102": 0.9172008081960614, "6.938775510204081": 0.9246728753385399, "7.755102040816327": 0.947834167319921, "5.1020408163265305": 0.8156679965327552, "7.551020408163265": 0.9429151151139337, "7.346938775510204": 0.9374561316046123, "7.959183673469388": 0.9522639737689688, "8.36734693877551": 0.9598224389276266, "8.571428571428571": 0.9630184963167887, "9.183673469387756": 0.9705633231059136, "8.16326530612245": 0.9562478351145809, "8.979591836734695": 0.9683710078735095, "8.775510204081632": 0.9658612689231992, "9.591836734693878": 0.9740367694253727, "9.387755102040817": 0.9724494989142745, "9.795918367346939": 0.9753285659091614, "10.0": 0.9763247462268986}