{"0.0": 0.0, "0.20408163265306123": 0.0, "0.40816326530612246": 0.0, "0.6122448979591837": 0.0, "0.8163265306122449": 0.0, "1.0204081632653061": 0.0, "1.2244897959183674": 0.0, "1.4285714285714286": 0.0, "1.6326530612244898": 0.0, "2.0408163265306123": 0.0, "1.836734693877551": 0.0, "2.2448979591836737": 0.0, "2.4489795918367347": 0.0, "2.6530612244897958": 0.0, "3.0612244897959187": 0.0, "2.857142857142857": 0.0, "3.2653061224489797": 0.0, "3.4693877551020407": 0.0, "3.8775510204081636": 0.0, "3.673469387755102": 0.0, "4.081632653061225": 0.0, "4.285714285714286": 0.0, "4.8979591836734695": 0.0, "4.6938775510204085": 0.0, "4.4897959183673475": 0.0, "5.3061224489795915": 0.0, "5.1020408163265305": 0.0, "5.510204081632653": 0.0, "8.16326530612245": 0.0776245308757522, "7.959183673469388": 0.008116481499966108, "8.36734693877551": 0.14120963100766382, "8.775510204081632": 0.25290624892715413, "5.714285714285714": 0.0, "8.571428571428571": 0.1994630761573432, "8.979591836734695": 0.3019975281789439, "6.122448979591837": 0.0, "5.918367346938775": 0.0, "9.183673469387756": 0.34713763524391744, "6.326530612244898": -3e-323, "9.387755102040817": 0.38868181143650454, "6.73469387755102": 0.0, "9.591836734693878": 0.42694339155070843, "9.795918367346939": 0.46219646150512816, "6.530612244897959": 0.0, "6.938775510204081": 0.0, "10.0": 0.4946851392257382, "7.142857142857143": 0.0, "7.346938775510204": 2.5e-323, "7.551020408163265": 0.0, "7.755102040816327": -2e-322}