{"0.6122448979591837": 1.4085838106548196e-07, "0.20408163265306123": 3.607214142537732e-08, "0.40816326530612246": 8.159899547668303e-08, "2.4489795918367347": 0.24508311282047143, "3.2653061224489797": 0.497887765807048, "2.2448979591836737": 0.15394494008525578, "3.4693877551020407": 0.542498395734497, "3.0612244897959187": 0.4472383372689337, "2.857142857142857": 0.3893405318309351, "0.8163265306122449": 2.211671403913928e-07, "3.8775510204081636": 0.617228515931488, "1.0204081632653061": 3.361626507358968e-07, "3.673469387755102": 0.5820242930760606, "2.6530612244897958": 0.3226364621254183, "2.0408163265306123": 0.045472156703860254, "1.2244897959183674": 5.145075313811238e-07, "1.4285714285714286": 8.284489498712374e-07, "1.6326530612244898": 1.5274688869307797e-06, "4.081632653061225": 0.6487289326026122, "0.0": 0.0, "1.836734693877551": 4.443619123265429e-06, "5.1020408163265305": 0.7656675473573288, "4.285714285714286": 0.6770313966772696, "5.918367346938775": 0.8268703319489276, "5.714285714285714": 0.8135123070830372, "4.8979591836734695": 0.7466011408925176, "5.3061224489795915": 0.7830576389411467, "4.6938775510204085": 0.7256462562978695, "4.4897959183673475": 0.7025541817628339, "6.122448979591837": 0.8391463162061653, "5.510204081632653": 0.7989535087696299, "6.530612244897959": 0.8608547139231194, "7.142857142857143": 0.8875181226098433, "6.73469387755102": 0.8704582933291354, "6.326530612244898": 0.8504440847641036, "6.938775510204081": 0.8793253682264655, "7.551020408163265": 0.902093257454141, "7.346938775510204": 0.8950913510681007, "7.959183673469388": 0.914546786379419, "7.755102040816327": 0.9085661111848132, "8.36734693877551": 0.9251546998355737, "8.571428571428571": 0.9298323175747962, "8.775510204081632": 0.9341190661709193, "8.16326530612245": 0.9200672047501628, "8.979591836734695": 0.9380301265433634, "9.387755102040817": 0.9447678351373453, "9.183673469387756": 0.9415770333151986, "10.0": 0.9522348690032499, "9.591836734693878": 0.9476072421542726, "9.795918367346939": 0.9500967675161481}