{"0.6122448979591837": 2.3476395741964556e-07, "0.20408163265306123": 6.012023498607362e-08, "0.40816326530612246": 1.3599832209536278e-07, "2.4489795918367347": 0.3741092006293999, "3.2653061224489797": 0.6827989091930049, "2.2448979591836737": 0.2431710923437497, "3.0612244897959187": 0.6276970098961382, "3.4693877551020407": 0.7283637650875671, "2.857142857142857": 0.5604599108733627, "0.8163265306122449": 3.68611873477374e-07, "3.8775510204081636": 0.7982101604751064, "1.0204081632653061": 5.602710217790882e-07, "3.673469387755102": 0.7663396253916399, "2.6530612244897958": 0.4775600749408326, "2.0408163265306123": 0.07463230234283677, "1.2244897959183674": 8.57512405236309e-07, "1.4285714285714286": 1.3807478684922146e-06, "1.6326530612244898": 2.5457801820170776e-06, "4.081632653061225": 0.8251211427436749, "0.0": 0.0, "1.836734693877551": 7.406020902242012e-06, "5.1020408163265305": 0.9109320264586653, "4.285714285714286": 0.847968401592401, "5.918367346938775": 0.9462181505078653, "5.714285714285714": 0.9391269209558835, "4.8979591836734695": 0.8985291143360606, "5.3061224489795915": 0.9216734224907783, "4.6938775510204085": 0.8841618455621827, "4.4897959183673475": 0.8674601420153579, "6.122448979591837": 0.9524208075631441, "5.510204081632653": 0.9310027909775315, "6.530612244897959": 0.9626270119588436, "7.142857142857143": 0.9737541407204348, "6.73469387755102": 0.9668197306773054, "6.326530612244898": 0.9578562768116186, "6.938775510204081": 0.9705079704866753, "7.551020408163265": 0.9791238577810486, "7.346938775510204": 0.9766111740725837, "7.959183673469388": 0.9832608301779954, "7.755102040816327": 0.9813299070431627, "8.36734693877551": 0.9863963400290331, "8.571428571428571": 0.9876385228358074, "8.775510204081632": 0.988681584765854, "8.16326530612245": 0.9849426252018048, "8.979591836734695": 0.9895340937736268, "9.387755102040817": 0.990683916706223, "9.183673469387756": 0.9902010157244643, "10.0": 0.9909967438811422, "9.591836734693878": 0.9909811386992415, "9.795918367346939": 0.9910879591867781}