{"0.20408163265306123": 3.847369853271399e-08, "0.6122448979591837": 1.1758379178448271e-07, "2.6530612244897958": 5.709923155783881e-07, "0.40816326530612246": 7.765225757788298e-08, "1.0204081632653061": 1.9991076656753092e-07, "0.8163265306122449": 1.583188742896309e-07, "1.836734693877551": 3.760204742581369e-07, "1.2244897959183674": 2.424156691392581e-07, "1.4285714285714286": 2.8589299571564896e-07, "1.6326530612244898": 3.3040567368583345e-07, "2.2448979591836737": 4.70844966194435e-07, "2.4489795918367347": 5.202108845603855e-07, "2.0408163265306123": 4.2280837601743024e-07, "3.673469387755102": 8.49611188468165e-07, "3.0612244897959187": 6.771775202504296e-07, "3.4693877551020407": 7.902233537366813e-07, "0.0": 0.0, "3.8775510204081636": 9.110835681941777e-07, "2.857142857142857": 6.232815352745849e-07, "3.2653061224489797": 7.327866273510457e-07, "4.081632653061225": 9.747849510839036e-07, "4.4897959183673475": 1.1095150653049048e-06, "4.285714285714286": 1.040872024732084e-06, "5.918367346938775": 1.6795411574808507e-06, "4.8979591836734695": 1.2552274589208798e-06, "5.714285714285714": 1.5867239039414938e-06, "4.6938775510204085": 1.1808994666065541e-06, "5.3061224489795915": 1.4136191272419068e-06, "5.510204081632653": 1.4981899874588764e-06, "6.122448979591837": 1.7769942987612825e-06, "5.1020408163265305": 1.3327200382954398e-06, "6.326530612244898": 1.8794717316182693e-06, "6.530612244897959": 1.9874016049579774e-06, "6.73469387755102": 2.1012560015834207e-06, "6.938775510204081": 2.2215553966465043e-06, "7.142857142857143": 2.348873337178906e-06, "7.346938775510204": 2.4838412651424454e-06, "7.959183673469388": 2.9419284081352846e-06, "7.755102040816327": 2.7795712793365856e-06, "7.551020408163265": 2.6271533669953578e-06, "8.16326530612245": 3.1151335224641045e-06, "8.36734693877551": 3.300173155140481e-06, "8.775510204081632": 3.710091661008502e-06, "8.571428571428571": 3.4981121732779136e-06, "9.183673469387756": 4.181076460450009e-06, "9.591836734693878": 4.723405360051786e-06, "10.0": 5.34744801580552e-06, "8.979591836734695": 3.937322973090349e-06, "9.387755102040817": 4.442662928087994e-06, "9.795918367346939": 5.0245978469908136e-06}