{"0.20408163265306123": 3.661729482712252e-08, "0.6122448979591837": 1.1147922001978311e-07, "2.6530612244897958": 5.313728849461453e-07, "0.40816326530612246": 7.376254136708327e-08, "1.0204081632653061": 1.8881105895215766e-07, "0.8163265306122449": 1.4981282365756736e-07, "1.836734693877551": 3.524947673534819e-07, "1.2244897959183674": 2.285240652890629e-07, "1.4285714285714286": 2.690046534897678e-07, "1.6326530612244898": 3.1030856685187254e-07, "2.0408163265306123": 3.956257502584608e-07, "2.2448979591836737": 4.397678908129971e-07, "2.4489795918367347": 4.849918272518323e-07, "3.673469387755102": 7.836635329572659e-07, "3.0612244897959187": 6.27933979310838e-07, "3.4693877551020407": 7.301667968546902e-07, "0.0": 0.0, "3.8775510204081636": 8.388982913647434e-07, "2.857142857142857": 5.789915472361592e-07, "3.2653061224489797": 6.782926124321478e-07, "4.081632653061225": 8.959959341670239e-07, "4.4897959183673475": 1.0163326226094543e-06, "4.285714285714286": 9.550917506928163e-07, "5.918367346938775": 1.5205389322682031e-06, "4.8979591836734695": 1.1459030456305324e-06, "5.714285714285714": 1.4388764452620077e-06, "4.6938775510204085": 1.0798783343206634e-06, "5.3061224489795915": 1.2861680965910083e-06, "5.510204081632653": 1.3608445128035436e-06, "6.122448979591837": 1.6061345998077175e-06, "5.1020408163265305": 1.214596944327248e-06, "6.326530612244898": 1.695996727196751e-06, "6.530612244897959": 1.7904925761740524e-06, "6.73469387755102": 1.8900269732863302e-06, "6.938775510204081": 1.9950461221379975e-06, "7.142857142857143": 2.1060416038913633e-06, "7.346938775510204": 2.2235544995944803e-06, "7.959183673469388": 2.62143692636209e-06, "7.755102040816327": 2.4805690962841505e-06, "7.551020408163265": 2.348179534181183e-06, "8.16326530612245": 2.7715611830022846e-06, "8.36734693877551": 2.931786487290301e-06, "8.775510204081632": 3.2862515987523497e-06, "8.571428571428571": 3.103024400165092e-06, "9.183673469387756": 3.692870973566245e-06, "9.591836734693878": 4.1604387547946005e-06, "10.0": 4.697825023503928e-06, "8.979591836734695": 3.482504774972097e-06, "9.387755102040817": 3.918471709517172e-06, "9.795918367346939": 4.419878971435109e-06}