{"0.20408163265306123": 1.856403705591467e-09, "0.6122448979591837": 6.104571764699593e-09, "2.6530612244897958": 3.961943063224286e-08, "0.40816326530612246": 3.889716210799723e-09, "1.0204081632653061": 1.1099707615373186e-08, "0.8163265306122449": 8.50605063206357e-09, "1.836734693877551": 2.3525706904654945e-08, "1.2244897959183674": 1.38916038501953e-08, "1.4285714285714286": 1.6888342225881233e-08, "1.6326530612244898": 2.0097106833960802e-08, "2.0408163265306123": 2.718262575896954e-08, "2.2448979591836737": 3.1077075381438036e-08, "2.4489795918367347": 3.5219057308553087e-08, "3.673469387755102": 6.59476555108988e-08, "3.0612244897959187": 4.924354093959158e-08, "3.4693877551020407": 6.005655688199091e-08, "0.0": 0.0, "3.8775510204081636": 7.218527682943429e-08, "2.857142857142857": 4.428998803842572e-08, "3.2653061224489797": 5.449401491889818e-08, "4.081632653061225": 7.878901691687996e-08, "4.4897959183673475": 9.318244269545006e-08, "4.285714285714286": 8.578027403926792e-08, "5.918367346938775": 1.5900222521264718e-07, "4.8979591836734695": 1.0932441329034704e-07, "5.714285714285714": 1.478474586794858e-07, "4.6938775510204085": 1.0102113228589058e-07, "5.3061224489795915": 1.2745103065089823e-07, "5.510204081632653": 1.373454746553327e-07, "6.122448979591837": 1.7085969895356523e-07, "5.1020408163265305": 1.181230939681922e-07, "6.326530612244898": 1.8347500442151883e-07, "6.530612244897959": 1.9690902878392508e-07, "6.73469387755102": 2.1122902829709028e-07, "6.938775510204081": 2.2650927450850556e-07, "7.142857142857143": 2.4283173328754285e-07, "7.346938775510204": 2.602867655479644e-07, "7.959183673469388": 3.2049148177319603e-07, "7.755102040816327": 2.9900218305243536e-07, "7.551020408163265": 2.7897383281417494e-07, "8.16326530612245": 3.4357233946182016e-07, "8.36734693877551": 3.683866678501802e-07, "8.775510204081632": 4.2384006225615174e-07, "8.571428571428571": 3.9508777311282155e-07, "9.183673469387756": 4.882054868837648e-07, "9.591836734693878": 5.629666052571865e-07, "10.0": 6.496229923015914e-07, "8.979591836734695": 4.548181981182524e-07, "9.387755102040817": 5.24191218570822e-07, "9.795918367346939": 6.047188755557045e-07}