{"1.2244897959183674": 1.4457324226668788e-12, "0.6122448979591837": -4.947153797729698e-13, "1.836734693877551": 5.1956217106408076e-12, "0.8163265306122449": 1.9984014443252818e-15, "0.20408163265306123": 0.0, "0.0": 0.0, "1.6326530612244898": 3.5860203695392556e-14, "1.0204081632653061": 5.3290705182007514e-14, "1.4285714285714286": 7.771561172376096e-16, "0.40816326530612246": -1.0880185641326534e-14, "2.4489795918367347": 5.57481838470153e-11, "3.2653061224489797": 0.08413196816162705, "3.0612244897959187": 0.011711569450406412, "3.4693877551020407": 0.1490245091533946, "2.2448979591836737": 1.2276069050187743e-11, "3.673469387755102": 0.20749203082350753, "2.857142857142857": 2.719216740665331e-09, "2.0408163265306123": 1.2830847495592934e-12, "2.6530612244897958": 3.456862573969488e-10, "4.081632653061225": 0.3085585586265732, "4.285714285714286": 0.35249193078925867, "4.4897959183673475": 0.39273134877302307, "4.6938775510204085": 0.4297019391860699, "4.8979591836734695": 0.4637647015582409, "5.1020408163265305": 0.4952283910417281, "3.8775510204081636": 0.2604266345965375, "6.73469387755102": 0.6790677472506836, "5.510204081632653": 0.5513862395952751, "5.3061224489795915": 0.5243588238049542, "5.714285714285714": 0.5765111820916256, "7.142857142857143": 0.7115596591152958, "6.122448979591837": 0.6217348771643245, "8.16326530612245": 0.7773556263764608, "5.918367346938775": 0.5999092364811484, "6.938775510204081": 0.6958255713787179, "6.326530612244898": 0.6421246161124883, "7.755102040816327": 0.7533620317150973, "7.346938775510204": 0.726347955161884, "8.775510204081632": 0.8085480016785906, "6.530612244897959": 0.6611995971933398, "8.36734693877551": 0.7883487678762245, "7.551020408163265": 0.7402608367950283, "7.959183673469388": 0.7657094034661744, "8.571428571428571": 0.798732792799548, "8.979591836734695": 0.8178314129519708, "9.795918367346939": 0.8502901991148744, "9.387755102040817": 0.8349364711373297, "10.0": 0.8573762895655358, "9.591836734693878": 0.8428185545140615, "9.183673469387756": 0.8266170973282083}