{"1.2244897959183674": 2.8915758676362202e-12, "0.6122448979591837": -9.894307595459395e-13, "1.836734693877551": 1.0377476655776263e-11, "0.8163265306122449": 4.440892098500626e-15, "0.20408163265306123": 0.0, "0.0": 0.0, "1.6326530612244898": 7.016609515630989e-14, "1.0204081632653061": 1.0624834345662748e-13, "1.4285714285714286": 1.4432899320127035e-15, "0.40816326530612246": -2.19824158875781e-14, "3.2653061224489797": 0.1611857479997012, "2.4489795918367347": 1.0907785785718715e-10, "3.0612244897959187": 0.023285977927458346, "2.2448979591836737": 2.4037105639251877e-11, "3.4693877551020407": 0.2758407134788784, "2.857142857142857": 5.402564395851073e-09, "3.673469387755102": 0.3719311178869409, "2.0408163265306123": 2.4734658765623863e-12, "2.6530612244897958": 6.814903086294066e-10, "4.081632653061225": 0.5219087305231849, "4.4897959183673475": 0.6312247783853915, "4.285714285714286": 0.5807332960147726, "4.6938775510204085": 0.6747601111171011, "4.8979591836734695": 0.7124516882636178, "5.1020408163265305": 0.745205598005357, "3.8775510204081636": 0.453031235618344, "6.73469387755102": 0.8970021064840525, "5.510204081632653": 0.7987456403854474, "5.3061224489795915": 0.7737654347704861, "7.142857142857143": 0.9168015036168807, "5.714285714285714": 0.8206571441188857, "6.122448979591837": 0.8569153446890796, "8.16326530612245": 0.9504272716575919, "5.918367346938775": 0.8399272719529264, "7.346938775510204": 0.9251136940753417, "6.326530612244898": 0.8719250000335386, "8.775510204081632": 0.9633420733474829, "6.938775510204081": 0.9074774091901862, "7.755102040816327": 0.9391683026956184, "6.530612244897959": 0.8852140021066288, "8.36734693877551": 0.955201024839193, "7.551020408163265": 0.9325344575653086, "8.979591836734695": 0.9668097186711974, "7.959183673469388": 0.9451061423126548, "8.571428571428571": 0.9594881676617045, "9.387755102040817": 0.9727471102985666, "9.795918367346939": 0.9775774586945551, "10.0": 0.9796474335110272, "9.591836734693878": 0.975285848392818, "9.183673469387756": 0.9699325309036175}