{"0.40816326530612246": 1.713080729616619e-08, "0.20408163265306123": 8.251173796593521e-09, "1.0204081632653061": 4.835108783231964e-08, "1.6326530612244898": 8.881797919253748e-08, "1.836734693877551": 1.0510861843236651e-07, "1.4285714285714286": 7.405996879059904e-08, "0.8163265306122449": 3.70863357121271e-08, "1.2244897959183674": 6.062801915234121e-08, "2.857142857142857": 2.2083759046292548e-07, "2.4489795918367347": 1.660043041859908e-07, "2.6530612244897958": 1.916241314589489e-07, "2.0408163265306123": 1.2318370871962765e-07, "3.2653061224489797": 2.935632478666226e-07, "3.4693877551020407": 3.396155113829507e-07, "3.0612244897959187": 2.5445781095290864e-07, "3.673469387755102": 3.9464610930893724e-07, "3.8775510204081636": 4.6156419822227965e-07, "0.0": 0.0, "2.2448979591836737": 1.4335343705486028e-07, "0.6122448979591837": 2.6713544063388555e-08, "4.6938775510204085": 9.837367407412147e-07, "4.285714285714286": 6.50714733566112e-07, "4.081632653061225": 5.446878978718655e-07, "4.4897959183673475": 7.906222570287615e-07, "4.8979591836734695": 1.267532466913075e-06, "6.530612244897959": 0.03070615114261939, "6.938775510204081": 0.04345092710565647, "5.1020408163265305": 1.7254658262145032e-06, "5.918367346938775": 0.006942604339825687, "7.142857142857143": 0.0490763822941682, "6.73469387755102": 0.0373450745356612, "7.346938775510204": 0.05426745001864209, "5.510204081632653": 4.8218601230782834e-06, "7.959183673469388": 0.06761290041531175, "6.326530612244898": 0.023473732319635766, "7.755102040816327": 0.06350255211674817, "7.551020408163265": 0.059064402710082356, "5.3061224489795915": 2.588693758959269e-06, "6.122448979591837": 0.015578488733622407, "8.571428571428571": 0.07823342575197009, "8.36734693877551": 0.07495585255961287, "5.714285714285714": 2.4061922223337656e-05, "8.16326530612245": 0.07142268746481126, "8.775510204081632": 0.08127386105574372, "10.0": 0.09530968820755321, "9.795918367346939": 0.09341735806165756, "9.387755102040817": 0.08912395564843668, "9.183673469387756": 0.08670592498256104, "8.979591836734695": 0.08409332159882445, "9.591836734693878": 0.09135804987381185}