{"0.20408163265306123": 5.88339987135479e-08, "0.0": 0.0, "0.40816326530612246": 1.2958949087971978e-07, "0.8163265306122449": 3.250425426265482e-07, "1.0204081632653061": 4.6544349548759424e-07, "0.6122448979591837": 2.1629854460730686e-07, "1.2244897959183674": 6.536798924737544e-07, "1.4285714285714286": 9.192149233867852e-07, "1.6326530612244898": 1.3219758347911332e-06, "2.0408163265306123": 3.4196174640596206e-06, "1.836734693877551": 2.0053877666692697e-06, "2.4489795918367347": 0.025905444483216904, "2.6530612244897958": 0.1995630200446061, "2.2448979591836737": 8.084128857519396e-06, "2.857142857142857": 0.3367132535142779, "3.8775510204081636": 0.7156864654548798, "3.0612244897959187": 0.4463470893204486, "3.4693877551020407": 0.6071491233789235, "3.2653061224489797": 0.5349227145996311, "4.285714285714286": 0.7909821968578612, "3.673469387755102": 0.6665246955789079, "4.081632653061225": 0.7566519793424852, "4.4897959183673475": 0.8198995299828168, "5.1020408163265305": 0.8828998213212607, "4.6938775510204085": 0.8443697041375108, "4.8979591836734695": 0.8651632563745464, "5.3061224489795915": 0.8980808725908686, "5.510204081632653": 0.9111157751260055, "5.714285714285714": 0.922340020458457, "5.918367346938775": 0.9320306614934298, "6.122448979591837": 0.9404171772308876, "6.530612244897959": 0.9540114788307962, "6.73469387755102": 0.9595131528637836, "6.326530612244898": 0.9476908115582036, "6.938775510204081": 0.9643086642546248, "7.142857142857143": 0.9684929193537375, "7.346938775510204": 0.9721460182280156, "7.551020408163265": 0.9753353456641468, "7.755102040816327": 0.9781175742837158, "7.959183673469388": 0.9805401126660258, "8.16326530612245": 0.9826422562765802, "8.36734693877551": 0.9844562926933306, "8.571428571428571": 0.9860081840013323, "8.775510204081632": 0.9873182980407189, "8.979591836734695": 0.9884019101648246, "9.183673469387756": 0.9892696091607396, "9.387755102040817": 0.9899277222586218, "9.591836734693878": 0.9903786033286627, "9.795918367346939": 0.990620882237748, "10.0": 0.9906497712780153}