{"0.20408163265306123": 4.4713839271520035e-08, "0.0": 0.0, "0.40816326530612246": 9.848801427771456e-08, "0.8163265306122449": 2.4703234000316904e-07, "1.0204081632653061": 3.537370721684857e-07, "0.6122448979591837": 1.6438689727007794e-07, "1.2244897959183674": 4.967967490454757e-07, "1.4285714285714286": 6.986034026108205e-07, "1.6326530612244898": 1.0047017602699868e-06, "2.0408163265306123": 2.598910114639074e-06, "1.836734693877551": 1.5240949922226828e-06, "2.4489795918367347": 0.01973704981142225, "2.6530612244897958": 0.154839431478081, "2.2448979591836737": 6.143942637158528e-06, "2.857142857142857": 0.26568616601518125, "3.8775510204081636": 0.604157252237809, "3.0612244897959187": 0.3577213251761599, "3.4693877551020407": 0.5003381105847818, "3.2653061224489797": 0.43494541996698727, "4.285714285714286": 0.681828957471718, "3.673469387755102": 0.5561614559320819, "4.081632653061225": 0.6456875280347183, "4.4897959183673475": 0.713443588517793, "5.1020408163265305": 0.7874740570517327, "4.6938775510204085": 0.741227458682369, "4.8979591836734695": 0.7657485489065712, "5.3061224489795915": 0.8067905923225356, "5.510204081632653": 0.8240213037209411, "5.714285714285714": 0.8394370790182755, "5.918367346938775": 0.8532670958723076, "6.122448979591837": 0.8657056259612061, "6.530612244897959": 0.887048204740159, "6.73469387755102": 0.8962164564748992, "6.326530612244898": 0.8769185959973546, "6.938775510204081": 0.9045288356359724, "7.142857142857143": 0.9120762672928603, "7.346938775510204": 0.9189376116840119, "7.551020408163265": 0.9251809582378568, "7.755102040816327": 0.9308652542393457, "7.959183673469388": 0.9360413257088895, "8.16326530612245": 0.9407526472446555, "8.36734693877551": 0.9450363432821015, "8.571428571428571": 0.9489235469475407, "8.775510204081632": 0.9524400843084802, "8.979591836734695": 0.9556068283913097, "9.183673469387756": 0.9584399607762443, "9.387755102040817": 0.9609514173665842, "9.591836734693878": 0.9631490880862462, "9.795918367346939": 0.9650369714621154, "10.0": 0.9666155565265587}