{"0.20408163265306123": 3.5300399643501475e-08, "0.0": 0.0, "0.40816326530612246": 7.775369654304433e-08, "0.8163265306122449": 1.9502553825424941e-07, "1.0204081632653061": 2.7926612328907996e-07, "0.6122448979591837": 1.2977913237859198e-07, "1.2244897959183674": 3.9220798675995647e-07, "1.4285714285714286": 5.51529055426844e-07, "1.6326530612244898": 7.931857105892223e-07, "2.0408163265306123": 2.051771881692043e-06, "1.836734693877551": 1.203233142591625e-06, "2.4489795918367347": 0.015624786696892476, "2.6530612244897958": 0.12502370576706423, "2.2448979591836737": 4.8504851569179494e-06, "2.857142857142857": 0.21833477434911674, "3.8775510204081636": 0.5298044434264283, "3.0612244897959187": 0.29863748241330074, "3.4693877551020407": 0.42913076872202055, "3.2653061224489797": 0.36829389021189135, "4.285714285714286": 0.6090601312142887, "3.673469387755102": 0.48258596283419797, "4.081632653061225": 0.571711227162874, "4.4897959183673475": 0.6424729608744439, "5.1020408163265305": 0.7238568808720472, "4.6938775510204085": 0.6724659617122747, "4.8979591836734695": 0.6994720772612539, "5.3061224489795915": 0.7459304054769798, "5.510204081632653": 0.7659583227842313, "5.714285714285714": 0.7841684513914874, "5.918367346938775": 0.8007580521248931, "6.122448979591837": 0.8158979251147521, "6.530612244897959": 0.8424060220130677, "6.73469387755102": 0.8540186588823097, "6.326530612244898": 0.8297371189567885, "6.938775510204081": 0.8646756165568708, "7.142857142857143": 0.8744651659189421, "7.346938775510204": 0.8834653406546762, "7.551020408163265": 0.8917446999536635, "7.755102040816327": 0.8993637075430989, "7.959183673469388": 0.9063754677374654, "8.16326530612245": 0.9128262412233722, "8.36734693877551": 0.9187563770079484, "8.571428571428571": 0.9242004555783464, "8.775510204081632": 0.929187941820321, "8.979591836734695": 0.9337434405422997, "9.183673469387756": 0.9378868618532473, "9.387755102040817": 0.9416338807718924, "9.591836734693878": 0.9449960779246352, "9.795918367346939": 0.9479810309450275, "10.0": 0.950592746692254}