{"0.8163265306122449": -2.220446049250313e-16, "0.20408163265306123": 5.162537064506978e-14, "0.40816326530612246": 8.215650382226158e-15, "3.8775510204081636": 0.46337053771745174, "2.857142857142857": 0.3035666199023881, "1.0204081632653061": 6.114886375030437e-12, "1.2244897959183674": -5.956790616323815e-12, "3.0612244897959187": 0.3408224450230867, "0.6122448979591837": 1.0517142712274108e-12, "2.2448979591836737": 0.16805200518433827, "2.6530612244897958": 0.2628032731003541, "3.673469387755102": 0.4360462042038009, "3.2653061224489797": 0.3750676937070285, "3.4693877551020407": 0.40670089997562664, "1.4285714285714286": 2.000399845769607e-12, "2.4489795918367347": 0.21790270038557058, "2.0408163265306123": 0.11217874174391462, "1.836734693877551": 0.04883107036041234, "1.6326530612244898": 7.343015084870785e-13, "0.0": 0.0, "5.1020408163265305": 0.595201070502653, "4.285714285714286": 0.5128100268444116, "5.510204081632653": 0.6299371327429385, "4.081632653061225": 0.4888961686634179, "5.3061224489795915": 0.6130351174313075, "4.6938775510204085": 0.5564140548744344, "4.8979591836734695": 0.5763569689967375, "5.714285714285714": 0.6459760909304391, "7.142857142857143": 0.738513198155841, "4.4897959183673475": 0.5352707453813832, "5.918367346938775": 0.6612132933140792, "7.346938775510204": 0.7494048008190557, "6.73469387755102": 0.7151600180564774, "6.530612244897959": 0.7026346456382081, "6.326530612244898": 0.6894958447814401, "6.122448979591837": 0.6757034964863609, "6.938775510204081": 0.7271084378153208, "7.551020408163265": 0.7598112893793721, "7.755102040816327": 0.7697585345122167, "7.959183673469388": 0.7792704790245257, "8.36734693877551": 0.797075836616356, "8.979591836734695": 0.8210280975958925, "8.775510204081632": 0.8133876916330653, "9.591836734693878": 0.842076094699541, "8.571428571428571": 0.8054092580566357, "9.795918367346939": 0.8485150408379512, "8.16326530612245": 0.7883693490435087, "9.183673469387756": 0.8283464230464905, "10.0": 0.854687239374264, "9.387755102040817": 0.8353576937548691}