{"0.8163265306122449": -4.440892098500626e-16, "0.20408163265306123": 1.7030821197749901e-13, "0.40816326530612246": 2.7200464103316335e-14, "3.8775510204081636": 0.874421571659671, "2.857142857142857": 0.70059071623031, "1.0204081632653061": 2.0245582987854505e-11, "1.2244897959183674": -1.9756196678599736e-11, "3.0612244897959187": 0.7507273079063851, "0.6122448979591837": 3.471334331095477e-12, "2.2448979591836737": 0.4584308326468367, "2.6530612244897958": 0.6380810462918793, "3.673469387755102": 0.8518124399576584, "3.2653061224489797": 0.7913380533506842, "3.4693877551020407": 0.8245127242895791, "1.4285714285714286": 6.653344541973638e-12, "2.4489795918367347": 0.5592395464698121, "2.0408163265306123": 0.32740784268422973, "1.836734693877551": 0.15369770604288002, "1.6326530612244898": 2.4412694088482567e-12, "0.0": 0.0, "5.1020408163265305": 0.95093205262466, "4.285714285714286": 0.9090098303861764, "5.510204081632653": 0.9636153259093555, "4.081632653061225": 0.8932510062789463, "5.3061224489795915": 0.9577747802553775, "4.6938775510204085": 0.9334329564894992, "4.8979591836734695": 0.9428959500970178, "5.714285714285714": 0.968611141431558, "7.142857142857143": 0.9885667117018566, "4.4897959183673475": 0.9222560302385827, "5.918367346938775": 0.9728925774205606, "7.346938775510204": 0.9900783573601903, "6.73469387755102": 0.9847943337230535, "6.530612244897959": 0.9824489661610655, "6.326530612244898": 0.9797281994842083, "6.122448979591837": 0.9765680659303583, "6.938775510204081": 0.9868183275190288, "7.551020408163265": 0.9913863618770945, "7.755102040816327": 0.9925189693598306, "7.959183673469388": 0.9935003310447574, "8.36734693877551": 0.995089138011959, "8.979591836734695": 0.9967685585020809, "8.775510204081632": 0.9962856290577227, "9.591836734693878": 0.99786979773525, "8.571428571428571": 0.9957295927338499, "9.795918367346939": 0.9981454547083077, "8.16326530612245": 0.9943511362451478, "9.183673469387756": 0.9971881377668652, "10.0": 0.9983852114255695, "9.387755102040817": 0.9975527908683421}