{"0.8163265306122449": -3.9968028886505636e-16, "0.20408163265306123": 1.4657164371101317e-13, "0.40816326530612246": 2.34035013590983e-14, "3.8775510204081636": 0.7922113648712272, "2.857142857142857": 0.6211858969647256, "1.0204081632653061": 1.7419443665289694e-11, "1.2244897959183674": -1.699631546614455e-11, "3.0612244897959187": 0.6687463353297255, "0.6122448979591837": 2.987410319121864e-12, "2.2448979591836737": 0.400355067154337, "3.673469387755102": 0.768659192806887, "2.6530612244897958": 0.5630254916535744, "3.2653061224489797": 0.7080839814219531, "3.4693877551020407": 0.7409503594267887, "1.4285714285714286": 5.722755602732832e-12, "2.4489795918367347": 0.4909721772529638, "2.0408163265306123": 0.2843620224961667, "1.836734693877551": 0.1327243789063865, "1.6326530612244898": 2.099875828776021e-12, "0.0": 0.0, "5.1020408163265305": 0.8797858562002587, "4.285714285714286": 0.8297698696778235, "5.510204081632653": 0.8968796872760721, "4.081632653061225": 0.8123800387558406, "5.3061224489795915": 0.8888268476905636, "4.6938775510204085": 0.8580291761664863, "4.8979591836734695": 0.8695881538769618, "5.714285714285714": 0.9040841313313343, "7.142857142857143": 0.9385560089926536, "4.4897959183673475": 0.8448589732671429, "5.918367346938775": 0.9105567205992643, "7.346938775510204": 0.9419436460519635, "6.73469387755102": 0.9308674705897384, "6.530612244897959": 0.9264861020564941, "6.326530612244898": 0.9216817285436547, "6.122448979591837": 0.9163951520415587, "6.938775510204081": 0.9348763495782872, "7.551020408163265": 0.9450713473775502, "7.755102040816327": 0.9479668823903079, "7.959183673469388": 0.9506543606407112, "8.36734693877551": 0.9554864777328385, "8.979591836734695": 0.9616204663208432, "8.775510204081632": 0.9597060415727912, "9.591836734693878": 0.9667110571281082, "8.571428571428571": 0.9576655257984071, "8.16326530612245": 0.9531547788048201, "9.795918367346939": 0.9682193719342365, "9.183673469387756": 0.9634197948227903, "10.0": 0.9696456170153085, "9.387755102040817": 0.9651137714456476}