{"0.20408163265306123": 5.695444116327053e-14, "0.40816326530612246": 3.559563754862438e-11, "0.6122448979591837": 1.4551693183761927e-12, "0.8163265306122449": 6.495004534201598e-11, "1.2244897959183674": 3.187661246073503e-11, "1.4285714285714286": 5.101433719900683e-10, "1.0204081632653061": 9.389156119254949e-13, "3.8775510204081636": 0.43670105633507406, "3.2653061224489797": 0.293616892843667, "2.857142857142857": 0.16827666760900117, "3.673469387755102": 0.39382558870353446, "1.6326530612244898": 2.7503332944434078e-11, "1.836734693877551": 3.0229796443848045e-10, "3.0612244897959187": 0.23463158688891872, "2.0408163265306123": 1.165163521221757e-10, "3.4693877551020407": 0.3463771078659468, "2.6530612244897958": 0.09309595777577828, "2.2448979591836737": 4.345523940685325e-11, "0.0": 0.0, "2.4489795918367347": 0.007204238270230312, "4.081632653061225": 0.4756081480599509, "4.285714285714286": 0.5110470619812576, "4.6938775510204085": 0.5731257176389051, "5.3061224489795915": 0.6487865346374453, "4.4897959183673475": 0.5434355853745293, "5.510204081632653": 0.6702769088709597, "6.938775510204081": 0.7839009226133261, "4.8979591836734695": 0.6004163820791211, "6.122448979591837": 0.725912220491072, "6.73469387755102": 0.7708510283457153, "6.326530612244898": 0.7419414869863823, "7.346938775510204": 0.8075513769723518, "5.1020408163265305": 0.6255632676499483, "5.918367346938775": 0.7087029711171966, "7.142857142857143": 0.7961128007831821, "5.714285714285714": 0.6902005501652991, "6.530612244897959": 0.7568912442672212, "7.551020408163265": 0.818275095356152, "7.755102040816327": 0.8283368879216084, "7.959183673469388": 0.8377848227879927, "8.16326530612245": 0.846662661270555, "9.183673469387756": 0.8837860681065373, "8.775510204081632": 0.8702582613393414, "8.979591836734695": 0.8772227282387512, "8.36734693877551": 0.8550103384756353, "8.571428571428571": 0.8628643795229599, "10.0": 0.9065207389986388, "9.591836734693878": 0.8958116620198961, "9.387755102040817": 0.8899743548710048, "9.795918367346939": 0.9013202511606224}