{"0.20408163265306123": 1.071365218763276e-13, "0.40816326530612246": 6.694889087555111e-11, "0.6122448979591837": 2.744249272268462e-12, "0.8163265306122449": 1.229675250513651e-10, "1.2244897959183674": 6.103195726581134e-11, "1.4285714285714286": 9.83236159157741e-10, "1.0204081632653061": 1.786792935831727e-12, "3.8775510204081636": 0.6826942995234752, "3.2653061224489797": 0.501022905812107, "2.857142857142857": 0.30823629831808763, "3.673469387755102": 0.6325525827804225, "1.6326530612244898": 5.338762765205729e-11, "1.836734693877551": 5.911081624176973e-10, "3.0612244897959187": 0.41421119215186886, "2.0408163265306123": 2.2932633569894278e-10, "3.4693877551020407": 0.5727771146949989, "2.6530612244897958": 0.1775250581738771, "2.2448979591836737": 8.476308543947653e-11, "0.0": 0.0, "2.4489795918367347": 0.014356575482410983, "4.081632653061225": 0.7250131847736361, "4.285714285714286": 0.7609250230603026, "4.6938775510204085": 0.8177783438044841, "5.3061224489795915": 0.8766490908902939, "4.4897959183673475": 0.7915489331900263, "5.510204081632653": 0.8912826675038523, "6.938775510204081": 0.9533010486017754, "4.8979591836734695": 0.8403329273498491, "6.122448979591837": 0.92487584575375, "6.73469387755102": 0.9474906423193314, "6.326530612244898": 0.9334057446090495, "7.346938775510204": 0.9629632926932377, "5.1020408163265305": 0.8597971260938102, "5.918367346938775": 0.9151460096399731, "7.142857142857143": 0.9584298275931905, "5.714285714285714": 0.9040242785685834, "6.530612244897959": 0.9408980529361028, "7.551020408163265": 0.9669757599539099, "7.755102040816327": 0.9705313988520241, "7.959183673469388": 0.9736857654339348, "8.16326530612245": 0.9764870781556235, "9.183673469387756": 0.9864928407665435, "8.775510204081632": 0.9831660360957333, "8.979591836734695": 0.9849244924095242, "8.36734693877551": 0.9789772841810723, "8.571428571428571": 0.9811929541803229, "10.0": 0.9912589050229462, "9.591836734693878": 0.9891427534269979, "9.387755102040817": 0.987892614096886, "9.795918367346939": 0.9902599442003039}