{"0.20408163265306123": 8.455458555545192e-14, "0.40816326530612246": 5.2839926878434085e-11, "0.6122448979591837": 2.164163293016941e-12, "0.8163265306122449": 9.6859659182158e-11, "1.2244897959183674": 4.7912052103527006e-11, "1.4285714285714286": 7.703444049322884e-10, "1.0204081632653061": 1.4052481400739226e-12, "3.8775510204081636": 0.5719973400886946, "3.2653061224489797": 0.407690199976309, "2.857142857142857": 0.24525446449899874, "3.673469387755102": 0.5251254354458229, "1.6326530612244898": 4.1739695033626845e-11, "1.836734693877551": 4.611435733270497e-10, "3.0612244897959187": 0.3334003697835413, "2.0408163265306123": 1.785618430893976e-10, "3.4693877551020407": 0.4708971116219255, "2.6530612244897958": 0.13953196299473264, "2.2448979591836737": 6.617455472479606e-11, "0.0": 0.0, "2.4489795918367347": 0.01113802373692968, "4.081632653061225": 0.6127809182524777, "4.285714285714286": 0.6484799405747325, "4.6938775510204085": 0.7076846620299736, "5.3061224489795915": 0.7741109405765121, "4.4897959183673475": 0.6798979266730527, "5.510204081632653": 0.7918300761190507, "6.938775510204081": 0.8770709919069732, "4.8979591836734695": 0.7323704819780215, "6.122448979591837": 0.8353422143855449, "6.73469387755102": 0.8680028160312043, "6.326530612244898": 0.8472468286788493, "7.346938775510204": 0.893027930618839, "5.1020408163265305": 0.7543918897940725, "5.918367346938775": 0.8222466423047237, "7.142857142857143": 0.8853871655286868, "5.714285714285714": 0.8078036007871054, "6.530612244897959": 0.8580949890351062, "7.551020408163265": 0.9000604608849189, "7.755102040816327": 0.9065438689333372, "7.959183673469388": 0.9125303412432609, "8.16326530612245": 0.9180660905573428, "9.183673469387756": 0.9402747930695408, "8.775510204081632": 0.932357537455357, "8.979591836734695": 0.9364586985326764, "8.36734693877551": 0.9231921586136258, "10.0": 0.953126730312008, "8.571428571428571": 0.9279450955845097, "9.591836734693878": 0.9471437622938021, "9.387755102040817": 0.9438293974452394, "9.795918367346939": 0.9502370823324473}