{"0.6122448979591837": 0.0, "1.2244897959183674": 1.4432899320127035e-15, "0.40816326530612246": -1.1324274851176597e-14, "0.20408163265306123": 0.0, "0.8163265306122449": 6.106226635438361e-15, "1.0204081632653061": 1.0521583604372609e-12, "1.4285714285714286": 1.9551027463649007e-13, "0.0": 0.0, "1.6326530612244898": 9.658940314238862e-15, "1.836734693877551": 2.9409807922320397e-13, "2.2448979591836737": 1.2744916233486947e-11, "2.0408163265306123": 1.479150135708096e-12, "2.4489795918367347": 1.4548795501667655e-10, "3.4693877551020407": 0.1899160372341605, "4.081632653061225": 0.2894452000069261, "3.0612244897959187": 0.11061476026926798, "3.2653061224489797": 0.1517947533369085, "2.857142857142857": 0.06590340276548012, "2.6530612244897958": 0.017071115628424005, "4.4897959183673475": 0.3459984450766518, "4.285714285714286": 0.31856501006682125, "3.8775510204081636": 0.25845153710095936, "4.8979591836734695": 0.396424739276106, "4.6938775510204085": 0.3719057165900176, "5.1020408163265305": 0.4196750328170843, "5.714285714285714": 0.4827936826334587, "6.122448979591837": 0.520134408650621, "3.673469387755102": 0.2253628745325873, "6.530612244897959": 0.5542669992422802, "5.510204081632653": 0.4627735029377543, "5.3061224489795915": 0.4417608188011344, "5.918367346938775": 0.5018927841567874, "6.326530612244898": 0.5375754451658303, "6.73469387755102": 0.5702551707629951, "7.755102040816327": 0.6409832505733113, "7.959183673469388": 0.6535103229628956, "7.551020408163265": 0.6279549051494584, "7.142857142857143": 0.6002845734419746, "6.938775510204081": 0.5855817099555625, "8.16326530612245": 0.6655610042634506, "7.346938775510204": 0.6143983978701831, "8.775510204081632": 0.6990779435591749, "8.571428571428571": 0.6883240083155795, "9.591836734693878": 0.7383371160010823, "9.795918367346939": 0.7472939743217142, "10.0": 0.755937120814289, "9.183673469387756": 0.7194249652372451, "9.387755102040817": 0.7290524129782032, "8.36734693877551": 0.6771583946746291, "8.979591836734695": 0.709439031472424}