{"1.2244897959183674": 5.10702591327572e-15, "0.6122448979591837": 3.3306690738754696e-16, "0.20408163265306123": 0.0, "0.40816326530612246": -3.68594044175552e-14, "0.8163265306122449": 2.0539125955565396e-14, "1.0204081632653061": 3.507527601698257e-12, "1.4285714285714286": 6.511458039426543e-13, "1.6326530612244898": 2.919886554764162e-14, "0.0": 0.0, "1.836734693877551": 9.493517083569714e-13, "2.2448979591836737": 4.128242192535936e-11, "2.0408163265306123": 4.715006163280577e-12, "2.4489795918367347": 4.793188068674681e-10, "3.4693877551020407": 0.5044355825540454, "4.081632653061225": 0.6798708190632485, "3.0612244897959187": 0.32345026941355914, "2.857142857142857": 0.20327954615926147, "3.2653061224489797": 0.4223432552406937, "2.6530612244897958": 0.055778993476052086, "4.4897959183673475": 0.7571922066552368, "4.8979591836734695": 0.814174703169584, "4.285714285714286": 0.7215494315302696, "3.8775510204081636": 0.6309104076232495, "4.6938775510204085": 0.787797984208431, "5.1020408163265305": 0.8369812205780676, "5.714285714285714": 0.888942815353221, "6.122448979591837": 0.9134898800284097, "6.530612244897959": 0.932352294914783, "3.673469387755102": 0.5730984890071195, "5.510204081632653": 0.8739551508628669, "5.3061224489795915": 0.8567588087067826, "5.918367346938775": 0.9020336166196877, "6.73469387755102": 0.9401072014302968, "6.326530612244898": 0.923533350661632, "7.755102040816327": 0.9671082688009868, "7.142857142857143": 0.9529547547722745, "7.551020408163265": 0.9629593567706974, "6.938775510204081": 0.9469353890362693, "7.959183673469388": 0.9707795324916164, "8.16326530612245": 0.9740305427249101, "7.346938775510204": 0.9582668406131672, "8.775510204081632": 0.9817318025142261, "8.571428571428571": 0.9794656782905647, "9.795918367346939": 0.9897809753124223, "10.0": 0.9908962873661534, "9.387755102040817": 0.9871165034510022, "9.591836734693878": 0.988526953303331, "9.183673469387756": 0.9855295404604307, "8.36734693877551": 0.9769113488257526, "8.979591836734695": 0.983743271631885}