{"1.2244897959183674": 6.5503158452884236e-15, "0.6122448979591837": 4.440892098500626e-16, "0.20408163265306123": 0.0, "0.40816326530612246": -4.8183679268731794e-14, "0.8163265306122449": 2.653433028854124e-14, "1.0204081632653061": 4.559574939833055e-12, "1.4285714285714286": 8.465450562766819e-13, "0.0": 0.0, "1.6326530612244898": 3.8968828164342995e-14, "1.836734693877551": 1.2435608098826378e-12, "2.2448979591836737": 5.402744918114877e-11, "2.4489795918367347": 6.248067618841446e-10, "3.4693877551020407": 0.6943516197882059, "2.0408163265306123": 6.194045276686211e-12, "4.081632653061225": 0.9693160190701746, "3.2653061224489797": 0.5741380085776021, "2.6530612244897958": 0.0728501091044762, "3.0612244897959187": 0.43406502968282723, "2.857142857142857": 0.2691829489247417, "4.4897959183673475": 1.1031906517318886, "4.8979591836734695": 1.2105994424456898, "4.285714285714286": 1.0401144415970909, "4.6938775510204085": 1.1597037007984485, "3.8775510204081636": 0.8893619447242088, "5.1020408163265305": 1.256656253395152, "5.714285714285714": 1.3717364979866795, "6.122448979591837": 1.4336242886790307, "6.530612244897959": 1.4866192941570633, "3.673469387755102": 0.7984613635397069, "5.3061224489795915": 1.298519627507917, "5.510204081632653": 1.3367286538006211, "5.918367346938775": 1.4039264007764753, "6.73469387755102": 1.510362372193292, "6.326530612244898": 1.4611087958274624, "7.755102040816327": 1.608091519374298, "7.551020408163265": 1.590914261920156, "6.938775510204081": 1.5325170989918317, "7.959183673469388": 1.624289855454512, "8.16326530612245": 1.6395915469883606, "7.142857142857143": 1.5532393282142491, "8.775510204081632": 1.6808097460734008, "7.346938775510204": 1.5726652384833506, "8.571428571428571": 1.6677896866061441, "9.795918367346939": 1.7370749496341364, "10.0": 1.7468334081804424, "9.387755102040817": 1.7161689164292055, "9.591836734693878": 1.7268640693044133, "9.183673469387756": 1.7049545056976758, "8.36734693877551": 1.6540697435003817, "8.979591836734695": 1.693182303104309}