{"0.0": 0.0, "0.6122448979591837": 3.697546888696291e-08, "0.40816326530612246": 2.4022928423702308e-08, "0.20408163265306123": 1.1712966652592064e-08, "0.8163265306122449": 5.062098885059482e-08, "1.0204081632653061": 6.501535250702091e-08, "1.4285714285714286": 9.630603833981312e-08, "1.2244897959183674": 8.022064913391796e-08, "1.6326530612244898": 1.1334899607777139e-07, "2.2448979591836737": 1.7114660388507683e-07, "2.4489795918367347": 1.9300493101152588e-07, "1.836734693877551": 1.314362217853223e-07, "2.0408163265306123": 1.506652840209821e-07, "2.6530612244897958": 2.163828198225604e-07, "2.857142857142857": 2.4144266605799693e-07, "3.0612244897959187": 2.683710951707531e-07, "3.2653061224489797": 2.973838528221918e-07, "3.8775510204081636": 3.9964453801435313e-07, "3.4693877551020407": 3.287306197764675e-07, "3.673469387755102": 3.6270349051892393e-07, "4.285714285714286": 4.841287392540627e-07, "4.081632653061225": 4.399591228193589e-07, "4.8979591836734695": 6.461990816149188e-07, "4.4897959183673475": 5.327326130495972e-07, "4.6938775510204085": 5.864705642495779e-07, "5.1020408163265305": 7.129774648520339e-07, "5.3061224489795915": 7.881267472881271e-07, "5.510204081632653": 8.733251763951083e-07, "5.714285714285714": 9.707261069671008e-07, "6.122448979591837": 1.2143606724327824e-06, "6.326530612244898": 1.369483947154209e-06, "5.918367346938775": 1.0831518414019417e-06, "6.530612244897959": 1.5557129720791714e-06, "6.73469387755102": 1.7834281311065443e-06, "6.938775510204081": 2.0682319091283636e-06, "7.142857142857143": 2.4346451269301294e-06, "7.346938775510204": 2.923620260837578e-06, "7.755102040816327": 4.638769538314714e-06, "7.551020408163265": 3.6089749888450657e-06, "7.959183673469388": 6.359949547573316e-06, "8.16326530612245": 9.82070818549404e-06, "9.387755102040817": 0.16455013360216808, "8.775510204081632": 0.04578696234905422, "9.183673469387756": 0.12734747428657803, "8.979591836734695": 0.08781690841769807, "8.36734693877551": 2.0353492939958397e-05, "9.591836734693878": 0.19958148109297, "9.795918367346939": 0.23257933238642922, "10.0": 0.26366902896180305, "8.571428571428571": 0.0016107545661915939}