{"0.0": 0.0, "0.6122448979591837": 4.019017724992817e-08, "0.40816326530612246": 2.6135450542546258e-08, "0.20408163265306123": 1.2754916079993898e-08, "0.8163265306122449": 5.4972767468760865e-08, "1.0204081632653061": 7.054267558389783e-08, "1.2244897959183674": 8.696594721770465e-08, "1.4285714285714286": 1.043161162976437e-07, "1.6326530612244898": 1.226755250178636e-07, "2.2448979591836737": 1.8479003109064844e-07, "2.4489795918367347": 2.0823270084958408e-07, "1.836734693877551": 1.4213628889964437e-07, "2.0408163265306123": 1.6280204041928323e-07, "2.6530612244897958": 2.3328135866279458e-07, "2.857142857142857": 2.601083482214958e-07, "3.0612244897959187": 2.8891169762434367e-07, "3.2653061224489797": 3.1992030442447475e-07, "3.8775510204081636": 4.290592810387322e-07, "3.4693877551020407": 3.533990450821007e-07, "3.673469387755102": 3.8965776017799665e-07, "4.285714285714286": 5.190911778775868e-07, "4.081632653061225": 4.720335360890474e-07, "4.8979591836734695": 6.915847125166177e-07, "4.4897959183673475": 5.708464774912394e-07, "4.6938775510204085": 6.280415725558354e-07, "5.1020408163265305": 7.625991844126367e-07, "5.3061224489795915": 8.424857952517603e-07, "5.510204081632653": 9.33024101017008e-07, "5.714285714285714": 1.0364974207883883e-06, "6.122448979591837": 1.2952119560048017e-06, "6.326530612244898": 1.4598791189540139e-06, "5.918367346938775": 1.1558983575354234e-06, "6.530612244897959": 1.6575249420722653e-06, "6.73469387755102": 1.8991559378821824e-06, "6.938775510204081": 2.2013156630681563e-06, "7.142857142857143": 2.5900038939251237e-06, "7.346938775510204": 3.1086430804172008e-06, "7.755102040816327": 4.927573909444898e-06, "7.551020408163265": 3.835503049185365e-06, "7.959183673469388": 6.752726416585635e-06, "8.16326530612245": 1.0422372642046963e-05, "9.387755102040817": 0.17383512035592363, "8.775510204081632": 0.0485020027031912, "9.183673469387756": 0.13465283094797456, "8.979591836734695": 0.09293860282761325, "8.36734693877551": 2.1590570248827232e-05, "9.591836734693878": 0.2106592806139772, "9.795918367346939": 0.24527850525305236, "10.0": 0.27783210951225573, "8.571428571428571": 0.0017078571120868068}