{"0.0": 0.0, "0.6122448979591837": 3.761841055955598e-08, "0.40816326530612246": 2.4445432847471092e-08, "0.20408163265306123": 1.192135653807243e-08, "0.8163265306122449": 5.1491344574228025e-08, "1.0204081632653061": 6.612081712239629e-08, "1.2244897959183674": 8.156970875067528e-08, "1.4285714285714286": 9.79080539313792e-08, "1.6326530612244898": 1.1521430186578985e-07, "2.2448979591836737": 1.7387528932619123e-07, "2.4489795918367347": 1.960504849791375e-07, "1.836734693877551": 1.335762352081867e-07, "2.0408163265306123": 1.5309263530064233e-07, "2.6530612244897958": 2.1976252759060715e-07, "2.857142857142857": 2.4517580249069666e-07, "3.0612244897959187": 2.724792156614712e-07, "3.2653061224489797": 3.018911431426486e-07, "3.8775510204081636": 4.05527486619229e-07, "3.4693877551020407": 3.3366430483759423e-07, "3.673469387755102": 3.680943444507384e-07, "4.285714285714286": 4.911212269787676e-07, "4.081632653061225": 4.463740054732965e-07, "4.8979591836734695": 6.552762077952587e-07, "4.4897959183673475": 5.403553859379258e-07, "4.6938775510204085": 5.947847659108295e-07, "5.1020408163265305": 7.229018087641545e-07, "5.3061224489795915": 7.989985568808535e-07, "5.510204081632653": 8.852649613194883e-07, "5.714285714285714": 9.838803697313586e-07, "6.122448979591837": 1.2305309291471864e-06, "6.326530612244898": 1.3875629815141699e-06, "5.918367346938775": 1.097701144628638e-06, "6.530612244897959": 1.57607536607779e-06, "6.73469387755102": 1.8065736924616718e-06, "6.938775510204081": 2.094848659916322e-06, "7.142857142857143": 2.4657168803291293e-06, "7.346938775510204": 2.960624824753502e-06, "7.755102040816327": 4.69653041254075e-06, "7.551020408163265": 3.6542806009131255e-06, "7.959183673469388": 6.43850492137578e-06, "8.16326530612245": 9.941041076804623e-06, "9.387755102040817": 0.16640713095291923, "8.775510204081632": 0.046329970419881614, "9.183673469387756": 0.12880854561885735, "8.979591836734695": 0.08884124729968113, "8.36734693877551": 2.0600908401732158e-05, "9.591836734693878": 0.20179704099717144, "9.795918367346939": 0.2351191669597538, "10.0": 0.26650164507189344, "8.571428571428571": 0.0016301750753706364}