{"1.6326530612244898": 4.864862508835564e-07, "0.40816326530612246": 9.782607866950645e-08, "0.6122448979591837": 1.5168537292136562e-07, "1.836734693877551": 5.704222021911433e-07, "1.2244897959183674": 3.374998922637126e-07, "1.4285714285714286": 4.090907468069863e-07, "1.0204081632653061": 2.7108426947011995e-07, "0.20408163265306123": 4.7368419147397665e-08, "2.2448979591836737": 7.615378310206405e-07, "0.8163265306122449": 2.0930228601884985e-07, "2.0408163265306123": 6.617642443331146e-07, "3.2653061224489797": 1.4399972558495928e-06, "3.0612244897959187": 1.2735828591582007e-06, "3.8775510204081636": 2.085358678920393e-06, "2.857142857142857": 1.1249984689893012e-06, "3.673469387755102": 1.840903997284433e-06, "3.4693877551020407": 1.6276558645261827e-06, "2.4489795918367347": 8.709668894523807e-07, "0.0": 0.0, "4.081632653061225": 2.3684105466025517e-06, "2.6530612244897958": 9.915242791019246e-07, "4.285714285714286": 2.699983772110271e-06, "4.4897959183673475": 3.0937232349213553e-06, "5.714285714285714": 8.997943291314404e-06, "4.8979591836734695": 4.153756283425392e-06, "5.1020408163265305": 4.891123253539232e-06, "5.3061224489795915": 5.849614914519394e-06, "5.510204081632653": 7.1461957893075815e-06, "7.346938775510204": 0.17833902625625436, "6.122448979591837": 1.6858912956465574e-05, "7.142857142857143": 0.12957275214854624, "7.551020408163265": 0.22350221876286472, "6.530612244897959": 7.132193316745553e-05, "5.918367346938775": 1.1858289679168733e-05, "4.6938775510204085": 3.568918121894254e-06, "6.326530612244898": 2.7834642238980318e-05, "6.938775510204081": 0.07684701710296725, "6.73469387755102": 0.019834299123197608, "7.959183673469388": 0.3042499538616573, "8.16326530612245": 0.34036036692214394, "8.979591836734695": 0.4611699564655433, "8.775510204081632": 0.4341742537096614, "7.755102040816327": 0.2653793412220868, "9.183673469387756": 0.4862597735106408, "8.36734693877551": 0.3739275915330808, "9.591836734693878": 0.5311620041699802, "9.387755102040817": 0.5095573959679564, "8.571428571428571": 0.40514279075457166, "10.0": 0.5696249742768994, "9.795918367346939": 0.5511597345505538}