{"0.40816326530612246": 6.531442053869796e-13, "1.4285714285714286": 1.3655632180586963e-11, "0.6122448979591837": -2.708944180085382e-14, "0.8163265306122449": -2.2875035199376725e-12, "0.0": 0.0, "1.6326530612244898": -2.2952750811100486e-12, "0.20408163265306123": 1.1102230246251565e-16, "1.836734693877551": -1.5016121679423122e-10, "1.0204081632653061": -5.5987214864217094e-11, "2.6530612244897958": 0.1556633604606772, "2.0408163265306123": 2.122646503011083e-11, "2.857142857142857": 0.25854073929240107, "2.2448979591836737": 5.7872706626938e-11, "3.0612244897959187": 0.3452255053267316, "1.2244897959183674": 1.4822587601770465e-12, "4.081632653061225": 0.6257277063505169, "3.4693877551020407": 0.4821779738148618, "3.2653061224489797": 0.418954435276809, "2.4489795918367347": 0.032234407315177016, "3.8775510204081636": 0.5842435710159757, "3.673469387755102": 0.5367828603663196, "4.6938775510204085": 0.7228262266314145, "4.285714285714286": 0.6621708222646802, "4.4897959183673475": 0.6943305272537297, "5.1020408163265305": 0.7707827327125776, "4.8979591836734695": 0.7481687503275136, "5.510204081632653": 0.8091914112026288, "5.714285714285714": 0.8255399568411055, "6.530612244897959": 0.8766444580289837, "5.918367346938775": 0.8402861291453514, "6.122448979591837": 0.8536157796744969, "5.3061224489795915": 0.7910237229442268, "7.142857142857143": 0.9039337954982811, "6.938775510204081": 0.8956682738765226, "6.73469387755102": 0.8866025081130228, "7.346938775510204": 0.9114799599117085, "6.326530612244898": 0.8656890295584506, "7.755102040816327": 0.9246912355951528, "7.551020408163265": 0.9183780833290555, "8.979591836734695": 0.9530263250251756, "8.16326530612245": 0.9357801830848929, "8.571428571428571": 0.9451246649101014, "8.36734693877551": 0.9406500744803933, "7.959183673469388": 0.9304753538209509, "10.0": 0.9679523853882714, "9.387755102040817": 0.9597281083514186, "9.183673469387756": 0.9565139306625515, "8.775510204081632": 0.9492394583983448, "9.591836734693878": 0.9626921802725749, "9.795918367346939": 0.9654272377379858}