{"0.40816326530612246": 1.4696022176963197e-12, "1.4285714285714286": 3.072508913959382e-11, "0.8163265306122449": -5.146771897557301e-12, "0.6122448979591837": -6.106226635438361e-14, "1.6326530612244898": -5.164535465951303e-12, "0.0": 0.0, "0.20408163265306123": 1.1102230246251565e-16, "1.836734693877551": -3.378661794783966e-10, "1.0204081632653061": -1.2597145548909339e-10, "2.6530612244897958": 0.3462981281622335, "2.0408163265306123": 4.773570427829554e-11, "2.857142857142857": 0.5705079792214964, "2.2448979591836737": 1.3008494281763205e-10, "3.0612244897959187": 0.7562263220464848, "3.2653061224489797": 0.9116569166111231, "1.2244897959183674": 3.3349989436715077e-12, "4.081632653061225": 1.3329860010358734, "3.4693877551020407": 1.0429139357101977, "2.4489795918367347": 0.0723637366798433, "3.673469387755102": 1.1546355778606743, "3.8775510204081636": 1.2503956185281593, "4.6938775510204085": 1.5217132156496296, "4.285714285714286": 1.4046149564917316, "5.714285714285714": 1.7127890681143454, "4.8979591836734695": 1.5697719641314387, "5.1020408163265305": 1.6121805484104874, "4.4897959183673475": 1.467048504944368, "5.510204081632653": 1.683082027851717, "7.142857142857143": 1.8504510885595262, "6.530612244897959": 1.8035392430917527, "6.122448979591837": 1.7630700775512629, "6.938775510204081": 1.8363729356064367, "5.918367346938775": 1.7393193967857743, "5.3061224489795915": 1.6497305309606498, "6.73469387755102": 1.8207981963706434, "6.326530612244898": 1.7843798880312214, "7.346938775510204": 1.8631960829255425, "8.979591836734695": 1.9311577614057163, "7.551020408163265": 1.8747507488747905, "7.755102040816327": 1.8852403113698402, "8.16326530612245": 1.9034515832812327, "8.36734693877551": 1.911356253861905, "10.0": 1.9543925792120052, "9.387755102040817": 1.941687285536707, "8.571428571428571": 1.9185650002408523, "9.183673469387756": 1.9366557013974497, "7.959183673469388": 1.894774887922901, "9.591836734693878": 1.9462955382781406, "8.775510204081632": 1.925145434639562, "9.795918367346939": 1.9505190681035875}