{"0.0": 0.0, "0.6122448979591837": 8.612432794891692e-08, "0.20408163265306123": 2.5751068124644546e-08, "0.40816326530612246": 5.429860877577971e-08, "1.2244897959183674": 2.0809230585369635e-07, "1.0204081632653061": 1.621620226353821e-07, "0.8163265306122449": 1.218273027411494e-07, "1.4285714285714286": 2.6086900266194133e-07, "1.6326530612244898": 3.2214707600344064e-07, "1.836734693877551": 3.941599041653232e-07, "2.2448979591836737": 5.840690235723258e-07, "2.0408163265306123": 4.79998433067976e-07, "2.4489795918367347": 7.128672959278058e-07, "2.6530612244897958": 8.763997961405584e-07, "2.857142857142857": 1.090902291285378e-06, "3.0612244897959187": 1.384601145194418e-06, "3.2653061224489797": 1.8112960441106428e-06, "3.673469387755102": 3.7239675451513607e-06, "3.4693877551020407": 2.487742285086526e-06, "3.8775510204081636": 6.704959987616164e-06, "4.285714285714286": 0.02203100754932912, "5.1020408163265305": 0.13710559181225787, "4.6938775510204085": 0.08636113020559755, "4.081632653061225": 2.3963867484027927e-05, "4.4897959183673475": 0.056165980093158874, "4.8979591836734695": 0.11318354712989936, "5.3061224489795915": 0.15851879317865766, "5.510204081632653": 0.1777518397525279, "5.714285714285714": 0.19508042560014946, "5.918367346938775": 0.21073870721020777, "6.326530612244898": 0.23781100379115563, "6.122448979591837": 0.2249254332870464, "6.530612244897959": 0.24954196101873155, "6.73469387755102": 0.2602443809054528, "7.142857142857143": 0.27898771161726277, "6.938775510204081": 0.2700279644069804, "7.551020408163265": 0.2947574705252055, "7.346938775510204": 0.28720674670528396, "7.959183673469388": 0.30810027235794263, "7.755102040816327": 0.3017034114331148, "8.16326530612245": 0.313996713702181, "8.775510204081632": 0.3290850914103881, "8.36734693877551": 0.3194355647039298, "8.571428571428571": 0.3244541397972806, "8.979591836734695": 0.33335680874384005, "9.183673469387756": 0.337293706952408, "9.387755102040817": 0.3409168038278451, "9.795918367346939": 0.34728993107081063, "9.591836734693878": 0.3442439400383522, "10.0": 0.35006704805274613}