{"0.0": 0.0, "0.20408163265306123": 1.7534535391022667e-08, "0.40816326530612246": 3.6585349188771935e-08, "0.6122448979591837": 5.735801829155142e-08, "0.8163265306122449": 8.009703977370594e-08, "1.4285714285714286": 1.6336611581514716e-07, "1.0204081632653061": 1.050954864339188e-07, "1.2244897959183674": 1.3270771285479596e-07, "1.6326530612244898": 1.9760459813421692e-07, "1.836734693877551": 2.3608884103251055e-07, "2.0408163265306123": 2.796605418818441e-07, "2.4489795918367347": 3.867177336417528e-07, "2.2448979591836737": 3.294006605467779e-07, "2.6530612244897958": 4.5348747477555413e-07, "3.0612244897959187": 6.265804416160112e-07, "2.857142857142857": 5.322571084310016e-07, "3.4693877551020407": 8.848541322835118e-07, "3.2653061224489797": 7.41570987988206e-07, "3.673469387755102": 1.0683405308386978e-06, "3.8775510204081636": 1.3117060137462856e-06, "4.081632653061225": 1.6499862347832888e-06, "4.285714285714286": 2.1521432012772187e-06, "4.4897959183673475": 2.9753472489699633e-06, "4.6938775510204085": 4.572075941732889e-06, "4.8979591836734695": 8.998528629185982e-06, "5.714285714285714": 0.15643446074901438, "5.3061224489795915": 0.051260386559417906, "6.122448979591837": 0.24696115574181512, "6.326530612244898": 0.2875573987623287, "5.510204081632653": 0.10586531838111499, "5.918367346938775": 0.20335360106210693, "6.530612244897959": 0.3254083917845283, "5.1020408163265305": 8.163142006468596e-05, "6.73469387755102": 0.3607484181545236, "6.938775510204081": 0.39378818798486903, "7.755102040816327": 0.5063993045533238, "7.142857142857143": 0.4247140447236575, "7.551020408163265": 0.48087756793463426, "7.346938775510204": 0.45369403735306957, "7.959183673469388": 0.5303801999756771, "8.16326530612245": 0.5529279222186433, "8.775510204081632": 0.612893379587233, "8.571428571428571": 0.5941025223939977, "8.36734693877551": 0.5741398941123893, "9.387755102040817": 0.6628849196223714, "8.979591836734695": 0.6305815165010936, "9.183673469387756": 0.6472274711029434, "9.795918367346939": 0.691414863313113, "9.591836734693878": 0.6776007429773113, "10.0": 0.7043618750153057}