{"0.0": 0.0, "0.20408163265306123": 3.506907047458541e-08, "0.40816326530612246": 7.31706970390561e-08, "0.6122448979591837": 1.147160332931606e-07, "0.8163265306122449": 1.6019407313187616e-07, "1.4285714285714286": 3.267322049418065e-07, "1.0204081632653061": 2.1019096182277633e-07, "1.2244897959183674": 2.6541540809825473e-07, "1.6326530612244898": 3.9520915722085666e-07, "1.836734693877551": 4.7217762632708034e-07, "2.0408163265306123": 5.593210055536695e-07, "2.4489795918367347": 7.734353177329e-07, "2.2448979591836737": 6.588012125887605e-07, "2.6530612244897958": 9.069747439002185e-07, "3.0612244897959187": 1.2531604906289742e-06, "2.857142857142857": 1.0645139335643736e-06, "3.4693877551020407": 1.7697074816002038e-06, "3.2653061224489797": 1.4831414260488856e-06, "3.673469387755102": 2.1366799203259576e-06, "3.8775510204081636": 2.623410306920069e-06, "4.081632653061225": 3.2999697471125205e-06, "4.285714285714286": 4.30428177083577e-06, "4.4897959183673475": 5.950685645254615e-06, "4.6938775510204085": 9.14413097961216e-06, "4.8979591836734695": 1.7996976285018443e-05, "5.714285714285714": 0.2883973389019899, "5.3061224489795915": 0.09989315735509487, "6.122448979591837": 0.43293299231974663, "6.326530612244898": 0.4924262091094274, "5.510204081632653": 0.20052323151561743, "5.918367346938775": 0.3653548221566866, "6.530612244897959": 0.5449268955511976, "5.1020408163265305": 0.00016325617646291215, "6.73469387755102": 0.5913579165450951, "6.938775510204081": 0.6325069057000031, "7.755102040816327": 0.7563351803134772, "7.142857142857143": 0.6690438215620492, "7.551020408163265": 0.7304994414089933, "7.346938775510204": 0.7015438430406006, "7.959183673469388": 0.7794172567847001, "8.16326530612245": 0.8000611678343278, "8.775510204081632": 0.8499189182687564, "8.571428571428571": 0.835091604998204, "8.36734693877551": 0.8185405819439056, "9.387755102040817": 0.8857093632707556, "8.979591836734695": 0.8631995267609912, "9.183673469387756": 0.8750858174463975, "9.795918367346939": 0.903603117242849, "9.591836734693878": 0.8951830997381603, "10.0": 0.9110513306549295}