{"0.20408163265306123": 3.572986394191452e-08, "0.6122448979591837": 1.2430432744215559e-07, "0.8163265306122449": 1.8011868570612634e-07, "1.6326530612244898": 5.517000032062652e-07, "1.0204081632653061": 2.4653808390892434e-07, "1.2244897959183674": 3.269023347914719e-07, "0.40816326530612246": 7.674286628763637e-08, "2.0408163265306123": 9.392169142026486e-07, "2.2448979591836737": 1.2614045080521852e-06, "2.4489795918367347": 1.7663387224800326e-06, "1.836734693877551": 7.157683690240383e-07, "3.673469387755102": 0.13403377295361146, "3.8775510204081636": 0.17512727023004312, "3.4693877551020407": 0.08618206881412951, "0.0": 0.0, "2.6530612244897958": 2.6710491566576685e-06, "1.4285714285714286": 4.2611812872295193e-07, "3.0612244897959187": 1.4794684520011655e-05, "2.857142857142857": 4.761380819064725e-06, "4.081632653061225": 0.21064581068260266, "3.2653061224489797": 0.03006231036829831, "4.285714285714286": 0.2415244882826372, "4.6938775510204085": 0.2922063086116045, "5.3061224489795915": 0.34804385806307364, "4.8979591836734695": 0.3131033105511473, "5.918367346938775": 0.3875544077199127, "5.1020408163265305": 0.33160459700432376, "6.122448979591837": 0.39811795170560754, "6.326530612244898": 0.4076366216573319, "6.530612244897959": 0.416232146933709, "6.73469387755102": 0.4240091202166338, "5.714285714285714": 0.3758037732236088, "7.142857142857143": 0.43745583790843046, "6.938775510204081": 0.4310577054288924, "4.4897959183673475": 0.2685103642223234, "7.346938775510204": 0.4432710204508964, "5.510204081632653": 0.36269917474077323, "7.551020408163265": 0.4485617955777279, "7.755102040816327": 0.4533789568992032, "8.775510204081632": 0.47170858060679816, "8.979591836734695": 0.47442361547155715, "9.795918367346939": 0.4827155766416206, "9.387755102040817": 0.47906003798386315, "8.571428571428571": 0.4687075673049478, "8.36734693877551": 0.4654002914820243, "9.183673469387756": 0.476869527404307, "9.591836734693878": 0.4810059906916126, "7.959183673469388": 0.4577665491932589, "10.0": 0.4841945376251108, "8.16326530612245": 0.46176269671407055}