{"0.20408163265306123": 1.388057061749091e-08, "1.0204081632653061": 7.908018628983999e-08, "0.40816326530612246": 2.8636068201477693e-08, "0.8163265306122449": 6.11303688847907e-08, "1.2244897959183674": 9.833162494924354e-08, "1.836734693877551": 1.655053369045072e-07, "0.6122448979591837": 4.435315883218913e-08, "1.6326530612244898": 1.4135770845979205e-07, "1.4285714285714286": 1.1903337595274905e-07, "2.2448979591836737": 2.2025396848024364e-07, "2.0408163265306123": 1.917115458236619e-07, "2.6530612244897958": 2.85732559983453e-07, "3.2653061224489797": 4.122401001154955e-07, "2.857142857142857": 3.235414219012398e-07, "2.4489795918367347": 2.514625648038153e-07, "3.673469387755102": 5.241062553840217e-07, "3.0612244897959187": 3.654714289157241e-07, "0.0": 0.0, "3.8775510204081636": 5.917803798494125e-07, "3.4693877551020407": 4.647418804353807e-07, "4.4897959183673475": 8.668696793593495e-07, "4.081632653061225": 6.69649194662852e-07, "4.285714285714286": 7.602144918996214e-07, "4.6938775510204085": 9.943357357780096e-07, "4.8979591836734695": 1.149380615529206e-06, "5.3061224489795915": 1.5880097732368618e-06, "5.1020408163265305": 1.3420632100431428e-06, "5.510204081632653": 1.9128829635094802e-06, "5.714285714285714": 2.3619783646027714e-06, "7.959183673469388": 0.1147687145450478, "6.122448979591837": 4.094557355235727e-06, "7.755102040816327": 0.09830118519214773, "5.918367346938775": 3.023434174042587e-06, "6.326530612244898": 6.126603968009102e-06, "7.346938775510204": 0.061439354319159326, "7.142857142857143": 0.040793910535470136, "6.530612244897959": 1.1463187819532976e-05, "7.551020408163265": 0.08056400213260403, "6.73469387755102": 6.273295664442382e-05, "6.938775510204081": 0.01848081398094955, "8.36734693877551": 0.1442978939500465, "8.775510204081632": 0.16984292778691157, "8.979591836734695": 0.18129400042921381, "8.16326530612245": 0.13007044228180145, "9.387755102040817": 0.20182834312070055, "10.0": 0.22734319113445783, "9.183673469387756": 0.19193978938110978, "8.571428571428571": 0.15753171602697072, "9.591836734693878": 0.21100160845927393, "9.795918367346939": 0.2194960490469268}