{"0.40816326530612246": 1.3858694054939885e-07, "0.8163265306122449": 3.2526931466326343e-07, "0.20408163265306123": 6.452316214542555e-08, "1.0204081632653061": 4.452135441295206e-07, "0.6122448979591837": 2.2447633040532394e-07, "1.2244897959183674": 5.903402710311873e-07, "1.6326530612244898": 9.9629397540877e-07, "2.2448979591836737": 2.2779258033431414e-06, "1.4285714285714286": 7.69510324866613e-07, "3.4693877551020407": 0.31008959603590125, "3.8775510204081636": 0.6348722706835646, "2.0408163265306123": 1.696097220060586e-06, "3.2653061224489797": 0.10769498369047055, "3.673469387755102": 0.4841387361842872, "1.836734693877551": 1.2925791327141968e-06, "2.6530612244897958": 4.823581602662032e-06, "2.857142857142857": 8.598593401310575e-06, "0.0": 0.0, "3.0612244897959187": 2.6722787509434727e-05, "4.8979591836734695": 1.152514477998075, "4.285714285714286": 0.8814006831349163, "4.081632653061225": 0.7662455591494232, "5.3061224489795915": 1.2875793573940113, "4.6938775510204085": 1.0726738085849978, "2.4489795918367347": 3.1897740117023028e-06, "4.4897959183673475": 0.982861100376784, "5.714285714285714": 1.3965916437919854, "5.510204081632653": 1.3449172081143654, "5.1020408163265305": 1.2237662244676444, "5.918367346938775": 1.4432908472736827, "6.938775510204081": 1.6200055806524376, "7.346938775510204": 1.671060721278576, "6.73469387755102": 1.5908795255281298, "6.326530612244898": 1.5240248764220254, "6.530612244897959": 1.5589934602484024, "7.142857142857143": 1.6466515247644407, "7.551020408163265": 1.6934449873624247, "6.122448979591837": 1.485601233707298, "7.755102040816327": 1.7139887076185003, "8.571428571428571": 1.7806608721818098, "8.36734693877551": 1.7660764671179623, "7.959183673469388": 1.7328522369940802, "8.16326530612245": 1.750174724905593, "9.183673469387756": 1.817323806984121, "8.775510204081632": 1.794016113802102, "8.979591836734695": 1.8062165283434746, "9.387755102040817": 1.827388024213347, "9.591836734693878": 1.8364485379734612, "9.795918367346939": 1.8445347914268155, "10.0": 1.851667041817381}