{"0.0": 0.0, "0.6122448979591837": -2.220446049250313e-15, "0.40816326530612246": 9.303668946358812e-14, "0.8163265306122449": -2.3447910280083306e-13, "0.20408163265306123": 0.0, "1.6326530612244898": -1.8074430840897548e-13, "1.0204081632653061": -5.7693849697670885e-12, "1.836734693877551": -1.1442846670206563e-11, "1.2244897959183674": 1.4599432773820809e-13, "2.2448979591836737": 1.7165047161427083e-11, "4.081632653061225": 0.3773308989350035, "2.0408163265306123": 3.310685059432217e-12, "3.4693877551020407": 0.25893566389744305, "4.285714285714286": 0.41087804757187774, "3.2653061224489797": 0.21212759342034015, "3.0612244897959187": 0.16069755406866992, "2.4489795918367347": 3.9680558838739444e-10, "4.4897959183673475": 0.44200936607554486, "4.6938775510204085": 0.47097703138091795, "4.8979591836734695": 0.4979969940328852, "5.1020408163265305": 0.5232554887830927, "5.3061224489795915": 0.5469141676490233, "1.4285714285714286": 1.9515500326861e-12, "2.6530612244897958": 0.040671307028739, "3.8775510204081636": 0.3410711682578641, "5.918367346938775": 0.6096194887619674, "5.510204081632653": 0.5691141873939366, "6.326530612244898": 0.6456010535751193, "5.714285714285714": 0.5899794948882443, "7.142857142857143": 0.7064968435078759, "2.857142857142857": 0.10387055219217145, "6.122448979591837": 0.6281311945423778, "6.530612244897959": 0.6621064048757781, "3.673469387755102": 0.30174669520342046, "7.959183673469388": 0.7557120381163274, "7.346938775510204": 0.7197747936515771, "6.73469387755102": 0.6777167201994855, "6.938775510204081": 0.6924946394569118, "7.551020408163265": 0.7323753611913915, "7.755102040816327": 0.7443413658392819, "8.571428571428571": 0.7865985338411128, "8.979591836734695": 0.8048032560923533, "8.16326530612245": 0.7665234180712556, "9.183673469387756": 0.8132689049649624, "10.0": 0.8434016148105791, "9.387755102040817": 0.8213410012954306, "8.775510204081632": 0.7959212830436969, "9.795918367346939": 0.8363881324811854, "8.36734693877551": 0.7768087003244901, "9.591836734693878": 0.8290407912844091}