{"0.0": 0.0, "0.6122448979591837": -5.551115123125783e-15, "0.40816326530612246": 2.325917236589703e-13, "0.8163265306122449": -5.859757123971576e-13, "0.20408163265306123": 1.1102230246251565e-16, "1.6326530612244898": -4.545253062815391e-13, "1.0204081632653061": -1.4423795491325109e-11, "1.836734693877551": -2.862710068995966e-11, "1.2244897959183674": 3.647082635893639e-13, "2.2448979591836737": 4.2140291256487217e-11, "4.081632653061225": 0.6940550494712228, "2.0408163265306123": 8.13848988201471e-12, "3.4693877551020407": 0.5272410239529489, "4.285714285714286": 0.7336130046940352, "3.2653061224489797": 0.4490150624739734, "3.0612244897959187": 0.35464865142074997, "2.4489795918367347": 9.883870388804894e-10, "4.4897959183673475": 0.767422723541159, "4.8979591836734695": 0.8214475477126582, "5.1020408163265305": 0.8430669922230278, "4.6938775510204085": 0.7964428627684749, "5.3061224489795915": 0.8618180610579631, "1.4285714285714286": 4.878653037110325e-12, "2.6530612244897958": 0.09859785869568427, "3.8775510204081636": 0.6475510039568264, "5.918367346938775": 0.9047816458153057, "5.510204081632653": 0.8781275291458935, "6.326530612244898": 0.9252292161716411, "5.714285714285714": 0.8923499699400144, "7.142857142857143": 0.9533301360036646, "2.857142857142857": 0.23980173792184178, "6.122448979591837": 0.9156713922243747, "6.530612244897959": 0.9336331420043245, "7.959183673469388": 0.9705032231514, "3.673469387755102": 0.592589235002716, "7.346938775510204": 0.9584305092912646, "6.73469387755102": 0.9410347009697405, "6.938775510204081": 0.9475633628403779, "7.551020408163265": 0.9629468692152151, "7.755102040816327": 0.9669504964918131, "8.571428571428571": 0.9789600743080268, "8.979591836734695": 0.9831626803872857, "8.16326530612245": 0.9736588142820202, "9.183673469387756": 0.9849282767261368, "10.0": 0.9902879197192079, "9.387755102040817": 0.9865034864009634, "9.795918367346939": 0.989165588984416, "8.775510204081632": 0.9811824648393718, "8.36734693877551": 0.9764641251621948, "9.591836734693878": 0.9879096504727812}