{"0.20408163265306123": 5.260361064647292e-08, "0.6122448979591837": 1.7207413143105844e-07, "0.40816326530612246": 1.0975608627137136e-07, "0.8163265306122449": 2.402912050543065e-07, "1.4285714285714286": 4.900987488048863e-07, "1.2244897959183674": 3.9812315784660306e-07, "1.6326530612244898": 5.9281397503141e-07, "1.836734693877551": 7.082665022167789e-07, "2.0408163265306123": 8.389821889633536e-07, "2.6530612244897958": 1.3604624688786903e-06, "2.857142857142857": 1.5967703066462766e-06, "1.0204081632653061": 3.152865229946675e-07, "2.4489795918367347": 1.1601544314602242e-06, "3.0612244897959187": 1.8797410452794028e-06, "3.673469387755102": 3.2050131857687443e-06, "3.4693877551020407": 2.6545602742715156e-06, "3.2653061224489797": 2.2247102843241863e-06, "3.8775510204081636": 3.93510652921356e-06, "2.2448979591836737": 9.882020136206885e-07, "0.0": 0.0, "4.081632653061225": 4.949923585486826e-06, "4.6938775510204085": 1.371533259941642e-05, "6.73469387755102": 0.43553793380916206, "7.142857142857143": 0.5049409634003961, "4.285714285714286": 6.456355902022221e-06, "6.938775510204081": 0.47169585067676556, "6.122448979591837": 0.3060976973016301, "6.326530612244898": 0.35313969720787003, "5.714285714285714": 0.19783102309211845, "7.959183673469388": 0.6139382590043018, "7.346938775510204": 0.53555577178973, "5.510204081632653": 0.13535684942549875, "7.755102040816327": 0.589851532723347, "7.551020408163265": 0.5637872192311622, "4.4897959183673475": 8.925796683760005e-06, "6.530612244897959": 0.39614332597612584, "4.8979591836734695": 2.6989213261411567e-05, "5.918367346938775": 0.25452049385371334, "5.3061224489795915": 0.06631746965549659, "8.16326530612245": 0.636213645554363, "8.36734693877551": 0.6568234857116265, "8.571428571428571": 0.6758955240163359, "8.979591836734695": 0.7098588920433563, "8.775510204081632": 0.6935414997228042, "9.183673469387756": 0.724932419254139, "10.0": 0.7741037224493678, "9.387755102040817": 0.7388353346371278, "5.1020408163265305": 0.0002414293674399011, "9.795918367346939": 0.7633716503404393, "9.591836734693878": 0.7516305548523027}