{"0.0": 0.0, "0.20408163265306123": 2.5054685095661744e-08, "0.8163265306122449": 1.2055404322218146e-07, "0.6122448979591837": 8.467709536733926e-08, "0.40816326530612246": 5.308862519975688e-08, "1.0204081632653061": 1.6167083598755656e-07, "1.2244897959183674": 2.092832581641292e-07, "1.4285714285714286": 2.650835286435887e-07, "1.6326530612244898": 3.3140993682494673e-07, "2.0408163265306123": 5.10489302146942e-07, "1.836734693877551": 4.115837370037438e-07, "2.2448979591836737": 6.356198361529669e-07, "2.6530612244897958": 1.0217658615659635e-06, "2.4489795918367347": 7.990744036104887e-07, "2.857142857142857": 1.3431912537931412e-06, "3.0612244897959187": 1.8480144617376202e-06, "3.2653061224489797": 2.7564952083227244e-06, "3.4693877551020407": 4.8769367343558905e-06, "3.673469387755102": 1.55078094302979e-05, "3.8775510204081636": 0.04420957380492768, "4.6938775510204085": 0.31466789191799205, "4.285714285714286": 0.19516990167861614, "4.8979591836734695": 0.3653202978405748, "4.081632653061225": 0.12427840592978837, "5.714285714285714": 0.5239260197508399, "4.4897959183673475": 0.2582590598926522, "5.3061224489795915": 0.45229227932805316, "5.1020408163265305": 0.41098239353769417, "5.918367346938775": 0.5550928224170616, "5.510204081632653": 0.48978864205463735, "6.326530612244898": 0.6097957385495417, "6.73469387755102": 0.6560441117202503, "6.122448979591837": 0.5836206979713396, "6.530612244897959": 0.6338654900662593, "7.142857142857143": 0.6954536524351347, "6.938775510204081": 0.6765191021324738, "7.346938775510204": 0.7129913616603023, "7.551020408163265": 0.7292578335832427, "7.755102040816327": 0.7443637733211108, "7.959183673469388": 0.7584065906329872, "8.16326530612245": 0.7714715212627805, "8.36734693877551": 0.7836337399511514, "8.775510204081632": 0.805503380353435, "8.979591836734695": 0.8153173537188839, "8.571428571428571": 0.7949586507129235, "9.183673469387756": 0.8244426562479243, "9.591836734693878": 0.8407644482079414, "9.387755102040817": 0.8329150860386684, "9.795918367346939": 0.8480147085123267, "10.0": 0.854684943734937}