{"0.0": 0.0, "0.20408163265306123": 1.8041944868032984e-08, "0.8163265306122449": 8.589666953372632e-08, "0.6122448979591837": 6.055175219834914e-08, "0.40816326530612246": 3.809738570155573e-08, "1.0204081632653061": 1.1476927125722136e-07, "1.2244897959183674": 1.4801041726315304e-07, "1.4285714285714286": 1.8675303669536908e-07, "1.6326530612244898": 2.325624187444448e-07, "2.0408163265306123": 3.553198383463966e-07, "1.836734693877551": 2.876616479112077e-07, "2.2448979591836737": 4.405519116725432e-07, "2.6530612244897958": 7.020241387677039e-07, "2.4489795918367347": 5.514549594974812e-07, "2.857142857142857": 9.186908249263373e-07, "3.0612244897959187": 1.2581112743308914e-06, "3.2653061224489797": 1.8676801763855965e-06, "3.4693877551020407": 3.2883012092879933e-06, "3.673469387755102": 1.0404005154892208e-05, "3.8775510204081636": 0.02989750743598926, "4.6938775510204085": 0.22853122234271475, "4.285714285714286": 0.13712694727369618, "4.8979591836734695": 0.2693150191666286, "4.081632653061225": 0.08572663768419603, "5.714285714285714": 0.4065204598221933, "4.4897959183673475": 0.18458879783651616, "5.3061224489795915": 0.34261226783555226, "5.1020408163265305": 0.3072521613868924, "5.918367346938775": 0.4354596125899902, "5.510204081632653": 0.37563266261065165, "6.326530612244898": 0.48812306541197714, "6.73469387755102": 0.5347227652840562, "6.122448979591837": 0.46261221562912413, "6.530612244897959": 0.512121571988666, "7.142857142857143": 0.5761382893106526, "6.938775510204081": 0.5560307412481827, "7.346938775510204": 0.5951295082786892, "7.551020408163265": 0.6130795437005341, "7.755102040816327": 0.6300563025995621, "7.959183673469388": 0.6461208422287357, "8.16326530612245": 0.6613274187121319, "8.36734693877551": 0.6757249083209089, "8.775510204081632": 0.7022595589992375, "8.979591836734695": 0.71446801092967, "8.571428571428571": 0.689356267470179, "9.183673469387756": 0.7260098891892377, "9.591836734693878": 0.7471862778859242, "9.387755102040817": 0.7369093262690711, "9.795918367346939": 0.7568563326914862, "10.0": 0.7659316195322872}