{"0.0": 0.0, "0.20408163265306123": 2.972984524741426e-08, "0.8163265306122449": 1.4365895901448483e-07, "0.6122448979591837": 1.0076065747999933e-07, "0.40816326530612246": 6.30827848652243e-08, "1.0204081632653061": 1.9293854580778006e-07, "1.2244897959183674": 2.5013181876478007e-07, "1.4285714285714286": 3.173038566090685e-07, "1.6326530612244898": 3.97308282211948e-07, "2.0408163265306123": 6.139356113473052e-07, "1.836734693877551": 4.941984630654346e-07, "2.2448979591836737": 7.656651191399161e-07, "2.6530612244897958": 1.2349270100981372e-06, "2.4489795918367347": 9.6415403301916e-07, "2.857142857142857": 1.6261915397043442e-06, "3.0612244897959187": 2.2412832533421075e-06, "3.2653061224489797": 3.3490385629474766e-06, "3.4693877551020407": 5.936027084401154e-06, "3.673469387755102": 1.89103456139017e-05, "3.8775510204081636": 0.053750951384219946, "4.6938775510204085": 0.37209233830151034, "4.285714285714286": 0.23386520461522933, "4.8979591836734695": 0.42932381695653876, "4.081632653061225": 0.14997958476018328, "5.714285714285714": 0.6021963930366042, "4.4897959183673475": 0.3073725679300765, "5.3061224489795915": 0.5254122869897205, "5.1020408163265305": 0.48013588163822896, "5.918367346938775": 0.6348482956351095, "5.510204081632653": 0.5658926283506277, "6.326530612244898": 0.6909108539745848, "6.73469387755102": 0.73692500934438, "6.122448979591837": 0.6642930195328166, "6.530612244897959": 0.7150281021179876, "7.142857142857143": 0.7749972278514562, "6.938775510204081": 0.7568446760553346, "7.346938775510204": 0.7915659305813775, "7.551020408163265": 0.8067100268383818, "7.755102040816327": 0.8205687538021431, "7.959183673469388": 0.833263756235822, "8.16326530612245": 0.8449009229632132, "8.36734693877551": 0.8555729610379798, "8.775510204081632": 0.8743325945895667, "8.979591836734695": 0.8825502489116931, "8.571428571428571": 0.8653602395414203, "9.183673469387756": 0.8900645009537155, "9.591836734693878": 0.903149895089286, "9.387755102040817": 0.8969189258850663, "9.795918367346939": 0.9087869590595538, "10.0": 0.9138538265367031}