{"0.0": 0.0, "0.20408163265306123": 3.1122931718134234e-08, "0.40816326530612246": 6.684777366818066e-08, "0.6122448979591837": 1.0827672107969137e-07, "1.4285714285714286": 3.7117475363523457e-07, "1.0204081632653061": 2.1474992812202184e-07, "0.8163265306122449": 1.5689448171493498e-07, "1.2244897959183674": 2.847522438036433e-07, "1.6326530612244898": 4.80564698774849e-07, "1.836734693877551": 6.234788633904442e-07, "2.0408163265306123": 8.181150144153285e-07, "2.2448979591836737": 1.0987622481002834e-06, "2.6530612244897958": 2.326658846163235e-06, "2.4489795918367347": 1.5385869149325171e-06, "2.857142857142857": 4.14754319331206e-06, "3.4693877551020407": 0.150007996629758, "3.0612244897959187": 1.2889504861166795e-05, "3.2653061224489797": 0.05199702121693688, "3.8775510204081636": 0.30819440139498916, "3.673469387755102": 0.2346285784653633, "4.285714285714286": 0.4291656638167891, "4.081632653061225": 0.37255074249418835, "4.6938775510204085": 0.5236855031998714, "4.4897959183673475": 0.47922327443460816, "5.3061224489795915": 0.6307502525724002, "5.1020408163265305": 0.5988494316790074, "4.8979591836734695": 0.5633427471907888, "5.510204081632653": 0.6595037617737325, "5.714285714285714": 0.6854965304051688, "6.122448979591837": 0.7304687409017229, "5.918367346938775": 0.7090579157165235, "6.326530612244898": 0.7499705311666395, "6.530612244897959": 0.7677716931339407, "6.73469387755102": 0.7840521693425458, "7.142857142857143": 0.8126578985235737, "6.938775510204081": 0.7989688352566627, "7.755102040816327": 0.8474782231103551, "7.551020408163265": 0.8368150403921878, "7.346938775510204": 0.8252386424315594, "7.959183673469388": 0.8573079008177155, "8.16326530612245": 0.8663734070643289, "8.36734693877551": 0.8747353153870284, "8.775510204081632": 0.8895500017856679, "8.571428571428571": 0.8824458465456932, "9.183673469387756": 0.9020860426651721, "8.979591836734695": 0.8960860805805455, "9.387755102040817": 0.9075762825970346, "9.795918367346939": 0.9171069584285224, "9.591836734693878": 0.9125779136214281, "10.0": 0.9211750252170869}