{"0.0": 0.0, "0.40816326530612246": 5.706517298396264e-08, "0.20408163265306123": 2.656835641853385e-08, "0.6122448979591837": 9.243134815620561e-08, "1.4285714285714286": 3.1685650750025806e-07, "1.0204081632653061": 1.833231128854227e-07, "0.8163265306122449": 1.3393431553418503e-07, "1.2244897959183674": 2.430811899113123e-07, "1.6326530612244898": 4.1023817508257565e-07, "1.836734693877551": 5.322380837246721e-07, "2.0408163265306123": 6.983909169486187e-07, "2.2448979591836737": 9.379678647320054e-07, "2.6530612244897958": 1.9861725981062197e-06, "2.4489795918367347": 1.313428034534062e-06, "2.857142857142857": 3.5405869631860252e-06, "3.4693877551020407": 0.12986446820817923, "3.0612244897959187": 1.1003248512675261e-05, "3.2653061224489797": 0.04459740067892825, "3.8775510204081636": 0.2712292033317988, "3.673469387755102": 0.20486645485584706, "4.285714285714286": 0.38302695282745136, "4.081632653061225": 0.3302625941710843, "4.6938775510204085": 0.473076990225005, "4.4897959183673475": 0.4303923908999083, "5.3061224489795915": 0.5785784467898777, "5.1020408163265305": 0.5467055767513356, "4.8979591836734695": 0.5116801312112502, "5.510204081632653": 0.6076618430530787, "5.714285714285714": 0.6342657844558621, "6.122448979591837": 0.6810694793859416, "5.918367346938775": 0.6586579949908583, "6.326530612244898": 0.7017014074183439, "6.530612244897959": 0.7207294295277654, "6.73469387755102": 0.7383068186111469, "7.142857142857143": 0.7696338759464719, "6.938775510204081": 0.7545687865044681, "7.755102040816327": 0.8086362670251432, "7.551020408163265": 0.7965806001537166, "7.346938775510204": 0.7836070420982704, "7.959183673469388": 0.8198461773900181, "8.16326530612245": 0.8302735673735631, "8.36734693877551": 0.8399742034207539, "8.775510204081632": 0.8573825373683744, "8.571428571428571": 0.8489965009602649, "9.183673469387756": 0.8723844236524031, "8.979591836734695": 0.865168406385898, "9.387755102040817": 0.8790558564463498, "9.795918367346939": 0.8908417726930703, "9.591836734693878": 0.8852031025822333, "10.0": 0.895983379105599}