{"0.0": 0.0, "0.20408163265306123": 3.795479466753482e-08, "0.40816326530612246": 8.152167469450765e-08, "0.6122448979591837": 1.3204478046492e-07, "1.4285714285714286": 4.5265212283769953e-07, "1.0204081632653061": 2.618901509769206e-07, "0.8163265306122449": 1.9133473098605984e-07, "1.2244897959183674": 3.472588246421398e-07, "1.6326530612244898": 5.860544843132589e-07, "1.836734693877551": 7.603400328891013e-07, "2.0408163265306123": 9.97701160615393e-07, "2.2448979591836737": 1.3399538231527e-06, "2.6530612244897958": 2.8373882182487596e-06, "2.4489795918367347": 1.8763252355302012e-06, "2.857142857142857": 5.0579775385011125e-06, "3.4693877551020407": 0.18022328926212633, "3.0612244897959187": 1.5718889383904103e-05, "3.2653061224489797": 0.06309645202394987, "3.8775510204081636": 0.3636421984897745, "3.673469387755102": 0.2792717638796376, "4.285714285714286": 0.4983737303007959, "4.081632653061225": 0.4359829649788444, "4.6938775510204085": 0.5995982726621706, "4.4897959183673475": 0.5524695997366583, "5.3061224489795915": 0.7090079612461838, "5.1020408163265305": 0.6770652140705155, "4.8979591836734695": 0.6408366711600972, "5.510204081632653": 0.7372666398547132, "5.714285714285714": 0.7623426493291291, "6.122448979591837": 0.8045676331753949, "5.918367346938775": 0.7846577968050215, "6.326530612244898": 0.8223742167890835, "6.530612244897959": 0.8383350885432038, "6.73469387755102": 0.8526701954396442, "7.142857142857143": 0.8771939323892265, "6.938775510204081": 0.8655689083849547, "7.755102040816327": 0.9057411572381735, "7.551020408163265": 0.8971667007498941, "7.346938775510204": 0.8876860429314932, "7.959183673469388": 0.9135004859592616, "8.16326530612245": 0.9205231666004781, "8.36734693877551": 0.9268769833364398, "8.775510204081632": 0.9378011984116085, "8.571428571428571": 0.9326198649238361, "9.183673469387756": 0.9466384711843258, "8.979591836734695": 0.942462591872517, "9.387755102040817": 0.9503569218230623, "9.795918367346939": 0.9565047370317007, "9.591836734693878": 0.9536401301802206, "10.0": 0.9589624943843192}