{"0.40816326530612246": 2.06542922962105e-07, "0.6122448979591837": 3.43529914380084e-07, "3.8775510204081636": 0.6189317217172611, "0.20408163265306123": 9.40417873344037e-08, "0.8163265306122449": 5.139729464014169e-07, "1.2244897959183674": 1.0200949438541836e-06, "3.673469387755102": 0.5673504183059109, "1.6326530612244898": 2.009493393980863e-06, "3.2653061224489797": 0.43516529746469035, "1.4285714285714286": 1.4194597633718061e-06, "2.857142857142857": 0.24704545166331593, "2.6530612244897958": 0.12212560050399662, "0.0": 0.0, "1.0204081632653061": 7.318332015004836e-07, "2.0408163265306123": 4.806742876581999e-06, "1.836734693877551": 2.9695577404373556e-06, "3.0612244897959187": 0.34978038376458787, "2.4489795918367347": 6.664417340013244e-05, "4.285714285714286": 0.7012538798050115, "3.4693877551020407": 0.5067864979050796, "4.081632653061225": 0.6631431047915038, "4.6938775510204085": 0.7630167410166804, "5.1020408163265305": 0.8101839389682286, "2.2448979591836737": 9.73377896775151e-06, "5.510204081632653": 0.8467350821155685, "4.8979591836734695": 0.7881401922582574, "5.918367346938775": 0.8754059070498117, "5.3061224489795915": 0.82959254993795, "5.714285714285714": 0.8619198494324021, "6.938775510204081": 0.9239653477231176, "4.4897959183673475": 0.7342743320485322, "6.122448979591837": 0.8874120583106904, "6.326530612244898": 0.8981239737104105, "6.73469387755102": 0.9162749821295045, "7.142857142857143": 0.9308706311840547, "6.530612244897959": 0.9076998568918342, "7.551020408163265": 0.9426570108901913, "7.346938775510204": 0.9370765889068609, "7.755102040816327": 0.9476753169999816, "7.959183673469388": 0.9521858631120912, "8.16326530612245": 0.9562350116944422, "8.36734693877551": 0.9598620108704303, "8.775510204081632": 0.9659751969586994, "8.571428571428571": 0.9630997179247023, "8.979591836734695": 0.9685102155186908, "9.183673469387756": 0.9707216611582002, "9.591836734693878": 0.9742190631891734, "10.0": 0.9765173007295791, "9.795918367346939": 0.9755173627052776, "9.387755102040817": 0.9726218957959823}