{"0.40816326530612246": 1.1865231744631564e-07, "0.6122448979591837": 1.9734697209068658e-07, "3.8775510204081636": 0.3555565209865116, "0.20408163265306123": 5.4024005489976584e-08, "0.8163265306122449": 2.952610543157076e-07, "1.2244897959183674": 5.86011989022616e-07, "3.673469387755102": 0.32592470838850207, "1.6326530612244898": 1.1543898220741125e-06, "3.2653061224489797": 0.24998857513929018, "1.4285714285714286": 8.154343321497611e-07, "2.857142857142857": 0.1419197275512666, "2.6530612244897958": 0.07015725986399805, "0.0": 0.0, "1.0204081632653061": 4.204148178832564e-07, "2.0408163265306123": 2.7613203759088084e-06, "1.836734693877551": 1.7059161487618851e-06, "3.0612244897959187": 0.20093766726901857, "2.4489795918367347": 3.828495067667182e-05, "4.285714285714286": 0.4028479735050067, "3.4693877551020407": 0.29113266900930107, "4.081632653061225": 0.38095454956107666, "4.6938775510204085": 0.43832876611596533, "5.1020408163265305": 0.46542481600302493, "2.2448979591836737": 5.591745364452995e-06, "5.510204081632653": 0.4864222812153265, "4.8979591836734695": 0.45276138704197766, "5.918367346938775": 0.5028927551137214, "5.3061224489795915": 0.47657444358137546, "5.714285714285714": 0.4951454454186138, "6.938775510204081": 0.5307886040111527, "4.4897959183673475": 0.42181716947468867, "6.122448979591837": 0.5097899058380561, "6.326530612244898": 0.5159435593655549, "6.73469387755102": 0.5263707344148216, "6.530612244897959": 0.5214445986399898, "7.142857142857143": 0.5347554689780741, "7.551020408163265": 0.5415263679581951, "7.346938775510204": 0.5383205936273456, "7.755102040816327": 0.5444092246595641, "7.959183673469388": 0.5470003894473716, "8.16326530612245": 0.549326496079786, "8.36734693877551": 0.5514100913510983, "8.775510204081632": 0.5549219216571252, "8.571428571428571": 0.5532700507227013, "8.979591836734695": 0.5563782089149926, "9.183673469387756": 0.5576486138568384, "9.591836734693878": 0.5596577597044186, "10.0": 0.5609780238233752, "9.795918367346939": 0.5604035913413297, "9.387755102040817": 0.5587402380104581}