{"0.40816326530612246": 8.789060551578934e-08, "0.6122448979591837": 1.461829422893975e-07, "3.8775510204081636": 0.2633752007307493, "0.20408163265306123": 4.00177818444271e-08, "0.8163265306122449": 2.187118920857094e-07, "1.2244897959183674": 4.340829548315672e-07, "3.673469387755102": 0.24142570991740886, "1.6326530612244898": 8.551035719067502e-07, "3.2653061224489797": 0.18517672232540025, "1.4285714285714286": 6.040254312220451e-07, "2.857142857142857": 0.10512572411204929, "2.6530612244897958": 0.05196834063999857, "0.0": 0.0, "1.0204081632653061": 3.114183836172269e-07, "2.0408163265306123": 2.0454225006731915e-06, "1.836734693877551": 1.2636415916754705e-06, "3.0612244897959187": 0.14884271649556932, "2.4489795918367347": 2.8359222723460613e-05, "4.285714285714286": 0.29840590630000485, "3.4693877551020407": 0.21565382889577855, "4.081632653061225": 0.28218855523042713, "4.6938775510204085": 0.3246879749007152, "5.1020408163265305": 0.3447591229652037, "2.2448979591836737": 4.142033603298513e-06, "5.510204081632653": 0.36031280090024187, "4.8979591836734695": 0.33537880521627966, "5.918367346938775": 0.37251315193608997, "5.3061224489795915": 0.3530181063565744, "5.714285714285714": 0.36677440401378797, "6.938775510204081": 0.393176743711965, "4.4897959183673475": 0.31245716257384337, "6.122448979591837": 0.37762215247263425, "6.326530612244898": 0.3821804143448555, "6.73469387755102": 0.38990424771468274, "6.530612244897959": 0.38625525825184437, "7.142857142857143": 0.3961151622059808, "7.551020408163265": 0.40113064293199624, "7.346938775510204": 0.3987559952795154, "7.755102040816327": 0.40326609234041777, "7.959183673469388": 0.4051854736647197, "8.16326530612245": 0.40690851561465624, "8.36734693877551": 0.4084519195193321, "8.775510204081632": 0.4110532753015741, "8.571428571428571": 0.40982966720200087, "8.979591836734695": 0.41213200660369825, "9.183673469387756": 0.41307304730136196, "9.591836734693878": 0.4145613034847547, "10.0": 0.4155392769062038, "9.795918367346939": 0.4151137713639479, "9.387755102040817": 0.41388165778552444}