{"0.8163265306122449": 1.3800072196090699e-14, "1.836734693877551": -6.245167272211915e-10, "0.40816326530612246": 3.234412737640469e-13, "3.4693877551020407": 4.175555201602066e-09, "0.20408163265306123": 2.686739719592879e-15, "0.6122448979591837": 4.807265696626928e-15, "1.4285714285714286": -3.37882610779161e-11, "3.673469387755102": 1.1250513298755038e-08, "2.0408163265306123": 6.997069590397586e-13, "1.0204081632653061": -3.8887781883545356e-13, "2.6530612244897958": 7.49589279536167e-11, "1.6326530612244898": -1.6229395605193986e-10, "1.2244897959183674": -5.03517227912198e-12, "2.4489795918367347": 1.9538981543831824e-11, "3.2653061224489797": 1.4490644462128443e-09, "3.0612244897959187": 4.65838412289088e-10, "2.2448979591836737": 4.1416869933641465e-12, "2.857142857142857": 2.2952184597357927e-10, "3.8775510204081636": 2.8579496547109784e-08, "0.0": 0.0, "4.6938775510204085": 7.368064616097846e-07, "4.4897959183673475": 3.4772332103694125e-07, "4.081632653061225": 6.880017117127935e-08, "4.285714285714286": 1.5798496240115868e-07, "5.1020408163265305": 2.997854675113043e-06, "4.8979591836734695": 1.5090031427522631e-06, "5.918367346938775": 3.675988854434653e-05, "6.122448979591837": 6.583248686473641e-05, "5.510204081632653": 1.0943055310774773e-05, "6.530612244897959": 0.00020537613166046186, "5.3061224489795915": 5.7964700762802576e-06, "6.73469387755102": 0.0003612155382603288, "6.326530612244898": 0.00011664856868423001, "5.714285714285714": 2.02342174215997e-05, "6.938775510204081": 0.0006391539676608105, "7.551020408163265": 0.004180831601230639, "7.346938775510204": 0.0021327908478777635, "7.142857142857143": 0.001149354013889714, "7.959183673469388": 0.019873776455066248, "7.755102040816327": 0.008894266074346235, "8.979591836734695": 0.13771356856719047, "8.16326530612245": 0.03918412676603472, "8.571428571428571": 0.08814537347621619, "9.591836734693878": 0.20744170123837397, "8.775510204081632": 0.11317281110818746, "9.183673469387756": 0.16162378313232068, "8.36734693877551": 0.06305934711552239, "9.387755102040817": 0.18486499855636052, "9.795918367346939": 0.22937688224491715, "10.0": 0.2507013378104012}