{"1.4285714285714286": 5.217387872115916e-07, "0.40816326530612246": 1.0859727263414068e-07, "0.20408163265306123": 5.1502143201971925e-08, "0.8163265306122449": 2.436547557347653e-07, "2.0408163265306123": 9.599986360258697e-07, "0.6122448979591837": 1.7224877160282711e-07, "1.2244897959183674": 4.1618476184478336e-07, "1.0204081632653061": 3.243242020808817e-07, "1.836734693877551": 7.883203014819337e-07, "2.2448979591836737": 1.168139431315534e-06, "1.6326530612244898": 6.442947531687073e-07, "2.857142857142857": 2.1818082198379416e-06, "2.6530612244897958": 1.752803222045198e-06, "3.2653061224489797": 3.622604439734986e-06, "3.0612244897959187": 2.7692124433219877e-06, "0.0": 0.0, "3.673469387755102": 7.4480096596394905e-06, "2.4489795918367347": 1.4257390921002918e-06, "3.8775510204081636": 1.3410349846852163e-05, "3.4693877551020407": 4.975522604590201e-06, "5.918367346938775": 0.5268186003765989, "4.8979591836734695": 0.28295439932194627, "4.6938775510204085": 0.2158988528695482, "6.326530612244898": 0.5944734528510325, "5.714285714285714": 0.4876813170186943, "4.4897959183673475": 0.140410441852186, "6.122448979591837": 0.5622743484708468, "5.1020408163265305": 0.34275709758499345, "5.510204081632653": 0.4443656050821475, "6.73469387755102": 0.6505112476328337, "6.530612244897959": 0.6237808533660008, "5.3061224489795915": 0.39628751478831964, "7.142857142857143": 0.6972943743966559, "6.938775510204081": 0.6749369628922334, "4.081632653061225": 4.7941771973354626e-05, "7.551020408163265": 0.736600664000003, "7.346938775510204": 0.7177891661867033, "8.979591836734695": 0.8320870266664656, "8.16326530612245": 0.7844044291611717, "8.571428571428571": 0.8102447108748966, "4.285714285714286": 0.05506886456031366, "9.795918367346939": 0.8656675803687064, "8.775510204081632": 0.8216302605682051, "9.387755102040817": 0.8504389705881779, "8.36734693877551": 0.7978623525887409, "9.591836734693878": 0.8584255281316204, "7.959183673469388": 0.769780192364446, "9.183673469387756": 0.8416733807869932, "10.0": 0.8721930812145144, "7.755102040816327": 0.7538854201621908}