{"mask": [0.0, 0.0, 0.0, 0.0, 0.0, 0.002826005392531736, 0.0038428994494664583, 0.002211761406669138, 0.001829139752771309, 0.0017812810495322936, 0.0014814525049118726, 0.0016441627503076739, 0.0013418891134934466, 0.001372334647599954, 0.0012277208090214762, 0.0014608308997629794, 0.0015269850021994594, 0.0017091213556953994, 0.0014617518415556059, 0.0015450417216766952, 0.0019047250745140277, 0.0015327039248788485, 0.001466815500849796, 0.002190889479025846, 0.0015213844729454098, 0.0016905356031694985, 0.0016090516938322924, 0.0019275979576807412, 0.0016148788622248722, 0.002185760949809402, 0.001974242895207546, 0.002053839941729502, 0.002193347540382572, 0.0023827953220615637, 0.002042104271136084, 0.002181262064391698, 0.0024214821436471983, 0.002480811031532717, 0.002050911271993437, 0.0024707109116141653, 0.0024407107909512737, 0.002740660821202146, 0.003070270290330412, 0.0027503403804606213, 0.003360290290290292, 0.0031903403403403426, 0.002740380601041925, 0.003340440440440442, 0.0035003803803803813, 0.0036000100100100118], "mutation": [0.0, 0.0, 0.0, 0.0, 0.0, 0.002902587092956866, 0.00367201034549436, 0.002321980836101961, 0.0017304522919718668, 0.0017249962572781577, 0.0015811825395509076, 0.0015010132205989068, 0.0014330649560700655, 0.0013599438044194112, 0.0012941461624255243, 0.0014183196720948265, 0.0013704203486801022, 0.0013359267202650194, 0.0014411312280522668, 0.0015250327550235126, 0.0016099809130913155, 0.0012689821508005792, 0.0015681732153623462, 0.0015541040792321212, 0.0015920909977320292, 0.0014788011980323484, 0.001216876796613647, 0.0014157698160246403, 0.001374155989688717, 0.0015841654390587197, 0.0019742438239083756, 0.0016229176352710744, 0.0019630470592384734, 0.0018421446117136272, 0.0018217634287489817, 0.0017613826259553847, 0.0022014522542192338, 0.002160801121823409, 0.0021609914523742194, 0.001730741665259376, 0.0022109812417628063, 0.0016906208614630284, 0.002300140160200282, 0.0023202903103504324, 0.0028902502502502524, 0.0024801501501501514, 0.0021504807412623056, 0.0022403303303303317, 0.002700080080080081, 0.0026100300300300316]}