{"0.20408163265306123": 7.644499036499125e-08, "0.40816326530612246": 1.6757489904683787e-07, "1.0204081632653061": 5.88516257885586e-07, "0.8163265306122449": 4.1483957203609817e-07, "0.6122448979591837": 2.780707411681279e-07, "1.4285714285714286": 1.1284381768201353e-06, "3.8775510204081636": 0.6022783941799024, "3.673469387755102": 0.548895354528815, "3.2653061224489797": 0.4122412850851657, "1.2244897959183674": 8.163706543379204e-07, "1.6326530612244898": 1.5819886139931044e-06, "3.0612244897959187": 0.324058340147186, "2.0408163265306123": 3.6176058774328283e-06, "2.2448979591836737": 6.798765234401456e-06, "1.836734693877551": 2.3014426302794463e-06, "3.4693877551020407": 0.4862602498531549, "0.0": 0.0, "2.857142857142857": 0.21802866363336093, "2.6530612244897958": 0.08919110416921351, "4.081632653061225": 0.6480669765475454, "5.1020408163265305": 0.8006634662361116, "4.6938775510204085": 0.7516491663986211, "4.8979591836734695": 0.7777469432021216, "5.510204081632653": 0.838706372303425, "5.3061224489795915": 0.8208565493645249, "2.4489795918367347": 2.543814226410002e-05, "4.4897959183673475": 0.7218149987414674, "5.714285714285714": 0.8545306502848723, "7.551020408163265": 0.9389857871363074, "6.938775510204081": 0.9193664150936458, "6.73469387755102": 0.9113097466660139, "7.346938775510204": 0.9331219029448586, "7.142857142857143": 0.9266075699025643, "6.530612244897959": 0.9023345401190286, "6.326530612244898": 0.8923209676147333, "6.122448979591837": 0.8811293567674593, "4.285714285714286": 0.6875661594200839, "5.918367346938775": 0.8685964323827581, "7.755102040816327": 0.9442649220158171, "8.36734693877551": 0.9571173760353345, "8.16326530612245": 0.9532862186034501, "8.571428571428571": 0.960543433353984, "7.959183673469388": 0.9490156813229613, "8.979591836734695": 0.9662881671080862, "8.775510204081632": 0.9635927273155781, "9.591836734693878": 0.9724076933896098, "9.387755102040817": 0.9706845154595916, "10.0": 0.9749291120239092, "9.795918367346939": 0.9738221598760404, "9.183673469387756": 0.9686476671419116}