{"0.20408163265306123": 5.1274078903347785e-08, "0.40816326530612246": 1.1239779814117175e-07, "1.0204081632653061": 3.947365144354543e-07, "0.8163265306122449": 2.7824605441445605e-07, "0.6122448979591837": 1.8651086297862237e-07, "1.4285714285714286": 7.568792649403346e-07, "3.8775510204081636": 0.4039672156084712, "3.673469387755102": 0.36816151828152227, "3.2653061224489797": 0.27650330097175746, "1.2244897959183674": 5.475656827876297e-07, "1.6326530612244898": 1.061089924019765e-06, "3.0612244897959187": 0.21735620375725886, "2.0408163265306123": 2.4264429665708002e-06, "2.2448979591836737": 4.56014741331805e-06, "1.836734693877551": 1.543650544699629e-06, "3.4693877551020407": 0.3261501675844332, "0.0": 0.0, "2.857142857142857": 0.1462387378028641, "2.6530612244897958": 0.059823301576911514, "4.081632653061225": 0.43467906963554875, "5.1020408163265305": 0.537030373694953, "4.6938775510204085": 0.5041549286820022, "4.8979591836734695": 0.5216595350745937, "5.510204081632653": 0.5625469570327849, "5.3061224489795915": 0.5505745148176691, "2.4489795918367347": 1.7062168591774398e-05, "4.4897959183673475": 0.4841442064729355, "5.714285714285714": 0.5731608020203413, "7.551020408163265": 0.6298075401524014, "6.938775510204081": 0.616648205245738, "6.73469387755102": 0.6112443422759852, "7.346938775510204": 0.6258744470971611, "7.142857142857143": 0.6215050773736712, "6.530612244897959": 0.6052243866652021, "6.326530612244898": 0.5985079660830528, "6.122448979591837": 0.5910013978318326, "4.285714285714286": 0.46117242400127584, "5.918367346938775": 0.5825951680616063, "7.755102040816327": 0.6333484233032919, "8.36734693877551": 0.6419689717310173, "8.16326530612245": 0.6393992929657286, "8.571428571428571": 0.6442669370057211, "7.959183673469388": 0.6365349082044255, "8.979591836734695": 0.648120112084692, "8.775510204081632": 0.6463121951506927, "9.591836734693878": 0.6522246723954702, "9.387755102040817": 0.6510688823204579, "10.0": 0.653915867820915, "9.795918367346939": 0.6531733999168564, "9.183673469387756": 0.6497027035707942}