{"0.40816326530612246": 5.542474711369713e-07, "2.0408163265306123": 1.2041544396938935e-06, "0.20408163265306123": 5.251880218392928e-07, "1.2244897959183674": 7.34973913020168e-07, "0.6122448979591837": 5.881452160640506e-07, "0.8163265306122449": 6.281993212737388e-07, "1.4285714285714286": 8.083507794235519e-07, "1.0204081632653061": 6.762544307341827e-07, "3.673469387755102": 0.2232692765107546, "3.8775510204081636": 0.28231223333231203, "3.4693877551020407": 0.1572275131941819, "3.2653061224489797": 0.0829558518847697, "1.836734693877551": 1.0283315433795272e-06, "1.6326530612244898": 9.026557639397295e-07, "2.4489795918367347": 1.9060107946135623e-06, "2.6530612244897958": 2.780110024622979e-06, "2.2448979591836737": 1.4676195108024587e-06, "0.0": 5e-07, "2.857142857142857": 5.381062192596726e-06, "3.0612244897959187": 0.0003320013293554138, "4.285714285714286": 0.3832114417261546, "5.918367346938775": 0.6416504755000171, "4.6938775510204085": 0.46596257664908164, "6.326530612244898": 0.6836125706783901, "4.081632653061225": 0.3353540152124217, "5.3061224489795915": 0.564885077262583, "4.8979591836734695": 0.5018933434836083, "4.4897959183673475": 0.4265598492273152, "6.530612244897959": 0.7023353040929564, "5.510204081632653": 0.5925818690564318, "6.938775510204081": 0.7359119982564071, "6.73469387755102": 0.7197305048166976, "6.122448979591837": 0.6634332066463046, "5.714285714285714": 0.6180971244477009, "5.1020408163265305": 0.5347534395350049, "7.551020408163265": 0.778122115668509, "7.755102040816327": 0.7903432885003022, "7.142857142857143": 0.7509802899135237, "7.346938775510204": 0.7650241819966672, "7.959183673469388": 0.801748587421824, "8.36734693877551": 0.8223181231286126, "8.16326530612245": 0.8123913702365084, "8.571428571428571": 0.8315690171089496, "8.775510204081632": 0.8401783827629098, "8.979591836734695": 0.8481751197499272, "9.795918367346939": 0.8744427404772027, "9.183673469387756": 0.8555830550998893, "9.387755102040817": 0.8624212623349642, "9.591836734693878": 0.868704351723569, "10.0": 0.8796429103787554}