{"0.40816326530612246": 5.687134627862104e-07, "2.0408163265306123": 1.3919288467603182e-06, "0.20408163265306123": 5.319048275221183e-07, "1.2244897959183674": 7.976336108893753e-07, "0.6122448979591837": 6.116506052878901e-07, "0.8163265306122449": 6.623858032944969e-07, "1.4285714285714286": 8.905776328075538e-07, "1.0204081632653061": 7.232556053598224e-07, "3.673469387755102": 0.2714323695665367, "3.8775510204081636": 0.3392682182308388, "3.4693877551020407": 0.19355990405858226, "3.2653061224489797": 0.10353353495907305, "1.836734693877551": 1.1692198929175399e-06, "1.6326530612244898": 1.010030598294379e-06, "2.4489795918367347": 2.2809465672065893e-06, "2.6530612244897958": 3.3881382092100767e-06, "2.2448979591836737": 1.7256511722857618e-06, "0.0": 5e-07, "2.857142857142857": 6.682673482890756e-06, "3.0612244897959187": 0.0004203772622426026, "4.285714285714286": 0.4511598807483819, "5.918367346938775": 0.712673354750858, "4.6938775510204085": 0.5389686012572842, "6.326530612244898": 0.7514050870759299, "4.081632653061225": 0.39873459511315257, "5.3061224489795915": 0.6389923827514385, "4.4897959183673475": 0.49761426461841185, "4.8979591836734695": 0.575938010195653, "6.530612244897959": 0.7683183525145287, "5.510204081632653": 0.6659863137215499, "6.938775510204081": 0.7980602712073142, "6.73469387755102": 0.783822820913438, "6.122448979591837": 0.7329196753649341, "5.714285714285714": 0.6904472122509575, "5.1020408163265305": 0.6091146077839695, "7.551020408163265": 0.834326675839173, "7.755102040816327": 0.8445809153868139, "7.142857142857143": 0.811154045032865, "7.346938775510204": 0.8232116116822129, "7.959183673469388": 0.8540454186908053, "8.36734693877551": 0.8708435776132781, "8.16326530612245": 0.8627818770692421, "8.571428571428571": 0.8782762333188416, "8.775510204081632": 0.885118681067065, "8.979591836734695": 0.8914034729050468, "9.795918367346939": 0.9114237244377476, "9.183673469387756": 0.8971573820074095, "9.387755102040817": 0.9024018413941642, "9.591836734693878": 0.9071533307546522, "10.0": 0.9152206117065382}