{"0.40816326530612246": 5.90412450260069e-07, "2.0408163265306123": 1.673590457359955e-06, "0.20408163265306123": 5.419800360463565e-07, "1.2244897959183674": 8.916231576931863e-07, "0.6122448979591837": 6.469086891236492e-07, "0.8163265306122449": 7.136655263256343e-07, "1.4285714285714286": 1.0139179128835565e-06, "1.0204081632653061": 7.937573672982819e-07, "3.673469387755102": 0.34367700915020993, "3.8775510204081636": 0.424702195578629, "3.4693877551020407": 0.2480584903551828, "3.2653061224489797": 0.13440005957052806, "1.836734693877551": 1.3805524172245586e-06, "1.6326530612244898": 1.1710928498263534e-06, "2.4489795918367347": 2.8433502260961296e-06, "2.6530612244897958": 4.300180486090723e-06, "2.2448979591836737": 2.1126986645107163e-06, "0.0": 5e-07, "2.857142857142857": 8.6350904183318e-06, "3.0612244897959187": 0.0005529411615733858, "4.285714285714286": 0.5530825392817229, "5.918367346938775": 0.8192076736271194, "4.6938775510204085": 0.648477638169588, "6.326530612244898": 0.8530938616722397, "4.081632653061225": 0.49380546496424893, "5.3061224489795915": 0.7501533409847218, "4.4897959183673475": 0.6041958877050568, "4.8979591836734695": 0.6870050102637201, "6.530612244897959": 0.8672929251468872, "5.510204081632653": 0.776092980719227, "6.938775510204081": 0.8912826806336746, "6.73469387755102": 0.8799612950585486, "6.122448979591837": 0.8371493784428782, "5.714285714285714": 0.7989723439558425, "5.1020408163265305": 0.7206563601574165, "7.551020408163265": 0.918633516095169, "7.755102040816327": 0.9259373557165814, "7.142857142857143": 0.901414677711877, "7.346938775510204": 0.9104927562105315, "7.959183673469388": 0.9324906655942772, "8.36734693877551": 0.9436317593402764, "8.16326530612245": 0.9383676373183427, "8.571428571428571": 0.9483370576336795, "8.775510204081632": 0.9525291285232979, "8.979591836734695": 0.9562460026377263, "9.795918367346939": 0.9668952003785649, "9.183673469387756": 0.9595188723686898, "9.387755102040817": 0.9623727099829643, "9.591836734693878": 0.9648267993012772, "10.0": 0.9685871636982123}