{"0.40816326530612246": 7.119860256921129e-12, "0.20408163265306123": 9.992007221626409e-16, "1.4285714285714286": -6.566769350513368e-11, "0.6122448979591837": -5.970779426434092e-13, "1.0204081632653061": 3.474776022471815e-12, "1.2244897959183674": 1.258766424427904e-10, "0.8163265306122449": -4.581135470971276e-11, "0.0": 0.0, "1.6326530612244898": 4.043110291007679e-11, "1.836734693877551": 9.104828002648446e-12, "2.6530612244897958": 0.2315881404160901, "2.0408163265306123": 0.030905482435883314, "2.2448979591836737": 0.1067371863826766, "4.081632653061225": 0.5088479478225887, "3.0612244897959187": 0.3306774338213372, "2.857142857142857": 0.2837909384259293, "3.4693877551020407": 0.41159686543635565, "3.8775510204081636": 0.47909971612849167, "3.2653061224489797": 0.3730634102268846, "3.673469387755102": 0.4468001278919215, "4.285714285714286": 0.5363388681732453, "2.4489795918367347": 0.17302464268740758, "4.4897959183673475": 0.5618201820208811, "4.6938775510204085": 0.5855023271392688, "5.3061224489795915": 0.6474354933775013, "5.1020408163265305": 0.628164919717127, "4.8979591836734695": 0.6075654629696003, "5.714285714285714": 0.6824463482454954, "5.510204081632653": 0.6654948650645218, "6.326530612244898": 0.7275150575025545, "5.918367346938775": 0.6983811145426799, "6.122448979591837": 0.7133800115218161, "6.73469387755102": 0.753444744352589, "7.959183673469388": 0.8160424115963147, "6.530612244897959": 0.7408506794531409, "8.16326530612245": 0.8246666547657664, "7.142857142857143": 0.7766119210127741, "8.571428571428571": 0.8406375673759713, "8.775510204081632": 0.8480333436117791, "7.551020408163265": 0.7973779595764057, "6.938775510204081": 0.7653494235341257, "8.36734693877551": 0.8328565380359426, "8.979591836734695": 0.8550657524194024, "7.755102040816327": 0.8069561800372893, "9.591836734693878": 0.8741792632965939, "9.183673469387756": 0.8617551308810296, "7.346938775510204": 0.7872750903426847, "9.387755102040817": 0.8681204139066505, "9.795918367346939": 0.879948181786587, "10.0": 0.8854426140589127}