{"0.40816326530612246": 2.491939987692149e-11, "0.20408163265306123": 3.219646771412954e-15, "0.6122448979591837": -2.0894397323445446e-12, "1.4285714285714286": -2.2983637215645558e-10, "0.8163265306122449": -1.6033951943938973e-10, "0.0": 0.0, "1.0204081632653061": 1.2161383011743965e-11, "1.2244897959183674": 4.4056802650516147e-10, "1.6326530612244898": 1.4150647320576581e-10, "1.836734693877551": 3.184641439446523e-11, "2.6530612244897958": 0.7139990095903449, "2.0408163265306123": 0.10638754520612526, "2.2448979591836737": 0.3526038539212982, "3.0612244897959187": 0.9641650370075812, "4.081632653061225": 1.3397883201620047, "3.8775510204081636": 1.2832664417062096, "2.857142857142857": 0.849681199855764, "3.4693877551020407": 1.146021710086707, "3.2653061224489797": 1.0618494693259974, "5.3061224489795915": 1.5736286718205978, "2.4489795918367347": 0.5511090852604659, "3.673469387755102": 1.2191828749041815, "4.285714285714286": 1.3899521316682337, "4.4897959183673475": 1.4347244610185577, "4.6938775510204085": 1.4748895626432152, "5.1020408163265305": 1.543855535341328, "4.8979591836734695": 1.5110897352869732, "5.510204081632653": 1.60077955648991, "5.714285714285714": 1.6256208999708497, "6.326530612244898": 1.6887574753195933, "5.918367346938775": 1.6484183476845844, "6.122448979591837": 1.669398876013452, "6.73469387755102": 1.7232600584555677, "7.959183673469388": 1.8015278236301406, "6.530612244897959": 1.706662511503877, "8.16326530612245": 1.8117937647529683, "7.142857142857143": 1.7530260296637115, "8.571428571428571": 1.830498607667725, "8.775510204081632": 1.839029876298333, "6.938775510204081": 1.7386774227828752, "8.979591836734695": 1.8470677706346286, "8.36734693877551": 1.821434486554383, "7.551020408163265": 1.7788971176628496, "9.591836734693878": 1.868562258099479, "7.755102040816327": 1.790582471409888, "9.183673469387756": 1.8546480136526269, "9.387755102040817": 1.861803015984862, "7.346938775510204": 1.7664037997205848, "9.795918367346939": 1.8749526210818916, "10.0": 1.8809986737303912}