{"0.20408163265306123": 5.588525898537604e-08, "0.40816326530612246": 1.180491508630886e-07, "0.6122448979591837": 1.876051223754734e-07, "1.2244897959183674": 4.5655555883365357e-07, "1.0204081632653061": 3.5483856574559975e-07, "2.4489795918367347": 1.6079264479585633e-06, "0.8163265306122449": 2.6594619255209705e-07, "1.4285714285714286": 5.740736634123236e-07, "1.836734693877551": 8.738646397057018e-07, "1.6326530612244898": 7.113671932147526e-07, "0.0": 0.0, "2.0408163265306123": 1.0691806998294064e-06, "2.857142857142857": 2.5106247070010953e-06, "3.4693877551020407": 6.176110107023825e-06, "2.6530612244897958": 1.994092688813708e-06, "3.0612244897959187": 3.2368159155901184e-06, "3.2653061224489797": 4.332611285785423e-06, "2.2448979591836737": 1.308340005411732e-06, "3.673469387755102": 9.927911268083892e-06, "3.8775510204081636": 2.1724545917758225e-05, "5.3061224489795915": 0.4272450927976481, "5.510204081632653": 0.4732801535416278, "5.714285714285714": 0.5147320363810283, "6.530612244897959": 0.6447990540179566, "5.918367346938775": 0.5521641690930963, "5.1020408163265305": 0.3759609838238321, "6.938775510204081": 0.6935993264021878, "4.6938775510204085": 0.254324018484494, "6.73469387755102": 0.6703057316190352, "7.142857142857143": 0.7149075460223759, "4.4897959183673475": 0.18188382670569517, "6.122448979591837": 0.5860558633976705, "4.285714285714286": 0.09993450486400926, "4.8979591836734695": 0.31863627104186554, "7.346938775510204": 0.73442846823633, "4.081632653061225": 0.007044938557266859, "7.551020408163265": 0.7523347244135531, "7.755102040816327": 0.7687769594348621, "7.959183673469388": 0.7838867052867257, "6.326530612244898": 0.6168168748969184, "9.387755102040817": 0.860328663329256, "8.36734693877551": 0.8105532822067499, "8.979591836734695": 0.8429854696863577, "8.571428571428571": 0.8222973036329652, "8.16326530612245": 0.7977787775395313, "8.775510204081632": 0.8330863308788322, "9.591836734693878": 0.8678596507194692, "9.183673469387756": 0.8520504788637753, "10.0": 0.880804179815678, "9.795918367346939": 0.8746760741128995}