{"0.20408163265306123": 2.3615231135090007e-08, "0.40816326530612246": 4.982252587844171e-08, "0.6122448979591837": 7.908018628984003e-08, "1.2244897959183674": 1.9171154582453586e-07, "1.0204081632653061": 1.4919348852215081e-07, "2.4489795918367347": 6.696495739249683e-07, "0.8163265306122449": 1.1196154643467955e-07, "1.4285714285714286": 2.407405702908224e-07, "1.836734693877551": 3.654714306427144e-07, "1.6326530612244898": 2.97915961859867e-07, "0.0": 0.0, "2.0408163265306123": 4.465401810649823e-07, "2.857142857142857": 1.0425475858390665e-06, "3.4693877551020407": 2.55299625406638e-06, "2.6530612244897958": 8.292741465472633e-07, "3.0612244897959187": 1.3420944684174366e-06, "3.2653061224489797": 1.7937224805109073e-06, "2.2448979591836737": 5.456584006766651e-07, "3.673469387755102": 4.097430358960802e-06, "3.8775510204081636": 8.951826093298166e-06, "5.3061224489795915": 0.1757848072017317, "5.510204081632653": 0.19472537259536044, "5.714285714285714": 0.21178024522768116, "6.530612244897959": 0.2652947364288593, "5.918367346938775": 0.22718124059947525, "5.1020408163265305": 0.1546845848065908, "6.938775510204081": 0.2853730144937851, "4.6938775510204085": 0.10463853601125715, "6.73469387755102": 0.275789148454903, "7.142857142857143": 0.29414002208846035, "4.4897959183673475": 0.07483390086279051, "6.122448979591837": 0.24112556568358637, "4.285714285714286": 0.0411168498972543, "4.8979591836734695": 0.13109902950223487, "7.346938775510204": 0.30217166792092376, "4.081632653061225": 0.002898568511528966, "7.551020408163265": 0.3095389790668928, "7.755102040816327": 0.3163039365289465, "7.959183673469388": 0.32252065754193904, "6.326530612244898": 0.2537818094348983, "9.387755102040817": 0.35397177073655767, "8.36734693877551": 0.33349229602837094, "8.979591836734695": 0.3468361248059301, "8.571428571428571": 0.33832423069626816, "8.16326530612245": 0.3282363815748121, "8.775510204081632": 0.34276324463373203, "9.591836734693878": 0.3570703038367478, "9.183673469387756": 0.350565812495909, "10.0": 0.3623961727882107, "9.795918367346939": 0.3598748382795289}