{"0.0": 0.0, "0.40816326530612246": 4.9260495040654744e-08, "0.20408163265306123": 2.3466676501265274e-08, "0.6122448979591837": 7.774604138288567e-08, "1.2244897959183674": 1.8435353720478398e-07, "0.8163265306122449": 1.0936826273407952e-07, "1.6326530612244898": 2.805252534403881e-07, "1.0204081632653061": 1.446758804450262e-07, "1.4285714285714286": 2.2926642525413727e-07, "2.0408163265306123": 4.0834757396420784e-07, "1.836734693877551": 3.395775695293219e-07, "2.2448979591836737": 4.894517035729206e-07, "2.6530612244897958": 7.048390022600559e-07, "2.4489795918367347": 5.865344016717818e-07, "2.857142857142857": 8.521775736289161e-07, "3.2653061224489797": 1.2906324056345978e-06, "3.0612244897959187": 1.0407353494427078e-06, "3.4693877551020407": 1.6376122329149882e-06, "3.8775510204081636": 2.992999273353808e-06, "3.673469387755102": 2.151911628855573e-06, "4.8979591836734695": 0.14906769329278408, "4.6938775510204085": 0.07259637876135841, "4.081632653061225": 4.617459709949838e-06, "4.285714285714286": 9.073337780962356e-06, "5.3061224489795915": 0.27882187445146, "5.1020408163265305": 0.21745141121370629, "4.4897959183673475": 7.366795220796909e-05, "5.714285714285714": 0.3840041264252327, "5.510204081632653": 0.3340856621749101, "5.918367346938775": 0.4292255179418633, "6.122448979591837": 0.47030065347781774, "6.326530612244898": 0.5077027664769674, "6.530612244897959": 0.5418395262031794, "6.73469387755102": 0.5730620519687529, "6.938775510204081": 0.6016765862223262, "7.142857142857143": 0.6279486315599947, "7.346938775510204": 0.6521110497317176, "7.755102040816327": 0.6948950354444215, "7.551020408163265": 0.6743669619166595, "7.959183673469388": 0.7138523096590833, "8.16326530612245": 0.7313762805386622, "8.775510204081632": 0.7764890089802844, "8.571428571428571": 0.7625948733122017, "8.36734693877551": 0.7475884128084378, "9.183673469387756": 0.8012557460434883, "8.979591836734695": 0.7893524246994293, "9.387755102040817": 0.8122603105890082, "9.591836734693878": 0.8224187523191506, "9.795918367346939": 0.831775383628458, "10.0": 0.8403676232531233}