{"0.0": 0.0, "0.40816326530612246": 5.048733363510908e-08, "0.20408163265306123": 2.4047397914474886e-08, "0.6122448979591837": 7.969479605981471e-08, "1.2244897959183674": 1.890655913815752e-07, "0.8163265306122449": 1.121274328601036e-07, "1.6326530612244898": 2.8779095256937605e-07, "1.0204081632653061": 1.4834963264858503e-07, "1.4285714285714286": 2.351652167428145e-07, "2.0408163265306123": 4.190666937032669e-07, "1.836734693877551": 3.4843171297625176e-07, "2.2448979591836737": 5.023871200157997e-07, "2.6530612244897958": 7.237234256777671e-07, "2.4489795918367347": 6.021416188011735e-07, "2.857142857142857": 8.751679620662283e-07, "3.2653061224489797": 1.3259414940258314e-06, "3.0612244897959187": 1.0690088622040132e-06, "3.4693877551020407": 1.6827313830105718e-06, "3.8775510204081636": 3.076646935495232e-06, "3.673469387755102": 2.2116236764421695e-06, "4.8979591836734695": 0.15294301246179962, "4.6938775510204085": 0.07458228316365197, "4.081632653061225": 4.747441414065089e-06, "4.285714285714286": 9.330614207546796e-06, "5.3061224489795915": 0.2853873508315218, "5.1020408163265305": 0.22282910638361214, "4.4897959183673475": 7.577207462337026e-05, "5.714285714285714": 0.392221769796689, "5.510204081632653": 0.34158228513855937, "5.918367346938775": 0.43799168230438795, "6.122448979591837": 0.4794733906049656, "6.326530612244898": 0.517165093872806, "6.530612244897959": 0.5514949424202867, "6.73469387755102": 0.5828309217528538, "6.938775510204081": 0.611493227379925, "7.142857142857143": 0.6377589357991424, "7.346938775510204": 0.6618705403304445, "7.755102040816327": 0.7044503008240368, "7.551020408163265": 0.6840391994807735, "7.959183673469388": 0.7232665127148393, "8.16326530612245": 0.740630059502261, "8.775510204081632": 0.78518198445288, "8.571428571428571": 0.7714849634996073, "8.36734693877551": 0.756666373580237, "9.183673469387756": 0.8095358352698868, "8.979591836734695": 0.7978414026641056, "9.387755102040817": 0.8203282886964609, "9.591836734693878": 0.8302727954901395, "9.795918367346939": 0.8394148457060671, "10.0": 0.8477928333684155}