{"1.2244897959183674": 1.0625056390267673e-11, "0.6122448979591837": -1.7763568394002505e-14, "3.4693877551020407": 0.30854712322145306, "0.40816326530612246": 5.349498621853854e-12, "3.2653061224489797": 0.2759768391847619, "3.0612244897959187": 0.24073718628370655, "0.8163265306122449": -2.9609648066752925e-12, "2.6530612244897958": 0.1604842643961727, "2.2448979591836737": 0.06299686686488737, "0.20408163265306123": 3.6637359812630166e-15, "2.4489795918367347": 0.11429528391110177, "1.4285714285714286": -4.612532578107675e-12, "3.673469387755102": 0.3387859856869011, "2.857142857142857": 0.20241249230515357, "1.0204081632653061": 1.2279066652354231e-13, "1.6326530612244898": 1.7981172106829035e-12, "3.8775510204081636": 0.36697159937604507, "1.836734693877551": 5.810907310888069e-13, "4.285714285714286": 0.4180721320756169, "0.0": 0.0, "4.4897959183673475": 0.4413465708893498, "4.081632653061225": 0.393335462494535, "2.0408163265306123": 0.005468988141420716, "4.8979591836734695": 0.48405313869887356, "6.73469387755102": 0.6306014078934159, "4.6938775510204085": 0.4632997749829244, "5.3061224489795915": 0.522367764588766, "5.510204081632653": 0.5401012726933803, "5.714285714285714": 0.5569833711821941, "5.1020408163265305": 0.5037118811262761, "6.326530612244898": 0.6031165024339016, "6.938775510204081": 0.6434849313831272, "6.122448979591837": 0.5884379695930271, "7.142857142857143": 0.6558413247620497, "5.918367346938775": 0.5730769433952727, "7.346938775510204": 0.6677009051380779, "6.530612244897959": 0.6171574802383133, "7.755102040816327": 0.6900381929527637, "8.571428571428571": 0.7298305086139569, "7.959183673469388": 0.7005647075421362, "7.551020408163265": 0.6790913880173031, "8.775510204081632": 0.7388765147578041, "8.16326530612245": 0.7106925163172787, "9.183673469387756": 0.7560033002064219, "9.387755102040817": 0.7641133526469756, "8.979591836734695": 0.7475957455497984, "10.0": 0.7867881762561669, "9.795918367346939": 0.7794935506653823, "9.591836734693878": 0.771939241758489, "8.36734693877551": 0.7204415998717827}