{"0.40816326530612246": 4.4428904999449514e-12, "0.20408163265306123": 6.994405055138486e-15, "0.8163265306122449": 4.0760728126088e-12, "1.6326530612244898": 1.1155198986756432e-10, "0.6122448979591837": 9.703349235223868e-14, "1.0204081632653061": 7.290179571128874e-11, "1.2244897959183674": 1.1931566845646557e-12, "1.4285714285714286": 1.5060952485157486e-11, "3.4693877551020407": 0.18991603725645145, "3.8775510204081636": 0.25845153710167545, "2.2448979591836737": 1.349131917294244e-11, "2.0408163265306123": 2.1009860518006462e-12, "3.0612244897959187": 0.11061476026560224, "3.673469387755102": 0.22536287453637238, "1.836734693877551": 2.4522606167920458e-12, "2.857142857142857": 0.0659034027457912, "3.2653061224489797": 0.15179475333686576, "2.4489795918367347": 1.8008627922228015e-10, "2.6530612244897958": 0.017071115627389943, "0.0": 0.0, "4.285714285714286": 0.3185650100584366, "4.081632653061225": 0.2894452000215172, "4.4897959183673475": 0.34599844506608024, "5.1020408163265305": 0.41967503281449403, "4.6938775510204085": 0.3719057165823966, "4.8979591836734695": 0.3964247392714687, "5.918367346938775": 0.5018927842556422, "5.510204081632653": 0.4627735029370581, "6.122448979591837": 0.5201344087750068, "5.714285714285714": 0.4827936826331153, "5.3061224489795915": 0.44176081879976403, "6.938775510204081": 0.5855817099679635, "6.326530612244898": 0.5375754452362431, "7.142857142857143": 0.600284573448847, "6.530612244897959": 0.554266999281954, "7.346938775510204": 0.6143983978739673, "6.73469387755102": 0.5702551707852391, "7.551020408163265": 0.6279549051515296, "7.755102040816327": 0.6409832505744376, "7.959183673469388": 0.6535103231432287, "8.16326530612245": 0.6655610043627468, "9.591836734693878": 0.7383371159991075, "8.36734693877551": 0.6771583947302521, "9.183673469387756": 0.7194249652438021, "10.0": 0.7559371208136274, "8.571428571428571": 0.6883240083473152, "8.979591836734695": 0.7094390314833439, "8.775510204081632": 0.6990779435776256, "9.795918367346939": 0.7472939743205669, "9.387755102040817": 0.7290524129748173}