{"0.40816326530612246": 1.4719669927387713e-11, "0.20408163265306123": 2.353672812205332e-14, "0.8163265306122449": 1.3415157873453154e-11, "1.6326530612244898": 3.6730407604324e-10, "0.6122448979591837": 3.207434318142077e-13, "1.0204081632653061": 2.3963575568330953e-10, "1.2244897959183674": 3.921751812185903e-12, "1.4285714285714286": 4.954714416527395e-11, "3.4693877551020407": 0.5044355821334889, "3.8775510204081636": 0.6309104060987771, "2.2448979591836737": 4.201983205831539e-11, "2.0408163265306123": 6.455058709775585e-12, "3.0612244897959187": 0.32345026928148823, "3.673469387755102": 0.573098488156365, "1.836734693877551": 8.022360553638919e-12, "2.857142857142857": 0.20327954604406906, "3.2653061224489797": 0.42234325499707426, "2.4489795918367347": 5.86297455029694e-10, "2.6530612244897958": 0.055778993445484426, "0.0": 0.0, "4.285714285714286": 0.7215494271351961, "4.081632653061225": 0.6798708164532735, "4.4897959183673475": 0.7571921995390269, "5.1020408163265305": 0.8369811947503815, "4.6938775510204085": 0.7877979729982432, "4.8979591836734695": 0.8141746859487062, "5.918367346938775": 0.9020335114086266, "6.122448979591837": 0.9134897375831638, "5.510204081632653": 0.8739550965412682, "5.714285714285714": 0.8889427389956549, "5.3061224489795915": 0.8567587708435462, "6.938775510204081": 0.9469349834317781, "6.326530612244898": 0.9235331611062306, "7.142857142857143": 0.9529542472627197, "6.530612244897959": 0.9323520468405387, "7.346938775510204": 0.9582662141382632, "6.73469387755102": 0.9401068818445706, "7.551020408163265": 0.9629585933697282, "7.755102040816327": 0.9671073499500837, "7.959183673469388": 0.9707784395203126, "8.16326530612245": 0.9740292571673509, "9.591836734693878": 0.98852392319353, "8.36734693877551": 0.9769098529896869, "9.183673469387756": 0.9855270576413747, "10.0": 0.9908927075331204, "8.571428571428571": 0.9794639556880702, "8.979591836734695": 0.9837410532011078, "8.775510204081632": 0.9817298383365751, "9.387755102040817": 0.9871137490077556, "9.795918367346939": 0.9897776688953204}