{"0.6122448979591837": 4.8419014663834666e-08, "0.20408163265306123": 1.5146120064800764e-08, "0.40816326530612246": 3.1254215659618684e-08, "0.8163265306122449": 6.674810494954903e-08, "1.6326530612244898": 1.5445064166588596e-07, "2.6530612244897958": 3.1226453948251763e-07, "1.2244897959183674": 1.074078581219406e-07, "1.4285714285714286": 1.3004092547785556e-07, "1.0204081632653061": 8.636419334807768e-08, "2.0408163265306123": 2.095086061982926e-07, "1.836734693877551": 1.808548683063328e-07, "3.8775510204081636": 6.456018631423101e-07, "3.0612244897959187": 3.9931191517385934e-07, "3.2653061224489797": 4.503098254754848e-07, "2.2448979591836737": 2.4071226156982494e-07, "2.857142857142857": 3.535528145397349e-07, "2.4489795918367347": 2.748222230136948e-07, "3.4693877551020407": 5.075011074298641e-07, "3.673469387755102": 5.720872214669153e-07, "0.0": 0.0, "4.081632653061225": 7.300343156845582e-07, "4.285714285714286": 8.280121560793352e-07, "5.1020408163265305": 1.4513710029269228e-06, "4.8979591836734695": 1.2461459250728146e-06, "4.6938775510204085": 1.0801348783705576e-06, "4.4897959183673475": 9.430795305685609e-07, "5.3061224489795915": 1.7115609441926492e-06, "7.551020408163265": 0.18063254193675304, "7.755102040816327": 0.22370277918172618, "5.510204081632653": 2.0522018550877286e-06, "5.714285714285714": 2.51740875542221e-06, "7.142857142857143": 0.08422293710862395, "7.959183673469388": 0.2637333573463848, "6.326530612244898": 6.171780992329514e-06, "5.918367346938775": 3.190747288740268e-06, "7.346938775510204": 0.13424432373089332, "6.530612244897959": 1.069765267890205e-05, "6.122448979591837": 4.252019841850251e-06, "6.938775510204081": 0.03022163477637456, "6.73469387755102": 3.431163602122261e-05, "9.183673469387756": 0.451968722496894, "8.16326530612245": 0.3009696519510477, "8.775510204081632": 0.3979506403527893, "8.979591836734695": 0.4259306432336809, "8.36734693877551": 0.3356279788403864, "9.795918367346939": 0.5194964807612369, "9.387755102040817": 0.4761784727621246, "8.571428571428571": 0.367898996972206, "10.0": 0.5387652355271539, "9.591836734693878": 0.4986590211558185}