{"0.20408163265306123": 5.000000016651196e-07, "1.0204081632653061": 5.000000416279882e-07, "0.6122448979591837": 5.000000149860753e-07, "0.40816326530612246": 5.00000006660478e-07, "1.2244897959183674": 5.000000599443049e-07, "1.4285714285714286": 5.000000815908634e-07, "1.836734693877551": 5.000001348747103e-07, "0.8163265306122449": 5.00000026641912e-07, "3.0612244897959187": 5.000003746522386e-07, "3.4693877551020407": 5.000004812201393e-07, "2.6530612244897958": 5.000002814053785e-07, "2.0408163265306123": 5.000001665120022e-07, "2.857142857142857": 5.000003263636793e-07, "2.4489795918367347": 5.000002397773339e-07, "3.673469387755102": 5.000005394994763e-07, "3.8775510204081636": 5.000006011090558e-07, "1.6326530612244898": 5.000001065676646e-07, "2.2448979591836737": 5.000002014795427e-07, "3.2653061224489797": 5.000004262710586e-07, "0.0": 5e-07, "6.938775510204081": 0.8026238030471028, "7.959183673469388": 0.8921729747449929, "6.326530612244898": 0.6804271592260844, "7.142857142857143": 0.8270935824377189, "7.551020408163265": 0.8647018475604835, "7.346938775510204": 0.8474663464259955, "7.755102040816327": 0.879449411087226, "6.73469387755102": 0.7725187313942362, "4.8979591836734695": 5.0000095910768e-07, "6.530612244897959": 0.7339696449775868, "4.081632653061225": 5.000006660488464e-07, "6.122448979591837": 0.5793366339832667, "4.285714285714286": 5.000007343187833e-07, "5.1020408163265305": 5.000010406956372e-07, "5.918367346938775": 5.000014003045643e-07, "5.510204081632653": 5.000012138532226e-07, "4.4897959183673475": 5.000008059187429e-07, "8.36734693877551": 0.912844622668044, "4.6938775510204085": 5.000008808485029e-07, "8.16326530612245": 0.9032170337018947, "8.571428571428571": 0.9212606929352329, "8.979591836734695": 0.9350736588922299, "8.775510204081632": 0.928627263947008, "9.591836734693878": 0.9498314031983077, "9.183673469387756": 0.9407036585095747, "9.795918367346939": 0.9534489681729994, "10.0": 0.9564948438596971, "9.387755102040817": 0.9456006463999733, "5.714285714285714": 0.47207477359706373, "5.3061224489795915": 0.40169312746402774}