{"0.20408163265306123": 5.000000017317775e-07, "1.0204081632653061": 5.000000432944374e-07, "0.6122448979591837": 5.00000015585997e-07, "0.40816326530612246": 5.000000069271099e-07, "1.2244897959183674": 5.000000623439917e-07, "1.4285714285714286": 5.000000848571037e-07, "1.836734693877551": 5.000001402740062e-07, "0.8163265306122449": 5.000000277084394e-07, "3.0612244897959187": 5.00000389650292e-07, "3.4693877551020407": 5.000005004843111e-07, "2.6530612244897958": 5.000002926705802e-07, "2.0408163265306123": 5.000001731778001e-07, "2.857142857142857": 5.000003394286485e-07, "2.4489795918367347": 5.000002493760846e-07, "3.673469387755102": 5.00000561096682e-07, "3.8775510204081636": 5.000006251726117e-07, "1.6326530612244898": 5.000001108337747e-07, "2.2448979591836737": 5.000002095451588e-07, "3.2653061224489797": 5.000004433355128e-07, "0.0": 5e-07, "6.938775510204081": 0.8124603859549449, "7.959183673469388": 0.8995792093810535, "6.326530612244898": 0.6917054134362661, "7.142857142857143": 0.8364136444559799, "7.551020408163265": 0.8730267160021262, "7.346938775510204": 0.8562806239308742, "7.755102040816327": 0.887304375610913, "6.73469387755102": 0.7828722424877163, "4.8979591836734695": 5.000009975026083e-07, "6.530612244897959": 0.744820056087966, "4.081632653061225": 5.00000692712067e-07, "6.122448979591837": 0.5907388933778556, "4.285714285714286": 5.000007637149806e-07, "5.1020408163265305": 5.000010823566879e-07, "5.918367346938775": 5.000014563614489e-07, "5.510204081632653": 5.000012624461031e-07, "8.36734693877551": 0.9194194442291052, "4.4897959183673475": 5.000008381812241e-07, "4.6938775510204085": 5.000009161105662e-07, "8.16326530612245": 0.9101964854200898, "8.571428571428571": 0.9274528778552056, "8.979591836734695": 0.9405648195034184, "8.775510204081632": 0.9344584106150006, "9.591836734693878": 0.9544222600591388, "9.183673469387756": 0.9458752447363931, "9.795918367346939": 0.9577772055938232, "10.0": 0.9605779745833947, "9.387755102040817": 0.9504723734593518, "5.714285714285714": 0.48281834586342803, "5.3061224489795915": 0.4116238790824394}