{"0.20408163265306123": 5.000000015836487e-07, "1.0204081632653061": 5.00000039591217e-07, "0.6122448979591837": 5.000000142528377e-07, "0.40816326530612246": 5.000000063345945e-07, "1.2244897959183674": 5.000000570113544e-07, "1.4285714285714286": 5.000000775987917e-07, "1.836734693877551": 5.000001282755708e-07, "0.8163265306122449": 5.000000253383784e-07, "3.0612244897959187": 5.000003563212845e-07, "3.4693877551020407": 5.000004576750405e-07, "2.6530612244897958": 5.000002676367986e-07, "2.0408163265306123": 5.000001583649159e-07, "2.857142857142857": 5.000003103953835e-07, "2.4489795918367347": 5.000002280455274e-07, "3.673469387755102": 5.000005131028914e-07, "3.8775510204081636": 5.000005716980432e-07, "1.6326530612244898": 5.000001013535299e-07, "2.2448979591836737": 5.000001916215673e-07, "3.2653061224489797": 5.000004054145035e-07, "0.0": 5e-07, "6.938775510204081": 0.7906013128264069, "7.959183673469388": 0.8831209101898077, "6.326530612244898": 0.6666426263025289, "7.142857142857143": 0.8157023955265109, "7.551020408163265": 0.8545270083540314, "7.346938775510204": 0.8366933405866993, "7.755102040816327": 0.8698488988916083, "6.73469387755102": 0.7598644400577605, "4.8979591836734695": 5.000009121805453e-07, "6.530612244897959": 0.7207080313982341, "4.081632653061225": 5.000006334604659e-07, "6.122448979591837": 0.5654005391676581, "4.285714285714286": 5.000006983900977e-07, "5.1020408163265305": 5.000009897765751e-07, "5.918367346938775": 5.000013317905941e-07, "5.510204081632653": 5.000011544619239e-07, "8.36734693877551": 0.904808729648969, "4.4897959183673475": 5.000007664868214e-07, "4.6938775510204085": 5.000008377504255e-07, "8.16326530612245": 0.8946865927129893, "8.571428571428571": 0.9136924669219328, "8.979591836734695": 0.9283622403674437, "8.775510204081632": 0.9215003069083504, "9.591836734693878": 0.9442203559239585, "9.183673469387756": 0.9343828308990186, "9.795918367346939": 0.9481589002142146, "10.0": 0.9515043507529554, "9.387755102040817": 0.9396463133273993, "5.714285714285714": 0.45894374082706285, "5.3061224489795915": 0.38955554215263566}