{"1.6326530612244898": 6.992628698299086e-12, "0.40816326530612246": 1.0293987884324451e-12, "1.0204081632653061": 9.041212223337425e-12, "0.8163265306122449": 5.255795798575491e-13, "1.4285714285714286": 5.846434447676074e-13, "0.20408163265306123": 1.5543122344752192e-15, "1.2244897959183674": 5.284661597215745e-14, "2.2448979591836737": 7.706835170040449e-12, "3.673469387755102": 0.17687623874385716, "0.6122448979591837": 1.354472090042691e-14, "3.8775510204081636": 0.20893400412855356, "1.836734693877551": 1.8951507030351422e-13, "2.4489795918367347": 5.902767163945555e-11, "3.2653061224489797": 0.10555864006276361, "2.0408163265306123": 3.749889287973929e-12, "0.0": 0.0, "3.4693877551020407": 0.14252237650187205, "3.0612244897959187": 0.0656037601117131, "2.6530612244897958": 6.891038850653786e-10, "2.857142857142857": 0.022188708432978377, "4.6938775510204085": 0.3188477052662173, "4.081632653061225": 0.23895674765278319, "4.4897959183673475": 0.2937411919566838, "5.3061224489795915": 0.38662115561253063, "4.8979591836734695": 0.3426201004090621, "6.530612244897959": 0.4963246862472882, "4.285714285714286": 0.26716383010906963, "7.346938775510204": 0.555525011166468, "5.1020408163265305": 0.36517683365667897, "6.326530612244898": 0.4799797410624267, "5.510204081632653": 0.4070435698747765, "5.714285714285714": 0.4265238210999053, "6.938775510204081": 0.5270844184816427, "5.918367346938775": 0.44513251614854155, "6.122448979591837": 0.4629324564570554, "6.73469387755102": 0.5120125970250067, "7.142857142857143": 0.5415772887719086, "7.551020408163265": 0.5689584590251331, "7.755102040816327": 0.5819059248331566, "7.959183673469388": 0.5943934222834596, "8.16326530612245": 0.6064449490319712, "8.36734693877551": 0.6180827137728205, "8.571428571428571": 0.6293273386192204, "9.387755102040817": 0.6707404858000765, "8.775510204081632": 0.64019803176188, "9.183673469387756": 0.6608882882968281, "8.979591836734695": 0.650712741116275, "9.795918367346939": 0.6895336364566986, "9.591836734693878": 0.6802842392729864, "10.0": 0.6985020241703562}