{"0.40816326530612246": -3.1530333899354446e-14, "0.6122448979591837": -3.774980328330457e-12, "2.0408163265306123": 3.9390712913700554e-13, "0.20408163265306123": 0.0, "1.0204081632653061": -7.65831842386433e-13, "1.2244897959183674": -1.1163292512605949e-11, "4.285714285714286": 0.21070905128977901, "4.081632653061225": 0.17761361239951368, "0.0": 0.0, "0.8163265306122449": -3.064215547965432e-14, "1.6326530612244898": -1.5010215292932116e-12, "1.836734693877551": -1.511724079250598e-11, "1.4285714285714286": -1.3744561044859438e-13, "3.0612244897959187": 1.0546934547939202e-08, "2.857142857142857": 1.1162575308532041e-09, "2.2448979591836737": -2.602362769721367e-12, "4.4897959183673475": 0.2419211473073568, "3.2653061224489797": 0.02160937898024906, "2.4489795918367347": 3.32610605724426e-11, "2.6530612244897958": 1.671905947020491e-10, "3.8775510204081636": 0.14242643884676331, "4.6938775510204085": 0.2714279292174565, "3.4693877551020407": 0.06474655619089786, "5.3061224489795915": 0.3511494265409565, "5.1020408163265305": 0.3259178674426785, "4.8979591836734695": 0.2993825968417516, "3.673469387755102": 0.10490164682453729, "5.510204081632653": 0.3751786946599657, "5.918367346938775": 0.41997773499661095, "6.326530612244898": 0.4609164968258731, "6.122448979591837": 0.44089719793083537, "5.714285714285714": 0.3980950660194952, "6.73469387755102": 0.4984755524824206, "6.938775510204081": 0.5161126480235081, "7.959183673469388": 0.5944584445316025, "7.142857142857143": 0.533045612512707, "7.346938775510204": 0.5493128532609695, "7.755102040816327": 0.5799881342785459, "7.551020408163265": 0.5649495680040112, "8.16326530612245": 0.6083881955585981, "8.775510204081632": 0.6471831566142928, "8.36734693877551": 0.6218031389578983, "6.530612244897959": 0.48009225615289763, "8.979591836734695": 0.659191821042578, "9.183673469387756": 0.6707731628812229, "9.795918367346939": 0.7031358952718969, "9.591836734693878": 0.6927279063030769, "9.387755102040817": 0.6819459407611994, "10.0": 0.7131859058529932, "8.571428571428571": 0.6347272981568615}