{"0.0": 0.0, "0.20408163265306123": 1.1102230246251565e-16, "4.081632653061225": 0.4756081480021329, "0.40816326530612246": 2.785549568784518e-13, "1.2244897959183674": 7.553957459549565e-13, "0.6122448979591837": -9.992007221626409e-15, "1.0204081632653061": -2.4649615681937576e-11, "0.8163265306122449": -9.801048861390882e-13, "1.4285714285714286": 1.0051959264956167e-11, "4.285714285714286": 0.511047061969982, "1.6326530612244898": -1.5258905250448151e-12, "3.0612244897959187": 0.2346315868879385, "4.4897959183673475": 0.5434355853726409, "2.857142857142857": 0.16827666746939884, "2.2448979591836737": 3.443123564039752e-11, "3.8775510204081636": 0.4367010560665423, "1.836734693877551": -7.257350276290708e-11, "2.0408163265306123": 1.4080847599018398e-11, "2.4489795918367347": 0.007204238687329778, "4.6938775510204085": 0.5731257176386888, "4.8979591836734695": 0.6004163820791352, "5.3061224489795915": 0.6487865344189104, "5.714285714285714": 0.6902005501297288, "3.673469387755102": 0.3938255886999624, "5.510204081632653": 0.670276908782633, "3.4693877551020407": 0.34637710784131603, "3.2653061224489797": 0.2936168926559074, "5.1020408163265305": 0.6255632675833878, "6.122448979591837": 0.7259122204854331, "2.6530612244897958": 0.09309595741474719, "5.918367346938775": 0.7087029711029593, "6.530612244897959": 0.756891244076087, "7.142857142857143": 0.7961128007927804, "7.346938775510204": 0.8075513769869908, "6.938775510204081": 0.7839009226130603, "8.36734693877551": 0.8550103384761046, "8.16326530612245": 0.8466626612716206, "6.326530612244898": 0.7419414869841914, "6.73469387755102": 0.770851028299948, "7.959183673469388": 0.837784822790259, "7.755102040816327": 0.828336887926139, "7.551020408163265": 0.8182750953646274, "8.571428571428571": 0.8628643795231518, "8.979591836734695": 0.8772227282387746, "9.591836734693878": 0.895811662019896, "9.183673469387756": 0.8837860681065434, "9.387755102040817": 0.8899743548710058, "8.775510204081632": 0.870258261339413, "10.0": 0.9065207389986389, "9.795918367346939": 0.9013202511606224}