{"0.0": 0.0, "0.20408163265306123": 1.1102230246251565e-16, "4.081632653061225": 0.7250131851075481, "0.40816326530612246": 5.568878691519785e-13, "1.2244897959183674": 1.510569447304988e-12, "0.6122448979591837": -1.9984014443252818e-14, "1.0204081632653061": -4.9299453408480076e-11, "0.8163265306122449": -1.9597656830683263e-12, "4.285714285714286": 0.76092502364699, "1.4285714285714286": 2.010369648530741e-11, "1.6326530612244898": -3.0531133177191805e-12, "4.4897959183673475": 0.791548934089301, "3.0612244897959187": 0.4142111921842788, "2.2448979591836737": 6.83481049534862e-11, "2.857142857142857": 0.30823629811083886, "3.8775510204081636": 0.6826942994962839, "1.836734693877551": -1.4516077229131952e-10, "2.0408163265306123": 2.8069102597783058e-11, "2.4489795918367347": 0.014356576317217984, "4.6938775510204085": 0.8177783451408339, "4.8979591836734695": 0.8403329292978264, "5.714285714285714": 0.9040242859711509, "5.3061224489795915": 0.8766490946933594, "5.510204081632653": 0.8912826728993372, "3.4693877551020407": 0.572777114758215, "3.673469387755102": 0.6325525829300447, "3.2653061224489797": 0.5010229056103082, "6.122448979591837": 0.9248758589340774, "2.6530612244897958": 0.17752505753622472, "5.1020408163265305": 0.8597971288339237, "7.346938775510204": 0.962963346230092, "6.938775510204081": 0.9533010838664318, "5.918367346938775": 0.9151460195965972, "6.530612244897959": 0.9408980750100386, "7.142857142857143": 0.9584298712978505, "8.36734693877551": 0.9789774100306178, "7.959183673469388": 0.9736858575919674, "6.326530612244898": 0.9334057618060787, "8.16326530612245": 0.9764871863683039, "6.73469387755102": 0.9474906704205276, "7.755102040816327": 0.9705314765586466, "8.571428571428571": 0.9811930991929162, "7.551020408163265": 0.9669758248005992, "8.979591836734695": 0.9849246799218357, "9.591836734693878": 0.9891430126892847, "9.183673469387756": 0.9864930513239228, "8.775510204081632": 0.983166201705361, "9.387755102040817": 0.9878928486458964, "10.0": 0.9912592148588564, "9.795918367346939": 0.9902602286479127}