{"0.0": 0.0, "0.20408163265306123": 1.1102230246251565e-16, "4.081632653061225": 1.200621333109681, "0.40816326530612246": 8.354428260304303e-13, "1.2244897959183674": 2.2659651932599445e-12, "0.6122448979591837": -2.9976021664879227e-14, "1.0204081632653061": -7.394906909041765e-11, "0.8163265306122449": -2.9398705692074145e-12, "1.4285714285714286": 3.015565575026358e-11, "4.285714285714286": 1.271972085616972, "1.6326530612244898": -4.579003842763996e-12, "4.4897959183673475": 1.334984519461942, "3.0612244897959187": 0.6488427790722173, "2.2448979591836737": 1.0277922957158125e-10, "2.857142857142857": 0.4765129655802377, "3.8775510204081636": 1.1193953555628262, "1.836734693877551": -2.177342750542266e-10, "2.0408163265306123": 4.2149950196801456e-11, "2.4489795918367347": 0.021560815004547762, "4.8979591836734695": 1.4407493113769614, "4.6938775510204085": 1.3909040627795226, "5.714285714285714": 1.5942248361008797, "5.3061224489795915": 1.5254356291122697, "3.673469387755102": 1.026378171630007, "3.4693877551020407": 0.9191542225995311, "5.510204081632653": 1.56155958168197, "3.2653061224489797": 0.7946397982662156, "6.122448979591837": 1.6507880794195104, "2.6530612244897958": 0.270621014950972, "5.1020408163265305": 1.4853603964173114, "7.346938775510204": 1.7705147232170826, "6.938775510204081": 1.737202006479492, "5.918367346938775": 1.6238489906995566, "8.36734693877551": 1.8339877485067224, "6.530612244897959": 1.6977893190861257, "7.142857142857143": 1.754542672090631, "7.959183673469388": 1.8114706803822265, "6.326530612244898": 1.67534724879027, "8.16326530612245": 1.8231498476399246, "6.73469387755102": 1.7183416987204754, "7.755102040816327": 1.7988683644847856, "8.571428571428571": 1.844057478716068, "7.551020408163265": 1.7852509201652265, "8.979591836734695": 1.8621474081606104, "9.591836734693878": 1.8849546747091808, "9.183673469387756": 1.870279119430466, "9.387755102040817": 1.8778672035169024, "10.0": 1.8977799538574953, "8.775510204081632": 1.8534244630447738, "9.795918367346939": 1.8915804798085352}