{"0.40816326530612246": 2.574607194105738e-13, "0.8163265306122449": 7.738254481637341e-14, "0.6122448979591837": 1.1493694884734396e-11, "0.20408163265306123": 4.440892098500626e-16, "1.4285714285714286": 1.1110401487712807e-10, "2.4489795918367347": 2.2294721624405156e-11, "3.0612244897959187": 2.1706532127296896e-09, "1.0204081632653061": 1.4208634269152753e-12, "2.0408163265306123": 3.583033869603014e-11, "1.6326530612244898": 9.134915046615788e-13, "2.2448979591836737": 1.4440837414753105e-10, "2.6530612244897958": 1.097621993295661e-10, "1.2244897959183674": 1.5109136164426218e-11, "0.0": 0.0, "1.836734693877551": 6.842082456159915e-12, "2.857142857142857": 4.742927162126875e-10, "3.8775510204081636": 0.062197018920770564, "3.2653061224489797": 1.1237479391468241e-08, "3.4693877551020407": 1.3121952746608656e-07, "4.285714285714286": 0.12722657077674482, "3.673469387755102": 0.026435001512294387, "4.6938775510204085": 0.1850402147863318, "4.4897959183673475": 0.15694354809369515, "6.122448979591837": 0.34690405722946893, "5.918367346938775": 0.3268361583534031, "5.3061224489795915": 0.2610262620905559, "4.081632653061225": 0.09571312501634066, "5.1020408163265305": 0.2369586973770349, "4.8979591836734695": 0.21166816081918438, "5.510204081632653": 0.28397114758664743, "6.530612244897959": 0.3846222916759159, "7.959183673469388": 0.4960984949443571, "7.755102040816327": 0.48183166753407636, "6.326530612244898": 0.3661475296545117, "6.938775510204081": 0.41946152271060344, "7.551020408163265": 0.46706473105660484, "6.73469387755102": 0.40237850897094574, "7.142857142857143": 0.4359124665509677, "5.714285714285714": 0.3058817076486575, "8.16326530612245": 0.509891900952405, "7.346938775510204": 0.45176879394403857, "8.571428571428571": 0.5361556820039237, "8.775510204081632": 0.5486705575520257, "8.979591836734695": 0.5608013769497293, "9.387755102040817": 0.5839854159819273, "9.591836734693878": 0.5950733197388443, "10.0": 0.6163208530264059, "8.36734693877551": 0.5232366249025164, "9.795918367346939": 0.6058467401758175, "9.183673469387756": 0.5725670534188656}