{"0.20408163265306123": 3.0331293032759277e-13, "1.2244897959183674": 5.2324256039071315e-11, "0.40816326530612246": 2.886579864025407e-14, "0.6122448979591837": 1.3412604360496516e-12, "1.4285714285714286": -2.190176706662328e-09, "1.0204081632653061": 8.881650970238297e-11, "1.836734693877551": 1.872013655201954e-09, "0.8163265306122449": 1.724831388827397e-11, "1.6326530612244898": 2.569113810579893e-10, "3.2653061224489797": 3.0663949157627712e-09, "2.2448979591836737": 1.5501044892118898e-11, "2.857142857142857": 2.7817148584574625e-10, "3.0612244897959187": 9.776550680129503e-10, "2.4489795918367347": 1.638422730820821e-11, "2.6530612244897958": 7.143574620727122e-11, "3.4693877551020407": 9.834683512011111e-09, "3.8775510204081636": 7.915204114361529e-08, "3.673469387755102": 2.843097635096825e-08, "2.0408163265306123": 1.9843016119125423e-12, "0.0": 0.0, "4.081632653061225": 2.086115507005104e-07, "4.4897959183673475": 1.4207828991086302e-06, "4.285714285714286": 5.451244765586338e-07, "4.6938775510204085": 3.812700803407232e-06, "7.142857142857143": 0.3653499509204001, "6.938775510204081": 0.33446772874490505, "7.346938775510204": 0.3945356536000094, "5.1020408163265305": 4.5300638451650777e-05, "6.73469387755102": 0.30176338814540005, "7.551020408163265": 0.4221396251584413, "6.326530612244898": 0.23032319238779275, "4.8979591836734695": 1.1240437836179673e-05, "6.530612244897959": 0.26709910093227307, "6.122448979591837": 0.19126841162205266, "7.755102040816327": 0.4482670363441177, "5.510204081632653": 0.05848841664811677, "5.918367346938775": 0.14974975159290826, "5.714285714285714": 0.10556296332560211, "5.3061224489795915": 0.008552469790870876, "7.959183673469388": 0.47301447545038033, "8.16326530612245": 0.4964708454557055, "8.571428571428571": 0.5398321418257312, "9.387755102040817": 0.6142840640425546, "8.36734693877551": 0.5187181436170719, "8.775510204081632": 0.5598829816192588, "9.183673469387756": 0.5970506764890955, "9.591836734693878": 0.6306881307680848, "8.979591836734695": 0.5789356970274582, "9.795918367346939": 0.6463115872789262, "10.0": 0.6611998728348062}