{"0.20408163265306123": 2.680966559864828e-13, "1.2244897959183674": 4.9853388084386554e-11, "0.40816326530612246": 2.595701431573616e-14, "0.6122448979591837": 1.2252865388973077e-12, "1.4285714285714286": -2.1132750438468405e-09, "1.0204081632653061": 8.34955216078015e-11, "1.836734693877551": 1.8501786880342763e-09, "0.8163265306122449": 1.599042009914342e-11, "1.6326530612244898": 2.5093930267061635e-10, "3.2653061224489797": 3.2937577554292828e-09, "2.2448979591836737": 1.57473256656715e-11, "2.857142857142857": 2.9441394877594003e-10, "3.0612244897959187": 1.0422676943733223e-09, "2.4489795918367347": 1.709283825590546e-11, "2.6530612244897958": 7.50650763770011e-11, "3.4693877551020407": 1.0633762492773259e-08, "3.8775510204081636": 8.679392041743838e-08, "3.673469387755102": 3.095868384983546e-08, "2.0408163265306123": 1.9995338718103995e-12, "0.0": 0.0, "4.081632653061225": 2.3037659822033876e-07, "4.4897959183673475": 1.5910640936755981e-06, "4.285714285714286": 6.062202313694698e-07, "4.6938775510204085": 4.299392881990105e-06, "7.142857142857143": 0.3967234008067442, "6.938775510204081": 0.3648830137144642, "7.346938775510204": 0.42655252811126704, "5.1020408163265305": 5.179345491393983e-05, "6.73469387755102": 0.3308456210496863, "7.551020408163265": 0.45453611205783256, "6.326530612244898": 0.25531684870538185, "4.8979591836734695": 1.2763269525883914e-05, "6.530612244897959": 0.2944022394116511, "6.122448979591837": 0.21332200103652302, "7.755102040816327": 0.48082250691333384, "5.510204081632653": 0.06662587211699433, "5.918367346938775": 0.16811337359902256, "5.714285714285714": 0.11934435730516284, "5.3061224489795915": 0.009821127950428232, "7.959183673469388": 0.5055449599219503, "8.16326530612245": 0.5288235218968133, "8.571428571428571": 0.5714727044668209, "9.387755102040817": 0.6435972201932435, "8.36734693877551": 0.5507666718600245, "8.775510204081632": 0.5910309186006427, "9.183673469387756": 0.6270221051886041, "9.591836734693878": 0.6593102346560284, "8.979591836734695": 0.6095226400148573, "9.795918367346939": 0.674218312687709, "10.0": 0.6883740416053984}