{"0.0": 0.0, "0.20408163265306123": 0.0, "0.6122448979591837": -1.0880185641326534e-14, "0.40816326530612246": -2.220446049250313e-16, "0.8163265306122449": -2.19824158875781e-13, "1.4285714285714286": 2.0539125955565396e-14, "2.4489795918367347": 1.7215118219837677e-11, "1.2244897959183674": 2.3314683517128287e-15, "1.0204081632653061": 1.1102230246251565e-16, "2.0408163265306123": 5.666578317686799e-13, "1.6326530612244898": 1.5132339825640884e-13, "1.836734693877551": 1.5227819005758647e-12, "2.2448979591836737": 3.3799629761688266e-12, "2.6530612244897958": 7.767397836033751e-11, "3.2653061224489797": 3.887489774534458e-09, "2.857142857142857": 3.083556743277427e-10, "3.0612244897959187": 1.1338602279309384e-09, "4.081632653061225": 4.0692628133776054e-07, "4.285714285714286": 1.5675173319351643e-06, "4.8979591836734695": 0.08413733799925582, "4.4897959183673475": 1.506147213414799e-05, "4.6938775510204085": 0.03677561882202873, "5.1020408163265305": 0.128162034885265, "3.4693877551020407": 1.2643952218560628e-08, "5.3061224489795915": 0.1691849158779315, "5.510204081632653": 0.20749794299611324, "3.8775510204081636": 1.246390208820003e-07, "5.714285714285714": 0.2433555833935851, "3.673469387755102": 3.980076868081994e-08, "6.530612244897959": 0.3663096567907973, "5.918367346938775": 0.276980646333466, "6.938775510204081": 0.41774451656300615, "7.959183673469388": 0.524439351415142, "7.551020408163265": 0.48506416887119264, "6.326530612244898": 0.3382942462403836, "8.16326530612245": 0.5426972654946642, "7.346938775510204": 0.46380634199585924, "7.142857142857143": 0.4413962369117239, "6.122448979591837": 0.3085691361984918, "8.775510204081632": 0.5924734129393684, "8.979591836734695": 0.6075717335318417, "6.73469387755102": 0.39275227392358636, "8.36734693877551": 0.560085624283254, "7.755102040816327": 0.5052506569535413, "8.571428571428571": 0.5766605084322485, "9.183673469387756": 0.6219991910387779, "9.387755102040817": 0.6357962023785868, "9.591836734693878": 0.649000205735205, "10.0": 0.6737657217252444, "9.795918367346939": 0.6616459452731498}