{"0.0": 0.0, "0.6122448979591837": -2.1760371282653068e-14, "0.20408163265306123": 0.0, "0.40816326530612246": -2.220446049250313e-16, "0.8163265306122449": -4.3920422854171193e-13, "2.4489795918367347": 3.201194864743684e-11, "1.2244897959183674": 4.3298697960381105e-15, "1.4285714285714286": 4.107825191113079e-14, "1.0204081632653061": 1.1102230246251565e-16, "2.0408163265306123": 1.0408340855860843e-12, "1.6326530612244898": 3.0164759579065503e-13, "1.836734693877551": 3.032130102553765e-12, "2.6530612244897958": 1.454658615784865e-10, "2.2448979591836737": 6.245115535818968e-12, "2.857142857142857": 5.808429293097106e-10, "3.2653061224489797": 7.422609860086027e-09, "3.0612244897959187": 2.1501834757131633e-09, "4.081632653061225": 7.997046880259262e-07, "4.285714285714286": 3.104060024905486e-06, "4.4897959183673475": 3.005791639776323e-05, "4.8979591836734695": 0.16119538509186293, "4.6938775510204085": 0.0721986723358855, "5.1020408163265305": 0.2398982445086345, "3.4693877551020407": 2.4310952362327498e-08, "5.3061224489795915": 0.3097458054749549, "5.510204081632653": 0.37193975370057064, "3.8775510204081636": 2.4313036073309036e-07, "5.714285714285714": 0.42748814776399946, "3.673469387755102": 7.707403415491143e-08, "6.530612244897959": 0.5984323823638042, "5.918367346938775": 0.4772414633198049, "6.938775510204081": 0.6609710481912148, "7.959183673469388": 0.7738153439091483, "6.326530612244898": 0.5621424524193563, "7.551020408163265": 0.734824496775118, "8.16326530612245": 0.7908407729366425, "7.346938775510204": 0.7124834838711722, "8.775510204081632": 0.833859959151416, "7.142857142857143": 0.6879519497534745, "6.122448979591837": 0.5219211706518053, "8.979591836734695": 0.8459249283331244, "7.755102040816327": 0.7552019254054835, "6.73469387755102": 0.6312445717634536, "8.36734693877551": 0.8064338854326543, "9.183673469387756": 0.8570252285441204, "8.571428571428571": 0.8207327158921659, "9.387755102040817": 0.8672481925246609, "9.591836734693878": 0.8766721164062585, "10.0": 0.8933971021820863, "9.795918367346939": 0.8853673262657735}