{"0.0": 0.0, "0.6122448979591837": -3.26405569239796e-14, "0.20408163265306123": 0.0, "0.40816326530612246": -4.440892098500626e-16, "0.8163265306122449": -6.590283874174929e-13, "2.4489795918367347": 4.9227066867274516e-11, "1.2244897959183674": 6.772360450213455e-15, "1.4285714285714286": 6.161737786669619e-14, "1.0204081632653061": 1.1102230246251565e-16, "2.0408163265306123": 1.6076029396572267e-12, "1.6326530612244898": 4.5285997174460135e-13, "1.836734693877551": 4.555023025432092e-12, "2.6530612244897958": 2.2313983993882403e-10, "2.2448979591836737": 9.625189534290257e-12, "2.857142857142857": 8.891986036374533e-10, "3.2653061224489797": 1.1310099634620485e-08, "3.0612244897959187": 3.284043814666404e-09, "4.081632653061225": 1.2066309693636867e-06, "4.285714285714286": 4.671577356951673e-06, "4.4897959183673475": 4.51193885318002e-05, "4.8979591836734695": 0.24533272309111886, "5.1020408163265305": 0.3680602793938994, "4.6938775510204085": 0.10897429115791413, "3.4693877551020407": 3.6954904580888126e-08, "5.3061224489795915": 0.4789307213528864, "5.510204081632653": 0.5794376966966839, "3.8775510204081636": 3.6776938161509065e-07, "6.530612244897959": 0.9647420391546015, "3.673469387755102": 1.1687480294675368e-07, "5.714285714285714": 0.6708437311575847, "5.918367346938775": 0.754222109653271, "6.938775510204081": 1.078715564754221, "7.959183673469388": 1.2982546953242904, "6.326530612244898": 0.90043669865974, "7.551020408163265": 1.2198886656463106, "8.16326530612245": 1.3335380384313067, "7.346938775510204": 1.1762898258670313, "8.775510204081632": 1.4263333720907845, "7.142857142857143": 1.1293481866651984, "6.122448979591837": 0.8304903068502972, "8.979591836734695": 1.4534966618649658, "7.755102040816327": 1.2604525823590247, "9.183673469387756": 1.4790244195828983, "8.36734693877551": 1.3665195097159084, "6.73469387755102": 1.0239968456870399, "8.571428571428571": 1.3973932243244143, "9.387755102040817": 1.5030443949032477, "10.0": 1.5671628239073307, "9.795918367346939": 1.5470132715389233, "9.591836734693878": 1.5256723221414634}