{"0.6122448979591837": 6.367923485955421e-08, "0.20408163265306123": 1.923076832702217e-08, "1.2244897959183674": 1.5083792468739782e-07, "0.40816326530612246": 4.035874031605612e-08, "0.8163265306122449": 8.955221759991037e-08, "1.0204081632653061": 1.1842101439487968e-07, "1.4285714285714286": 1.8749989721686609e-07, "1.6326530612244898": 2.2929920307161684e-07, "2.0408163265306123": 3.3333296227501284e-07, "2.4489795918367347": 4.778752493367621e-07, "1.836734693877551": 2.773970155765095e-07, "2.2448979591836737": 3.9919298627166676e-07, "3.0612244897959187": 8.437465771989382e-07, "2.857142857142857": 6.92305598892652e-07, "3.4693877551020407": 1.3189546763866141e-06, "3.673469387755102": 1.7233820105727754e-06, "2.6530612244897958": 5.735280874844717e-07, "3.2653061224489797": 1.0434723832075435e-06, "3.8775510204081636": 2.374946053634558e-06, "0.0": 0.0, "5.714285714285714": 0.16245750549045115, "5.3061224489795915": 0.1167007214580392, "4.081632653061225": 3.599825267450038e-06, "5.1020408163265305": 0.08997490355797236, "7.142857142857143": 0.2682495843191448, "5.918367346938775": 0.18210878260051117, "6.73469387755102": 0.2445043890186194, "6.938775510204081": 0.25688980690129987, "6.530612244897959": 0.23097753386791559, "6.122448979591837": 0.1999458063548493, "7.346938775510204": 0.27868459115373706, "7.551020408163265": 0.28828287654932766, "4.6938775510204085": 0.026824856208073667, "7.755102040816327": 0.29712141386675234, "6.326530612244898": 0.216175963574502, "7.959183673469388": 0.3052675528591689, "4.8979591836734695": 0.0601738342327302, "5.510204081632653": 0.14074965613156004, "8.36734693877551": 0.3197110049740543, "8.775510204081632": 0.332001088876355, "4.285714285714286": 6.748940131844314e-06, "9.183673469387756": 0.34243194498248913, "8.571428571428571": 0.32610488517071984, "8.979591836734695": 0.33743364831132133, "8.16326530612245": 0.31278023349051715, "9.387755102040817": 0.34702116877071065, "9.795918367346939": 0.3550545474282797, "9.591836734693878": 0.351222717420365, "4.4897959183673475": 3.289224532238617e-05, "10.0": 0.3585314855367447}