{"0.20408163265306123": 0.0, "0.40816326530612246": -3.5482727867020003e-13, "0.0": 0.0, "0.8163265306122449": -1.3182788194399109e-12, "0.6122448979591837": -2.1316282072803006e-14, "1.6326530612244898": -2.4771829032488313e-10, "1.2244897959183674": -2.8470559243487514e-12, "1.0204081632653061": -3.3403280141897085e-11, "2.4489795918367347": -1.765698698363849e-11, "3.4693877551020407": 0.2362041608081874, "4.081632653061225": 0.37362249335995423, "1.836734693877551": -2.0173640535858794e-11, "1.4285714285714286": -2.5055735264345458e-11, "2.2448979591836737": -7.724310080448049e-11, "4.285714285714286": 0.4122326677922127, "2.0408163265306123": -2.7172153416188394e-10, "2.6530612244897958": 2.4033816048429912e-09, "3.673469387755102": 0.28607055550759286, "3.0612244897959187": 0.12122278637450756, "3.2653061224489797": 0.18150222525648718, "5.1020408163265305": 0.5400316615985533, "2.857142857142857": 0.054447663089733256, "3.8775510204081636": 0.33170890819446963, "4.4897959183673475": 0.44789558470830315, "4.6938775510204085": 0.48091491212752735, "5.3061224489795915": 0.5665519085499896, "4.8979591836734695": 0.5115516285226196, "5.510204081632653": 0.5912850276615008, "5.918367346938775": 0.635981679137091, "5.714285714285714": 0.6143832866314916, "6.122448979591837": 0.6562004685420177, "6.530612244897959": 0.6929188251870242, "6.326530612244898": 0.6751472788261883, "7.142857142857143": 0.7400140791876795, "7.346938775510204": 0.7538793867901565, "6.938775510204081": 0.7252768579117281, "8.571428571428571": 0.8217828016282256, "8.775510204081632": 0.8309701793470753, "7.551020408163265": 0.7669325038291758, "9.183673469387756": 0.8478499137266169, "8.979591836734695": 0.8396487644844048, "7.755102040816327": 0.7792281380279616, "8.16326530612245": 0.8017438851894011, "8.36734693877551": 0.8120528514531287, "9.591836734693878": 0.8629344705002845, "10.0": 0.8764337716510252, "6.73469387755102": 0.7096023554545164, "9.795918367346939": 0.869870278482278, "9.387755102040817": 0.8556027737195927, "7.959183673469388": 0.7908165228481419}