{"0.20408163265306123": -2.220446049250313e-16, "0.40816326530612246": -8.8662410746565e-13, "0.0": 0.0, "0.8163265306122449": -3.2949198924825396e-12, "0.6122448979591837": -5.3512749786932545e-14, "1.6326530612244898": -6.192988344366768e-10, "1.2244897959183674": -7.118083900081729e-12, "2.4489795918367347": -4.777134243738601e-11, "1.0204081632653061": -8.350831137704517e-11, "3.4693877551020407": 0.490149064177857, "4.081632653061225": 0.6894794216597798, "1.836734693877551": -5.045541762171979e-11, "2.2448979591836737": -1.9388068928094526e-10, "1.4285714285714286": -6.264033736158581e-11, "4.285714285714286": 0.735141682867771, "2.0408163265306123": -6.794429463496954e-10, "3.673469387755102": 0.5693363317801685, "2.6530612244897958": 5.9936311469499515e-09, "3.0612244897959187": 0.27606934336312583, "3.2653061224489797": 0.3939007345221287, "5.1020408163265305": 0.8565105784718148, "2.857142857142857": 0.13061142066546616, "3.8775510204081636": 0.6348980257838996, "4.4897959183673475": 0.7735079003121669, "5.510204081632653": 0.8932048630774262, "5.3061224489795915": 0.8763076607036496, "4.6938775510204085": 0.8058683280954984, "4.8979591836734695": 0.8332573545379828, "5.918367346938775": 0.9200518559165061, "5.714285714285714": 0.9076600153198591, "6.122448979591837": 0.9306951475151465, "6.530612244897959": 0.9477442570297784, "6.326530612244898": 0.9398525864039236, "7.346938775510204": 0.9699478952148126, "8.571428571428571": 0.986590587843025, "6.938775510204081": 0.9604414432738948, "7.142857142857143": 0.9655350240565095, "8.775510204081632": 0.9882522059501779, "7.551020408163265": 0.9737752527009619, "9.183673469387756": 0.9909683939893532, "7.755102040816327": 0.9770982198048951, "8.979591836734695": 0.9897021935768793, "8.36734693877551": 0.984685046699723, "9.591836734693878": 0.9930423189805425, "8.16326530612245": 0.9824980798389658, "10.0": 0.9946298396696307, "6.73469387755102": 0.9545551900220888, "9.795918367346939": 0.993888794333221, "9.387755102040817": 0.9920748440860772, "7.959183673469388": 0.9799860717153669}