{"0.20408163265306123": -2.220446049250313e-16, "0.40816326530612246": -1.24145138613585e-12, "0.0": 0.0, "0.8163265306122449": -4.6131987119224505e-12, "0.6122448979591837": -7.482903185973555e-14, "1.6326530612244898": -8.670171247615599e-10, "1.2244897959183674": -9.96513982443048e-12, "1.0204081632653061": -1.1691159151894226e-10, "2.4489795918367347": -6.54283294210245e-11, "3.4693877551020407": 0.7263532249860444, "4.081632653061225": 1.0631019150197343, "2.2448979591836737": -2.7112379008542575e-10, "1.836734693877551": -7.062905815757858e-11, "1.4285714285714286": -8.769607262593127e-11, "4.285714285714286": 1.1473743506599838, "3.673469387755102": 0.8554068872877614, "2.6530612244897958": 8.397012751792943e-09, "2.0408163265306123": -9.511644805115793e-10, "3.0612244897959187": 0.3972921297376334, "3.2653061224489797": 0.575402959778616, "5.1020408163265305": 1.3965422400703682, "2.857142857142857": 0.1850590837551993, "4.4897959183673475": 1.22140348502047, "3.8775510204081636": 0.9666069339783693, "5.510204081632653": 1.484489890738927, "5.3061224489795915": 1.4428595692536392, "4.6938775510204085": 1.2867832402230257, "4.8979591836734695": 1.3448089830606023, "5.918367346938775": 1.5560335350535972, "5.714285714285714": 1.5220433019513506, "6.122448979591837": 1.5868956160571641, "6.530612244897959": 1.6406630822168025, "6.326530612244898": 1.6149998652301119, "7.346938775510204": 1.7238272820049692, "8.571428571428571": 1.8083733894712506, "6.938775510204081": 1.685718301185623, "7.142857142857143": 1.705549103244189, "8.775510204081632": 1.819222385297253, "7.551020408163265": 1.7407077565301379, "9.183673469387756": 1.83881830771597, "7.755102040816327": 1.7563263578328567, "8.979591836734695": 1.8293509580612841, "9.591836734693878": 1.855976789480827, "10.0": 1.8710636113206558, "8.16326530612245": 1.784241965028367, "8.36734693877551": 1.7967378981528517, "9.795918367346939": 1.863759072815499, "6.73469387755102": 1.664157545476605, "7.959183673469388": 1.7708025945635089, "9.387755102040817": 1.8476776178056697}