{"0.6122448979591837": 1.7206336696651896e-07, "0.40816326530612246": 1.039596564132965e-07, "0.20408163265306123": 4.752619637681432e-08, "1.0204081632653061": 3.615368774106937e-07, "0.8163265306122449": 2.5587485083831453e-07, "1.4285714285714286": 6.846460568251078e-07, "3.8775510204081636": 0.3703466962758263, "1.2244897959183674": 4.988752857925719e-07, "3.2653061224489797": 0.2448064157174663, "1.836734693877551": 1.3597876376193228e-06, "3.4693877551020407": 0.293669875002144, "3.673469387755102": 0.33505056861445975, "1.6326530612244898": 9.499529746768444e-07, "3.0612244897959187": 0.18663741590493826, "2.0408163265306123": 2.0764563130814945e-06, "2.2448979591836737": 3.6506898983291384e-06, "0.0": 0.0, "2.857142857142857": 0.1167493421640541, "2.6530612244897958": 0.03189905026585613, "4.081632653061225": 0.400645822481859, "4.8979591836734695": 0.48662322122611434, "5.3061224489795915": 0.5152821367121434, "4.285714285714286": 0.4268044962428502, "4.6938775510204085": 0.46929594447735007, "5.1020408163265305": 0.5018516149174524, "4.4897959183673475": 0.44950491743415905, "5.714285714285714": 0.5377088006971291, "6.73469387755102": 0.5756419807025623, "6.938775510204081": 0.5810419237036428, "5.918367346938775": 0.5470897838739746, "5.510204081632653": 0.5271648470120848, "7.142857142857143": 0.5859004667369144, "6.530612244897959": 0.56963262358969, "7.346938775510204": 0.5902762024699557, "7.551020408163265": 0.59421962663737, "2.4489795918367347": 9.913706819244388e-06, "6.326530612244898": 0.5629347926408494, "6.122448979591837": 0.5554563844618156, "7.959183673469388": 0.6009773424247905, "8.16326530612245": 0.6038609496365317, "7.755102040816327": 0.597774221245089, "8.775510204081632": 0.610845220552183, "9.591836734693878": 0.616885956059852, "9.183673469387756": 0.6142945829989674, "8.571428571428571": 0.6087739726038315, "8.979591836734695": 0.6126813709165165, "9.387755102040817": 0.6156939989315283, "9.795918367346939": 0.6178741756538314, "8.36734693877551": 0.6064522058163729, "10.0": 0.6186599354341613}