{"0.20408163265306123": 3.766858636122556e-08, "0.40816326530612246": 7.879969099751479e-08, "2.2448979591836737": 7.41111167719753e-07, "1.0204081632653061": 2.285601639353229e-07, "0.6122448979591837": 1.238981429815368e-07, "1.2244897959183674": 2.897700057253167e-07, "2.857142857142857": 1.237467801193052e-06, "1.836734693877551": 5.235387630201052e-07, "0.8163265306122449": 1.7357196542808888e-07, "1.4285714285714286": 3.583277993638057e-07, "1.6326530612244898": 4.3564924553921617e-07, "3.0612244897959187": 1.4799969944193236e-06, "2.0408163265306123": 6.243327388640296e-07, "0.0": 0.0, "2.4489795918367347": 8.78019064269968e-07, "3.2653061224489797": 1.7865257158498304e-06, "3.673469387755102": 2.7295122307796887e-06, "2.6530612244897958": 1.0407703610919092e-06, "3.4693877551020407": 2.1862863971805013e-06, "3.8775510204081636": 3.5104243210044765e-06, "4.285714285714286": 6.896011011258961e-06, "5.918367346938775": 0.5593829990195944, "6.530612244897959": 0.7729349181198885, "4.081632653061225": 4.728874459299e-06, "4.4897959183673475": 1.1826873076075793e-05, "7.142857142857143": 0.942769981604707, "5.714285714285714": 0.47577050515868, "6.326530612244898": 0.7073008145316638, "5.3061224489795915": 0.2850696421267898, "7.755102040816327": 1.080046359221676, "6.938775510204081": 0.8902349691150679, "7.346938775510204": 0.9917169794381291, "6.73469387755102": 0.8337582212271732, "6.122448979591837": 0.6363221010941343, "5.1020408163265305": 0.17587661612233085, "7.551020408163265": 1.0373854538236036, "4.8979591836734695": 0.05575425917066377, "4.6938775510204085": 3.4111447752268665e-05, "7.959183673469388": 1.119936851706424, "8.16326530612245": 1.1572642508072717, "5.510204081632653": 0.3846555446137444, "8.36734693877551": 1.192209368293114, "8.571428571428571": 1.2249293204503466, "9.591836734693878": 1.359266726834269, "9.387755102040817": 1.335995276529545, "8.979591836734695": 1.284217720574241, "9.795918367346939": 1.3808713666313421, "10.0": 1.4008521907216434, "8.775510204081632": 1.2555599192040003, "9.183673469387756": 1.3110017954302173}