{"0.20408163265306123": 2.582274672480366e-08, "0.40816326530612246": 5.405691617097263e-08, "2.2448979591836737": 5.116879145678148e-07, "1.0204081632653061": 1.571254017256869e-07, "0.6122448979591837": 8.505435339954843e-08, "1.2244897959183674": 1.9934641233445395e-07, "2.857142857142857": 8.562745953847669e-07, "1.836734693877551": 3.6094385635416577e-07, "0.8163265306122449": 1.1923882791034687e-07, "1.4285714285714286": 2.4668686531614415e-07, "3.0612244897959187": 1.024854089341485e-06, "1.6326530612244898": 3.001334676686351e-07, "2.0408163265306123": 4.307464413182407e-07, "2.4489795918367347": 6.066572692974437e-07, "0.0": 0.0, "3.2653061224489797": 1.2380381129841803e-06, "3.673469387755102": 1.8943549364882946e-06, "2.6530612244897958": 7.196370083019763e-07, "3.4693877551020407": 1.5162011690485548e-06, "3.8775510204081636": 2.4381699232477983e-06, "4.285714285714286": 4.796925041949869e-06, "5.918367346938775": 0.37397377551218164, "6.530612244897959": 0.5062987661954617, "4.081632653061225": 3.28693942068307e-06, "4.4897959183673475": 8.233177112299635e-06, "7.142857142857143": 0.6060379835134513, "5.714285714285714": 0.3203707183173799, "6.326530612244898": 0.46638358426078763, "5.3061224489795915": 0.19486041139065968, "7.755102040816327": 0.6823553173809644, "6.938775510204081": 0.5757689267963363, "7.346938775510204": 0.6337292499484608, "6.73469387755102": 0.54263314124003, "6.122448979591837": 0.4224459652727454, "7.551020408163265": 0.6590948774974722, "5.1020408163265305": 0.1211663683132632, "4.8979591836734695": 0.03872160446785295, "4.6938775510204085": 2.376464051598147e-05, "7.959183673469388": 0.7037035581449731, "8.16326530612245": 0.7233086711852849, "8.36734693877551": 0.7413187901461447, "5.510204081632653": 0.260939419366502, "8.571428571428571": 0.7578636254228993, "9.591836734693878": 0.8221026913916579, "9.387755102040817": 0.8114504680546277, "8.979591836734695": 0.7869966435109493, "9.795918367346939": 0.8317810563972329, "8.775510204081632": 0.7730565957283537, "10.0": 0.8405316378625, "9.183673469387756": 0.7997697889971291}