{"0.6122448979591837": 8.392218796449104e-08, "0.20408163265306123": 2.3289244825843845e-08, "0.40816326530612246": 5.083517464645339e-08, "1.0204081632653061": 1.750913223030955e-07, "1.2244897959183674": 2.403741048010337e-07, "1.4285714285714286": 3.2762857461379633e-07, "0.8163265306122449": 1.2440920091923101e-07, "3.8775510204081636": 0.18484775116909544, "1.836734693877551": 6.349295984427357e-07, "3.4693877551020407": 0.14355397973781206, "1.6326530612244898": 4.501912196440308e-07, "3.0612244897959187": 0.08600194270065414, "3.673469387755102": 0.1658311908478194, "3.2653061224489797": 0.11726884281766473, "2.0408163265306123": 9.452347958315442e-07, "2.4489795918367347": 3.5411957545861817e-06, "0.0": 0.0, "2.857142857142857": 0.04846449303107603, "2.6530612244897958": 0.0029733373288933925, "4.081632653061225": 0.2011851156785226, "4.4897959183673475": 0.22756154483296126, "4.8979591836734695": 0.24763335062198394, "5.1020408163265305": 0.25587900027038735, "4.285714285714286": 0.21530138632100357, "4.6938775510204085": 0.2382593364464601, "5.3061224489795915": 0.26315755726907536, "5.714285714285714": 0.2753275531517336, "2.2448979591836737": 1.5750316311676789e-06, "5.510204081632653": 0.26960304535174245, "5.918367346938775": 0.28042536834419596, "7.142857142857143": 0.3015811737176969, "7.346938775510204": 0.3039758582721445, "6.938775510204081": 0.29892518063921586, "6.73469387755102": 0.29597633994858663, "7.551020408163265": 0.30613643666399365, "6.530612244897959": 0.29269806591201386, "6.326530612244898": 0.28904785621325474, "6.122448979591837": 0.2849762222462228, "7.755102040816327": 0.3080863555267773, "7.959183673469388": 0.3098457824059818, "8.16326530612245": 0.3114319976338827, "8.36734693877551": 0.31285971723451217, "8.571428571428571": 0.3141413597302517, "9.387755102040817": 0.3179865419094038, "8.775510204081632": 0.31528726745506086, "9.591836734693878": 0.31865730234071005, "8.979591836734695": 0.3163058912067441, "9.183673469387756": 0.31720394566899446, "9.795918367346939": 0.31921846276457794, "10.0": 0.3196709654584617}