{"0.6122448979591837": 2.5487479307734314e-07, "0.20408163265306123": 7.073029910071093e-08, "0.40816326530612246": 1.5438830818552515e-07, "1.0204081632653061": 5.317588306982899e-07, "1.2244897959183674": 7.300250590253621e-07, "1.4285714285714286": 9.95020115493752e-07, "0.8163265306122449": 3.7783535093988684e-07, "3.8775510204081636": 0.5613894665135493, "1.836734693877551": 1.928304706381642e-06, "3.4693877551020407": 0.43597875327779967, "1.6326530612244898": 1.3672474078077975e-06, "3.0612244897959187": 0.2611910852390238, "3.673469387755102": 0.5036354685007846, "3.2653061224489797": 0.35614981892772263, "2.0408163265306123": 2.8707130836365415e-06, "2.4489795918367347": 1.0754742662076551e-05, "0.0": 0.0, "2.857142857142857": 0.1471884603166013, "2.6530612244897958": 0.009030135591454007, "4.081632653061225": 0.611006647616254, "4.4897959183673475": 0.6911128398630675, "4.8979591836734695": 0.7520716574445442, "5.1020408163265305": 0.7771140008211768, "4.285714285714286": 0.6538782843823074, "4.6938775510204085": 0.7236024292077678, "5.3061224489795915": 0.799219248002377, "5.714285714285714": 0.8361799762385985, "2.2448979591836737": 4.783429398361097e-06, "5.510204081632653": 0.8187944340312174, "5.918367346938775": 0.8516622297860768, "7.142857142857143": 0.9159131942537462, "7.346938775510204": 0.9231859399376242, "6.938775510204081": 0.9078468449042852, "6.73469387755102": 0.8988911065105226, "7.551020408163265": 0.9297476965350921, "6.530612244897959": 0.8889348668438938, "6.326530612244898": 0.8778490447958112, "6.122448979591837": 0.865483341636677, "7.755102040816327": 0.9356696723405835, "7.959183673469388": 0.9410131169366853, "8.16326530612245": 0.9458305113325326, "8.36734693877551": 0.9501665486381482, "8.571428571428571": 0.9540589443659494, "9.387755102040817": 0.9657369050581897, "8.775510204081632": 0.9575391085672222, "9.591836734693878": 0.9677740293310456, "8.979591836734695": 0.9606327066278896, "9.183673469387756": 0.9633601312910203, "9.795918367346939": 0.9694782943220518, "10.0": 0.9708525617627357}