{"0.20408163265306123": 3.9505812594691836e-08, "0.8163265306122449": 1.7654401606947478e-07, "0.40816326530612246": 8.18742264423863e-08, "1.0204081632653061": 2.2965501873485613e-07, "0.6122448979591837": 1.2742885914363126e-07, "2.0408163265306123": 5.766225452065381e-07, "1.4285714285714286": 3.499921453075468e-07, "2.2448979591836737": 6.684469810099114e-07, "1.836734693877551": 4.937313262871486e-07, "2.6530612244897958": 8.853775056835326e-07, "1.2244897959183674": 2.872711659305928e-07, "1.6326530612244898": 4.1852901682518924e-07, "2.857142857142857": 1.014767512442423e-06, "2.4489795918367347": 7.707327357067669e-07, "3.4693877551020407": 1.526690115579271e-06, "3.0612244897959187": 1.1619455160527015e-06, "3.673469387755102": 1.756457709606923e-06, "3.8775510204081636": 2.0298153464977708e-06, "3.2653061224489797": 1.330853288630996e-06, "0.0": 0.0, "4.4897959183673475": 3.2848971754939986e-06, "4.081632653061225": 2.360472854693325e-06, "4.285714285714286": 2.768562326847211e-06, "5.1020408163265305": 6.19876916131245e-06, "6.938775510204081": 0.25002374616195094, "7.551020408163265": 0.3732823137934765, "4.8979591836734695": 4.876806249760692e-06, "7.142857142857143": 0.2944037607812403, "6.73469387755102": 0.2018872632249899, "7.755102040816327": 0.408369642679586, "5.918367346938775": 6.0375611900706323e-05, "6.530612244897959": 0.14958484383213744, "5.510204081632653": 1.196563527850903e-05, "5.714285714285714": 2.0465200440723353e-05, "6.326530612244898": 0.09264884071284142, "5.3061224489795915": 8.267662871986816e-06, "7.346938775510204": 0.3353854031854377, "4.6938775510204085": 3.95913857972503e-06, "7.959183673469388": 0.4408890877390034, "6.122448979591837": 0.030571170254358834, "8.16326530612245": 0.47105314163981227, "8.571428571428571": 0.5250400101776851, "8.36734693877551": 0.4990486808030858, "9.591836734693878": 0.6294020124334205, "8.775510204081632": 0.5491714580027363, "9.387755102040817": 0.6115946985573221, "8.979591836734695": 0.5715695979626922, "9.183673469387756": 0.5923451623392219, "10.0": 0.6609689361016354, "9.795918367346939": 0.6458394340443492}