{"0.20408163265306123": 1.5556584371837747e-08, "0.8163265306122449": 6.955486430433206e-08, "0.40816326530612246": 3.2245886196969015e-08, "1.0204081632653061": 9.049487573619596e-08, "0.6122448979591837": 5.0195947240262134e-08, "2.0408163265306123": 2.2740803419711196e-07, "1.4285714285714286": 1.379599770901064e-07, "2.2448979591836737": 2.636659611252883e-07, "1.836734693877551": 1.946847121822853e-07, "2.6530612244897958": 3.493502869019843e-07, "1.2244897959183674": 1.1321748960671944e-07, "1.6326530612244898": 1.6500367473948443e-07, "2.857142857142857": 4.004716529834315e-07, "2.4489795918367347": 3.040630989910092e-07, "3.4693877551020407": 6.028001027318113e-07, "3.0612244897959187": 4.5863109029468817e-07, "3.673469387755102": 6.936371036027258e-07, "3.8775510204081636": 8.017209685162198e-07, "3.2653061224489797": 5.253881934744764e-07, "0.0": 0.0, "4.4897959183673475": 1.298088061188808e-06, "4.081632653061225": 9.324761046885222e-07, "4.285714285714286": 1.0938679414914245e-06, "5.1020408163265305": 2.45077015802352e-06, "6.938775510204081": 0.09892396796087545, "7.551020408163265": 0.14769224316362148, "4.8979591836734695": 1.9277963051339426e-06, "7.142857142857143": 0.11648328905352047, "6.73469387755102": 0.07987836900347879, "7.755102040816327": 0.16157483602603842, "5.918367346938775": 2.3886001696051094e-05, "6.530612244897959": 0.05918448271428444, "5.510204081632653": 4.732335416270959e-06, "5.714285714285714": 8.095187479854964e-06, "6.326530612244898": 0.036657280569713735, "5.3061224489795915": 3.2692734825136716e-06, "7.346938775510204": 0.13269801597622335, "4.6938775510204085": 1.5647853213629573e-06, "7.959183673469388": 0.17444142434155982, "6.122448979591837": 0.012095735071851889, "8.16326530612245": 0.18637608259777305, "8.571428571428571": 0.2077364351694454, "8.36734693877551": 0.19745275000154625, "9.591836734693878": 0.2490281274547827, "8.775510204081632": 0.21728424276704256, "9.387755102040817": 0.24198251593853742, "8.979591836734695": 0.22614625272300742, "9.183673469387756": 0.2343662771835301, "10.0": 0.2615178427740289, "9.795918367346939": 0.2555317297274112}