{"3.2653061224489797": 0.39710667909544217, "0.20408163265306123": 9.203748874142548e-14, "2.2448979591836737": 0.13039131109969693, "0.6122448979591837": 2.5036639428321905e-12, "1.836734693877551": 1.0755840662568517e-12, "1.0204081632653061": 8.135714324453147e-13, "1.2244897959183674": -7.638334409421077e-14, "1.4285714285714286": -2.6369129102477018e-11, "2.4489795918367347": 0.19684428509764085, "0.40816326530612246": 1.5210055437364645e-14, "3.4693877551020407": 0.4356052862262082, "0.8163265306122449": 2.808864252301646e-14, "3.0612244897959187": 0.35472240344132955, "2.6530612244897958": 0.25552499468892975, "3.8775510204081636": 0.5029488225210117, "1.6326530612244898": 1.708377883602452e-11, "2.857142857142857": 0.3078015633929768, "3.673469387755102": 0.4707430814589607, "0.0": 0.0, "2.0408163265306123": 0.05433975068515484, "4.285714285714286": 0.5599230041668534, "4.4897959183673475": 0.5852367080280186, "4.8979591836734695": 0.6305843639094688, "5.1020408163265305": 0.6509566577776476, "4.6938775510204085": 0.6087299525237457, "6.326530612244898": 0.7486265927864775, "4.081632653061225": 0.5325768385536773, "5.3061224489795915": 0.6699829467771727, "5.510204081632653": 0.6877821697520852, "6.530612244897959": 0.761639984451936, "5.714285714285714": 0.7044588465899733, "5.918367346938775": 0.7201053093497792, "7.142857142857143": 0.7963829551199726, "6.73469387755102": 0.7739025770922261, "6.938775510204081": 0.7854675183401911, "7.346938775510204": 0.8066926505879045, "7.551020408163265": 0.8164365089283923, "6.122448979591837": 0.7348035250053067, "7.755102040816327": 0.8256510237928626, "7.959183673469388": 0.8343696631382352, "8.36734693877551": 0.8504400035010675, "8.16326530612245": 0.8426232008326047, "9.795918367346939": 0.8949080166472978, "9.387755102040817": 0.8838261682157523, "9.183673469387756": 0.8778360293420825, "8.775510204081632": 0.8648662962707394, "9.591836734693878": 0.8895111682824712, "8.979591836734695": 0.8715225693229591, "10.0": 0.9000326066284448, "8.571428571428571": 0.857846279572144}