{"3.2653061224489797": 0.7177712959593673, "0.20408163265306123": 2.2426505097428162e-13, "2.2448979591836737": 0.2948042664569873, "0.6122448979591837": 6.120437490153563e-12, "1.836734693877551": 2.644107155447273e-12, "1.0204081632653061": 2.0002888234671445e-12, "1.2244897959183674": -1.8784973576657649e-13, "1.4285714285714286": -6.5284666561638e-11, "2.4489795918367347": 0.42190477138663207, "0.40816326530612246": 3.730349362740526e-14, "3.4693877551020407": 0.7606919303391358, "0.8163265306122449": 6.927791673660977e-14, "3.0612244897959187": 0.6655228394935988, "2.6530612244897958": 0.5217826772340787, "3.8775510204081636": 0.8258182026197666, "1.6326530612244898": 4.2496339780484504e-11, "2.857142857142857": 0.6013639827528277, "3.673469387755102": 0.7962177467805047, "0.0": 0.0, "2.0408163265306123": 0.13036334918655024, "4.285714285714286": 0.871524099732119, "4.4897959183673475": 0.889209943247685, "4.8979591836734695": 0.9170553853095865, "5.1020408163265305": 0.9280222255751346, "4.6938775510204085": 0.9042383737151384, "6.326530612244898": 0.9683190122097834, "4.081632653061225": 0.8506258070413723, "5.3061224489795915": 0.9374336260160576, "5.510204081632653": 0.9455316390637054, "6.530612244897959": 0.9722614269885268, "5.714285714285714": 0.952516251071559, "5.918367346938775": 0.9585536013580958, "7.142857142857143": 0.9812915659187953, "6.73469387755102": 0.9756925187266986, "6.938775510204081": 0.9786826089123726, "7.346938775510204": 0.9835705118356339, "7.551020408163265": 0.9855632207222035, "6.122448979591837": 0.9637824048960891, "7.755102040816327": 0.9873072699323217, "7.959183673469388": 0.9888349926648382, "8.36734693877551": 0.9913491895946084, "8.16326530612245": 0.990174269602236, "9.795918367346939": 0.9964185125505335, "9.387755102040817": 0.9953990000146351, "8.775510204081632": 0.993286588395887, "9.183673469387756": 0.9947830182901333, "9.591836734693878": 0.9959411503224777, "8.979591836734695": 0.9940828431312914, "10.0": 0.9968389872279159, "8.571428571428571": 0.9923806032328025}