{"3.2653061224489797": 0.6536383725865822, "0.20408163265306123": 1.9781953852771039e-13, "2.2448979591836737": 0.26192167538552924, "0.6122448979591837": 5.397082780689288e-12, "1.836734693877551": 2.3304025376091883e-12, "1.0204081632653061": 1.7629453452627787e-12, "1.2244897959183674": -1.6555645743210335e-13, "1.4285714285714286": -5.7501559069805814e-11, "2.4489795918367347": 0.37689267412883387, "0.40816326530612246": 3.2884805989397135e-14, "3.4693877551020407": 0.6956746015165504, "0.8163265306122449": 6.104006189389111e-14, "3.0612244897959187": 0.603362752283145, "2.6530612244897958": 0.4685311407250489, "3.8775510204081636": 0.7612443266000156, "1.6326530612244898": 3.741382759159251e-11, "2.857142857142857": 0.5426514988808575, "3.673469387755102": 0.731122813716196, "0.0": 0.0, "2.0408163265306123": 0.11515862948627116, "4.285714285714286": 0.8092038806190659, "4.4897959183673475": 0.8284152962037518, "4.8979591836734695": 0.859761181029563, "4.6938775510204085": 0.8451366894768599, "5.1020408163265305": 0.8726091120156373, "6.326530612244898": 0.9243805283251223, "4.081632653061225": 0.7870160133438333, "5.3061224489795915": 0.8839434901682807, "5.510204081632653": 0.8939817452013814, "6.530612244897959": 0.9301371384812087, "5.714285714285714": 0.9029047701752418, "5.918367346938775": 0.9108639429564326, "7.142857142857143": 0.9443098437590308, "6.73469387755102": 0.9353345303998042, "6.938775510204081": 0.9400395907979363, "7.346938775510204": 0.9481949395860881, "7.551020408163265": 0.9517378783634414, "6.122448979591837": 0.9179866289179326, "7.755102040816327": 0.9549760207044299, "7.959183673469388": 0.9579419267595176, "8.36734693877551": 0.9631673523759003, "8.16326530612245": 0.9606640558483097, "9.795918367346939": 0.9761164133698864, "9.387755102040817": 0.9730844336548585, "9.183673469387756": 0.9713936205005231, "8.775510204081632": 0.9676025299708575, "9.591836734693878": 0.9746551539144764, "8.979591836734695": 0.969570788369625, "10.0": 0.9774777111080217, "8.571428571428571": 0.9654737385006709}