{"0.8163265306122449": 6.177805898169768e-08, "0.0": 0.0, "0.40816326530612246": 2.911104682284801e-08, "0.20408163265306123": 1.414831830573915e-08, "1.2244897959183674": 9.869463404132604e-08, "0.6122448979591837": 4.496055770999809e-08, "1.0204081632653061": 7.965497936350761e-08, "1.4285714285714286": 1.190141587666122e-07, "1.6326530612244898": 1.4074720936436364e-07, "1.836734693877551": 1.6404642679058484e-07, "2.0408163265306123": 1.8908727861043754e-07, "2.4489795918367347": 2.452383357183289e-07, "2.2448979591836737": 2.1607283423828534e-07, "2.6530612244897958": 2.7685949571511125e-07, "3.0612244897959187": 3.4882167101070543e-07, "3.2653061224489797": 3.900029533172295e-07, "2.857142857142857": 3.112596254301607e-07, "3.673469387755102": 4.855369304995803e-07, "3.4693877551020407": 4.353523330634828e-07, "3.8775510204081636": 5.413725954895485e-07, "4.081632653061225": 6.038716382595817e-07, "4.285714285714286": 6.743011597305706e-07, "4.6938775510204085": 8.458689852297614e-07, "4.4897959183673475": 7.542740211273302e-07, "4.8979591836734695": 9.518181810604359e-07, "5.1020408163265305": 1.0757850656891277e-06, "5.510204081632653": 1.3999076254850186e-06, "5.3061224489795915": 1.2227870603963551e-06, "5.714285714285714": 1.6174510916831294e-06, "6.122448979591837": 2.245545187816692e-06, "6.326530612244898": 2.7230658502538035e-06, "5.918367346938775": 1.8910458042283242e-06, "6.530612244897959": 3.4011119548987463e-06, "6.73469387755102": 4.439507488185198e-06, "7.142857142857143": 1.0050334104439456e-05, "6.938775510204081": 6.229587718985268e-06, "7.755102040816327": 0.06515970931290217, "7.551020408163265": 0.013039943177614085, "8.16326530612245": 0.15902117035927693, "7.346938775510204": 2.388328661461716e-05, "8.571428571428571": 0.24080016425935455, "8.775510204081632": 0.277754732691664, "7.959183673469388": 0.11373432752418462, "9.183673469387756": 0.34476940552321667, "8.36734693877551": 0.20129522262103236, "9.387755102040817": 0.3751555457024851, "8.979591836734695": 0.31235387578416496, "9.591836734693878": 0.4036494345761821, "9.795918367346939": 0.4303711288093131, "10.0": 0.45542847114456936}