{"0.8163265306122449": 5.93481125559098e-08, "0.0": 0.0, "0.40816326530612246": 2.7968744702759266e-08, "0.20408163265306123": 1.3593808441438815e-08, "1.2244897959183674": 9.480330679153492e-08, "0.6122448979591837": 4.319421822306776e-08, "1.0204081632653061": 7.651811352778592e-08, "1.4285714285714286": 1.1431603274547756e-07, "1.6326530612244898": 1.3518447553810712e-07, "1.836734693877551": 1.5755502717999792e-07, "2.0408163265306123": 1.8159597176568206e-07, "2.4489795918367347": 2.3549891894956004e-07, "2.2448979591836737": 2.0750206522790657e-07, "2.6530612244897958": 2.658509580891839e-07, "3.0612244897959187": 3.349180859902409e-07, "3.2653061224489797": 3.744390414741739e-07, "2.857142857142857": 2.988682576175566e-07, "3.673469387755102": 4.661133134890808e-07, "3.4693877551020407": 4.1795751449961296e-07, "3.8775510204081636": 5.196888874209729e-07, "4.081632653061225": 5.796551025354533e-07, "4.285714285714286": 6.472271845387368e-07, "4.6938775510204085": 8.118230987504855e-07, "4.4897959183673475": 7.239519639670187e-07, "4.8979591836734695": 9.134608641141343e-07, "5.1020408163265305": 1.0323787345584583e-06, "5.510204081632653": 1.3432842738929533e-06, "5.3061224489795915": 1.1733887171300978e-06, "5.714285714285714": 1.5519478742022136e-06, "6.122448979591837": 2.1543806803336093e-06, "6.326530612244898": 2.6123781553557537e-06, "5.918367346938775": 1.8143680359350474e-06, "6.530612244897959": 3.2626915961938966e-06, "6.73469387755102": 4.2586017885113465e-06, "7.142857142857143": 9.639774701796954e-06, "6.938775510204081": 5.975422753036969e-06, "7.755102040816327": 0.06258116992868186, "7.551020408163265": 0.012509592288258056, "8.16326530612245": 0.1530594399300124, "7.346938775510204": 2.2906438331311867e-05, "8.571428571428571": 0.23223933075056882, "8.775510204081632": 0.2681354717421426, "7.959183673469388": 0.10935413195300625, "9.183673469387756": 0.333431304568966, "8.36734693877551": 0.1939471932766716, "9.387755102040817": 0.3631292696860968, "8.979591836734695": 0.30181377036639134, "9.591836734693878": 0.3910332981712104, "9.795918367346939": 0.41725330045496584, "10.0": 0.44188809744390944}