{"0.8163265306122449": 6.032009112622496e-08, "0.0": 0.0, "0.40816326530612246": 2.842566555079476e-08, "0.20408163265306123": 1.3815612387158949e-08, "1.2244897959183674": 9.635983769145139e-08, "0.6122448979591837": 4.3900754017839895e-08, "1.0204081632653061": 7.777285986207457e-08, "1.4285714285714286": 1.1619528315393144e-07, "1.6326530612244898": 1.3740956906860968e-07, "1.836734693877551": 1.601515870242326e-07, "2.0408163265306123": 1.8459249450358428e-07, "2.4489795918367347": 2.3939468565706747e-07, "2.2448979591836737": 2.109303728320581e-07, "2.6530612244897958": 2.702543731395548e-07, "3.0612244897959187": 3.4047951999842663e-07, "3.2653061224489797": 3.80664606211396e-07, "2.857142857142857": 3.0382480474259827e-07, "3.673469387755102": 4.7388276029328067e-07, "3.4693877551020407": 4.24915441925161e-07, "3.8775510204081636": 5.283623706484032e-07, "4.081632653061225": 5.893417168251047e-07, "4.285714285714286": 6.580567746154703e-07, "4.6938775510204085": 8.254414533421958e-07, "4.4897959183673475": 7.360807868311432e-07, "4.8979591836734695": 9.28803790892655e-07, "5.1020408163265305": 1.0497412670107266e-06, "5.510204081632653": 1.3659336145297794e-06, "5.3061224489795915": 1.1931480544366007e-06, "5.714285714285714": 1.5781491611945797e-06, "6.122448979591837": 2.1908464833268425e-06, "6.326530612244898": 2.6566532333149734e-06, "5.918367346938775": 1.8450391432523581e-06, "6.530612244897959": 3.3180597396758372e-06, "6.73469387755102": 4.330964068380888e-06, "7.142857142857143": 9.803998462853955e-06, "6.938775510204081": 6.077088739416289e-06, "7.755102040816327": 0.06361258568236998, "7.551020408163265": 0.012721732644000467, "8.16326530612245": 0.15544413210171823, "7.346938775510204": 2.329717764463398e-05, "8.571428571428571": 0.23566366415408313, "8.775510204081632": 0.27198317612195105, "7.959183673469388": 0.11110621018147761, "9.183673469387756": 0.3379665449506663, "8.36734693877551": 0.19688640501441587, "9.387755102040817": 0.3679397800926521, "8.979591836734695": 0.3060298125335007, "9.591836734693878": 0.39607975273319906, "9.795918367346939": 0.42250043179670466, "10.0": 0.4473042469241734}