{"0.20408163265306123": 5.553105886186261e-07, "3.673469387755102": 0.7294766941902446, "0.40816326530612246": 6.251183942123985e-07, "0.6122448979591837": 7.159827341573919e-07, "3.2653061224489797": 0.6458168576074732, "2.857142857142857": 0.5262362719468596, "3.0612244897959187": 0.5916054795680596, "2.4489795918367347": 0.3483043089156227, "2.6530612244897958": 0.4465756290900736, "0.0": 5e-07, "3.8775510204081636": 0.762013950559467, "1.2244897959183674": 1.2889110360095567e-06, "3.4693877551020407": 0.6911908456216075, "0.8163265306122449": 8.391227572987144e-07, "2.2448979591836737": 0.22532624922911998, "1.0204081632653061": 1.015449089845776e-06, "1.4285714285714286": 1.770287449623977e-06, "2.0408163265306123": 0.06880073881490487, "4.6938775510204085": 0.8524588014799562, "1.6326530612244898": 2.842116751940857e-06, "1.836734693877551": 7.313537139676423e-06, "4.8979591836734695": 0.8681435855755922, "4.285714285714286": 0.8137810937188745, "4.081632653061225": 0.7898428057941119, "5.1020408163265305": 0.8818791896988327, "4.4897959183673475": 0.8344790327253782, "5.510204081632653": 0.9045929822394839, "6.122448979591837": 0.9297659444087937, "5.714285714285714": 0.9140040411793151, "5.918367346938775": 0.9223486256217843, "6.326530612244898": 0.9363738702151965, "5.3061224489795915": 0.8939503188057192, "6.530612244897959": 0.9422725812154227, "6.73469387755102": 0.9475474694339499, "7.755102040816327": 0.966777164482919, "7.142857142857143": 0.9565069588448479, "7.346938775510204": 0.9603072293180824, "6.938775510204081": 0.9522714738989083, "7.551020408163265": 0.9637177558567982, "8.36734693877551": 0.9741480249163352, "7.959183673469388": 0.9695180366592695, "8.16326530612245": 0.9719675551277058, "8.571428571428571": 0.9760772937449644, "8.775510204081632": 0.9777690921623267, "9.183673469387756": 0.9804762290045015, "8.979591836734695": 0.9792333107109239, "9.387755102040817": 0.9815007096420973, "9.795918367346939": 0.9828897294077917, "10.0": 0.9832443772833793, "9.591836734693878": 0.9823063682370681}