{"0.20408163265306123": 5.360721233893065e-07, "3.673469387755102": 0.5820245020639141, "0.40816326530612246": 5.815989546771852e-07, "0.6122448979591837": 6.408583106362914e-07, "3.2653061224489797": 0.49788801686316514, "2.857142857142857": 0.3893408371606692, "3.0612244897959187": 0.4472386136497651, "2.4489795918367347": 0.24508349027891502, "2.6530612244897958": 0.32263680080718726, "0.0": 5e-07, "3.8775510204081636": 0.61722870731723, "1.2244897959183674": 1.014507274127358e-06, "3.4693877551020407": 0.5424986244852991, "0.8163265306122449": 7.211670298078226e-07, "2.2448979591836737": 0.15394536311278573, "1.0204081632653061": 8.361624826545714e-07, "1.4285714285714286": 1.3284485356467624e-06, "2.0408163265306123": 0.0454726339677819, "4.6938775510204085": 0.7256463934747414, "1.6326530612244898": 2.0274681231963365e-06, "1.836734693877551": 4.943616901455868e-06, "4.8979591836734695": 0.7466012675919471, "4.285714285714286": 0.6770315581615712, "4.081632653061225": 0.6487291082381459, "5.1020408163265305": 0.7656676645235551, "4.4897959183673475": 0.702554330485743, "5.510204081632653": 0.7989536092928755, "6.122448979591837": 0.8391463966330072, "5.714285714285714": 0.8135124003268837, "5.918367346938775": 0.8268704185137615, "6.326530612244898": 0.8504441595420612, "5.3061224489795915": 0.7830577474123271, "6.530612244897959": 0.8608547834957624, "6.73469387755102": 0.8704583580999887, "7.755102040816327": 0.9085661569017577, "7.142857142857143": 0.887518178850782, "7.346938775510204": 0.8950914035224251, "6.938775510204081": 0.8793254285637814, "7.551020408163265": 0.9020933064075123, "7.959183673469388": 0.9145468291060258, "8.36734693877551": 0.9251547372582238, "8.16326530612245": 0.9200672447165604, "8.571428571428571": 0.9298323526586374, "8.775510204081632": 0.9341190991113862, "9.183673469387756": 0.9415770625266819, "8.979591836734695": 0.9380301575283001, "9.387755102040817": 0.9447678627534277, "9.795918367346939": 0.9500967924677644, "10.0": 0.9522348928858154, "9.591836734693878": 0.9476072683506516}