{"0.20408163265306123": 5.60120204925956e-07, "3.673469387755102": 0.7663397422218272, "0.40816326530612246": 6.359982540962017e-07, "0.6122448979591837": 7.347638400376669e-07, "3.2653061224489797": 0.6827990677935503, "2.857142857142857": 0.5604601306434072, "3.0612244897959187": 0.6276971960476332, "2.4489795918367347": 0.3741095135747996, "2.6530612244897958": 0.47756033616079513, "0.0": 5e-07, "3.8775510204081636": 0.7982102613700262, "1.2244897959183674": 1.3575119764801063e-06, "3.4693877551020407": 0.7283639009056845, "0.8163265306122449": 8.686116891714372e-07, "2.2448979591836737": 0.24317147075820353, "1.0204081632653061": 1.0602707416435772e-06, "1.4285714285714286": 1.8807471781182804e-06, "2.0408163265306123": 0.0746327650266856, "4.6938775510204085": 0.8841619034812599, "1.6326530612244898": 3.0457789091269865e-06, "1.836734693877551": 7.906017199231561e-06, "4.8979591836734695": 0.8985291650715035, "4.285714285714286": 0.8479684776082003, "4.081632653061225": 0.8251212301831035, "5.1020408163265305": 0.910932070992652, "4.4897959183673475": 0.8674602082852869, "5.510204081632653": 0.931002825476136, "6.122448979591837": 0.9524208313527402, "5.714285714285714": 0.939126951392423, "5.918367346938775": 0.94621817739879, "6.326530612244898": 0.9578562978834801, "5.3061224489795915": 0.921673461654067, "6.530612244897959": 0.9626270306453376, "6.73469387755102": 0.9668197472674401, "7.755102040816327": 0.9813299163782092, "7.142857142857143": 0.9737541538433644, "7.346938775510204": 0.9766111857669967, "6.938775510204081": 0.97050798523269, "7.551020408163265": 0.9791238682191197, "7.959183673469388": 0.9832608385475803, "8.36734693877551": 0.9863963468308631, "8.16326530612245": 0.9849426327304922, "8.571428571428571": 0.987638529016546, "8.775510204081632": 0.9886815904250617, "9.183673469387756": 0.9902010206239564, "8.979591836734695": 0.9895340990065798, "9.387755102040817": 0.9906839213642646, "9.795918367346939": 0.9910879636427985, "10.0": 0.9909967483827703, "9.591836734693878": 0.9909811432086721}