{"0.8163265306122449": 1.0136336214827679e-13, "0.20408163265306123": 1.0769163338864018e-14, "0.40816326530612246": 1.1102230246251565e-16, "1.2244897959183674": 4.444222767574502e-12, "0.6122448979591837": 7.216449660063518e-15, "1.4285714285714286": 1.9129031691988985e-11, "2.857142857142857": 1.2514278502351317e-10, "1.836734693877551": 1.2956302697375577e-13, "1.0204081632653061": 8.051337374581635e-13, "2.2448979591836737": 2.5928148517095906e-12, "2.4489795918367347": 1.0186407273238274e-11, "1.6326530612244898": 2.4424906541753444e-14, "3.0612244897959187": 3.936492243283851e-10, "2.6530612244897958": 3.7048697443253786e-11, "3.4693877551020407": 2.8296223142376675e-09, "2.0408163265306123": 6.071809721674981e-13, "3.2653061224489797": 9.898174502254165e-10, "3.673469387755102": 7.563450199477018e-09, "3.8775510204081636": 1.9049565813666902e-08, "0.0": 0.0, "4.285714285714286": 1.0371352876514806e-07, "4.081632653061225": 4.550871879338558e-08, "4.4897959183673475": 2.2661615539654179e-07, "5.1020408163265305": 1.9163580006198444e-06, "5.3061224489795915": 3.68670883998945e-06, "5.714285714285714": 1.2784134997390062e-05, "4.6938775510204085": 4.768764398921377e-07, "6.122448979591837": 4.163668501266926e-05, "4.8979591836734695": 9.70380813591909e-07, "6.530612244897959": 0.00013204168428282426, "5.918367346938775": 2.3207217619058973e-05, "6.326530612244898": 7.418213796228645e-05, "5.510204081632653": 6.9321811713152215e-06, "6.938775510204081": 0.0004329617990911361, "7.142857142857143": 0.0008241575085747854, "6.73469387755102": 0.0002367566768689544, "7.346938775510204": 0.0016940237505936873, "7.551020408163265": 0.004001142703170091, "7.755102040816327": 0.010716121718232108, "7.959183673469388": 0.02350856248352462, "8.979591836734695": 0.10085508080375538, "8.16326530612245": 0.038805070011689424, "8.571428571428571": 0.07025068254829536, "9.387755102040817": 0.13031417700002268, "8.36734693877551": 0.0545685191040155, "9.795918367346939": 0.15871714375438284, "10.0": 0.1725718167353768, "9.591836734693878": 0.14463830435735836, "9.183673469387756": 0.11572518420688915, "8.775510204081632": 0.08569470293083925}