{"0.8163265306122449": 3.3728575488112256e-13, "0.20408163265306123": 3.6193270602780103e-14, "0.40816326530612246": 6.661338147750939e-16, "1.2244897959183674": 1.4724110819486214e-11, "0.6122448979591837": 2.4202861936828413e-14, "1.4285714285714286": 6.32727203964123e-11, "2.857142857142857": 2.930092835029541e-10, "1.836734693877551": 3.809175197488912e-13, "1.0204081632653061": 2.672750909482602e-12, "2.2448979591836737": 6.80877576542116e-12, "2.4489795918367347": 2.5445867635198738e-11, "3.0612244897959187": 9.078684470864573e-10, "1.6326530612244898": 7.549516567451064e-14, "2.6530612244897958": 8.904432746703606e-11, "3.4693877551020407": 6.1231399950401055e-09, "2.0408163265306123": 1.6874279751277754e-12, "3.2653061224489797": 2.1016810514140616e-09, "3.673469387755102": 1.6681207193336434e-08, "3.8775510204081636": 4.282395671406647e-08, "0.0": 0.0, "4.285714285714286": 2.422931680845508e-07, "4.081632653061225": 1.0428635421888544e-07, "4.4897959183673475": 5.397791774663929e-07, "5.1020408163265305": 4.841477264538874e-06, "5.3061224489795915": 9.501657726618262e-06, "5.714285714285714": 3.4305985160409946e-05, "4.6938775510204085": 1.158250108046488e-06, "6.122448979591837": 0.0001164213571795969, "4.8979591836734695": 2.40362748038514e-06, "6.530612244897959": 0.0003849938818756282, "5.918367346938775": 6.356369456972377e-05, "6.326530612244898": 0.00021179209860677783, "5.510204081632653": 1.822893562752892e-05, "6.938775510204081": 0.001317060102979828, "7.142857142857143": 0.0025603768290092255, "6.73469387755102": 0.0007050829661525704, "7.346938775510204": 0.005369978331157377, "7.551020408163265": 0.01289988268618869, "7.755102040816327": 0.034762961824408856, "7.959183673469388": 0.07556016010789968, "8.979591836734695": 0.2963125031380506, "8.16326530612245": 0.12272808728382889, "9.387755102040817": 0.36910374394211976, "8.571428571428571": 0.21420237328113667, "8.36734693877551": 0.1694981942508924, "9.795918367346939": 0.4336560473798765, "10.0": 0.46318786674593926, "9.591836734693878": 0.40233908587742095, "9.183673469387756": 0.33380942451634477, "8.775510204081632": 0.2564770950959132}