{"0.8163265306122449": 2.3112067815134196e-13, "0.20408163265306123": 2.4752422334017867e-14, "0.40816326530612246": 4.1633363423443375e-16, "1.2244897959183674": 1.0098161196125944e-11, "1.4285714285714286": 4.3408060479421805e-11, "0.6122448979591837": 1.655897641228421e-14, "2.857142857142857": 2.1746935918720568e-10, "1.836734693877551": 2.678079980000803e-13, "1.0204081632653061": 1.832323182071605e-12, "2.2448979591836737": 4.911593354250954e-12, "2.4489795918367347": 1.857911047231653e-11, "1.6326530612244898": 5.251354906476991e-14, "3.0612244897959187": 6.764697968453249e-10, "2.6530612244897958": 6.564629395633403e-11, "3.4693877551020407": 4.6410570386790084e-09, "2.0408163265306123": 1.2013168237956506e-12, "3.2653061224489797": 1.6013424308791712e-09, "3.673469387755102": 1.2578216546099698e-08, "3.8775510204081636": 3.2125480808886665e-08, "0.0": 0.0, "4.285714285714286": 1.7993233039081958e-07, "4.081632653061225": 7.783641827741051e-08, "4.4897959183673475": 3.988558175349599e-07, "5.1020408163265305": 3.5251735957753106e-06, "5.3061224489795915": 6.884930727635298e-06, "5.714285714285714": 2.4621152587051e-05, "4.6938775510204085": 8.516319573770304e-07, "6.122448979591837": 8.276825470447948e-05, "4.8979591836734695": 1.7586664803281863e-06, "6.530612244897959": 0.0002711653929588665, "5.918367346938775": 4.540327994192462e-05, "6.326530612244898": 0.00014986761631675672, "5.510204081632653": 1.3145396122232757e-05, "6.938775510204081": 0.0009192158662299166, "7.142857142857143": 0.0017790781348137276, "6.73469387755102": 0.0004943361359749433, "7.346938775510204": 0.0037157987699037165, "7.551020408163265": 0.008895449693830321, "7.755102040816327": 0.02394188377662932, "7.959183673469388": 0.05213694117693091, "8.979591836734695": 0.20835666308761774, "8.16326530612245": 0.08496272951136614, "8.571428571428571": 0.1494241124513581, "9.387755102040817": 0.2616484388181761, "8.36734693877551": 0.1177798404347978, "9.795918367346939": 0.3099335407484044, "10.0": 0.33241064424118616, "9.591836734693878": 0.2863737341933928, "9.183673469387756": 0.23567151637708977, "8.775510204081632": 0.17962501862162994}