{"0.0": 0.0, "1.0204081632653061": 1.199040866595169e-13, "0.20408163265306123": 2.220446049250313e-16, "0.6122448979591837": -5.88418203051333e-14, "0.8163265306122449": -4.477307413708331e-12, "1.2244897959183674": 1.11743947428522e-12, "0.40816326530612246": 1.5787371410169726e-12, "1.6326530612244898": -3.4528602199657144e-11, "2.4489795918367347": 0.18519738437651168, "1.4285714285714286": -1.8118839761882555e-13, "1.836734693877551": 1.1926015730523432e-12, "2.2448979591836737": 0.0519014303266534, "3.0612244897959187": 0.4606301162069051, "2.0408163265306123": 1.2351231148954867e-11, "3.4693877551020407": 0.5795248938759578, "4.081632653061225": 0.7025351230025942, "3.2653061224489797": 0.5247936297672668, "3.673469387755102": 0.6265447878856147, "2.857142857142857": 0.38479385970231417, "2.6530612244897958": 0.2943180826820754, "4.285714285714286": 0.7334125725387471, "4.4897959183673475": 0.7605116652664725, "3.8775510204081636": 0.6671949195413718, "4.6938775510204085": 0.7843906102810859, "5.918367346938775": 0.881055139961371, "5.3061224489795915": 0.8409226957925369, "6.122448979591837": 0.8917815887716107, "4.8979591836734695": 0.8055086614937121, "5.510204081632653": 0.8558042429493661, "5.1020408163265305": 0.8242466566167704, "5.714285714285714": 0.8691175613789884, "6.326530612244898": 0.9014383572983009, "6.73469387755102": 0.9180149589361539, "6.530612244897959": 0.9101475387520039, "6.938775510204081": 0.9251327006487098, "7.142857142857143": 0.9315811794082858, "7.346938775510204": 0.937430860076857, "7.755102040816327": 0.9475742628281851, "7.551020408163265": 0.942743684193276, "7.959183673469388": 0.9519708782856189, "8.979591836734695": 0.9687877648788629, "8.775510204081632": 0.9660057271447482, "8.571428571428571": 0.9629617009827409, "9.183673469387756": 0.9713320451488663, "8.36734693877551": 0.9596286460468041, "9.387755102040817": 0.9736603205165434, "9.591836734693878": 0.9757921517171517, "9.795918367346939": 0.9777451565462649, "10.0": 0.9795352266459996, "8.16326530612245": 0.9559763291186816}