{"0.0": 0.0, "1.0204081632653061": 1.4988010832439613e-13, "0.20408163265306123": 2.220446049250313e-16, "0.6122448979591837": -7.349676423018536e-14, "0.8163265306122449": -5.596634267135414e-12, "1.2244897959183674": 1.3965495426759844e-12, "1.6326530612244898": -4.3161030305327586e-11, "0.40816326530612246": 1.9736434708761408e-12, "2.4489795918367347": 0.2258671123165178, "1.4285714285714286": -2.2648549702353193e-13, "2.2448979591836737": 0.06445029915376221, "1.836734693877551": 1.4875878306952472e-12, "3.0612244897959187": 0.5377697466968496, "2.0408163265306123": 1.541600180843261e-11, "3.4693877551020407": 0.6614090381907474, "4.081632653061225": 0.7803179272750745, "3.673469387755102": 0.7080569396436671, "3.2653061224489797": 0.6054493008747113, "2.857142857142857": 0.45515141566430917, "2.6530612244897958": 0.3532130684880219, "4.285714285714286": 0.8084423150587348, "3.8775510204081636": 0.747223070411789, "4.6938775510204085": 0.8530787590193591, "4.4897959183673475": 0.8324650365443276, "5.918367346938775": 0.9301474762483035, "5.3061224489795915": 0.899536043242459, "4.8979591836734695": 0.870840804378003, "6.122448979591837": 0.9379307574564484, "5.510204081632653": 0.9111432135586381, "5.1020408163265305": 0.8862033454697154, "6.326530612244898": 0.944775102070903, "6.530612244897959": 0.950805961040219, "5.714285714285714": 0.9212769840191828, "6.73469387755102": 0.9561299341626869, "6.938775510204081": 0.9608379670034355, "7.142857142857143": 0.9650079400852721, "7.755102040816327": 0.9749140369245884, "7.346938775510204": 0.9687067783580522, "7.551020408163265": 0.9719921794329159, "7.959183673469388": 0.9775156184975272, "8.775510204081632": 0.985403196877351, "8.571428571428571": 0.9837514657426274, "9.183673469387756": 0.9882036692277466, "8.979591836734695": 0.9868808150431296, "9.387755102040817": 0.9893887990911753, "8.36734693877551": 0.9819036108514502, "9.795918367346939": 0.9914042601946511, "9.591836734693878": 0.9904512358928224, "10.0": 0.9922596231879999, "8.16326530612245": 0.9798345454475464}