{"0.6122448979591837": 6.40129093399239e-07, "1.4285714285714286": 1.0409578430647732e-06, "1.0204081632653061": 7.909611560855257e-07, "0.40816326530612246": 5.850546894032133e-07, "0.20408163265306123": 5.390387290547815e-07, "3.8775510204081636": 0.5198772926213938, "1.2244897959183674": 8.982772681229814e-07, "3.673469387755102": 0.4629364771066109, "3.4693877551020407": 0.3970495863732183, "0.8163265306122449": 7.072649285489348e-07, "2.857142857142857": 0.12372738148265189, "3.2653061224489797": 0.3203106092348007, "1.836734693877551": 1.5377284868302235e-06, "1.6326530612244898": 1.2400934924813454e-06, "3.0612244897959187": 0.23026910919855076, "2.0408163265306123": 2.031485958720986e-06, "0.0": 5e-07, "2.2448979591836737": 3.0117469562405827e-06, "2.4489795918367347": 5.901192722832221e-06, "4.285714285714286": 0.6126268196592876, "2.6530612244897958": 0.0002199956700607759, "4.4897959183673475": 0.6506005892769287, "5.714285714285714": 0.8032668575947366, "4.8979591836734695": 0.7137189248194826, "6.122448979591837": 0.8353597421828531, "5.1020408163265305": 0.7400442786217436, "6.326530612244898": 0.8490834028557642, "4.6938775510204085": 0.6840826030120959, "4.081632653061225": 0.5693745352333047, "5.3061224489795915": 0.7635044199678298, "6.73469387755102": 0.8727311062310708, "7.346938775510204": 0.90060479712029, "5.510204081632653": 0.7844733749249392, "5.918367346938775": 0.8201528088164838, "7.755102040816327": 0.9152383335541503, "6.530612244897959": 0.8614921157180215, "7.551020408163265": 0.9082652676485017, "6.938775510204081": 0.8829260094077624, "7.142857142857143": 0.8921857321771162, "7.959183673469388": 0.9215856198386234, "8.16326530612245": 0.927360269435177, "8.36734693877551": 0.9326078409879512, "9.387755102040817": 0.9520877538595349, "8.571428571428571": 0.937367055562844, "10.0": 0.9590726490244468, "8.979591836734695": 0.9455447531183281, "9.183673469387756": 0.9490116270833049, "8.775510204081632": 0.9416704203662185, "9.591836734693878": 0.9547853186274031, "9.795918367346939": 0.957112280520336}