{"0.6122448979591837": 6.585827160283753e-07, "1.4285714285714286": 1.1185487868650308e-06, "1.0204081632653061": 8.309132527077596e-07, "0.20408163265306123": 5.43977581273448e-07, "0.40816326530612246": 5.960309078209663e-07, "3.8775510204081636": 0.5739469638900488, "1.2244897959183674": 9.541575178005487e-07, "3.673469387755102": 0.5147492742131419, "3.4693877551020407": 0.444947899188776, "0.8163265306122449": 7.35129986089381e-07, "2.857142857142857": 0.14263128748554296, "3.2653061224489797": 0.36203349599029205, "1.836734693877551": 1.6935180703827938e-06, "1.6326530612244898": 1.348667242178096e-06, "3.0612244897959187": 0.26271897529126936, "2.0408163265306123": 2.2668935919289173e-06, "0.0": 5e-07, "2.2448979591836737": 3.4072811234512274e-06, "2.4489795918367347": 6.773075189636059e-06, "4.285714285714286": 0.6678813671027687, "2.6530612244897958": 0.00025633316353414985, "4.4897959183673475": 0.7053476267302679, "5.714285714285714": 0.8487571320769886, "4.8979591836734695": 0.766165941776662, "6.122448979591837": 0.8770641807441453, "5.1020408163265305": 0.7909358446859428, "6.326530612244898": 0.8889177699194384, "4.6938775510204085": 0.7378487639789694, "4.081632653061225": 0.6244834636882229, "5.3061224489795915": 0.8126814025524081, "6.73469387755102": 0.9089425234403711, "7.346938775510204": 0.9317895272225639, "5.510204081632653": 0.8318351439464304, "5.918367346938775": 0.8637488709572512, "7.755102040816327": 0.9433864486220348, "6.530612244897959": 0.8994920402625414, "7.551020408163265": 0.937899166930079, "6.938775510204081": 0.9174022489601502, "7.142857142857143": 0.9249852708636063, "7.959183673469388": 0.9483132942527841, "8.16326530612245": 0.9527325629085183, "8.36734693877551": 0.9566890975288974, "9.387755102040817": 0.970636261801387, "8.571428571428571": 0.960220587297704, "10.0": 0.9749847733059108, "8.979591836734695": 0.966127578808994, "9.183673469387756": 0.9685485318364943, "8.775510204081632": 0.9633582807639721, "9.591836734693878": 0.9724013266237438, "9.795918367346939": 0.9738500419825417}