{"0.6122448979591837": 6.175746657414058e-07, "1.4285714285714286": 9.461244673089024e-07, "1.0204081632653061": 7.421308157694619e-07, "0.20408163265306123": 5.330023541208557e-07, "0.40816326530612246": 5.716393113370708e-07, "3.8775510204081636": 0.4537921388485932, "1.2244897959183674": 8.299791851837324e-07, "3.673469387755102": 0.3996097250875174, "3.4693877551020407": 0.3385072040430922, "0.8163265306122449": 6.732076359995002e-07, "2.857142857142857": 0.10062260747911832, "3.2653061224489797": 0.269315969866978, "1.836734693877551": 1.347318995821526e-06, "1.6326530612244898": 1.1073922428519836e-06, "3.0612244897959187": 0.19060816175189466, "2.0408163265306123": 1.7437655181335142e-06, "0.0": 5e-07, "2.2448979591836737": 2.528316307427572e-06, "2.4489795918367347": 4.83555859673864e-06, "4.285714285714286": 0.5450934838950328, "2.6530612244897958": 0.00017558317803776329, "5.714285714285714": 0.7476676332275396, "4.4897959183673475": 0.5836875435006252, "4.8979591836734695": 0.649617015205152, "6.122448979591837": 0.7843876506079405, "5.1020408163265305": 0.6778434756543891, "6.326530612244898": 0.8003969542223845, "4.6938775510204085": 0.6183684062748059, "4.081632653061225": 0.502019178232849, "5.3061224489795915": 0.703399219031123, "6.73469387755102": 0.8284727074197035, "7.346938775510204": 0.8624901269952883, "5.510204081632653": 0.7265867683431164, "5.918367346938775": 0.7668687328666569, "7.755102040816327": 0.8808350818045136, "6.530612244897959": 0.8150477634969419, "7.551020408163265": 0.8720460574154626, "6.938775510204081": 0.8407883832881772, "7.142857142857143": 0.8520974071158505, "7.959183673469388": 0.8889184622213158, "8.16326530612245": 0.8963496885233153, "8.36734693877551": 0.9031751941045724, "9.387755102040817": 0.9294173552639379, "8.571428571428571": 0.9094349612202373, "10.0": 0.9396244971248795, "8.979591836734695": 0.9203879661630695, "9.183673469387756": 0.9251331879405177, "8.775510204081632": 0.9151630354356305, "9.591836734693878": 0.933254642187431, "9.795918367346939": 0.9366550165109735}