{"0.20408163265306123": 7.69799738842906e-08, "0.8163265306122449": 4.083378262577943e-07, "0.40816326530612246": 1.6767030299318862e-07, "0.6122448979591837": 2.7615751984854104e-07, "0.0": 0.0, "1.0204081632653061": 5.730443549993988e-07, "1.4285714285714286": 1.064673786510827e-06, "3.673469387755102": 0.9143584564737356, "3.8775510204081636": 1.027738616607803, "3.2653061224489797": 0.6313487815219709, "3.4693877551020407": 0.7834544949590831, "1.2244897959183674": 7.841370950528281e-07, "3.0612244897959187": 0.45332636370634594, "2.2448979591836737": 4.9355998986787504e-06, "2.0408163265306123": 3.010660615392742e-06, "1.6326530612244898": 1.4560602130601867e-06, "1.836734693877551": 2.0408380866233624e-06, "2.4489795918367347": 1.060863909069427e-05, "2.857142857142857": 0.24325301659117157, "2.6530612244897958": 0.00043091655703024473, "4.081632653061225": 1.1265022051721714, "5.510204081632653": 1.5584216915003548, "5.1020408163265305": 1.4687790547270085, "4.8979591836734695": 1.415782664873147, "6.73469387755102": 1.7374150995663884, "4.285714285714286": 1.2129744574819301, "4.6938775510204085": 1.3562168483621848, "5.918367346938775": 1.6306174191326177, "6.530612244897959": 1.7145396610293095, "4.4897959183673475": 1.2890348147480835, "6.326530612244898": 1.6893145687990054, "5.714285714285714": 1.5964245635168066, "7.346938775510204": 1.794279551357628, "6.122448979591837": 1.661451662076818, "5.3061224489795915": 1.5160803796233677, "6.938775510204081": 1.758190511343495, "7.142857142857143": 1.77708256652055, "7.551020408163265": 1.8099451293189204, "7.755102040816327": 1.8242214425402041, "8.16326530612245": 1.8490821759729217, "9.387755102040817": 1.9000535670921415, "9.183673469387756": 1.8936816666178726, "8.775510204081632": 1.8785212554602406, "8.979591836734695": 1.8865154882298267, "7.959183673469388": 1.8372316750943625, "8.36734693877551": 1.8598642215655807, "8.571428571428571": 1.8696554833456862, "9.591836734693878": 1.9056559216391724, "9.795918367346939": 1.910505013746058, "10.0": 1.9146092277354376}