{"0.20408163265306123": 4.3977603262249554e-08, "0.8163265306122449": 2.3513010365443284e-07, "0.40816326530612246": 9.603095583644431e-08, "0.6122448979591837": 1.5858279531977297e-07, "0.0": 0.0, "1.0204081632653061": 3.309134181644686e-07, "1.4285714285714286": 6.18549096139579e-07, "3.673469387755102": 0.5147490315843053, "3.8775510204081636": 0.5739467508633453, "3.2653061224489797": 0.3620331770014223, "3.4693877551020407": 0.4449476216625689, "1.2244897959183674": 4.5415774487942095e-07, "3.0612244897959187": 0.26271860665057284, "2.2448979591836737": 2.9072825770925162e-06, "2.0408163265306123": 1.766894475376156e-06, "1.6326530612244898": 8.486676665119295e-07, "1.836734693877551": 1.1935186671421268e-06, "2.4489795918367347": 6.273078326175233e-06, "2.857142857142857": 0.14263085880097354, "2.6530612244897958": 0.0002558332914508271, "4.081632653061225": 0.6244832759298593, "5.510204081632653": 0.8318350598639425, "5.1020408163265305": 0.7909357401524313, "4.8979591836734695": 0.7661658248595744, "6.73469387755102": 0.9089424779112106, "4.285714285714286": 0.66788120104176, "4.6938775510204085": 0.7378486329032784, "5.918367346938775": 0.8637488028316526, "6.530612244897959": 0.8994919900085346, "4.4897959183673475": 0.7053474794038966, "6.326530612244898": 0.8889177143782538, "5.714285714285714": 0.848757056455515, "7.346938775510204": 0.9317894931173105, "6.122448979591837": 0.877064119275734, "5.3061224489795915": 0.8126813088928949, "6.938775510204081": 0.9174022076612873, "7.142857142857143": 0.9249852333561339, "7.551020408163265": 0.9378991358799714, "7.755102040816327": 0.9433864203162454, "8.16326530612245": 0.952732539274788, "9.387755102040817": 0.9706362471195259, "9.183673469387756": 0.9685485161107654, "8.775510204081632": 0.9633582624431091, "8.979591836734695": 0.9661275618727849, "7.959183673469388": 0.9483132684105101, "8.36734693877551": 0.9566890758734353, "8.571428571428571": 0.9602205674079899, "9.591836734693878": 0.9724013128244167, "9.795918367346939": 0.9738500289075722, "10.0": 0.9749847607983054}