{"0.20408163265306123": 3.300237062204103e-08, "0.8163265306122449": 1.7320772260336144e-07, "0.40816326530612246": 7.163934715674433e-08, "0.6122448979591837": 1.1757472452876812e-07, "0.0": 0.0, "1.0204081632653061": 2.4213093683493024e-07, "1.4285714285714286": 4.461246903712476e-07, "3.673469387755102": 0.39960942488943063, "3.8775510204081636": 0.45379186574445785, "3.2653061224489797": 0.26931560452054853, "3.4693877551020407": 0.33850687329651447, "1.2244897959183674": 3.299793501734074e-07, "3.0612244897959187": 0.19060775705577326, "2.2448979591836737": 2.028317321586233e-06, "2.0408163265306123": 1.243766140016585e-06, "1.6326530612244898": 6.073925465482571e-07, "1.836734693877551": 8.473194194812355e-07, "2.4489795918367347": 4.335560764519028e-06, "2.857142857142857": 0.10062215779019798, "2.6530612244897958": 0.00017508326557941765, "4.081632653061225": 0.5020189292423121, "5.510204081632653": 0.7265866316364119, "5.1020408163265305": 0.6778433145745772, "4.8979591836734695": 0.649616840013572, "6.73469387755102": 0.8284726216551774, "4.285714285714286": 0.5450932564401703, "4.6938775510204085": 0.6183682154589064, "5.918367346938775": 0.766868616300965, "6.530612244897959": 0.8150476710207745, "4.4897959183673475": 0.5836873353441865, "6.326530612244898": 0.8003968544207515, "5.714285714285714": 0.7476675070612914, "7.346938775510204": 0.8624900582403174, "6.122448979591837": 0.7843875428010839, "5.3061224489795915": 0.7033990707304733, "6.938775510204081": 0.8407883036822082, "7.142857142857143": 0.8520973331644158, "7.551020408163265": 0.8720459934389492, "7.755102040816327": 0.8808350222239586, "8.16326530612245": 0.8963496366981336, "9.387755102040817": 0.9294173199726152, "9.183673469387756": 0.925133150507107, "8.775510204081632": 0.9151629930171316, "8.979591836734695": 0.920387926357042, "7.959183673469388": 0.8889184066838528, "8.36734693877551": 0.9031751456921452, "8.571428571428571": 0.9094349159376962, "9.591836734693878": 0.9332546088147554, "9.795918367346939": 0.9366549848384862, "10.0": 0.9396244669371323}