{"0.40816326530612246": 5.218707377871216e-07, "3.2653061224489797": 0.0676635769630986, "0.8163265306122449": 5.502521445202442e-07, "0.6122448979591837": 5.350084298050337e-07, "3.8775510204081636": 0.12234707850710319, "3.673469387755102": 0.10474043918994394, "2.0408163265306123": 8.102810548825251e-07, "0.20408163265306123": 5.103201282102378e-07, "1.0204081632653061": 5.683880811086589e-07, "2.857142857142857": 0.027506186939941817, "3.0612244897959187": 0.04802422846853188, "1.6326530612244898": 6.579481297474848e-07, "1.2244897959183674": 5.906681233461075e-07, "1.4285714285714286": 6.192159596065398e-07, "1.836734693877551": 7.149758009003126e-07, "2.2448979591836737": 1.0099831813799158e-06, "2.4489795918367347": 1.7414019392585347e-06, "2.6530612244897958": 0.0059700752841038325, "3.4693877551020407": 0.08653805320422307, "0.0": 5e-07, "4.6938775510204085": 0.1879385846817307, "6.326530612244898": 0.3027342374406974, "5.1020408163265305": 0.21839498631643597, "4.8979591836734695": 0.20333585048573433, "6.73469387755102": 0.32886608484790497, "4.081632653061225": 0.13942132040211777, "5.918367346938775": 0.27566599524236274, "5.510204081632653": 0.2475882734844998, "5.3061224489795915": 0.23313919389586146, "4.285714285714286": 0.15601611401242318, "5.714285714285714": 0.26175909921371626, "6.530612244897959": 0.31591378604269543, "6.122448979591837": 0.28932102950034133, "4.4897959183673475": 0.1721759886333834, "7.346938775510204": 0.3663983131359117, "6.938775510204081": 0.3415958514102051, "7.142857142857143": 0.35410613628722576, "7.755102040816327": 0.39032519270963684, "7.959183673469388": 0.40195378979562685, "7.551020408163265": 0.37847203936411034, "8.16326530612245": 0.41335189275589607, "8.571428571428571": 0.43542250120257797, "8.979591836734695": 0.45644676068229945, "8.36734693877551": 0.4245115104796628, "8.775510204081632": 0.4460724832550907, "9.183673469387756": 0.4665282701555706, "10.0": 0.5035019970697208, "9.591836734693878": 0.48573277225030187, "9.795918367346939": 0.49480973503619696, "9.387755102040817": 0.4762975550979132}