{"0.40816326530612246": 5.944487404643074e-07, "3.2653061224489797": 0.37934058832742534, "0.8163265306122449": 7.322251338857386e-07, "0.6122448979591837": 6.562512564314941e-07, "3.8775510204081636": 0.5788234714237277, "3.673469387755102": 0.5227379921791466, "2.0408163265306123": 2.357173455523903e-06, "0.20408163265306123": 5.431934921112129e-07, "1.0204081632653061": 8.278693207321767e-07, "2.857142857142857": 0.1758661651918461, "3.0612244897959187": 0.2869125134614201, "1.6326530612244898": 1.3575369844650114e-06, "1.2244897959183674": 9.51950094270897e-07, "1.4285714285714286": 1.1193510909048487e-06, "1.836734693877551": 1.7234086072696562e-06, "2.2448979591836737": 3.7228188555608684e-06, "2.4489795918367347": 8.819147227943094e-06, "2.6530612244897958": 0.041046896550000864, "3.4693877551020407": 0.4569840105088264, "0.0": 5e-07, "4.6938775510204085": 0.7360445477701935, "6.326530612244898": 0.8847636906583389, "5.1020408163265305": 0.7877636487099601, "4.8979591836734695": 0.763572276284275, "6.73469387755102": 0.9049289149012345, "4.081632653061225": 0.6269680694083596, "5.918367346938775": 0.8596099235298585, "5.510204081632653": 0.827969823616916, "5.3061224489795915": 0.8090970249583879, "4.285714285714286": 0.6685325228008612, "5.714285714285714": 0.8447143177318324, "6.530612244897959": 0.8953935644988912, "6.122448979591837": 0.8728928432233556, "4.4897959183673475": 0.7046006656623418, "7.346938775510204": 0.9281398844671807, "6.938775510204081": 0.9134954653354207, "7.142857142857143": 0.9212013878556666, "7.755102040816327": 0.940024808141773, "7.959183673469388": 0.9450998961546979, "7.551020408163265": 0.9343912927359267, "8.16326530612245": 0.949667452322656, "8.571428571428571": 0.9574462654121443, "8.979591836734695": 0.9636293855002818, "8.36734693877551": 0.9537707573419513, "8.775510204081632": 0.9607242574523727, "9.183673469387756": 0.9661811304607322, "10.0": 0.9730834050895082, "9.591836734693878": 0.9702788269689997, "9.795918367346939": 0.9718411493679316, "9.387755102040817": 0.9683941920389935}