{"1.1111111111111112": 3.342855563259924e-08, "2.2222222222222223": 7.495966756550543e-08, "4.444444444444445": 1.9378554065743437e-07, "3.3333333333333335": 1.2712573300976812e-07, "7.777777777777779": 5.662288524169172e-07, "5.555555555555555": 2.810730017691577e-07, "10.0": 1.1963455237084926e-06, "0.0": 0.0, "6.666666666666667": 3.992425420658049e-07, "8.88888888888889": 8.139270509750032e-07}