{"1.1111111111111112": 3.7380901653867104e-08, "2.2222222222222223": 8.324371999285724e-08, "4.444444444444445": 2.127280248930134e-07, "3.3333333333333335": 1.4031381507415065e-07, "7.777777777777779": 6.134238375544538e-07, "5.555555555555555": 3.0704797558584584e-07, "10.0": 1.2876128595825352e-06, "0.0": 0.0, "6.666666666666667": 4.342299850592796e-07, "8.88888888888889": 8.78673253541871e-07}