{"1.2244897959183674": 5.601837882451832e-10, "1.0204081632653061": -1.022477436052327e-09, "0.20408163265306123": 4.440892098500626e-16, "0.6122448979591837": 1.7765677817749292e-11, "0.40816326530612246": 3.9601655288379334e-13, "0.8163265306122449": 1.3965706369134523e-10, "1.4285714285714286": 7.255307465925398e-13, "1.6326530612244898": 1.676381256032755e-11, "2.857142857142857": 1.872637045430281e-09, "2.4489795918367347": -1.390079162888469e-10, "2.0408163265306123": 2.9674041002181184e-12, "2.2448979591836737": 3.0508151560582064e-11, "1.836734693877551": 1.765254609153999e-13, "2.6530612244897958": 1.379137914980788e-10, "3.0612244897959187": 6.25258889108693e-09, "3.2653061224489797": 9.520860211331694e-09, "3.4693877551020407": 3.761037803418077e-08, "0.0": 0.0, "3.673469387755102": 1.7302762767013036e-07, "3.8775510204081636": 2.009454080464934e-06, "5.1020408163265305": 0.34227977696586587, "5.3061224489795915": 0.3862945656026052, "4.6938775510204085": 0.24223061641096288, "6.326530612244898": 0.5600990351538161, "4.4897959183673475": 0.18528346715886312, "6.73469387755102": 0.6128336075600083, "6.122448979591837": 0.5305780068630492, "4.8979591836734695": 0.2944004421713722, "6.938775510204081": 0.6364016517312382, "5.714285714285714": 0.46418483388417486, "5.510204081632653": 0.42681935196150833, "6.530612244897959": 0.5874553448486561, "7.346938775510204": 0.6786972230265053, "5.918367346938775": 0.4986841443676515, "7.142857142857143": 0.6583106863692012, "4.285714285714286": 0.12299959701039109, "7.551020408163265": 0.6976847283472635, "4.081632653061225": 0.054732445383450234, "7.755102040816327": 0.7153850723409217, "7.959183673469388": 0.731899774177621, "8.571428571428571": 0.7752122591627155, "8.16326530612245": 0.7473211114520738, "8.775510204081632": 0.7878285347516734, "8.36734693877551": 0.761733082847366, "8.979591836734695": 0.799645792689793, "9.795918367346939": 0.8400231923072115, "9.183673469387756": 0.810722494905087, "9.387755102040817": 0.8211122068155647, "10.0": 0.8486310742287956, "9.591836734693878": 0.830864064629107}