{"1.2244897959183674": 4.553944998875181e-10, "1.0204081632653061": -6.815810138505185e-10, "0.20408163265306123": 1.1102230246251565e-16, "0.6122448979591837": 6.511235994821618e-12, "0.40816326530612246": 8.43769498715119e-14, "0.8163265306122449": 7.232692222913784e-11, "1.4285714285714286": 6.938893903907228e-13, "1.6326530612244898": 1.8380852395694092e-11, "2.857142857142857": 3.544764037854975e-09, "2.4489795918367347": -2.2536061905498173e-10, "2.0408163265306123": 4.169442568979775e-12, "2.2448979591836737": 4.6235348882817107e-11, "1.836734693877551": 2.360334150353083e-13, "2.6530612244897958": 2.5020296945399423e-10, "3.0612244897959187": 1.2584481901001254e-08, "3.2653061224489797": 2.0378546405908082e-08, "3.4693877551020407": 8.463836942418368e-08, "0.0": 0.0, "3.673469387755102": 4.0845426241276073e-07, "3.8775510204081636": 4.965576198001642e-06, "5.1020408163265305": 0.6491645917952963, "5.3061224489795915": 0.7049466439931031, "4.6938775510204085": 0.5001464047177009, "6.326530612244898": 0.8716513794057197, "4.4897959183673475": 0.40087637971334456, "6.73469387755102": 0.9067279166646138, "6.122448979591837": 0.8490228001656569, "4.8979591836734695": 0.5817884407080429, "6.938775510204081": 0.9202804044079936, "5.714285714285714": 0.7898454167119895, "5.510204081632653": 0.7512691043089367, "6.530612244897959": 0.8906842153047505, "7.346938775510204": 0.94147989892429, "5.918367346938775": 0.822057143267059, "7.142857142857143": 0.9317515940283728, "4.285714285714286": 0.27972298377974303, "7.551020408163265": 0.9497454479691512, "4.081632653061225": 0.13126578921916265, "7.755102040816327": 0.956780716703708, "7.959183673469388": 0.9627791027787226, "8.571428571428571": 0.976037769298325, "8.16326530612245": 0.9679018726717336, "8.775510204081632": 0.9792585131073666, "8.36734693877551": 0.9722838017069652, "8.979591836734695": 0.9820257044311975, "9.795918367346939": 0.9897546555486483, "9.183673469387756": 0.9844064741195199, "9.387755102040817": 0.986457492386638, "10.0": 0.9910758586485042, "9.591836734693878": 0.9882266854276004}