{"1.2244897959183674": 5.497048594094166e-10, "1.0204081632653061": -9.883877938321462e-10, "0.6122448979591837": 1.6640233635456524e-11, "0.20408163265306123": 4.1078251911130794e-16, "0.40816326530612246": 3.648525925825652e-13, "0.8163265306122449": 1.329240495451245e-10, "1.4285714285714286": 7.223666109723581e-13, "1.6326530612244898": 1.6925516543864205e-11, "2.857142857142857": 2.03984974467275e-09, "2.4489795918367347": -1.476431865654604e-10, "2.0408163265306123": 3.087607947094284e-12, "2.2448979591836737": 3.208087129280557e-11, "1.836734693877551": 1.8247625632739072e-13, "2.6530612244897958": 1.4914270929367036e-10, "3.0612244897959187": 6.885778192078363e-09, "3.2653061224489797": 1.0606628830789333e-08, "3.4693877551020407": 4.231317717318106e-08, "0.0": 0.0, "3.673469387755102": 1.965702911443934e-07, "3.8775510204081636": 2.3050662922186047e-06, "5.1020408163265305": 0.3729682584488089, "5.3061224489795915": 0.418159773441655, "4.6938775510204085": 0.2680221952416367, "6.326530612244898": 0.5912542695790064, "4.4897959183673475": 0.20684275841431127, "6.73469387755102": 0.6422230384704688, "6.122448979591837": 0.56242248619331, "4.8979591836734695": 0.32313924202503924, "6.938775510204081": 0.6647895269989138, "5.714285714285714": 0.49675089216695634, "5.510204081632653": 0.45926432719625115, "6.530612244897959": 0.6177782318942655, "7.346938775510204": 0.7049754906162837, "5.918367346938775": 0.5310214442575922, "7.142857142857143": 0.6856547771351184, "4.285714285714286": 0.13867193568732628, "7.551020408163265": 0.7228908003094523, "4.081632653061225": 0.062385779767021476, "7.755102040816327": 0.7395246367772004, "7.959183673469388": 0.7549877070377311, "8.571428571428571": 0.7952948101762765, "8.16326530612245": 0.7693791875740398, "8.775510204081632": 0.8069715325872426, "8.36734693877551": 0.7827881547333259, "8.979591836734695": 0.8178837838639335, "9.795918367346939": 0.8549963386313552, "9.183673469387756": 0.8280908928265303, "9.387755102040817": 0.8376467353726721, "10.0": 0.8628755526707664, "9.591836734693878": 0.8466003267089564}