{"0.0": 0.0, "0.20408163265306123": 2.3551435103603346e-08, "0.6122448979591837": 8.207670585130962e-08, "0.40816326530612246": 5.060599637027195e-08, "1.0204081632653061": 1.6386139441939983e-07, "0.8163265306122449": 1.1922773808351474e-07, "1.2244897959183674": 2.18638894350123e-07, "1.4285714285714286": 2.8766110126847455e-07, "2.0408163265306123": 6.772858767620392e-07, "1.836734693877551": 5.000699689315731e-07, "1.6326530612244898": 3.7759845722229406e-07, "2.2448979591836737": 9.576912328862128e-07, "2.4489795918367347": 1.4708731061685465e-06, "2.6530612244897958": 2.7201123059376495e-06, "3.0612244897959187": 0.04633131844286589, "3.4693877551020407": 0.17803285051371687, "3.673469387755102": 0.23454336735522968, "2.857142857142857": 1.0404002672340704e-05, "3.2653061224489797": 0.11560756591307164, "3.8775510204081636": 0.28590610653356335, "4.285714285714286": 0.3756338022389981, "4.081632653061225": 0.3327586821802967, "4.4897959183673475": 0.4149827918202176, "4.6938775510204085": 0.45118928420151605, "4.8979591836734695": 0.48458311108240826, "5.510204081632653": 0.5705575820273208, "5.1020408163265305": 0.5154494644313071, "5.3061224489795915": 0.5440353469057002, "5.714285714285714": 0.5952057439839762, "5.918367346938775": 0.6181477359914976, "6.326530612244898": 0.6594893821123934, "6.122448979591837": 0.6395316368928943, "6.73469387755102": 0.6955840896429121, "6.530612244897959": 0.6781386601238122, "6.938775510204081": 0.7119198977505949, "7.142857142857143": 0.72723004354275, "7.755102040816327": 0.7677240070125969, "7.551020408163265": 0.7550679911030919, "7.959183673469388": 0.7796125525423877, "7.346938775510204": 0.741590232063182, "8.16326530612245": 0.7907816587428249, "8.775510204081632": 0.8203743315778502, "8.571428571428571": 0.8111274915974671, "8.36734693877551": 0.8012741717181266, "8.979591836734695": 0.8290428240442033, "9.183673469387756": 0.8371564966606406, "9.387755102040817": 0.8447348707089535, "9.591836734693878": 0.8517934811498517, "9.795918367346939": 0.8583438027520938, "10.0": 0.86439389227296}