{"0.0": 0.0, "0.20408163265306123": 3.88619213118658e-08, "0.6122448979591837": 1.3717040577957923e-07, "0.40816326530612246": 8.403112510628114e-08, "1.0204081632653061": 2.775532890788983e-07, "0.8163265306122449": 2.005829355367373e-07, "1.2244897959183674": 3.729325407602139e-07, "1.4285714285714286": 4.941974707856002e-07, "2.0408163265306123": 1.1903608082646334e-06, "1.836734693877551": 8.720636657885554e-07, "1.6326530612244898": 6.535114650666443e-07, "2.2448979591836737": 1.6967600620304116e-06, "2.4489795918367347": 2.62761620622204e-06, "2.6530612244897958": 4.900875953395204e-06, "3.0612244897959187": 0.0826347173790093, "3.4693877551020407": 0.2974427675735023, "3.673469387755102": 0.38069991703627426, "2.857142857142857": 1.8910341085100224e-05, "3.2653061224489797": 0.1992903818844309, "3.8775510204081636": 0.4518315955699386, "4.285714285714286": 0.5658939412073216, "4.081632653061225": 0.512996382671385, "4.4897959183673475": 0.6118803065401083, "4.6938775510204085": 0.6520461762393311, "4.8979591836734695": 0.6872783801387389, "5.510204081632653": 0.7700302073746976, "5.1020408163265305": 0.7183036960939462, "5.3061224489795915": 0.7457212933113194, "5.714285714285714": 0.7916472359335882, "5.918367346938775": 0.8109237544412169, "6.326530612244898": 0.8435983921359933, "6.122448979591837": 0.8281565846744785, "6.73469387755102": 0.8699411369217761, "6.530612244897959": 0.8574650192926896, "6.938775510204081": 0.8811859975349818, "7.142857142857143": 0.8913366260249382, "7.755102040816327": 0.9163315574621745, "7.551020408163265": 0.9088137446116966, "7.959183673469388": 0.9231419979017508, "7.346938775510204": 0.9005117129238296, "8.16326530612245": 0.9293112088906429, "8.775510204081632": 0.9445002402222511, "8.571428571428571": 0.9399454902970125, "8.36734693877551": 0.9348961949057538, "8.979591836734695": 0.9485948158528671, "9.183673469387756": 0.9522572913041742, "9.387755102040817": 0.955510139343482, "9.591836734693878": 0.9583705867795055, "9.795918367346939": 0.9608508982717133, "10.0": 0.9629589309720128}