{"0.0": 0.0, "0.20408163265306123": 3.273772682856083e-08, "0.6122448979591837": 1.1513292580827139e-07, "0.40816326530612246": 7.066107361187745e-08, "1.0204081632653061": 2.3207653121509897e-07, "0.8163265306122449": 1.6804085655544823e-07, "1.2244897959183674": 3.1121508219617755e-07, "1.4285714285714286": 4.1158292297875006e-07, "2.0408163265306123": 9.85130835663596e-07, "1.836734693877551": 7.232661870457626e-07, "1.6326530612244898": 5.431462619289042e-07, "2.2448979591836737": 1.4011325303727318e-06, "2.4489795918367347": 2.164918966200642e-06, "2.6530612244897958": 4.028570494412183e-06, "3.0612244897959187": 0.06811335780455192, "3.4693877551020407": 0.249678800749588, "3.673469387755102": 0.32223729716385635, "2.857142857142857": 1.550780571999641e-05, "3.2653061224489797": 0.16581725549588727, "3.8775510204081636": 0.38546139995538853, "4.285714285714286": 0.48978988561999215, "4.081632653061225": 0.4409013024749496, "4.4897959183673475": 0.533121300652152, "4.6938775510204085": 0.5717034194242052, "4.8979591836734695": 0.6062002725162065, "5.510204081632653": 0.6902411572357467, "5.1020408163265305": 0.6371620034288904, "5.3061224489795915": 0.665046914749072, "5.714285714285714": 0.7130706391537435, "5.918367346938775": 0.7338133470613291, "6.326530612244898": 0.7699547881265537, "6.122448979591837": 0.752706605561845, "6.73469387755102": 0.8001983180102304, "6.530612244897959": 0.7857344756251384, "6.938775510204081": 0.813479557621227, "7.142857142857143": 0.8256939930320629, "7.755102040816327": 0.8568885372823438, "7.551020408163265": 0.8473154432082548, "7.959183673469388": 0.8657302197580053, "7.346938775510204": 0.8369431205795704, "8.16326530612245": 0.8738993888315159, "8.775510204081632": 0.8948498767644909, "8.571428571428571": 0.8884182908171943, "8.36734693877551": 0.8814473856307028, "8.979591836734695": 0.9007740191294015, "9.183673469387756": 0.906216973446761, "9.387755102040817": 0.9112000318896708, "9.591836734693878": 0.915739744527644, "9.795918367346939": 0.9198480600638654, "10.0": 0.9235329154923915}