{"1.836734693877551": 4.896364904618651e-07, "0.20408163265306123": 2.297592885170371e-08, "1.4285714285714286": 2.837835549328397e-07, "1.0204081632653061": 1.6153839604373285e-07, "0.6122448979591837": 8.056264498302722e-08, "0.8163265306122449": 1.1731840286102916e-07, "0.40816326530612246": 4.952829647569624e-08, "2.4489795918367347": 1.340415272246282e-06, "3.8775510204081636": 0.26042735947019674, "1.6326530612244898": 3.7168099039840147e-07, "1.2244897959183674": 2.1575330097341038e-07, "2.0408163265306123": 6.562483407841506e-07, "3.2653061224489797": 0.0841356742140107, "3.4693877551020407": 0.14902631915876982, "2.6530612244897958": 2.237664125017117e-06, "3.673469387755102": 0.20749314100978197, "0.0": 0.0, "3.0612244897959187": 0.01174222080927983, "2.2448979591836737": 9.09445063851112e-07, "2.857142857142857": 5.249550064932416e-06, "4.081632653061225": 0.30855900258802255, "4.4897959183673475": 0.39273119263664347, "4.285714285714286": 0.35249210479091236, "4.6938775510204085": 0.42970131234236786, "5.3061224489795915": 0.5243545964006581, "5.1020408163265305": 0.4952259186915324, "5.918367346938775": 0.5998920929994754, "6.326530612244898": 0.6420856165001505, "4.8979591836734695": 0.4637633546093894, "6.73469387755102": 0.6789849120045772, "7.346938775510204": 0.7261183691486722, "6.122448979591837": 0.6217087792594859, "5.510204081632653": 0.5513793081079618, "6.530612244897959": 0.6611423045932482, "5.714285714285714": 0.5765001502944764, "7.142857142857143": 0.7113939703553634, "6.938775510204081": 0.6957075867469015, "7.551020408163265": 0.7399467264327323, "8.16326530612245": 0.7766056037263889, "7.755102040816327": 0.7529374311773999, "7.959183673469388": 0.7651419924173579, "8.36734693877551": 0.7873676182414274, "8.571428571428571": 0.7974619516090885, "8.775510204081632": 0.806917427698168, "8.979591836734695": 0.8157580798215133, "9.795918367346939": 0.8452998253290387, "9.591836734693878": 0.8387650282526098, "9.387755102040817": 0.8316686747315535, "9.183673469387756": 0.8240034184331022, "10.0": 0.8512767942074149}