{"1.836734693877551": 9.792727411798378e-07, "0.20408163265306123": 4.595185717551412e-08, "1.4285714285714286": 5.675670293325733e-07, "1.0204081632653061": 3.230767659928122e-07, "0.6122448979591837": 1.611252834757147e-07, "0.8163265306122449": 2.3463679195845068e-07, "0.40816326530612246": 9.905659049834029e-08, "2.4489795918367347": 2.6808287477794618e-06, "3.8775510204081636": 0.4530323107579568, "1.6326530612244898": 7.433618426500439e-07, "1.2244897959183674": 4.3150655539733397e-07, "2.0408163265306123": 1.3124962509064166e-06, "3.2653061224489797": 0.16119253678885162, "3.4693877551020407": 0.2758437947018023, "2.6530612244897958": 4.475323242893497e-06, "3.673469387755102": 0.37193287902727823, "0.0": 0.0, "3.0612244897959187": 0.023346561869449826, "2.2448979591836737": 1.8188893006118996e-06, "2.857142857142857": 1.0499072572088979e-05, "4.081632653061225": 0.5219093498865944, "4.4897959183673475": 0.6312246026545741, "4.285714285714286": 0.5807335304870102, "4.6938775510204085": 0.6747594144340863, "5.3061224489795915": 0.7737613718965366, "5.1020408163265305": 0.7452031065400582, "5.918367346938775": 0.8399127043134902, "6.326530612244898": 0.8718939545569772, "4.8979591836734695": 0.712450261929752, "6.73469387755102": 0.8969395285633212, "7.346938775510204": 0.924949740131308, "6.122448979591837": 0.8568939158729982, "5.510204081632653": 0.7987392678054839, "6.530612244897959": 0.8851696423362853, "5.714285714285714": 0.820647409911042, "7.142857142857143": 0.9166812764697291, "6.938775510204081": 0.9073901809658144, "7.551020408163265": 0.9323131239596623, "8.16326530612245": 0.9499124918235777, "7.755102040816327": 0.9388723750472135, "7.959183673469388": 0.9447141104347807, "8.36734693877551": 0.9545307746511135, "8.571428571428571": 0.9586225917397518, "8.775510204081632": 0.9622330206449922, "8.979591836734695": 0.9653994751830673, "9.795918367346939": 0.9741445581748428, "9.591836734693878": 0.9725091381157798, "9.387755102040817": 0.9705161800848053, "9.183673469387756": 0.9681524548081526, "10.0": 0.9754308347570142}