{"1.836734693877551": 1.4689092316417032e-06, "0.20408163265306123": 6.89277860272178e-08, "1.4285714285714286": 8.513505842654126e-07, "1.0204081632653061": 4.846151620365452e-07, "0.6122448979591837": 2.416879284587419e-07, "0.8163265306122449": 3.519551948194799e-07, "0.40816326530612246": 1.4858488697403658e-07, "2.4489795918367347": 4.0212440200257445e-06, "3.8775510204081636": 0.7134596702281539, "1.6326530612244898": 1.1150428330484454e-06, "1.2244897959183674": 6.472598563707442e-07, "2.0408163265306123": 1.968744591690567e-06, "3.2653061224489797": 0.24532821100286234, "3.4693877551020407": 0.42487011386057205, "2.6530612244897958": 6.712987367910614e-06, "3.673469387755102": 0.5794260200370602, "0.0": 0.0, "3.0612244897959187": 0.03508878267872964, "2.2448979591836737": 2.7283343644630114e-06, "2.857142857142857": 1.574862263702139e-05, "4.081632653061225": 0.8304683524746169, "4.4897959183673475": 1.023955795291218, "4.285714285714286": 0.9332256352779223, "4.6938775510204085": 1.1044607267764541, "5.3061224489795915": 1.2981159682971943, "5.1020408163265305": 1.24042902523159, "5.918367346938775": 1.4398047973129653, "6.326530612244898": 1.513979571057128, "4.8979591836734695": 1.176213616539142, "6.73469387755102": 1.5759244405678985, "7.346938775510204": 1.6510681092799802, "6.122448979591837": 1.4786026951324842, "5.510204081632653": 1.3501185759134453, "6.530612244897959": 1.546311946929533, "5.714285714285714": 1.3971475602055186, "7.142857142857143": 1.6280752468250923, "6.938775510204081": 1.6030977677127163, "7.551020408163265": 1.6722598503923944, "7.755102040816327": 1.6918098062246127, "8.16326530612245": 1.7265180955499666, "7.959183673469388": 1.7098561028521388, "8.36734693877551": 1.7418983928925411, "8.571428571428571": 1.7560845433488401, "8.775510204081632": 1.7691504483431604, "8.979591836734695": 1.7811575550045804, "9.795918367346939": 1.8194443835038816, "9.591836734693878": 1.8112741663683896, "9.387755102040817": 1.8021848548163586, "9.183673469387756": 1.792155873241255, "10.0": 1.8267076289644288}