{"0.0": 0.0, "0.20408163265306123": 0.0, "0.40816326530612246": 0.0, "0.6122448979591837": 0.0, "0.8163265306122449": 0.0, "1.0204081632653061": 0.0, "3.0612244897959187": 0.22491215964735073, "2.857142857142857": 0.13813682906469818, "3.4693877551020407": 0.36544984161031385, "2.6530612244897958": 0.036968487007590485, "3.2653061224489797": 0.2999935575932073, "3.673469387755102": 0.42289654173278207, "1.2244897959183674": 0.0, "1.4285714285714286": 0.0, "1.6326530612244898": 0.0, "3.8775510204081636": 0.4736105034854422, "4.081632653061225": 0.5186162243153869, "4.285714285714286": 0.5587431691642144, "2.0408163265306123": 0.0, "4.4897959183673475": 0.5946714463771586, "4.6938775510204085": 0.6269625063479437, "1.836734693877551": 0.0, "4.8979591836734695": 0.6560847382111421, "5.1020408163265305": 0.6824317074469782, "2.2448979591836737": -5e-324, "5.3061224489795915": 0.7063356458276846, "2.4489795918367347": -1.5e-323, "5.510204081632653": 0.7280800641642821, "5.714285714285714": 0.747907108296322, "6.326530612244898": 0.7978353551160141, "5.918367346938775": 0.7660257100519139, "6.122448979591837": 0.7826161655311925, "6.73469387755102": 0.824689986674735, "6.530612244897959": 0.8118201603841176, "7.142857142857143": 0.847492241545809, "6.938775510204081": 0.8365499806447886, "7.551020408163265": 0.8669389323249099, "7.346938775510204": 0.8575981004627066, "7.755102040816327": 0.8755776632663299, "8.16326530612245": 0.890962785772429, "7.959183673469388": 0.8835695623714593, "8.36734693877551": 0.8977994020150604, "8.571428571428571": 0.9041155224845363, "8.775510204081632": 0.9099420201057613, "9.183673469387756": 0.9202249478679367, "8.979591836734695": 0.915304797063652, "9.387755102040817": 0.9247192689799761, "9.591836734693878": 0.9288003989228798, "10.0": 0.9357537265674863, "9.795918367346939": 0.9324768969585733}