{"0.0": 0.0, "0.20408163265306123": 0.0, "0.40816326530612246": 0.0, "0.6122448979591837": 0.0, "0.8163265306122449": 0.0, "1.0204081632653061": 0.0, "3.0612244897959187": 0.26900880172356106, "2.857142857142857": 0.16739542782636935, "3.4693877551020407": 0.4272611818479773, "2.6530612244897958": 0.04545074079490169, "3.2653061224489797": 0.35456678532360536, "3.673469387755102": 0.48952135618154735, "1.2244897959183674": 0.0, "1.4285714285714286": 0.0, "1.6326530612244898": 0.0, "3.8775510204081636": 0.5432222406771852, "4.081632653061225": 0.5898335985395141, "4.285714285714286": 0.6305198765678776, "2.0408163265306123": 0.0, "4.4897959183673475": 0.6662156107551932, "4.6938775510204085": 0.6976770182931745, "1.836734693877551": 0.0, "4.8979591836734695": 0.7255225934156099, "5.1020408163265305": 0.7502622115501286, "2.2448979591836737": -1e-323, "5.3061224489795915": 0.7723186811980793, "2.4489795918367347": -1.5e-323, "5.510204081632653": 0.7920462105542879, "5.714285714285714": 0.809742331645943, "6.326530612244898": 0.8529822854386453, "5.918367346938775": 0.8256593276472864, "6.122448979591837": 0.8400114981823181, "6.73469387755102": 0.8753878803570712, "6.530612244897959": 0.8647292517415718, "7.142857142857143": 0.8938939196369169, "6.938775510204081": 0.8850756092960991, "7.551020408163265": 0.9092635851208078, "7.346938775510204": 0.9019310905132711, "7.755102040816327": 0.9159578570205497, "8.16326530612245": 0.9276539260015391, "7.959183673469388": 0.9220714675840134, "8.36734693877551": 0.9327478185179096, "8.571428571428571": 0.9373891920324982, "8.775510204081632": 0.9416083322406493, "9.183673469387756": 0.9488745165869591, "8.979591836734695": 0.94543015900593, "9.387755102040817": 0.9519566872901938, "9.591836734693878": 0.9546876144219577, "10.0": 0.9591190993042582, "9.795918367346939": 0.9570740708132636}