{"0.20408163265306123": 4.487179276305173e-08, "0.8163265306122449": 2.089551743997909e-07, "0.40816326530612246": 9.417039407079761e-08, "1.4285714285714286": 4.374997601726877e-07, "2.0408163265306123": 7.777769119750301e-07, "1.6326530612244898": 5.350314738337726e-07, "2.2448979591836737": 9.314503013005561e-07, "1.0204081632653061": 2.763157002547193e-07, "2.4489795918367347": 1.1150422484524453e-06, "1.2244897959183674": 3.519551576039283e-07, "0.6122448979591837": 1.4858488133895987e-07, "2.6530612244897958": 1.338232204130434e-06, "3.4693877551020407": 3.077560911568766e-06, "2.857142857142857": 1.615379730749522e-06, "1.836734693877551": 6.472597030118558e-07, "3.0612244897959187": 1.9687420134641907e-06, "3.673469387755102": 4.021224691336477e-06, "3.8775510204081636": 5.541540791813969e-06, "3.2653061224489797": 2.4347688941509358e-06, "0.0": 0.0, "4.081632653061225": 8.399592290716757e-06, "6.122448979591837": 0.46654021482798186, "7.755102040816327": 0.6932832990224221, "6.73469387755102": 0.5705102410434453, "5.3061224489795915": 0.27230168340209154, "5.918367346938775": 0.4249204927345261, "5.714285714285714": 0.37906751281105283, "6.530612244897959": 0.5389475790251363, "7.142857142857143": 0.625915696744671, "7.346938775510204": 0.6502640460253868, "6.938775510204081": 0.5994095494363665, "7.551020408163265": 0.6726600452817648, "5.1020408163265305": 0.2099414416352688, "4.6938775510204085": 0.06259133115217189, "6.326530612244898": 0.5044105816738381, "4.8979591836734695": 0.14040561320970385, "7.959183673469388": 0.7122909566713942, "4.285714285714286": 1.5747526974303407e-05, "8.979591836734695": 0.7873451793930831, "9.183673469387756": 0.7990078716258082, "5.510204081632653": 0.3284158643069735, "8.16326530612245": 0.729820544811207, "8.775510204081632": 0.7746692073781621, "8.571428571428571": 0.7609113987316797, "10.0": 0.8365734662524045, "9.591836734693878": 0.8195196739808518, "9.387755102040817": 0.8097160604649918, "9.795918367346939": 0.8284606106659862, "8.36734693877551": 0.7459923449394603, "4.4897959183673475": 7.674857241890105e-05}