{"0.6122448979591837": 3.707700813038173e-11, "0.20408163265306123": 1.3322676295501878e-15, "0.40816326530612246": 8.005818230572004e-13, "0.8163265306122449": 3.831379657981415e-13, "1.4285714285714286": 7.304157279008905e-13, "1.2244897959183674": 7.28921367709745e-11, "1.0204081632653061": 6.905587213168474e-12, "1.836734693877551": 4.2784553677677195e-11, "2.4489795918367347": 3.300937301276008e-11, "1.6326530612244898": 6.963651877356369e-12, "2.0408163265306123": 1.5268897257669778e-12, "2.2448979591836737": 8.79474271187064e-12, "3.8775510204081636": 0.1451553885843735, "3.4693877551020407": 0.0736238634751708, "3.673469387755102": 0.11061477084403393, "3.2653061224489797": 0.03384876331228215, "2.6530612244897958": 2.4056567848873556e-10, "2.857142857142857": 1.2194520948582976e-09, "0.0": 0.0, "3.0612244897959187": 2.2867462812214967e-08, "4.081632653061225": 0.17752353584502267, "4.8979591836734695": 0.2894453597348522, "4.285714285714286": 0.2079526357291488, "4.4897959183673475": 0.23664054071488605, "5.1020408163265305": 0.3138337667809141, "5.3061224489795915": 0.33703134852544514, "5.510204081632653": 0.35913437402262516, "5.714285714285714": 0.3802276627767781, "4.6938775510204085": 0.26375629124490096, "5.918367346938775": 0.4003863116711356, "6.122448979591837": 0.41967711464521074, "6.326530612244898": 0.4381597384008551, "7.142857142857143": 0.5050030427809639, "7.551020408163265": 0.5347442701733133, "6.73469387755102": 0.47290920370884537, "6.938775510204081": 0.48926780781287194, "7.346938775510204": 0.5201509005300162, "6.530612244897959": 0.4558877028001561, "7.755102040816327": 0.5488133097922672, "7.959183673469388": 0.5623857687231005, "8.36734693877551": 0.5881415391701914, "8.16326530612245": 0.5754872671103612, "9.591836734693878": 0.6558150782255838, "8.571428571428571": 0.6003706452785453, "8.775510204081632": 0.6121951570796753, "9.387755102040817": 0.6454277635743089, "8.979591836734695": 0.6236343190742206, "10.0": 0.6756468353277718, "9.183673469387756": 0.6347061895575592, "9.795918367346939": 0.6658833066044865}