{"0.6122448979591837": 8.408634344370115e-11, "0.20408163265306123": 2.9809488211185455e-15, "0.40816326530612246": 1.822092476899684e-12, "0.8163265306122449": 8.669953643902773e-13, "1.4285714285714286": 1.6494638988007185e-12, "1.2244897959183674": 1.645825031815207e-10, "1.0204081632653061": 1.5604273428948544e-11, "1.836734693877551": 9.66734081675469e-11, "2.4489795918367347": 6.855536693883834e-11, "1.6326530612244898": 1.5725232227481458e-11, "2.0408163265306123": 3.207262233573261e-12, "2.2448979591836737": 1.856440001724025e-11, "3.8775510204081636": 0.28924308132159676, "3.4693877551020407": 0.15689104782689198, "3.673469387755102": 0.22767430686557666, "3.2653061224489797": 0.0748741630811339, "2.6530612244897958": 5.211026443685541e-10, "2.857142857142857": 2.6846354972409616e-09, "0.0": 0.0, "3.0612244897959187": 5.188902575392618e-08, "4.081632653061225": 0.34317682731823057, "4.8979591836734695": 0.5041794218150979, "4.285714285714286": 0.3907265874569975, "4.4897959183673475": 0.4328944637506161, "5.1020408163265305": 0.5345040903478048, "5.3061224489795915": 0.5619179478576083, "5.510204081632653": 0.5867992776197785, "5.714285714285714": 0.6094663108301748, "4.6938775510204085": 0.47049133611027727, "5.918367346938775": 0.6301883776597847, "6.122448979591837": 0.6491946996633273, "6.326530612244898": 0.6666813807027093, "7.142857142857143": 0.7244799344154649, "7.551020408163265": 0.7477085109969983, "6.73469387755102": 0.6977471790307485, "6.938775510204081": 0.7115981665355322, "7.346938775510204": 0.736488605735435, "6.530612244897959": 0.6828170089975364, "7.755102040816327": 0.7582138903453797, "7.959183673469388": 0.7680703172273005, "8.36734693877551": 0.7860622613760124, "8.16326530612245": 0.7773358941280053, "9.591836734693878": 0.8293655639752011, "8.571428571428571": 0.7942954517156755, "8.775510204081632": 0.8020766169663764, "9.387755102040817": 0.8230586766096405, "8.979591836734695": 0.8094426480644252, "9.183673469387756": 0.8164267058086617, "10.0": 0.8410996756451574, "9.795918367346939": 0.835371827758074}