{"0.40816326530612246": -1.1102230246251565e-15, "0.20408163265306123": 1.2212453270876722e-15, "0.0": 0.0, "0.6122448979591837": -8.22453216642316e-13, "0.8163265306122449": 6.650235917504688e-14, "1.0204081632653061": 2.7284841053187847e-12, "1.4285714285714286": -7.011280445112789e-11, "1.2244897959183674": -6.992184609089236e-13, "4.081632653061225": 1.4348072757254564, "4.285714285714286": 1.4823292506824548, "4.4897959183673475": 1.5244823890571841, "2.2448979591836737": 0.4612934022719237, "2.6530612244897958": 0.823940897204118, "1.6326530612244898": 2.5790480862042386e-13, "2.0408163265306123": 0.2115555945258656, "3.673469387755102": 1.3194444994520804, "5.1020408163265305": 1.6260329676160823, "5.714285714285714": 1.7007631291068306, "3.4693877551020407": 1.2487980991872818, "4.8979591836734695": 1.5957386542188279, "5.510204081632653": 1.6782021919548824, "3.0612244897959187": 1.071385941413407, "2.4489795918367347": 0.6611426546673103, "5.3061224489795915": 1.6533966128856297, "4.6938775510204085": 1.5620676991043951, "2.857142857142857": 0.9585784137558051, "6.122448979591837": 1.7401729820608196, "7.142857142857143": 1.813930726352042, "3.8775510204081636": 1.3809253596646325, "6.938775510204081": 1.8014437048389964, "5.918367346938775": 1.7213447462178286, "6.326530612244898": 1.7574413137763483, "6.530612244897959": 1.7733162937026068, "7.346938775510204": 1.8254989529021632, "7.551020408163265": 1.8362327932188083, "7.755102040816327": 1.8462068460924512, "7.959183673469388": 1.855487283975906, "6.73469387755102": 1.7879420100600174, "8.16326530612245": 1.8641330117798014, "8.36734693877551": 1.8721966416331908, "8.775510204081632": 1.8867614071722256, "3.2653061224489797": 1.1669802221704675, "8.571428571428571": 1.8797253162493042, "9.795918367346939": 1.9157702368632172, "10.0": 1.9205385288128782, "9.183673469387756": 1.899504948051745, "9.591836734693878": 1.9106913465122968, "8.979591836734695": 1.8933431091678903, "1.836734693877551": 3.763148681557027e-10, "9.387755102040817": 1.905278216081823}