{"0.40816326530612246": 3.9147472312657163e-08, "0.20408163265306123": 1.8951760287988842e-08, "0.6122448979591837": 6.071101496417013e-08, "2.857142857142857": 4.494330179224669e-07, "2.4489795918367347": 3.483386170833948e-07, "0.8163265306122449": 8.378323164419417e-08, "3.8775510204081636": 8.279526778033387e-07, "3.0612244897959187": 5.083932066083661e-07, "1.6326530612244898": 1.9475781280587975e-07, "1.0204081632653061": 1.0852493608563334e-07, "1.2244897959183674": 1.351205807158284e-07, "1.836734693877551": 2.2833274053059885e-07, "2.2448979591836737": 3.0468867360747134e-07, "1.4285714285714286": 1.6378276443752862e-07, "2.6530612244897958": 3.9635909819998866e-07, "3.2653061224489797": 5.7426595447143e-07, "2.0408163265306123": 2.6484401300788003e-07, "3.673469387755102": 7.322028738097714e-07, "3.4693877551020407": 6.483306421416226e-07, "0.0": 0.0, "4.081632653061225": 9.382763334706786e-07, "4.6938775510204085": 1.3994781565835412e-06, "4.8979591836734695": 1.6201622546737502e-06, "4.4897959183673475": 1.2182353891787625e-06, "5.1020408163265305": 1.8946767998478214e-06, "4.285714285714286": 1.0667525243468893e-06, "5.3061224489795915": 2.2453750267083914e-06, "5.510204081632653": 2.7089672585409735e-06, "6.326530612244898": 8.732033897208261e-06, "5.918367346938775": 4.295301129905286e-06, "7.142857142857143": 0.058355689918173845, "5.714285714285714": 3.350248741740356e-06, "7.346938775510204": 0.08788901529274823, "7.755102040816327": 0.1406198965672173, "6.122448979591837": 5.826372110068901e-06, "7.959183673469388": 0.16417671169432446, "6.530612244897959": 1.636482814439932e-05, "6.938775510204081": 0.026436785797097268, "7.551020408163265": 0.1152468407019892, "6.73469387755102": 8.97050747599986e-05, "8.16326530612245": 0.18606584658934616, "8.36734693877551": 0.20641822862796697, "8.571428571428571": 0.22534922266606572, "9.387755102040817": 0.2887155863795593, "8.775510204081632": 0.2429604218374116, "9.591836734693878": 0.3018379504420503, "9.183673469387756": 0.27457000163118134, "9.795918367346939": 0.31398925510167736, "10.0": 0.32521459868744523, "8.979591836734695": 0.25934119124700855}