{"0.40816326530612246": 6.778354051413487e-08, "0.20408163265306123": 3.2832330905479754e-08, "0.6122448979591837": 1.0506417379635923e-07, "2.857142857142857": 7.729744398237067e-07, "2.4489795918367347": 5.998011818872103e-07, "3.8775510204081636": 1.4197330576527514e-06, "0.8163265306122449": 1.4491360052898484e-07, "3.0612244897959187": 8.738646355240903e-07, "1.6326530612244898": 3.361155212656717e-07, "1.0204081632653061": 1.876051223754734e-07, "1.2244897959183674": 2.3345220566507197e-07, "1.836734693877551": 3.938380774351062e-07, "2.2448979591836737": 5.249426420877151e-07, "1.4285714285714286": 2.828161403902777e-07, "2.6530612244897958": 6.820916581834414e-07, "3.2653061224489797": 9.865060545869254e-07, "2.0408163265306123": 4.5655555883154187e-07, "3.673469387755102": 1.2563091291937932e-06, "3.4693877551020407": 1.113072522577003e-06, "0.0": 0.0, "4.081632653061225": 1.6079255281335313e-06, "4.6938775510204085": 2.393813892361551e-06, "4.8979591836734695": 2.769542870202956e-06, "4.4897959183673475": 2.0851050685381115e-06, "5.1020408163265305": 3.236740009890964e-06, "4.285714285714286": 1.8269670162465108e-06, "5.3061224489795915": 3.833384799945253e-06, "5.510204081632653": 4.621850222050454e-06, "6.326530612244898": 1.4858637865217362e-05, "5.918367346938775": 7.3187353039478745e-06, "7.142857142857143": 0.09914960045364396, "5.714285714285714": 5.712227106343126e-06, "7.346938775510204": 0.14932836961190757, "7.755102040816327": 0.238921081759365, "6.122448979591837": 9.920929465304628e-06, "7.959183673469388": 0.2789454262393722, "6.530612244897959": 2.7828015963932303e-05, "6.938775510204081": 0.044917599778046824, "7.551020408163265": 0.1958108428345933, "6.73469387755102": 0.00015243803140442238, "8.16326530612245": 0.31613628887114753, "8.36734693877551": 0.35071612257801343, "8.571428571428571": 0.38288093869303635, "9.387755102040817": 0.4905439295002599, "8.775510204081632": 0.41280334962432325, "9.591836734693878": 0.5128395589013242, "9.183673469387756": 0.46650979101229106, "9.795918367346939": 0.533485304148604, "10.0": 0.5525577898219031, "8.979591836734695": 0.44063519167622234}