{"0.40816326530612246": 1.1267193724374755e-07, "1.0204081632653061": 3.877018176818563e-07, "3.673469387755102": 0.6217343967339588, "0.20408163265306123": 5.167978519061325e-08, "0.6122448979591837": 1.8584905729006517e-07, "2.0408163265306123": 2.1716376447508446e-06, "1.2244897959183674": 5.329092766900882e-07, "0.8163265306122449": 2.7540320314039e-07, "2.857142857142857": 0.20545741150140076, "1.6326530612244898": 1.0058887930923502e-06, "1.836734693877551": 1.432108312865866e-06, "3.8775510204081636": 0.6933328476612544, "3.4693877551020407": 0.5398220486151954, "3.0612244897959187": 0.3351563170427515, "2.2448979591836737": 3.774829562409693e-06, "1.4285714285714286": 7.283130155622706e-07, "2.4489795918367347": 9.902169910231019e-06, "0.0": 0.0, "3.2653061224489797": 0.4452936734992165, "2.6530612244897958": 0.050895682449372405, "4.8979591836734695": 0.9480213357137977, "4.6938775510204085": 0.9073683144695783, "4.081632653061225": 0.7564131289041908, "4.4897959183673475": 0.8624072542689536, "4.285714285714286": 0.8123936060146854, "5.1020408163265305": 0.984977755200722, "6.326530612244898": 1.1523303864413823, "6.73469387755102": 1.193981887458812, "5.714285714285714": 1.0783211987268162, "5.3061224489795915": 1.0187435217852732, "6.122448979591837": 1.1293826519392987, "5.918367346938775": 1.1047845282506528, "6.530612244897959": 1.1738111374148983, "7.142857142857143": 1.2309124064043433, "5.510204081632653": 1.0497401910831423, "6.938775510204081": 1.212977194748504, "7.551020408163265": 1.2639828840665028, "7.346938775510204": 1.247886243996303, "7.755102040816327": 1.2792736308483204, "7.959183673469388": 1.2938182591239864, "8.775510204081632": 1.3453821919764233, "8.16326530612245": 1.3076660906899134, "8.979591836734695": 1.356753879142123, "8.36734693877551": 1.3208568569394405, "8.571428571428571": 1.3334213916996738, "9.183673469387756": 1.367543588948098, "10.0": 1.4047820865241203, "9.591836734693878": 1.387370229284176, "9.795918367346939": 1.3963869935213566, "9.387755102040817": 1.3777513152507568}