{"0.40816326530612246": 9.593456855286194e-08, "1.0204081632653061": 3.333097089697797e-07, "3.673469387755102": 0.5255345146937829, "0.20408163265306123": 4.3864872844353095e-08, "0.6122448979591837": 1.587448235723414e-07, "2.0408163265306123": 1.8988000185562438e-06, "1.2244897959183674": 4.596583276266648e-07, "0.8163265306122449": 2.3599620020781408e-07, "2.857142857142857": 0.17941151169574313, "1.6326530612244898": 8.734730285262668e-07, "1.836734693877551": 1.2478490441910067e-06, "3.8775510204081636": 0.5814653338705168, "3.4693877551020407": 0.4599466954046022, "3.0612244897959187": 0.29024780422933066, "2.2448979591836737": 3.312182670661453e-06, "1.4285714285714286": 6.303033400352982e-07, "2.4489795918367347": 8.719509201066531e-06, "0.0": 0.0, "3.2653061224489797": 0.3824823143727667, "2.6530612244897958": 0.04481960036235504, "4.8979591836734695": 0.7655780384999992, "4.6938775510204085": 0.7381619198817291, "4.081632653061225": 0.6294656113673489, "4.4897959183673475": 0.7068367584127703, "4.285714285714286": 0.6708950924280095, "5.1020408163265305": 0.7896643443670845, "6.326530612244898": 0.8861467670086624, "6.73469387755102": 0.9061743102094781, "5.3061224489795915": 0.8108986955973396, "5.714285714285714": 0.8463343253316056, "6.122448979591837": 0.8743505760976135, "5.918367346938775": 0.8611465360960266, "6.530612244897959": 0.8967059421566566, "7.142857142857143": 0.9223231049700347, "5.510204081632653": 0.8296780645247395, "6.938775510204081": 0.9146773742764461, "7.551020408163265": 0.9354017875305876, "7.346938775510204": 0.9292045198714868, "7.755102040816327": 0.9409839484013629, "7.959183673469388": 0.9460103256930275, "8.775510204081632": 0.9614638252380155, "8.16326530612245": 0.950531684361793, "8.979591836734695": 0.9643317031271096, "8.36734693877551": 0.9545911851926946, "8.571428571428571": 0.9582251722477249, "9.183673469387756": 0.9668482011229136, "10.0": 0.9736280245029946, "9.591836734693878": 0.9708811030749058, "9.795918367346939": 0.9724137370259929, "9.387755102040817": 0.9690279398876773}