{"0.40816326530612246": 1.673736869088558e-08, "1.0204081632653061": 5.439210871207674e-08, "3.673469387755102": 0.09619988204017604, "0.20408163265306123": 7.814912346260166e-09, "0.6122448979591837": 2.7104233717723856e-08, "2.0408163265306123": 2.728376261946007e-07, "1.2244897959183674": 7.325094906342359e-08, "0.8163265306122449": 3.940700293257596e-08, "2.857142857142857": 0.026045899805657597, "1.6326530612244898": 1.3241576456608348e-07, "1.836734693877551": 1.842592686748589e-07, "3.8775510204081636": 0.11186751379073745, "3.4693877551020407": 0.07987535321059323, "3.0612244897959187": 0.044908512813420814, "2.2448979591836737": 4.626468917482409e-07, "1.4285714285714286": 9.800967552697225e-08, "2.4489795918367347": 1.1826607091644872e-06, "0.0": 0.0, "3.2653061224489797": 0.06281135912644967, "2.6530612244897958": 0.006076082087017362, "4.8979591836734695": 0.1824432972137982, "4.6938775510204085": 0.16920639458784914, "4.081632653061225": 0.126947517536842, "4.4897959183673475": 0.1555704958561832, "4.285714285714286": 0.14149851358667573, "5.1020408163265305": 0.19531341083363726, "6.326530612244898": 0.2661836194327202, "6.73469387755102": 0.2878075772493343, "5.3061224489795915": 0.20784482618793354, "5.714285714285714": 0.23198687339521076, "6.122448979591837": 0.2550320758416852, "5.918367346938775": 0.24363799215462595, "6.530612244897959": 0.2771051952582419, "7.142857142857143": 0.3085893014343082, "5.510204081632653": 0.22006212655840315, "6.938775510204081": 0.29829982047205816, "7.551020408163265": 0.32858109653591516, "7.346938775510204": 0.31868172412481593, "7.755102040816327": 0.3382896824469575, "7.959183673469388": 0.34780793343095856, "8.775510204081632": 0.38391836673840724, "8.16326530612245": 0.35713440632812016, "8.979591836734695": 0.39242217601501317, "8.36734693877551": 0.36626567174674557, "8.571428571428571": 0.37519621945194875, "9.183673469387756": 0.4006953878251844, "10.0": 0.43115406202112555, "9.591836734693878": 0.4164891262092699, "9.795918367346939": 0.42397325649536377, "9.387755102040817": 0.4087233753630792}