{"3.4693877551020407": 0.31378274697824715, "0.40816326530612246": 2.5549784510303652e-11, "0.20408163265306123": 3.752553823233029e-14, "3.673469387755102": 0.3467558805166663, "1.2244897959183674": 1.837541230287343e-11, "1.0204081632653061": 1.0176304243714185e-12, "3.0612244897959187": 0.2399124966619196, "0.6122448979591837": 1.0268452754758073e-12, "0.8163265306122449": 4.144007359485613e-11, "3.8775510204081636": 0.37750016554990606, "2.6530612244897958": 0.15266319900508551, "3.2653061224489797": 0.27828716225412065, "2.857142857142857": 0.1982201689942663, "2.2448979591836737": 0.04698080938809135, "2.4489795918367347": 0.10254839051847964, "1.4285714285714286": 8.573142196155459e-13, "4.081632653061225": 0.4062599968822407, "1.836734693877551": 9.849898674474389e-13, "2.0408163265306123": 1.6344259279321705e-11, "1.6326530612244898": 2.957634137601417e-13, "0.0": 0.0, "4.4897959183673475": 0.45861695908050826, "6.326530612244898": 0.6339592398079856, "4.285714285714286": 0.43324083382640866, "6.122448979591837": 0.6181879136562505, "7.142857142857143": 0.6901826545027129, "6.530612244897959": 0.6490024336025667, "5.1020408163265305": 0.5265081076434461, "5.3061224489795915": 0.5467670846975774, "5.510204081632653": 0.5659930952736096, "4.8979591836734695": 0.5051306602953962, "5.714285714285714": 0.5842616906059012, "6.73469387755102": 0.6633613788948014, "4.6938775510204085": 0.48253742353496243, "6.938775510204081": 0.6770759766571164, "7.551020408163265": 0.71470312185779, "5.918367346938775": 0.6016399873173827, "7.346938775510204": 0.7027147986339317, "7.959183673469388": 0.7371596333325143, "7.755102040816327": 0.7261759782839303, "8.36734693877551": 0.7577553199255397, "8.16326530612245": 0.7476784961061653, "8.571428571428571": 0.7674113758219502, "8.979591836734695": 0.7855397393745326, "8.775510204081632": 0.7766666029687155, "9.591836734693878": 0.810038255103558, "10.0": 0.8247589826931525, "9.795918367346939": 0.8175500732298886, "9.387755102040817": 0.8022093540229223, "9.183673469387756": 0.7940484356254772}