{"3.4693877551020407": 0.7149821167942663, "0.40816326530612246": 8.399747564169502e-11, "0.20408163265306123": 1.2423395645555502e-13, "3.673469387755102": 0.7581283148285537, "1.2244897959183674": 6.04518657354447e-11, "1.0204081632653061": 3.3425484602389588e-12, "3.0612244897959187": 0.5992452845706797, "0.6122448979591837": 3.3706371027619753e-12, "0.8163265306122449": 1.3596324066611487e-10, "3.8775510204081636": 0.794033082539509, "2.6530612244897958": 0.42431237218220885, "3.2653061224489797": 0.6628047599865095, "2.857142857142857": 0.521167348124552, "2.2448979591836737": 0.14819767750362312, "2.4489795918367347": 0.3027795194083781, "1.4285714285714286": 2.8275159991153487e-12, "4.081632653061225": 0.8240776416610269, "1.836734693877551": 3.1949998202662755e-12, "2.0408163265306123": 5.3931970001031004e-11, "1.6326530612244898": 9.706679904297744e-13, "0.0": 0.0, "4.4897959183673475": 0.870675094003307, "6.326530612244898": 0.9649167400848048, "4.285714285714286": 0.8493409644684694, "6.122448979591837": 0.9596199636795937, "7.142857142857143": 0.9798768968301093, "6.530612244897959": 0.9694964936461462, "5.1020408163265305": 0.9172613219829225, "5.3061224489795915": 0.9284837126893712, "5.510204081632653": 0.9381049777754349, "4.8979591836734695": 0.9041404895055148, "5.714285714285714": 0.946370890484327, "6.73469387755102": 0.9734610358080333, "4.6938775510204085": 0.8887594360473029, "6.938775510204081": 0.9768966963162412, "7.551020408163265": 0.9847122858820957, "5.918367346938775": 0.9534856989694787, "7.346938775510204": 0.9824642507406639, "7.959183673469388": 0.9883673633070561, "7.755102040816327": 0.9866668651045046, "8.16326530612245": 0.9898476470416804, "8.36734693877551": 0.9911368932000759, "8.571428571428571": 0.9922602758714022, "8.979591836734695": 0.9940935133502427, "8.775510204081632": 0.993239544675983, "9.591836734693878": 0.9960559875123718, "10.0": 0.9969841192687606, "9.795918367346939": 0.9965514303218738, "9.387755102040817": 0.9954885479142633, "9.183673469387756": 0.994838473788036}