{"3.4693877551020407": 0.5545023688678586, "0.40816326530612246": 6.061839918913847e-11, "0.20408163265306123": 8.955058916626513e-14, "3.673469387755102": 0.5935793411037987, "1.2244897959183674": 4.3621284362416194e-11, "1.0204081632653061": 2.412581245891943e-12, "3.0612244897959187": 0.45551216940717565, "0.6122448979591837": 2.433120371847508e-12, "0.8163265306122449": 9.815397383761136e-11, "3.8775510204081636": 0.6274199157436677, "2.6530612244897958": 0.31565270291135955, "3.2653061224489797": 0.5089977208935539, "2.857142857142857": 0.39198847647243773, "2.2448979591836737": 0.10771093025741041, "2.4489795918367347": 0.2226870678524187, "1.4285714285714286": 2.0394352873154274e-12, "4.081632653061225": 0.6569505837495124, "1.836734693877551": 2.3109958391387407e-12, "2.0408163265306123": 3.8896885712347284e-11, "1.6326530612244898": 7.007061597619214e-13, "0.0": 0.0, "4.4897959183673475": 0.7058518400341875, "6.326530612244898": 0.8325337399740771, "4.285714285714286": 0.6829009122116452, "6.122448979591837": 0.8230471436702563, "7.142857142857143": 0.8639991998991506, "6.530612244897959": 0.8412988696287145, "5.1020408163265305": 0.7609600362471319, "5.3061224489795915": 0.7757970614926537, "5.510204081632653": 0.7892602247747048, "4.8979591836734695": 0.7445365578214673, "5.714285714285714": 0.8015272105329566, "6.73469387755102": 0.8494211730427406, "4.6938775510204085": 0.7262706310423667, "6.938775510204081": 0.8569684084525913, "7.551020408163265": 0.8767086202723733, "5.918367346938775": 0.8127474143086403, "7.346938775510204": 0.8705644698979711, "7.959183673469388": 0.8878842713172395, "7.755102040816327": 0.8824705103762749, "8.36734693877551": 0.8977842638902613, "8.16326530612245": 0.8929799866674744, "8.571428571428571": 0.9023207158516214, "8.979591836734695": 0.9106720037599587, "8.775510204081632": 0.9066103679930759, "9.591836734693878": 0.9216488945488464, "10.0": 0.9280940646385174, "9.795918367346939": 0.9249508874850796, "9.387755102040817": 0.9181768703577269, "9.183673469387756": 0.9145224585230125}