{"0.0": 0.0, "0.20408163265306123": 3.768843454935036e-08, "1.2244897959183674": 3.2616817302722656e-07, "0.6122448979591837": 1.2887603551550917e-07, "1.0204081632653061": 2.4971274565788984e-07, "0.8163265306122449": 1.8475241992758414e-07, "0.40816326530612246": 8.030269417859335e-08, "1.4285714285714286": 4.174653671990691e-07, "2.0408163265306123": 8.413893489113074e-07, "1.6326530612244898": 5.283925215395226e-07, "1.836734693877551": 6.660416589106437e-07, "2.2448979591836737": 1.07238524908951e-06, "2.4489795918367347": 1.3905062407675699e-06, "2.6530612244897958": 1.8565191987611634e-06, "3.0612244897959187": 4.002976637232128e-06, "2.857142857142857": 2.6047643743044137e-06, "3.2653061224489797": 7.548379186698567e-06, "3.673469387755102": 0.08402170994637886, "3.4693877551020407": 3.4522465458026084e-05, "3.8775510204081636": 0.18953321306495446, "4.081632653061225": 0.2803172247363292, "4.285714285714286": 0.3588671972509253, "4.4897959183673475": 0.42717926999029165, "4.6938775510204085": 0.48686039485366567, "4.8979591836734695": 0.5392190964257355, "5.1020408163265305": 0.5853289601635171, "5.3061224489795915": 0.626075624665217, "5.714285714285714": 0.6943132471541819, "5.510204081632653": 0.6621979159614241, "6.326530612244898": 0.771442801316588, "5.918367346938775": 0.7229429023138937, "6.122448979591837": 0.7485275409467214, "6.530612244897959": 0.7920099901548396, "6.73469387755102": 0.8105043007384927, "6.938775510204081": 0.827163549446353, "7.142857142857143": 0.8421926919749504, "7.346938775510204": 0.8557697702213823, "7.551020408163265": 0.8680489726506081, "7.755102040816327": 0.8791645433696204, "8.16326530612245": 0.8983563405184254, "7.959183673469388": 0.8892332562292308, "8.36734693877551": 0.9066219199295513, "8.775510204081632": 0.920874171445632, "8.571428571428571": 0.9141060003533894, "9.183673469387756": 0.9324785669506542, "9.795918367346939": 0.9456553281422627, "8.979591836734695": 0.9269825585552645, "9.387755102040817": 0.9374019857076245, "9.591836734693878": 0.9417855397971018, "10.0": 0.9490316851282785}