{"0.0": 0.0, "0.20408163265306123": 2.412059821385433e-08, "1.2244897959183674": 2.0874763839719505e-07, "0.6122448979591837": 8.248066392577628e-08, "1.0204081632653061": 1.5981616171071486e-07, "0.8163265306122449": 1.1824155121126303e-07, "0.40816326530612246": 5.1393724738593395e-08, "1.4285714285714286": 2.6717784755537506e-07, "2.0408163265306123": 5.384892342746544e-07, "1.6326530612244898": 3.3817123388760343e-07, "1.836734693877551": 4.262666936428508e-07, "2.2448979591836737": 6.863266422180629e-07, "2.4489795918367347": 8.899241333038953e-07, "2.6530612244897958": 1.1881725353671648e-06, "3.0612244897959187": 2.5619062015462023e-06, "2.857142857142857": 1.6670496880609183e-06, "3.2653061224489797": 4.830966781921606e-06, "3.673469387755102": 0.054306290892730626, "3.4693877551020407": 2.209446370435967e-05, "3.8775510204081636": 0.1241865083750847, "4.081632653061225": 0.18610030398086655, "4.285714285714286": 0.2412847291072491, "4.4897959183673475": 0.2907418158959947, "4.6938775510204085": 0.33528652181375146, "4.8979591836734695": 0.37558998138408173, "5.1020408163265305": 0.4122090097151469, "5.3061224489795915": 0.44560759835583363, "5.714285714285714": 0.5042499555342267, "5.510204081632653": 0.47617765130820305, "6.326530612244898": 0.5761102779082221, "5.918367346938775": 0.530107332569259, "6.122448979591837": 0.5539912970656508, "6.530612244897959": 0.5966446744683711, "6.73469387755102": 0.6157504773225824, "6.938775510204081": 0.6335643259336168, "7.142857142857143": 0.6502050055671135, "7.346938775510204": 0.665777029410957, "7.551020408163265": 0.680371618332657, "7.755102040816327": 0.6940690496898515, "8.16326530612245": 0.7190450577487468, "7.959183673469388": 0.7069397625400444, "8.36734693877551": 0.7304387609128273, "8.775510204081632": 0.751270613300859, "8.571428571428571": 0.7411672462342863, "9.183673469387756": 0.769732949180167, "9.795918367346939": 0.7934190579818926, "8.979591836734695": 0.7607830411120787, "9.387755102040817": 0.7781438598791084, "9.591836734693878": 0.7860345490306465, "10.0": 0.8003075349263665}