{"0.0": 0.0, "0.20408163265306123": 1.5075373990190307e-08, "1.2244897959183674": 1.3046728197717407e-07, "0.6122448979591837": 5.15504161992877e-08, "1.0204081632653061": 9.988510574593159e-08, "0.8163265306122449": 7.390097206704889e-08, "0.40816326530612246": 3.21210784452601e-08, "1.4285714285714286": 1.6698616779291213e-07, "2.0408163265306123": 3.365558245168855e-07, "1.836734693877551": 2.664167167976555e-07, "1.6326530612244898": 2.1135704211965727e-07, "2.2448979591836737": 4.2895423763709763e-07, "2.4489795918367347": 5.562027283281125e-07, "2.6530612244897958": 7.426080931044987e-07, "3.0612244897959187": 1.6011925777555848e-06, "2.857142857142857": 1.0419065638985884e-06, "3.2653061224489797": 3.019358512070297e-06, "3.673469387755102": 0.03449601152363179, "3.4693877551020407": 1.3809129201915383e-05, "3.8775510204081636": 0.08062203858183822, "4.081632653061225": 0.12328902347722479, "4.285714285714286": 0.16289641701146498, "4.4897959183673475": 0.19978351316646334, "4.6938775510204085": 0.23423727312047524, "4.8979591836734695": 0.26650390468964613, "5.1020408163265305": 0.29679570941623346, "5.3061224489795915": 0.32529558081624455, "5.714285714285714": 0.3775410944542567, "5.510204081632653": 0.3521641415393891, "6.326530612244898": 0.44588859563597816, "5.918367346938775": 0.40155028607283627, "6.122448979591837": 0.4243004678116038, "6.530612244897959": 0.46640113067739225, "6.73469387755102": 0.4859145950453089, "6.938775510204081": 0.504498176925126, "7.142857142857143": 0.522213214628556, "7.346938775510204": 0.5391152022040065, "7.551020408163265": 0.5552533821206893, "7.755102040816327": 0.5706720539033389, "8.16326530612245": 0.599504202568961, "7.959183673469388": 0.5854107667472537, "8.36734693877551": 0.6129833215683446, "8.775510204081632": 0.6382015745376772, "8.571428571428571": 0.6258747434882175, "9.183673469387756": 0.6612358706665092, "9.795918367346939": 0.6919282112083128, "8.979591836734695": 0.6499833628166216, "9.387755102040817": 0.6719717759934309, "9.591836734693878": 0.6822005551863431, "10.0": 0.7011581014584255}