{"1.0204081632653061": 5.901219275853721e-07, "0.20408163265306123": 5.157822589915785e-07, "1.6326530612244898": 6.61382685540399e-07, "3.0612244897959187": 9.190670610285414e-07, "0.40816326530612246": 5.325778290650133e-07, "0.6122448979591837": 5.504873311546074e-07, "0.8163265306122449": 5.696251605923147e-07, "2.2448979591836737": 7.519169086293984e-07, "3.4693877551020407": 1.0335877185464759e-06, "1.2244897959183674": 6.121274356226233e-07, "2.6530612244897958": 8.272174441918236e-07, "1.4285714285714286": 6.358143414166163e-07, "2.857142857142857": 8.70750714779036e-07, "3.2653061224489797": 9.729997951050237e-07, "2.0408163265306123": 7.191361488436183e-07, "1.836734693877551": 6.89065545395868e-07, "2.4489795918367347": 7.877910112038395e-07, "0.0": 5e-07, "3.8775510204081636": 1.1803452444742238e-06, "3.673469387755102": 1.1021426198827016e-06, "4.081632653061225": 1.2703848051890734e-06, "4.285714285714286": 1.3751669604548592e-06, "4.4897959183673475": 1.4986329449291223e-06, "7.346938775510204": 0.15192454719117526, "4.8979591836734695": 1.8259265567644603e-06, "5.1020408163265305": 2.049297880156938e-06, "4.6938775510204085": 1.6462659211218132e-06, "5.3061224489795915": 2.3345293714107404e-06, "6.122448979591837": 5.24411401163218e-06, "7.755102040816327": 0.2428171760482523, "5.510204081632653": 2.7114278943308246e-06, "5.714285714285714": 3.232604657127292e-06, "5.918367346938775": 4.00043588621788e-06, "6.326530612244898": 7.604054489369201e-06, "7.959183673469388": 0.28335167537240463, "7.551020408163265": 0.19910804105376284, "6.530612244897959": 1.3803956028921484e-05, "7.142857142857143": 0.10092626568702155, "6.938775510204081": 0.045730854791196145, "8.16326530612245": 0.3209753314204737, "8.36734693877551": 0.3559203975076646, "6.73469387755102": 7.377180293993304e-05, "8.571428571428571": 0.3883913821105333, "8.775510204081632": 0.41856830039809784, "10.0": 0.5590780946614944, "9.387755102040817": 0.49682335524492927, "9.183673469387756": 0.4726538855229825, "9.795918367346939": 0.5399491277417569, "9.591836734693878": 0.5192242525544913, "8.979591836734695": 0.44660946428961035}