{"1.0204081632653061": 5.879135724230492e-07, "0.20408163265306123": 5.154019199559954e-07, "1.6326530612244898": 6.57377679562744e-07, "3.0612244897959187": 9.083479307159902e-07, "0.40816326530612246": 5.317894741483831e-07, "0.6122448979591837": 5.492604925509437e-07, "0.8163265306122449": 5.679261967186139e-07, "2.2448979591836737": 7.455843083713942e-07, "3.4693877551020407": 1.0198185635443881e-06, "2.6530612244897958": 8.189204568306096e-07, "1.2244897959183674": 6.093682652627304e-07, "1.4285714285714286": 6.324581388624751e-07, "2.857142857142857": 8.613088481565493e-07, "3.2653061224489797": 9.608478587633113e-07, "2.0408163265306123": 7.13651216183982e-07, "1.836734693877551": 6.843534922401925e-07, "2.4489795918367347": 7.805253101256894e-07, "0.0": 5e-07, "3.8775510204081636": 1.162632321241068e-06, "3.673469387755102": 1.0865353745113308e-06, "4.081632653061225": 1.25023776577358e-06, "4.285714285714286": 1.3521765989595115e-06, "4.4897959183673475": 1.4722804994284597e-06, "7.346938775510204": 0.14807237797412948, "4.8979591836734695": 1.7906178805869467e-06, "5.1020408163265305": 2.0078517687439476e-06, "4.6938775510204085": 1.6158802088459304e-06, "5.3061224489795915": 2.285226814866053e-06, "6.122448979591837": 5.1142247399798724e-06, "7.755102040816327": 0.2370431342471206, "5.510204081632653": 2.651721274503506e-06, "5.714285714285714": 3.1584837983127693e-06, "5.918367346938775": 3.905044614548814e-06, "7.959183673469388": 0.2768221515502303, "6.326530612244898": 7.4086364964990785e-06, "7.551020408163265": 0.19422005997337946, "6.530612244897959": 1.3436261960256945e-05, "7.142857142857143": 0.0982819245564702, "6.938775510204081": 0.044492174103173326, "8.16326530612245": 0.3138043456251126, "8.36734693877551": 0.348207619771595, "6.73469387755102": 7.173718120635657e-05, "8.571428571428571": 0.38022400335915696, "8.775510204081632": 0.41002262195009576, "10.0": 0.5494035420984568, "9.387755102040817": 0.48751086138736804, "9.183673469387756": 0.4635435296870029, "9.795918367346939": 0.5303600030865117, "9.591836734693878": 0.5097540986239151, "8.979591836734695": 0.43775225244887317}