{"0.20408163265306123": 5.555551852349783e-08, "0.0": 0.0, "0.40816326530612246": 1.4062460398622785e-07, "0.6122448979591837": 2.8723258876924105e-07, "0.8163265306122449": 5.999951174805158e-07, "1.2244897959183674": 0.04066835478904366, "1.4285714285714286": 0.1872827411658241, "1.0204081632653061": 1.7307280688069848e-06, "1.836734693877551": 0.3942936659103112, "2.857142857142857": 0.6725382832789902, "1.6326530612244898": 0.30200940936459264, "3.0612244897959187": 0.7070000152584014, "2.2448979591836737": 0.5334402417737045, "2.4489795918367347": 0.587049296429896, "2.0408163265306123": 0.47011005686205065, "3.4693877551020407": 0.7637268413183851, "2.6530612244897958": 0.6329255880958422, "3.2653061224489797": 0.7371708202611815, "3.673469387755102": 0.7872085832266426, "3.8775510204081636": 0.8080535081746036, "4.081632653061225": 0.8266205465008626, "4.6938775510204085": 0.8713947256186142, "4.285714285714286": 0.8432069321300518, "4.4897959183673475": 0.8580616523475958, "4.8979591836734695": 0.8833849909114337, "5.1020408163265305": 0.8941857713967876, "5.3061224489795915": 0.9039290933438595, "5.714285714285714": 0.9206874291153396, "5.510204081632653": 0.9127297040794158, "6.938775510204081": 0.9549662624712799, "6.122448979591837": 0.934413712365134, "7.142857142857143": 0.95896935273363, "6.73469387755102": 0.9505532691146266, "5.918367346938775": 0.9278898325230873, "6.326530612244898": 0.9403268363021013, "6.530612244897959": 0.9456890801026685, "7.755102040816327": 0.9688618317897697, "7.346938775510204": 0.9625990266288801, "7.551020408163265": 0.9658872251186946, "8.16326530612245": 0.9739628845399885, "7.959183673469388": 0.9715469146294885, "8.36734693877551": 0.9761268017800033, "8.571428571428571": 0.9780523927383761, "8.775510204081632": 0.9797502506221342, "9.183673469387756": 0.9824897978817676, "8.979591836734695": 0.981227893663318, "9.387755102040817": 0.9835375365650991, "9.591836734693878": 0.9843698171573316, "9.795918367346939": 0.9849825155512724, "10.0": 0.9853688349530064}