{"0.20408163265306123": 1.1111103396058005e-07, "0.0": 0.0, "0.40816326530612246": 2.812491881971764e-07, "0.6122448979591837": 5.744650950359217e-07, "0.8163265306122449": 1.1999898749668905e-06, "1.2244897959183674": 0.07968279449683979, "1.4285714285714286": 0.3394906571930631, "1.0204081632653061": 3.4614531421943215e-06, "1.836734693877551": 0.6331198368436333, "2.857142857142857": 0.8927688240697507, "1.6326530612244898": 0.5128091353844357, "3.0612244897959187": 0.9141510088927607, "2.2448979591836737": 0.7823219920037863, "2.4489795918367347": 0.8294717164205346, "2.0408163265306123": 0.7192166481612663, "3.4693877551020407": 0.9441749939713062, "2.6530612244897958": 0.8652563761225891, "3.2653061224489797": 0.9309208221106722, "3.673469387755102": 0.9547198114957294, "3.8775510204081636": 0.9631565404882708, "4.081632653061225": 0.9699395558624083, "4.6938775510204085": 0.9834605867575893, "4.285714285714286": 0.9754159126080221, "4.4897959183673475": 0.9798534590586013, "4.8979591836734695": 0.9864007467675857, "5.1020408163265305": 0.9888029786297045, "5.3061224489795915": 0.9907696942782057, "5.714285714285714": 0.9937073692888838, "5.510204081632653": 0.9923826631430748, "6.938775510204081": 0.9979360756540896, "6.122448979591837": 0.9956924274419807, "7.142857142857143": 0.998263044832105, "6.73469387755102": 0.9975313551046312, "5.918367346938775": 0.9947964852474459, "6.326530612244898": 0.9964294142198991, "6.530612244897959": 0.997035016229179, "7.755102040816327": 0.9988704750245316, "7.346938775510204": 0.99852293015657, "7.551020408163265": 0.9987236054552774, "8.16326530612245": 0.9990133314614895, "7.959183673469388": 0.9989666959102089, "8.36734693877551": 0.9990094615366136, "8.571428571428571": 0.9989522365652326, "8.775510204081632": 0.9988369122524374, "9.183673469387756": 0.9984035451821773, "8.979591836734695": 0.9986568566560091, "9.387755102040817": 0.9980665550559771, "9.591836734693878": 0.997633558247076, "9.795918367346939": 0.9970903235757165, "10.0": 0.9964207362813102}