{"0.20408163265306123": 9.999993087316363e-08, "0.0": 0.0, "0.40816326530612246": 2.531242713549867e-07, "0.6122448979591837": 5.170185937825858e-07, "0.8163265306122449": 1.0799909234696154e-06, "1.2244897959183674": 0.07187990655528055, "1.4285714285714286": 0.3090490739876154, "1.0204081632653061": 3.115308127516854e-06, "1.836734693877551": 0.5853546026569688, "1.6326530612244898": 0.4706491901804672, "2.857142857142857": 0.8487227159115988, "3.0612244897959187": 0.8727208101658886, "2.2448979591836737": 0.7325456419577699, "2.4489795918367347": 0.7809872324224072, "2.0408163265306123": 0.6693953299014233, "3.4693877551020407": 0.908085363440722, "2.6530612244897958": 0.8187902185172398, "3.2653061224489797": 0.8921708217407738, "3.673469387755102": 0.9212175658419121, "3.8775510204081636": 0.932135934025537, "4.081632653061225": 0.9412757539900991, "4.6938775510204085": 0.9610474145297944, "4.285714285714286": 0.948974116512428, "4.4897959183673475": 0.9554950977164006, "4.8979591836734695": 0.9657975955963551, "5.1020408163265305": 0.9698795371831209, "5.3061224489795915": 0.9734015740913364, "5.714285714285714": 0.9791033812541748, "5.510204081632653": 0.9764520713303431, "6.938775510204081": 0.9893421130175278, "6.122448979591837": 0.9834366844266114, "7.142857142857143": 0.9904043064124101, "6.73469387755102": 0.9881357379066303, "5.918367346938775": 0.9814151547025743, "6.326530612244898": 0.9852088986363396, "6.530612244897959": 0.986765829003877, "7.755102040816327": 0.9928687463775794, "7.346938775510204": 0.9913381494510323, "7.551020408163265": 0.9921563293879608, "8.16326530612245": 0.9940032420771894, "7.959183673469388": 0.9934827396540651, "8.36734693877551": 0.9944329295852914, "8.571428571428571": 0.9947722677998616, "8.775510204081632": 0.9950195799263769, "9.183673469387756": 0.9952207957220953, "8.979591836734695": 0.9951710640574709, "9.387755102040817": 0.9951607513578015, "9.591836734693878": 0.9949808100291273, "9.795918367346939": 0.9946687619708274, "10.0": 0.9942103560156496}