{"0.6122448979591837": 1.6757489904683795e-07, "0.20408163265306123": 4.951690551163765e-08, "0.40816326530612246": 1.0499358545768624e-07, "0.8163265306122449": 2.3871899945953764e-07, "1.0204081632653061": 3.203123710559067e-07, "1.6326530612244898": 6.573140028012612e-07, "1.4285714285714286": 5.256406458821481e-07, "1.2244897959183674": 4.148395720360979e-07, "2.4489795918367347": 1.5819886135166843e-06, "1.836734693877551": 8.163706543366094e-07, "2.0408163265306123": 1.0123439845105177e-06, "3.0612244897959187": 3.6176058019894493e-06, "2.857142857142857": 2.645143159222086e-06, "0.0": 0.0, "2.6530612244897958": 2.01893030008153e-06, "2.2448979591836737": 1.2597736871361025e-06, "3.8775510204081636": 0.04008166649686617, "3.673469387755102": 2.5438088089346035e-05, "5.714285714285714": 0.5853846011085346, "5.510204081632653": 0.5488840360219913, "4.6938775510204085": 0.35522971337515696, "4.8979591836734695": 0.4122381610309794, "5.1020408163265305": 0.4629691880969316, "6.326530612244898": 0.6749781366572845, "4.4897959183673475": 0.290911127445817, "5.918367346938775": 0.6182894920306903, "6.938775510204081": 0.742009768532969, "4.285714285714286": 0.2180278998789704, "6.122448979591837": 0.6480309299258454, "3.2653061224489797": 5.333215430993784e-06, "5.3061224489795915": 0.5082793465845615, "6.530612244897959": 0.6994479140592023, "6.73469387755102": 0.721713160432331, "3.4693877551020407": 9.170517217172852e-06, "7.142857142857143": 0.7605422439087872, "7.346938775510204": 0.777488304338007, "7.551020408163265": 0.7930026627512294, "4.081632653061225": 0.13504431534720904, "8.16326530612245": 0.8322195702640941, "7.755102040816327": 0.8072201520189745, "7.959183673469388": 0.8202583165729881, "8.36734693877551": 0.8431930001601313, "8.775510204081632": 0.8624749506985172, "8.571428571428571": 0.8532558807027574, "9.387755102040817": 0.8856003121058297, "10.0": 0.9027221903148078, "9.591836734693878": 0.891935591332538, "9.795918367346939": 0.897635663730993, "8.979591836734695": 0.8709074962175688, "9.183673469387756": 0.8786022750136088}