{"0.6122448979591837": 5.5177100905666133e-08, "0.20408163265306123": 1.6304346936758736e-08, "0.40816326530612246": 3.457105862631133e-08, "0.8163265306122449": 7.860259738301844e-08, "1.0204081632653061": 1.0546870754279854e-07, "1.6326530612244898": 2.1643265945895178e-07, "1.4285714285714286": 1.7307679803436576e-07, "1.2244897959183674": 1.3659351762164196e-07, "2.4489795918367347": 5.208986898164692e-07, "1.836734693877551": 2.6880497154985917e-07, "2.0408163265306123": 3.3333277538760947e-07, "3.0612244897959187": 1.191162886020916e-06, "2.857142857142857": 8.709617719389796e-07, "0.0": 0.0, "2.6530612244897958": 6.647697329536748e-07, "2.2448979591836737": 4.1480353113018016e-07, "3.8775510204081636": 0.013197621895309595, "3.673469387755102": 8.375955834296866e-06, "5.714285714285714": 0.19274858816988336, "5.510204081632653": 0.18073010942187515, "4.6938775510204085": 0.11696588123328336, "4.8979591836734695": 0.13573695546142012, "5.1020408163265305": 0.1524410741294775, "6.326530612244898": 0.2222488986554473, "4.4897959183673475": 0.0957878102565495, "5.918367346938775": 0.20358312542473936, "6.938775510204081": 0.2443202896389044, "4.285714285714286": 0.0717896743503927, "6.122448979591837": 0.2133760379024125, "3.2653061224489797": 1.7560587394735638e-06, "5.3061224489795915": 0.16736027265589223, "6.530612244897959": 0.23030602048290802, "6.73469387755102": 0.2376372601423529, "3.4693877551020407": 3.019560547117891e-06, "7.142857142857143": 0.25042244616508846, "7.346938775510204": 0.25600224655031945, "7.551020408163265": 0.2611106328571122, "4.081632653061225": 0.04446581115091032, "8.16326530612245": 0.27402351703817723, "7.755102040816327": 0.26579200127454033, "7.959183673469388": 0.2700850554569595, "8.36734693877551": 0.27763671956492125, "8.775510204081632": 0.2839856544982923, "8.571428571428571": 0.2809501070606639, "9.387755102040817": 0.29160010276655357, "10.0": 0.29723779437194886, "9.591836734693878": 0.2936861093412016, "9.795918367346939": 0.29556296244800984, "8.979591836734695": 0.28676222436432147, "9.183673469387756": 0.2892958710410663}