{"0.6122448979591837": 1.1239779814117181e-07, "0.20408163265306123": 3.3212558574878905e-08, "0.40816326530612246": 7.042252683137494e-08, "0.8163265306122449": 1.601164020765191e-07, "1.0204081632653061": 2.148436635131082e-07, "1.6326530612244898": 4.4088134334230943e-07, "1.4285714285714286": 3.5256384784778226e-07, "1.2244897959183674": 2.782460544144559e-07, "2.4489795918367347": 1.0610899237002149e-06, "1.836734693877551": 5.475656827867502e-07, "2.0408163265306123": 6.790112091229083e-07, "3.0612244897959187": 2.4264429159685327e-06, "2.857142857142857": 1.7741813872831064e-06, "0.0": 0.0, "2.6530612244897958": 1.3541605671278557e-06, "2.2448979591836737": 8.449701560059223e-07, "3.8775510204081636": 0.026884044601556575, "3.673469387755102": 1.7062132255049177e-05, "5.714285714285714": 0.3926360129386512, "5.510204081632653": 0.3681539266001161, "4.6938775510204085": 0.2382638321418735, "4.8979591836734695": 0.2765012055695595, "5.1020408163265305": 0.3105281139674541, "6.326530612244898": 0.4527292380018371, "4.4897959183673475": 0.1951233171892675, "5.918367346938775": 0.41470636660595084, "6.938775510204081": 0.4976894788940648, "4.285714285714286": 0.14623822552857768, "6.122448979591837": 0.4346548920234331, "3.2653061224489797": 3.577156691520222e-06, "5.3061224489795915": 0.3409190739286694, "6.530612244897959": 0.4691418935762942, "6.73469387755102": 0.48407590028997816, "3.4693877551020407": 6.150956670054962e-06, "7.142857142857143": 0.5101197977436986, "7.346938775510204": 0.5214860577876879, "7.551020408163265": 0.5318920298941174, "4.081632653061225": 0.09057850419629881, "8.16326530612245": 0.5581960532259167, "7.755102040816327": 0.5414281507444342, "7.959183673469388": 0.5501732611160286, "8.36734693877551": 0.5655562805952098, "8.775510204081632": 0.578489296200225, "8.571428571428571": 0.5723057736420936, "9.387755102040817": 0.5940002093392759, "10.0": 0.6054843959428589, "9.591836734693878": 0.5982494819913365, "9.795918367346939": 0.6020727012829832, "8.979591836734695": 0.5841452718532475, "9.183673469387756": 0.5893064039725425}