{"0.20408163265306123": 4.0968861651032375e-08, "0.40816326530612246": 9.119337272503948e-08, "3.2653061224489797": 0.23989633986304945, "0.6122448979591837": 1.54209493210388e-07, "0.8163265306122449": 2.3561715142727045e-07, "1.0204081632653061": 3.4484349054106063e-07, "3.4693877551020407": 0.26435080157235274, "3.673469387755102": 0.28492915406401836, "1.2244897959183674": 4.990862094800385e-07, "2.857142857142857": 0.17518811340170837, "2.6530612244897958": 0.1319243614248629, "2.4489795918367347": 0.07842375775357494, "2.0408163265306123": 4.733402273648621e-06, "1.4285714285714286": 7.333979497948753e-07, "3.0612244897959187": 0.2106020474571324, "1.6326530612244898": 1.1319802429315652e-06, "1.836734693877551": 1.960817458424197e-06, "0.0": 0.0, "3.8775510204081636": 0.30236859597565263, "2.2448979591836737": 0.011334919219937921, "4.285714285714286": 0.32999537388488565, "4.6938775510204085": 0.3505065667370244, "4.081632653061225": 0.3172409632552298, "4.4897959183673475": 0.3409885227383507, "4.8979591836734695": 0.35878117554269773, "5.1020408163265305": 0.3660014654384312, "6.530612244897959": 0.3972946015800655, "6.326530612244898": 0.39428607350896655, "6.73469387755102": 0.3999713281255866, "6.122448979591837": 0.3908993105515483, "5.3061224489795915": 0.37232298331468994, "6.938775510204081": 0.4023559269331856, "5.918367346938775": 0.3870798320231713, "7.551020408163265": 0.40807276643761303, "7.346938775510204": 0.40637967268395364, "7.142857142857143": 0.40448235091576, "5.714285714285714": 0.38276350672052556, "5.510204081632653": 0.3778745469009522, "7.755102040816327": 0.40958286203767336, "7.959183673469388": 0.4109279956641232, "8.36734693877551": 0.4131816858296084, "8.979591836734695": 0.4156278840494717, "10.0": 0.4175594879749716, "9.795918367346939": 0.4173809479378243, "9.387755102040817": 0.4167112965111472, "9.183673469387756": 0.41622180818569005, "8.16326530612245": 0.4121233765827973, "9.591836734693878": 0.4170977144057259, "8.571428571428571": 0.41411331977848537, "8.775510204081632": 0.41492658936744264}