{"0.20408163265306123": 5.5636725698932855e-08, "0.40816326530612246": 1.2384285184881902e-07, "3.2653061224489797": 0.3257851529004374, "0.6122448979591837": 2.0942029942151452e-07, "0.8163265306122449": 3.1997390934567586e-07, "1.0204081632653061": 4.6830597480884785e-07, "3.4693877551020407": 0.3589949157155408, "3.673469387755102": 0.3869408265066915, "1.2244897959183674": 6.777713955901755e-07, "2.857142857142857": 0.23790978363194965, "2.6530612244897958": 0.1791565402066039, "2.4489795918367347": 0.10650139941843509, "2.0408163265306123": 6.428077161745041e-06, "1.4285714285714286": 9.959725244127934e-07, "3.0612244897959187": 0.28600278049734035, "1.6326530612244898": 1.537257120030521e-06, "1.836734693877551": 2.6628385237859473e-06, "0.0": 0.0, "3.8775510204081636": 0.41062401922619485, "2.2448979591836737": 0.015393100175224333, "4.285714285714286": 0.4481418657695976, "4.6938775510204085": 0.47599657211200835, "4.081632653061225": 0.4308210612108058, "4.4897959183673475": 0.46307083334837734, "4.8979591836734695": 0.4872336951814411, "5.1020408163265305": 0.4970390271386103, "6.530612244897959": 0.5395358786889777, "6.326530612244898": 0.5354502232837818, "6.73469387755102": 0.5431709394298089, "6.122448979591837": 0.5308509155638311, "5.3061224489795915": 0.5056238045014309, "6.938775510204081": 0.5464092834895111, "5.918367346938775": 0.5256639694141834, "7.551020408163265": 0.5541728926930547, "7.346938775510204": 0.551873629570801, "7.142857142857143": 0.5492970197621432, "5.714285714285714": 0.5198022930772568, "5.510204081632653": 0.5131629649272188, "7.755102040816327": 0.5562236398042477, "7.959183673469388": 0.5580503644821427, "8.36734693877551": 0.5611109313735421, "8.979591836734695": 0.5644329289560726, "10.0": 0.5670560947808255, "9.795918367346939": 0.5668136330019834, "9.387755102040817": 0.5659042298299529, "9.183673469387756": 0.5652394925978508, "8.16326530612245": 0.55967372128528, "9.591836734693878": 0.5664289948719733, "8.571428571428571": 0.5623761132794245, "8.775510204081632": 0.563480553461959}