{"2.4444444444444446": 0.16243120201028116, "2.0": 0.07118152394041377, "2.111111111111111": 0.09074387468357292, "2.5555555555555554": 0.18917549751298768, "2.7777777777777777": 0.2443507451183864, "2.2222222222222223": 0.11274983657645432, "3.0": 0.2996719899742204, "2.3333333333333335": 0.1368000811388579, "2.888888888888889": 0.27211742911636805, "2.6666666666666665": 0.21660421459223966}