{"2.4444444444444446": 0.30216799437666975, "2.0": 0.13472551064732985, "2.111111111111111": 0.1719451839506273, "2.7777777777777777": 0.43644238853509976, "2.5555555555555554": 0.347800798048886, "2.2222222222222223": 0.21304749921000576, "3.0": 0.5177472485910797, "2.3333333333333335": 0.25686726073228006, "2.888888888888889": 0.47819922584290797, "2.6666666666666665": 0.39280416313559485}