{"2.0": 0.09659911862318021, "2.4444444444444446": 0.2183259189568366, "2.2222222222222223": 0.1528689016298749, "2.111111111111111": 0.12322439839039467, "2.5555555555555554": 0.252625617727347, "2.7777777777777777": 0.3211874024850717, "3.0": 0.38690209342096415, "2.3333333333333335": 0.18482695297622675, "2.888888888888889": 0.354550147806984, "2.6666666666666665": 0.28708419400958174}