{"0.20408163265306123": 1.8749999432649837e-08, "1.6326530612244898": 2.0884361778367782e-07, "3.4693877551020407": 8.954176376287318e-07, "2.0408163265306123": 2.94007820853868e-07, "2.6530612244897958": 4.714844066276508e-07, "0.8163265306122449": 8.530035467562179e-08, "0.40816326530612246": 3.9072727988623555e-08, "0.6122448979591837": 6.117472594298328e-08, "1.4285714285714286": 1.7304069839928462e-07, "1.2244897959183674": 1.4084623337388282e-07, "3.0612244897959187": 6.443569852624962e-07, "1.0204081632653061": 1.1174086912348634e-07, "1.836734693877551": 2.4889767824203305e-07, "3.2653061224489797": 7.571352754985703e-07, "0.0": 0.0, "2.4489795918367347": 4.0377899590119344e-07, "2.2448979591836737": 3.451958944530866e-07, "3.673469387755102": 1.068958307722833e-06, "2.857142857142857": 5.506227543689533e-07, "3.8775510204081636": 1.2932123404474856e-06, "6.326530612244898": 0.28209985617886363, "5.918367346938775": 0.1872019229105894, "7.142857142857143": 0.43209208886604866, "4.285714285714286": 2.019489615367985e-06, "7.755102040816327": 0.5185377860514131, "6.530612244897959": 0.32406995575148595, "6.938775510204081": 0.3987833894423947, "4.081632653061225": 1.594212929363494e-06, "4.4897959183673475": 2.6660268854960403e-06, "6.122448979591837": 0.23660903371467887, "4.6938775510204085": 3.7671987989321837e-06, "4.8979591836734695": 6.062497247678494e-06, "5.714285714285714": 0.1334231216575092, "6.73469387755102": 0.3628640335563773, "7.346938775510204": 0.46302207051957844, "7.959183673469388": 0.5434616200884566, "7.551020408163265": 0.49177739371530355, "5.510204081632653": 0.0747474702946106, "5.1020408163265305": 1.3793576587263782e-05, "5.3061224489795915": 0.010620523015877391, "8.16326530612245": 0.5666884226732759, "9.183673469387756": 0.6611744190753559, "8.36734693877551": 0.588341000471771, "8.775510204081632": 0.6273417065807517, "9.795918367346939": 0.7033651081397121, "8.979591836734695": 0.6448668818511786, "9.591836734693878": 0.6903747835882518, "10.0": 0.7153343012434558, "9.387755102040817": 0.6763261094192297, "8.571428571428571": 0.6085272498615002}