{"0.20408163265306123": 2.9296873968676083e-08, "1.6326530612244898": 3.2631813481789896e-07, "3.4693877551020407": 1.3990897284746475e-06, "2.0408163265306123": 4.593871844717374e-07, "2.6530612244897958": 7.366942937719288e-07, "0.8163265306122449": 1.3328180118297734e-07, "0.40816326530612246": 6.10511368532523e-08, "0.6122448979591837": 9.558550774411186e-08, "1.4285714285714286": 2.703760789127116e-07, "1.2244897959183674": 2.2007223147382709e-07, "3.0612244897959187": 1.0068076184171783e-06, "1.0204081632653061": 1.7459510286136475e-07, "1.836734693877551": 3.8890259673053944e-07, "3.2653061224489797": 1.1830236317931835e-06, "0.0": 0.0, "2.4489795918367347": 6.309046139262384e-07, "2.2448979591836737": 5.393685359904524e-07, "3.673469387755102": 1.6702468850505448e-06, "2.857142857142857": 8.603479287929326e-07, "3.8775510204081636": 2.0206435929422724e-06, "6.326530612244898": 0.4059181942403617, "5.918367346938775": 0.2774809771916903, "7.142857142857143": 0.5902477331270389, "4.285714285714286": 3.155450843788797e-06, "7.755102040816327": 0.6850468774937052, "6.530612244897959": 0.4598869289151661, "6.938775510204081": 0.5514077440882922, "4.081632653061225": 2.4909566550584626e-06, "4.4897959183673475": 4.165664080306053e-06, "6.122448979591837": 0.34543425791720317, "4.6938775510204085": 5.886242276498042e-06, "4.8979591836734695": 9.472636807380758e-06, "5.714285714285714": 0.20093237937079456, "6.73469387755102": 0.5081522959415322, "7.346938775510204": 0.6251835282852191, "7.959183673469388": 0.7106862766964036, "7.551020408163265": 0.6566561251386126, "5.510204081632653": 0.11445543232326937, "5.1020408163265305": 2.1552385031803983e-05, "5.3061224489795915": 0.016547997160472835, "8.16326530612245": 0.7338612354862833, "9.183673469387756": 0.8204481159911995, "8.36734693877551": 0.7548211558160433, "8.775510204081632": 0.7909355684395503, "9.795918367346939": 0.8546036302305972, "8.979591836734695": 0.8064430547306906, "9.591836734693878": 0.8444289307385506, "10.0": 0.8636773124027004, "9.387755102040817": 0.8330744365930802, "8.571428571428571": 0.7737830035399991}