{"0.20408163265306123": 1.757812448420248e-08, "1.6326530612244898": 1.957908936687644e-07, "3.4693877551020407": 8.394540719791857e-07, "2.0408163265306123": 2.7563233600743816e-07, "2.6530612244897958": 4.4201664138939775e-07, "0.8163265306122449": 7.996908284147116e-08, "0.40816326530612246": 3.6630682559220353e-08, "0.6122448979591837": 5.7351305742857884e-08, "1.4285714285714286": 1.6222565612001494e-07, "1.2244897959183674": 1.3204334469611133e-07, "3.0612244897959187": 6.040846926897531e-07, "1.0204081632653061": 1.0475706537483315e-07, "1.836734693877551": 2.3334157618775456e-07, "3.2653061224489797": 7.098143470213912e-07, "0.0": 0.0, "2.4489795918367347": 3.78542816120633e-07, "2.2448979591836737": 3.236211565044904e-07, "3.673469387755102": 1.002148465797532e-06, "2.857142857142857": 5.162088460996221e-07, "3.8775510204081636": 1.2123866457258426e-06, "6.326530612244898": 0.2683422630609195, "5.918367346938775": 0.17717091687935602, "7.142857142857143": 0.41451923950371633, "4.285714285714286": 1.8932717010990051e-06, "7.755102040816327": 0.5000367758911585, "6.530612244897959": 0.3089791809555214, "6.938775510204081": 0.3818251278150729, "4.081632653061225": 1.4945747376196082e-06, "4.4897959183673475": 2.4994005305171502e-06, "6.122448979591837": 0.2245173421366206, "4.6938775510204085": 3.5317495236470893e-06, "4.8979591836734695": 5.683592852156021e-06, "5.714285714285714": 0.12592209302269977, "6.73469387755102": 0.34672089329135997, "7.346938775510204": 0.44500413076784057, "7.959183673469388": 0.5248811026875737, "7.551020408163265": 0.47345753466826934, "5.510204081632653": 0.07033547451364855, "5.1020408163265305": 1.2931486760092654e-05, "5.3061224489795915": 0.00996191477758901, "8.16326530612245": 0.5481136656940526, "9.183673469387756": 0.643477341640262, "8.36734693877551": 0.5698432054335184, "8.775510204081632": 0.6091646108186631, "9.795918367346939": 0.6865608279073915, "8.979591836734695": 0.6269139737534549, "9.591836734693878": 0.6732576561271075, "10.0": 0.6988517444479841, "9.387755102040817": 0.658909628622135, "8.571428571428571": 0.5901654994527782}