{"0.20408163265306123": 1.0836758360315696e-07, "0.40816326530612246": 2.4268940119658953e-07, "0.6122448979591837": 4.1355804566589644e-07, "3.2653061224489797": 0.6112987281321157, "0.8163265306122449": 6.382378917357318e-07, "1.2244897959183674": 1.3974525300025234e-06, "3.4693877551020407": 0.6639370153777515, "2.857142857142857": 0.4715481897748358, "1.4285714285714286": 2.116937027453369e-06, "3.8775510204081636": 0.7455051602840231, "3.0612244897959187": 0.5481056028828306, "1.6326530612244898": 3.4485660791118314e-06, "2.6530612244897958": 0.3778248250834933, "2.4489795918367347": 0.2616850541106912, "1.836734693877551": 6.751914176421079e-06, "0.0": 0.0, "2.2448979591836737": 0.11570751852642178, "3.673469387755102": 0.7081340649376502, "2.0408163265306123": 2.888486426082907e-05, "4.081632653061225": 0.7773020678302892, "4.285714285714286": 0.8045069724230655, "4.4897959183673475": 0.8278991706777081, "4.8979591836734695": 0.8656242481622818, "1.0204081632653061": 9.468995983524507e-07, "5.918367346938775": 0.9251206536508453, "4.6938775510204085": 0.8481032229700882, "6.122448979591837": 0.933080220014486, "5.3061224489795915": 0.8941913525887323, "6.530612244897959": 0.9463514579741739, "6.326530612244898": 0.9401179390998966, "5.510204081632653": 0.9058558097336908, "5.714285714285714": 0.9161005543661621, "6.73469387755102": 0.9518808888415444, "6.938775510204081": 0.9567916202492905, "7.142857142857143": 0.9611565815963925, "7.346938775510204": 0.9650380727554825, "7.551020408163265": 0.9684892453975886, "7.755102040816327": 0.9715553037747409, "7.959183673469388": 0.9742744785675683, "8.16326530612245": 0.976678816720159, "8.36734693877551": 0.978794822070715, "9.387755102040817": 0.9856475693616181, "9.591836734693878": 0.9863346674659837, "8.775510204081632": 0.9822431576521092, "5.1020408163265305": 0.8808741505799631, "9.183673469387756": 0.9847381544269341, "10.0": 0.9870311844637404, "8.979591836734695": 0.9836049966998346, "9.795918367346939": 0.9867975523344702, "8.571428571428571": 0.9806439753881296}