{"0.20408163265306123": 5.2862235903979005e-08, "0.40816326530612246": 1.1838507375443391e-07, "0.6122448979591837": 2.0173563203214462e-07, "3.2653061224489797": 0.29819450152786126, "0.8163265306122449": 3.113355569442594e-07, "1.2244897959183674": 6.816841609768403e-07, "3.4693877551020407": 0.3238717148184153, "2.857142857142857": 0.23002350720723697, "1.4285714285714286": 1.0326522085138379e-06, "3.8775510204081636": 0.3636610537970845, "3.0612244897959187": 0.26736858677211256, "1.6326530612244898": 1.6822273556643084e-06, "2.6530612244897958": 0.18430479272365527, "2.4489795918367347": 0.12765124590765425, "1.836734693877551": 3.2936166714249176e-06, "0.0": 0.0, "2.2448979591836737": 0.056442691964108185, "3.673469387755102": 0.34543125118909773, "2.0408163265306123": 1.40901776882093e-05, "4.081632653061225": 0.3791717404050193, "4.285714285714286": 0.39244242557222714, "4.4897959183673475": 0.40385325398912586, "4.8979591836734695": 0.42225573081086915, "1.0204081632653061": 4.619022430987564e-07, "5.918367346938775": 0.4512783676345586, "4.6938775510204085": 0.41370888925370153, "6.122448979591837": 0.4551610829338955, "5.3061224489795915": 0.4361909037018208, "6.530612244897959": 0.4616348575483775, "6.326530612244898": 0.4585941166340959, "5.510204081632653": 0.44188088279692234, "5.714285714285714": 0.44687831920300575, "6.73469387755102": 0.4643321408983144, "6.938775510204081": 0.46672761963380033, "7.142857142857143": 0.468856869071411, "7.346938775510204": 0.4707502793929183, "7.551020408163265": 0.47243377824272614, "7.755102040816327": 0.4739294164754834, "7.959183673469388": 0.4752558432036919, "8.16326530612245": 0.4764286910830044, "8.36734693877551": 0.47746088881498294, "9.387755102040817": 0.48080369237152104, "9.591836734693878": 0.4811388621785285, "8.775510204081632": 0.4791430037327363, "5.1020408163265305": 0.429694707599982, "9.183673469387756": 0.4803600753302118, "10.0": 0.4814786265676784, "8.979591836734695": 0.47980731546333394, "9.795918367346939": 0.4813646596753513, "8.571428571428571": 0.47836291482347776}