{"0.20408163265306123": 5.5505347699177954e-08, "0.40816326530612246": 1.243043274421556e-07, "0.6122448979591837": 2.118224136337518e-07, "3.2653061224489797": 0.31310422660425424, "0.8163265306122449": 3.269023347914723e-07, "1.2244897959183674": 7.157683690256823e-07, "3.4693877551020407": 0.3400653005593361, "2.857142857142857": 0.24152468256759885, "1.4285714285714286": 1.0842848189395303e-06, "3.8775510204081636": 0.3818441064869388, "3.0612244897959187": 0.2807370161107181, "1.6326530612244898": 1.7663387234475234e-06, "2.6530612244897958": 0.19352003235983803, "2.4489795918367347": 0.13403380820303692, "1.836734693877551": 3.458297504996163e-06, "0.0": 0.0, "2.2448979591836737": 0.05926482656231359, "3.673469387755102": 0.3627028137485526, "2.0408163265306123": 1.4794686572619766e-05, "4.081632653061225": 0.3981303274252701, "4.285714285714286": 0.4120645468508385, "4.4897959183673475": 0.4240459166885823, "4.8979591836734695": 0.44336851735141275, "1.0204081632653061": 4.849973552536943e-07, "5.918367346938775": 0.47384228601628653, "4.6938775510204085": 0.43439433371638664, "6.122448979591837": 0.47791913708059036, "5.3061224489795915": 0.45800044888691177, "6.530612244897959": 0.48471660042579623, "6.326530612244898": 0.48152382246580056, "5.510204081632653": 0.4639749269367686, "5.714285714285714": 0.4692222351631561, "6.73469387755102": 0.48754874794323017, "6.938775510204081": 0.4900640006154903, "7.142857142857143": 0.4922997125249815, "7.346938775510204": 0.49428779336256423, "7.551020408163265": 0.49605546715486243, "7.755102040816327": 0.49762588729925744, "7.959183673469388": 0.4990186353638765, "8.16326530612245": 0.5002501256371544, "8.36734693877551": 0.5013339332557321, "9.387755102040817": 0.5048438769900969, "9.591836734693878": 0.505195805287455, "8.775510204081632": 0.503100153919373, "5.1020408163265305": 0.45117944297998114, "9.183673469387756": 0.5043780790967223, "10.0": 0.5055525578960622, "8.979591836734695": 0.5037976812365005, "9.795918367346939": 0.5054328926591187, "8.571428571428571": 0.5022810605646515}