{"1.2244897959183674": 6.825432377925991e-07, "0.40816326530612246": 5.492036709045885e-07, "0.20408163265306123": 5.234765285537909e-07, "3.4693877551020407": 1.9609635217450926e-06, "2.6530612244897958": 1.1726833216089843e-06, "0.6122448979591837": 5.775184800836049e-07, "0.8163265306122449": 6.088286635151938e-07, "1.0204081632653061": 6.436321051888892e-07, "1.4285714285714286": 7.263292428969602e-07, "3.8775510204081636": 2.933359366175376e-06, "3.0612244897959187": 1.469262656398967e-06, "2.2448979591836737": 9.744468207666444e-07, "2.0408163265306123": 8.981239764394726e-07, "1.6326530612244898": 7.759606349623823e-07, "1.836734693877551": 8.326833695692074e-07, "0.0": 5e-07, "2.4489795918367347": 1.0645963631969229e-06, "3.2653061224489797": 1.680415009175774e-06, "3.673469387755102": 2.3517316323952436e-06, "2.857142857142857": 1.3046254138395123e-06, "4.081632653061225": 3.890496439568131e-06, "6.73469387755102": 0.5484000780711923, "4.8979591836734695": 0.07746237647815825, "5.714285714285714": 0.3405884592601791, "5.918367346938775": 0.3906416479911564, "4.285714285714286": 5.7592830337955145e-06, "5.3061224489795915": 0.22340320045817852, "4.4897959183673475": 1.102289386409544e-05, "6.326530612244898": 0.4770026482648992, "7.755102040816327": 0.6799279837293092, "7.551020408163265": 0.6579384262472521, "7.346938775510204": 0.6340096007763878, "5.510204081632653": 0.2851031417851475, "6.938775510204081": 0.5794910865742513, "7.959183673469388": 0.7001556769031687, "5.1020408163265305": 0.154559171059751, "6.122448979591837": 0.435925131755335, "6.530612244897959": 0.5143562769940844, "7.142857142857143": 0.6079382296414768, "8.16326530612245": 0.7187764265889428, "8.775510204081632": 0.7662654298728114, "4.6938775510204085": 0.00011884623003333364, "8.36734693877551": 0.7359255061257132, "10.0": 0.8314777479041516, "8.979591836734695": 0.779648229299837, "9.591836734693878": 0.8135443471807188, "9.183673469387756": 0.791946430880006, "8.571428571428571": 0.7517209231161126, "9.387755102040817": 0.8032263013402677, "9.795918367346939": 0.8229482596671307}