{"0.20408163265306123": 1.776468278730205e-08, "0.0": 0.0, "0.6122448979591837": 5.746415562521614e-08, "0.8163265306122449": 7.973958464378694e-08, "0.40816326530612246": 3.6866916778128585e-08, "1.2244897959183674": 1.3022071169185172e-07, "1.0204081632653061": 1.0390759080751099e-07, "1.4285714285714286": 1.5897840190647108e-07, "1.6326530612244898": 1.9053904468656222e-07, "2.0408163265306123": 2.638885248438947e-07, "1.836734693877551": 2.2533411698329185e-07, "2.2448979591836737": 3.068480545850644e-07, "2.4489795918367347": 3.5501395541254073e-07, "3.0612244897959187": 5.423441437744776e-07, "2.6530612244897958": 4.093964884439743e-07, "2.857142857142857": 4.71283167883264e-07, "3.2653061224489797": 6.24786622295322e-07, "3.4693877551020407": 7.215844470251171e-07, "3.8775510204081636": 9.764299158951754e-07, "3.673469387755102": 8.368506466428745e-07, "4.081632653061225": 1.1489315833905042e-06, "4.6938775510204085": 2.0443375264411987e-06, "4.285714285714286": 1.367563883757939e-06, "4.8979591836734695": 2.609508745942325e-06, "4.4897959183673475": 1.6537051507373369e-06, "5.1020408163265305": 3.4999176610286756e-06, "6.326530612244898": 0.15433294396715563, "5.3061224489795915": 5.109696698221259e-06, "6.122448979591837": 0.09728233811692387, "6.530612244897959": 0.20672402275923282, "5.714285714285714": 2.86391285556979e-05, "5.918367346938775": 0.035025027181920194, "5.510204081632653": 8.901816712533462e-06, "6.73469387755102": 0.25493608222936753, "6.938775510204081": 0.29939237511595695, "7.142857142857143": 0.3404604336310955, "7.551020408163265": 0.4136901729668001, "7.755102040816327": 0.4463873804240657, "7.346938775510204": 0.3784650350277057, "8.16326530612245": 0.5050608156610084, "8.571428571428571": 0.5559715932098088, "7.959183673469388": 0.47677906530094916, "8.36734693877551": 0.5314071515657749, "8.775510204081632": 0.5788907164643744, "8.979591836734695": 0.6002854089899647, "9.387755102040817": 0.6389133536006506, "9.183673469387756": 0.6202616551090029, "9.591836734693878": 0.6563229263261006, "9.795918367346939": 0.6725616035581707, "10.0": 0.6876918833202276}