{"0.20408163265306123": 1.8062248655884752e-08, "0.0": 0.0, "0.6122448979591837": 5.843647627041053e-08, "0.8163265306122449": 8.10956998906849e-08, "0.40816326530612246": 3.748757189903795e-08, "1.2244897959183674": 1.324581807214301e-07, "1.0204081632653061": 1.056837887567872e-07, "1.4285714285714286": 1.6172414231128748e-07, "1.6326530612244898": 1.9384701361651883e-07, "2.0408163265306123": 2.685181468533301e-07, "1.836734693877551": 2.2926664886255719e-07, "2.2448979591836737": 3.122598354955559e-07, "2.4489795918367347": 3.6130852680877977e-07, "3.0612244897959187": 5.521161060446098e-07, "2.6530612244897958": 4.166941061073984e-07, "2.857142857142857": 4.797290998540317e-07, "3.2653061224489797": 6.361052153381028e-07, "3.4693877551020407": 7.347280542529784e-07, "3.8775510204081636": 9.94412037200743e-07, "3.673469387755102": 8.521775722534421e-07, "4.081632653061225": 1.1702080766625309e-06, "4.6938775510204085": 2.0828372345466085e-06, "4.285714285714286": 1.3930305968832807e-06, "4.8979591836734695": 2.6589311641355406e-06, "4.4897959183673475": 1.6846733756711195e-06, "5.1020408163265305": 3.5665825937563553e-06, "6.326530612244898": 0.157039475802359, "5.3061224489795915": 5.207583249813657e-06, "6.122448979591837": 0.09905824653796677, "6.530612244897959": 0.21020890247766677, "5.714285714285714": 2.9194139337058685e-05, "5.918367346938775": 0.035691048643297495, "5.510204081632653": 9.07333427105578e-06, "6.73469387755102": 0.25906967992129526, "6.938775510204081": 0.3040641161364023, "7.142857142857143": 0.34557575415352587, "7.551020408163265": 0.4194611150003884, "7.755102040816327": 0.45239162382340864, "7.346938775510204": 0.3839429289654669, "8.16326530612245": 0.5113845880887473, "8.571428571428571": 0.5624614626165103, "7.959183673469388": 0.4829652076155332, "8.36734693877551": 0.5378304118644985, "8.775510204081632": 0.5854188537511813, "8.979591836734695": 0.6068273891516277, "9.387755102040817": 0.6454228356605249, "9.183673469387756": 0.6267964393078804, "9.591836734693878": 0.6627915419901881, "9.795918367346939": 0.6789759969005875, "10.0": 0.6940406148610706}