{"0.20408163265306123": 1.85085974587588e-08, "0.0": 0.0, "0.6122448979591837": 5.98949572382021e-08, "0.8163265306122449": 8.312987276103184e-08, "0.40816326530612246": 3.8418554580401975e-08, "1.2244897959183674": 1.358143842657977e-07, "1.0204081632653061": 1.0834808568070157e-07, "1.4285714285714286": 1.6584275291851203e-07, "1.6326530612244898": 1.9880896701145382e-07, "2.0408163265306123": 2.754625798674829e-07, "1.836734693877551": 2.351654466814552e-07, "2.2448979591836737": 3.203775068612931e-07, "2.4489795918367347": 3.707503839031381e-07, "3.0612244897959187": 5.667740494498087e-07, "2.6530612244897958": 4.2764053260253404e-07, "2.857142857142857": 4.923979978101834e-07, "3.2653061224489797": 6.530831049022737e-07, "3.4693877551020407": 7.544434650947698e-07, "3.8775510204081636": 1.0213852191590945e-06, "3.673469387755102": 8.751679606692939e-07, "4.081632653061225": 1.202122816570572e-06, "4.6938775510204085": 2.140586796704724e-06, "4.285714285714286": 1.4312306665712932e-06, "4.8979591836734695": 2.7330647914253634e-06, "4.4897959183673475": 1.731125713071794e-06, "5.1020408163265305": 3.666579992847875e-06, "6.326530612244898": 0.16109927355516407, "5.3061224489795915": 5.354413077202251e-06, "6.122448979591837": 0.10172210916953105, "6.530612244897959": 0.21543622205531773, "5.714285714285714": 3.002665550909985e-05, "5.918367346938775": 0.03669008083536342, "5.510204081632653": 9.33061060883925e-06, "6.73469387755102": 0.2652700764591869, "6.938775510204081": 0.3110717276670703, "7.142857142857143": 0.3532487349371714, "7.551020408163265": 0.42811752805077075, "7.755102040816327": 0.4613979889224233, "7.346938775510204": 0.39215976987210854, "8.16326530612245": 0.5208702467303561, "8.571428571428571": 0.5721962667265624, "7.959183673469388": 0.4922444210874095, "8.36734693877551": 0.5474653023125841, "8.775510204081632": 0.595211059681392, "8.979591836734695": 0.6166403593941217, "9.387755102040817": 0.6551870587503363, "9.183673469387756": 0.6365986156061966, "9.591836734693878": 0.67249446548632, "9.795918367346939": 0.6885975869142127, "10.0": 0.7035637121723348}