{"0.40816326530612246": -8.060219158778636e-14, "0.0": 0.0, "0.20408163265306123": -4.0323300254385686e-13, "1.0204081632653061": 1.8385293287792592e-13, "0.6122448979591837": -5.155653681754302e-12, "0.8163265306122449": -8.867728773509498e-11, "1.2244897959183674": 2.999378523327323e-12, "1.6326530612244898": 2.7670299385107455e-10, "1.836734693877551": 3.802513859341161e-13, "2.6530612244897958": 1.6350565346101575e-10, "2.0408163265306123": 3.689826222341708e-12, "2.4489795918367347": 3.733480191669969e-11, "4.081632653061225": 5.003083506371908e-07, "2.857142857142857": 6.409553998665274e-10, "3.2653061224489797": 7.550106873033258e-09, "2.2448979591836737": 3.003053361538832e-11, "1.4285714285714286": 3.29785088126755e-11, "3.673469387755102": 6.716197376022137e-08, "5.1020408163265305": 0.00011254418943873468, "3.4693877551020407": 2.3115517167049404e-08, "3.0612244897959187": 2.28579333239054e-09, "4.285714285714286": 1.315902174225947e-06, "4.4897959183673475": 3.4550683686296324e-06, "5.3061224489795915": 0.02124299038928612, "4.8979591836734695": 2.7730602996767217e-05, "4.6938775510204085": 9.336931724668318e-06, "5.918367346938775": 0.33339380106190564, "5.714285714285714": 0.24338320285491977, "5.510204081632653": 0.1398678988886729, "6.530612244897959": 0.5401445376335432, "6.73469387755102": 0.5926024800464695, "6.326530612244898": 0.4802714579618408, "3.8775510204081636": 1.863590262107806e-07, "6.938775510204081": 0.6386403741731608, "6.122448979591837": 0.41181392940955264, "7.142857142857143": 0.6791075949026517, "7.551020408163265": 0.7461353038087432, "7.346938775510204": 0.7147312176026543, "7.755102040816327": 0.7738568445220582, "8.36734693877551": 0.8392529700675452, "10.0": 0.9330336566759513, "8.979591836734695": 0.884870682168296, "8.571428571428571": 0.8562925330521141, "8.16326530612245": 0.8200421108319093, "9.183673469387756": 0.8968359862013853, "7.959183673469388": 0.7983589958205397, "9.387755102040817": 0.9074920928060564, "9.795918367346939": 0.9254659007321135, "8.775510204081632": 0.8714224697435311, "9.591836734693878": 0.9169910009778275}