{"0.40816326530612246": -1.1302070390684094e-13, "0.0": 0.0, "0.20408163265306123": -5.644373857194296e-13, "1.0204081632653061": 2.5723867480564877e-13, "0.6122448979591837": -7.218226016902918e-12, "0.8163265306122449": -1.2414846928265888e-10, "1.2244897959183674": 4.1989745014348046e-12, "1.6326530612244898": 3.873850129565426e-10, "1.836734693877551": 5.403455460850637e-13, "2.6530612244897958": 2.348373717708796e-10, "2.0408163265306123": 5.221267862509649e-12, "2.4489795918367347": 5.371958433642021e-11, "4.081632653061225": 7.089203508670039e-07, "2.857142857142857": 9.188585448072217e-10, "3.2653061224489797": 1.0781571302409532e-08, "2.2448979591836737": 4.235145567577092e-11, "1.4285714285714286": 4.616984572436422e-11, "3.673469387755102": 9.554326496630239e-08, "5.1020408163265305": 0.00015784526584694536, "3.0612244897959187": 3.2706326535958397e-09, "3.4693877551020407": 3.2947895078905276e-08, "4.285714285714286": 1.8608466086922348e-06, "4.4897959183673475": 4.875978878216003e-06, "5.3061224489795915": 0.029795465680213518, "4.8979591836734695": 3.897386960960425e-05, "5.918367346938775": 0.48314355282894006, "4.6938775510204085": 1.3149779812038354e-05, "5.714285714285714": 0.3489461670495392, "5.510204081632653": 0.1983562807905137, "6.530612244897959": 0.807243614825616, "6.73469387755102": 0.8943658552699363, "6.326530612244898": 0.7105946505003925, "6.938775510204081": 0.9731081011966676, "3.8775510204081636": 2.645912399179551e-07, "6.122448979591837": 0.6030823410476193, "7.142857142857143": 1.0444575455800622, "8.36734693877551": 1.3579711136839099, "7.551020408163265": 1.1682749289625218, "7.346938775510204": 1.1092668711783606, "7.755102040816327": 1.2221238808653951, "10.0": 1.5942335294989518, "8.979591836734695": 1.4638063791956835, "8.571428571428571": 1.396124674877427, "8.16326530612245": 1.3165129562875102, "9.183673469387756": 1.4938866613865094, "9.387755102040817": 1.5217761567013028, "7.959183673469388": 1.2713734712707936, "9.795918367346939": 1.5717774879817106, "8.775510204081632": 1.4313054513626062, "9.591836734693878": 1.5476791316798515}