{"0.20408163265306123": 1.1102230246251565e-16, "0.0": 0.0, "0.40816326530612246": -5.3734794391857577e-14, "0.6122448979591837": -6.356692949793796e-12, "3.2653061224489797": 3.5793999209055016e-08, "1.0204081632653061": -2.9098945475425353e-12, "0.8163265306122449": -1.247890679678676e-13, "2.6530612244897958": -1.5485612792076608e-10, "1.2244897959183674": -3.947753235422624e-11, "3.673469387755102": 2.1349326563280258e-06, "2.4489795918367347": -5.97928373480272e-11, "1.4285714285714286": -3.6467406872020547e-10, "2.0408163265306123": -5.275953007810585e-10, "4.081632653061225": 0.28437640635355577, "2.2448979591836737": -2.4922046648612195e-09, "3.4693877551020407": 1.7659207129927523e-07, "1.6326530612244898": -2.547154043242017e-09, "1.836734693877551": -1.1012701861545793e-10, "2.857142857142857": 1.925439141459151e-09, "3.0612244897959187": 7.9561796040295e-09, "4.8979591836734695": 0.7444867753579038, "3.8775510204081636": 0.1282618160896396, "4.6938775510204085": 0.6490933746299007, "4.285714285714286": 0.42128105481766664, "4.4897959183673475": 0.5420300213235251, "5.1020408163265305": 0.8298687068494919, "5.3061224489795915": 0.906614068641665, "6.938775510204081": 1.316109933763386, "5.714285714285714": 1.038602430635851, "5.918367346938775": 1.0956243557730545, "8.571428571428571": 1.532820924016761, "5.510204081632653": 0.9758705592682875, "6.73469387755102": 1.279039389487707, "6.326530612244898": 1.1952061352250103, "8.775510204081632": 1.5527488096965314, "8.36734693877551": 1.5116403439986856, "6.530612244897959": 1.2388641128473474, "8.979591836734695": 1.5715304018249237, "6.122448979591837": 1.147628566661882, "7.142857142857143": 1.3504039924088995, "7.755102040816327": 1.439313969981233, "7.346938775510204": 1.3822076583040457, "7.551020408163265": 1.411771142565033, "8.16326530612245": 1.4890878176213613, "9.183673469387756": 1.589260870615511, "9.387755102040817": 1.6060255463907243, "7.959183673469388": 1.4650293474803344, "9.795918367346939": 1.636956655097157, "10.0": 1.6512545192661985, "9.591836734693878": 1.6219011160761094}