{"0.0": 0.0, "0.20408163265306123": 0.0, "0.40816326530612246": 0.0, "0.6122448979591837": 0.0, "0.8163265306122449": 0.0, "1.0204081632653061": 0.0, "2.6530612244897958": 0.08657458848372507, "3.0612244897959187": 0.28811086127227015, "1.4285714285714286": 0.0, "2.857142857142857": 0.19636772251009466, "1.2244897959183674": 0.0, "3.4693877551020407": 0.43168006759803285, "3.2653061224489797": 0.36560390025759104, "3.673469387755102": 0.4884935156000866, "3.8775510204081636": 0.5377053003452342, "1.6326530612244898": 0.0, "4.081632653061225": 0.5806165398181744, "4.285714285714286": 0.6182573884265842, "1.836734693877551": 0.0, "2.0408163265306123": 0.0, "4.6938775510204085": 0.6808753452296513, "4.4897959183673475": 0.6514541990870216, "4.8979591836734695": 0.7070673288999981, "5.3061224489795915": 0.7514886189034071, "2.2448979591836737": 0.0, "5.1020408163265305": 0.7304806024480656, "5.510204081632653": 0.7704042902502558, "5.714285714285714": 0.7874904396725567, "2.4489795918367347": 1.14e-322, "5.918367346938775": 0.8029700019698336, "6.326530612244898": 0.8298397006189965, "6.122448979591837": 0.817032359614606, "6.530612244897959": 0.8415313926147793, "6.73469387755102": 0.8522272820261827, "7.142857142857143": 0.8710333750111802, "6.938775510204081": 0.8620313335893637, "7.551020408163265": 0.8869336771307769, "7.346938775510204": 0.8793115931372454, "7.755102040816327": 0.8939584490019663, "7.959183673469388": 0.9004368198675493, "8.16326530612245": 0.9064124825849598, "8.36734693877551": 0.9119229520164552, "8.775510204081632": 0.9216695108251557, "8.571428571428571": 0.9169998278490034, "8.979591836734695": 0.9259535229410566, "9.387755102040817": 0.9334277910578257, "9.183673469387756": 0.9298687229840997, "9.591836734693878": 0.9366393991319295, "9.795918367346939": 0.9395083232282662, "10.0": 0.9420358822661749}