{"0.0": 0.0, "0.20408163265306123": 0.0, "0.40816326530612246": 0.0, "0.6122448979591837": 0.0, "0.8163265306122449": 0.0, "1.0204081632653061": 0.0, "2.6530612244897958": 0.1107656315831401, "3.0612244897959187": 0.36013336460480394, "1.4285714285714286": 0.0, "2.857142857142857": 0.24824512373502808, "1.2244897959183674": 0.0, "3.4693877551020407": 0.5285016257496488, "3.2653061224489797": 0.45214696145213534, "3.673469387755102": 0.5923662355073552, "3.8775510204081636": 0.646157127403668, "1.6326530612244898": 0.0, "4.081632653061225": 0.6917450167779918, "4.285714285714286": 0.7305941996131025, "1.836734693877551": 0.0, "2.0408163265306123": 1e-323, "4.6938775510204085": 0.7924857209224757, "4.4897959183673475": 0.7638652022163945, "4.8979591836734695": 0.8172049544834001, "5.3061224489795915": 0.8572685139069778, "2.2448979591836737": 1e-323, "5.1020408163265305": 0.8386327287889199, "5.510204081632653": 0.8735251816513498, "5.714285714285714": 0.887745210400485, "2.4489795918367347": 1.4e-322, "5.918367346938775": 0.9002150401873229, "6.326530612244898": 0.9208274332102601, "6.122448979591837": 0.911174861556378, "6.530612244897959": 0.9293444949072348, "6.73469387755102": 0.9368717631658129, "7.142857142857143": 0.9494361733617649, "6.938775510204081": 0.9435336440993285, "7.551020408163265": 0.9593130662882517, "7.346938775510204": 0.9546701472007408, "7.755102040816327": 0.9634311744636218, "7.959183673469388": 0.9670808746976558, "8.16326530612245": 0.9703098493017805, "8.36734693877551": 0.9731582417037525, "8.775510204081632": 0.9778401603277059, "8.571428571428571": 0.9756592966929986, "8.979591836734695": 0.9797223926496452, "9.387755102040817": 0.9826518244905376, "9.183673469387756": 0.9813223800866689, "9.591836734693878": 0.9837180440848461, "9.795918367346939": 0.9845242307672555, "10.0": 0.9850698209301739}