{"0.0": 0.0, "0.20408163265306123": 0.0, "0.40816326530612246": 0.0, "0.6122448979591837": 0.0, "0.8163265306122449": 0.0, "1.0204081632653061": 0.0, "2.6530612244897958": 0.05700775802888456, "3.0612244897959187": 0.20008335719917333, "1.4285714285714286": 0.0, "2.857142857142857": 0.1329620099018426, "1.2244897959183674": 0.0, "3.4693877551020407": 0.3133426076349468, "3.2653061224489797": 0.2598290476864813, "3.673469387755102": 0.361537969046758, "3.8775510204081636": 0.40515306727381534, "1.6326530612244898": 0.0, "4.081632653061225": 0.4447928457561752, "4.285714285714286": 0.4809568414208394, "1.836734693877551": 0.0, "2.0408163265306123": 0.0, "4.6938775510204085": 0.5444626638273103, "4.4897959183673475": 0.5140629730400106, "4.8979591836734695": 0.5724546754091734, "5.3061224489795915": 0.6222020805657092, "2.2448979591836737": 0.0, "5.1020408163265305": 0.5982946702536878, "5.510204081632653": 0.6443676452044739, "5.714285714285714": 0.6649568310050885, "2.4489795918367347": 7e-323, "5.918367346938775": 0.6841149552595696, "6.326530612244898": 0.7186324718963412, "6.122448979591837": 0.7019693016857737, "6.530612244897959": 0.7342042675906671, "6.73469387755102": 0.7487729161888568, "7.142857142857143": 0.7752077325826878, "6.938775510204081": 0.7624173985216292, "7.551020408163265": 0.79846997927164, "7.346938775510204": 0.7872066937263065, "7.755102040816327": 0.8090473401043873, "7.959183673469388": 0.8189829750751972, "8.16326530612245": 0.8283157010421789, "8.36734693877551": 0.837079820176425, "8.775510204081632": 0.8530164947664826, "8.571428571428571": 0.84530492148412, "8.979591836734695": 0.8602360155194482, "9.387755102040817": 0.8732650835289556, "9.183673469387756": 0.8669809198587374, "9.591836734693878": 0.8790988330783649, "9.795918367346939": 0.8844888806806126, "10.0": 0.8894388461212873}