{"1.0204081632653061": 2.0706202978976087e-07, "0.40816326530612246": 5.954053049125163e-08, "0.20408163265306123": 2.721954883399366e-08, "0.6122448979591837": 9.85453828990063e-08, "0.8163265306122449": 1.465465054801256e-07, "3.2653061224489797": 0.1402073108200034, "1.4285714285714286": 3.9211546890892534e-07, "3.8775510204081636": 0.2121076533216096, "1.2244897959183674": 2.857194818630182e-07, "3.673469387755102": 0.19189259838828143, "3.4693877551020407": 0.16819274659213704, "2.0408163265306123": 1.1892431611284923e-06, "1.6326530612244898": 5.440639764058291e-07, "1.836734693877551": 7.787874651819753e-07, "0.0": 0.0, "3.0612244897959187": 0.10689233820010101, "2.2448979591836737": 2.0908496690430517e-06, "2.857142857142857": 0.06686553233032187, "2.6530612244897958": 0.01826945606135396, "4.081632653061225": 0.2294607892396101, "4.8979591836734695": 0.2787023903385927, "4.6938775510204085": 0.2687785863824822, "4.285714285714286": 0.244442575120905, "5.510204081632653": 0.30192168510692124, "4.4897959183673475": 0.2574437254395639, "5.1020408163265305": 0.2874241067254499, "5.3061224489795915": 0.29511613284422755, "5.714285714285714": 0.3079604949447195, "6.73469387755102": 0.32968586167510383, "5.918367346938775": 0.3133332398550945, "6.938775510204081": 0.33277855630299547, "7.346938775510204": 0.338067279596429, "6.530612244897959": 0.32624413896500426, "7.142857142857143": 0.33556117640386934, "2.4489795918367347": 5.677850269203603e-06, "7.551020408163265": 0.3403257861650393, "6.326530612244898": 0.32240810851248647, "6.122448979591837": 0.3181250201917671, "7.755102040816327": 0.34236159944036926, "8.571428571428571": 0.3486614570367398, "7.959183673469388": 0.34419611429783453, "8.36734693877551": 0.34733171787665, "8.16326530612245": 0.3458476347918318, "8.979591836734695": 0.35089933061582307, "9.183673469387756": 0.3518232611721357, "8.775510204081632": 0.3498477172253412, "9.591836734693878": 0.35330741119791503, "9.795918367346939": 0.3538733915108307, "9.387755102040817": 0.3526247448426025, "10.0": 0.3543234175668378}