{"0.40816326530612246": 9.480373641960497e-08, "0.20408163265306123": 4.47889461851682e-08, "0.6122448979591837": 1.5105086186602935e-07, "1.836734693877551": 7.291503704155618e-07, "1.2244897959183674": 3.720800792916794e-07, "1.6326530612244898": 5.878266010695579e-07, "2.4489795918367347": 1.4102885692992097e-06, "1.0204081632653061": 2.877584790780363e-07, "1.4285714285714286": 4.707399091831061e-07, "0.8163265306122449": 2.148143341388723e-07, "2.2448979591836737": 1.1232460299226439e-06, "2.0408163265306123": 9.032559411425409e-07, "0.0": 0.0, "2.857142857142857": 2.3643207931261883e-06, "2.6530612244897958": 1.800951388390524e-06, "3.0612244897959187": 3.2484827692443453e-06, "3.673469387755102": 2.7139302463330483e-05, "3.8775510204081636": 0.05241075724791259, "3.4693877551020407": 8.548531992570656e-06, "3.2653061224489797": 4.838645128964573e-06, "5.918367346938775": 0.6240749549796657, "4.081632653061225": 0.14636113777483728, "4.4897959183673475": 0.3005132288817126, "5.510204081632653": 0.5555115861627299, "5.1020408163265305": 0.47061088336500323, "5.714285714285714": 0.5915721673650681, "4.285714285714286": 0.2284381567494793, "4.8979591836734695": 0.4204666108579287, "4.6938775510204085": 0.3641084084308627, "6.73469387755102": 0.7261929879350755, "5.3061224489795915": 0.5153896812741946, "6.326530612244898": 0.6800567665747461, "6.938775510204081": 0.7462240947785457, "6.530612244897959": 0.7042150518365687, "6.122448979591837": 0.6534479563396424, "7.142857142857143": 0.7645108025082802, "7.346938775510204": 0.7812290077916824, "7.755102040816327": 0.8105526603118471, "7.551020408163265": 0.7965318208656519, "7.959183673469388": 0.8234078194259854, "8.16326530612245": 0.8351986027071873, "8.775510204081632": 0.8650084514320839, "8.979591836734695": 0.8733118245409606, "8.36734693877551": 0.8460131114725685, "9.183673469387756": 0.8808859927032786, "8.571428571428571": 0.8559277424578451, "9.387755102040817": 0.8877714184690985, "10.0": 0.9045986460932559, "9.591836734693878": 0.8940015799616514, "9.795918367346939": 0.8996035726060547}