{"0.40816326530612246": 6.581559830084017e-08, "0.20408163265306123": 3.1008213574388845e-08, "0.6122448979591837": 1.0515858058769574e-07, "1.836734693877551": 5.167885902310565e-07, "1.2244897959183674": 2.6130141115719997e-07, "1.6326530612244898": 4.153276879666209e-07, "2.4489795918367347": 1.0092959214288358e-06, "1.0204081632653061": 2.0148839720984174e-07, "1.4285714285714286": 3.31583357743759e-07, "0.8163265306122449": 1.4997680201391555e-07, "2.2448979591836737": 8.01224897966462e-07, "2.0408163265306123": 6.422227823283911e-07, "0.0": 0.0, "2.857142857142857": 1.703573721533295e-06, "2.6530612244897958": 1.2932145744793223e-06, "3.0612244897959187": 2.3488198298141453e-06, "3.673469387755102": 1.9837733571220583e-05, "3.8775510204081636": 0.03838179742626475, "3.4693877551020407": 6.225572670834707e-06, "3.2653061224489797": 3.5110501585505252e-06, "5.918367346938775": 0.4570271765545036, "4.081632653061225": 0.10718423919343131, "4.4897959183673475": 0.2200740456235339, "5.510204081632653": 0.406816340111637, "5.714285714285714": 0.4332244932702516, "5.1020408163265305": 0.34464122567900074, "4.285714285714286": 0.16729149247733618, "4.8979591836734695": 0.3079191989049599, "4.6938775510204085": 0.26664654073303395, "6.73469387755102": 0.5318110143231818, "5.3061224489795915": 0.377433968170128, "6.326530612244898": 0.498024193390865, "6.938775510204081": 0.5464803435404083, "6.530612244897959": 0.5157159686189421, "6.122448979591837": 0.4785378314794295, "7.142857142857143": 0.5598722014179319, "7.346938775510204": 0.5721154019120027, "7.755102040816327": 0.5935899173218213, "7.551020408163265": 0.5833220718505086, "7.959183673469388": 0.603004103097461, "8.16326530612245": 0.6116388172418668, "8.775510204081632": 0.633469387455834, "8.979591836734695": 0.6395501754259532, "8.36734693877551": 0.6195585787669625, "9.183673469387756": 0.6450969466011806, "8.571428571428571": 0.6268193350985037, "9.387755102040817": 0.6501393328169599, "10.0": 0.6624623732960866, "9.591836734693878": 0.6547018510212903, "9.795918367346939": 0.6588043439371813}