{"0.40816326530612246": 5.1593002078746904e-08, "1.0204081632653061": 1.425888756760413e-07, "0.20408163265306123": 2.5004525963964213e-08, "0.6122448979591837": 7.992635246387187e-08, "0.8163265306122449": 1.1018817361831928e-07, "1.2244897959183674": 1.7737076586697488e-07, "2.0408163265306123": 3.466719478271403e-07, "1.4285714285714286": 2.148143341388704e-07, "2.4489795918367347": 4.556280451683172e-07, "2.6530612244897958": 5.183728698328115e-07, "1.6326530612244898": 2.552460862264533e-07, "1.836734693877551": 2.990483876453776e-07, "3.2653061224489797": 7.517705955691007e-07, "2.857142857142857": 5.878266001799888e-07, "2.2448979591836737": 3.986518091449714e-07, "3.8775510204081636": 1.0883270536301618e-06, "3.0612244897959187": 6.651460401099361e-07, "3.673469387755102": 9.606955800629096e-07, "0.0": 0.0, "3.4693877551020407": 8.495141947777511e-07, "4.6938775510204085": 1.868591254123852e-06, "4.4897959183673475": 1.6174684673246337e-06, "5.3061224489795915": 3.092358277552395e-06, "4.081632653061225": 1.236394740312034e-06, "4.285714285714286": 1.4102866791745594e-06, "5.1020408163265305": 2.574148493572184e-06, "5.510204081632653": 3.802911850885057e-06, "4.8979591836734695": 2.1793933540921475e-06, "7.755102040816327": 0.27934225893463094, "7.142857142857143": 0.14563126255828626, "5.714285714285714": 4.837652935564996e-06, "7.551020408163265": 0.2381176006186892, "5.918367346938775": 6.484573569283318e-06, "7.346938775510204": 0.19365190901568133, "6.938775510204081": 0.09369940581257756, "6.122448979591837": 9.516162201599201e-06, "7.959183673469388": 0.317602145392897, "6.326530612244898": 1.6947325636028307e-05, "6.73469387755102": 0.037462515520421395, "6.530612244897959": 6.361688282356922e-05, "8.16326530612245": 0.35314047888710404, "8.979591836734695": 0.47199613636057614, "8.571428571428571": 0.41688372998253564, "8.775510204081632": 0.44544330635414814, "9.387755102040817": 0.5195777804454944, "9.591836734693878": 0.540816368961763, "9.183673469387756": 0.4966702746898396, "9.795918367346939": 0.5604708601928717, "8.36734693877551": 0.38617146177787665, "10.0": 0.5786144569550635}