{"0.40816326530612246": 1.5860245118384587e-08, "1.0204081632653061": 4.33614214393447e-08, "0.20408163265306123": 7.713629331213976e-09, "0.6122448979591837": 2.4483042076278833e-08, "0.8163265306122449": 3.363128582526321e-08, "1.2244897959183674": 5.373843419803186e-08, "2.0408163265306123": 1.0342072636445577e-07, "1.4285714285714286": 6.483753212495622e-08, "2.4489795918367347": 1.3482823586077958e-07, "2.6530612244897958": 1.5276038178103397e-07, "1.6326530612244898": 7.67462427370133e-08, "1.836734693877551": 8.956704806425434e-08, "3.2653061224489797": 2.1870995174030194e-07, "2.857142857142857": 1.7249891285931245e-07, "2.2448979591836737": 1.1845063200223047e-07, "3.8775510204081636": 3.123717495761612e-07, "3.0612244897959187": 1.943536225092385e-07, "3.673469387755102": 2.770053694197073e-07, "0.0": 0.0, "3.4693877551020407": 2.4605359373172325e-07, "4.6938775510204085": 5.261557851395593e-07, "4.4897959183673475": 4.5768704388191105e-07, "5.3061224489795915": 8.575487519858243e-07, "4.081632653061225": 3.532198734281707e-07, "4.285714285714286": 4.0099213693494323e-07, "5.1020408163265305": 7.175510141979431e-07, "5.510204081632653": 1.0490443626000227e-06, "4.8979591836734695": 6.106112476076226e-07, "7.755102040816327": 0.07477229558095862, "7.142857142857143": 0.03898153102442988, "5.714285714285714": 1.3273289533807096e-06, "7.551020408163265": 0.06373758579751992, "5.918367346938775": 1.7694902378925595e-06, "7.346938775510204": 0.05183534034180135, "6.938775510204081": 0.025080798041620618, "6.122448979591837": 2.5823022985628817e-06, "7.959183673469388": 0.08501341729601754, "6.326530612244898": 4.57277300529365e-06, "6.73469387755102": 0.010027725713679317, "6.530612244897959": 1.7066297484692267e-05, "8.16326530612245": 0.09452605396651467, "8.979591836734695": 0.12634045198211658, "8.571428571428571": 0.11158837311536049, "8.775510204081632": 0.119232988014808, "9.387755102040817": 0.13907675244657952, "9.591836734693878": 0.14476173980492507, "9.183673469387756": 0.13294504174360394, "9.795918367346939": 0.15002270779317167, "8.36734693877551": 0.1033675416866539, "10.0": 0.15487925079680726}