{"0.40816326530612246": 3.5732756960362304e-08, "1.0204081632653061": 9.922745423669666e-08, "0.20408163265306123": 1.7290896632750237e-08, "0.6122448979591837": 5.544331038759302e-08, "0.8163265306122449": 7.655688779305609e-08, "1.2244897959183674": 1.2363233166894304e-07, "2.0408163265306123": 2.432512214626846e-07, "1.4285714285714286": 1.4997680201391415e-07, "2.4489795918367347": 3.2079980930753766e-07, "2.6530612244897958": 3.656124880517776e-07, "1.6326530612244898": 1.7849984348943989e-07, "1.836734693877551": 2.094813395811233e-07, "3.2653061224489797": 5.330606438287984e-07, "2.857142857142857": 4.153276873206764e-07, "2.2448979591836737": 2.80201177142741e-07, "3.8775510204081636": 7.759553040540003e-07, "3.0612244897959187": 4.7079241760069764e-07, "3.673469387755102": 6.836902106432026e-07, "0.0": 0.0, "3.4693877551020407": 6.034606010460278e-07, "4.6938775510204085": 1.3424354689842933e-06, "4.4897959183673475": 1.1597814234427227e-06, "5.3061224489795915": 2.2348095255665718e-06, "4.081632653061225": 8.831748668838636e-07, "4.285714285714286": 1.0092945422396164e-06, "5.1020408163265305": 1.8565974793742405e-06, "5.510204081632653": 2.753867488285034e-06, "4.8979591836734695": 1.5687821064845249e-06, "7.755102040816327": 0.2045699633536723, "7.142857142857143": 0.10664973153385639, "5.714285714285714": 3.5103239821842865e-06, "7.551020408163265": 0.17438001482116924, "5.918367346938775": 4.715083331390756e-06, "7.346938775510204": 0.14181656867388004, "6.938775510204081": 0.06861860777095695, "6.122448979591837": 6.933859903036318e-06, "7.959183673469388": 0.2325887280968794, "6.326530612244898": 1.237455263073466e-05, "6.73469387755102": 0.027434789806742074, "6.530612244897959": 4.6550585338876964e-05, "8.16326530612245": 0.2586144249205894, "8.979591836734695": 0.3456556843784595, "8.571428571428571": 0.3052953568671752, "8.775510204081632": 0.32621031833934017, "9.387755102040817": 0.3805010279989149, "9.591836734693878": 0.3960546291568381, "9.183673469387756": 0.3637252329462356, "9.795918367346939": 0.4104481523997002, "8.36734693877551": 0.2828039200912227, "10.0": 0.4237352061582565}