{"0.6122448979591837": 6.860991090953752e-07, "0.8163265306122449": 7.764563437529944e-07, "0.40816326530612246": 6.12536227896566e-07, "0.20408163265306123": 5.514835844584181e-07, "3.673469387755102": 0.5554415041517878, "3.8775510204081636": 0.6134838451326454, "1.4285714285714286": 1.2357581069144385e-06, "3.4693877551020407": 0.4866845048641612, "1.0204081632653061": 8.901002294440835e-07, "0.0": 5e-07, "1.2244897959183674": 1.037364408343559e-06, "3.0612244897959187": 0.30608496092191684, "3.2653061224489797": 0.4046729487010505, "1.836734693877551": 1.949093913554388e-06, "2.857142857142857": 0.1865081319597021, "1.6326530612244898": 1.5175027925460845e-06, "2.4489795918367347": 1.0054009229191513e-05, "2.0408163265306123": 2.6933807723860882e-06, "2.2448979591836737": 4.283222210935488e-06, "2.6530612244897958": 0.03999509923543389, "4.081632653061225": 0.6627805408916391, "5.714285714285714": 0.876214985526389, "4.285714285714286": 0.7048769711830917, "6.122448979591837": 0.9019474323865041, "4.6938775510204085": 0.772131114923372, "4.4897959183673475": 0.7409995097928067, "6.326530612244898": 0.9125661653583811, "6.73469387755102": 0.930238650287478, "5.1020408163265305": 0.8224547042382133, "7.142857142857143": 0.9440954287394935, "5.918367346938775": 0.8899030240227032, "5.510204081632653": 0.8606253539550728, "4.8979591836734695": 0.7990667698040881, "5.3061224489795915": 0.8428274270100651, "7.346938775510204": 0.949871002226044, "6.530612244897959": 0.9219441118758996, "7.551020408163265": 0.9549951607708915, "6.938775510204081": 0.9375841185278769, "7.755102040816327": 0.9595400804970209, "7.959183673469388": 0.9635673919376924, "8.16326530612245": 0.9671294929104246, "8.775510204081632": 0.9754313899252144, "8.36734693877551": 0.9702706277594579, "8.571428571428571": 0.9730277765319572, "8.979591836734695": 0.9775059998182665, "10.0": 0.983446776277074, "9.591836734693878": 0.9819225514140479, "9.183673469387756": 0.9792707304535759, "9.387755102040817": 0.9807397315356036, "9.795918367346939": 0.9828244659298171}