{"0.6122448979591837": 5.744396477940979e-07, "0.8163265306122449": 6.105825466725769e-07, "0.40816326530612246": 5.450144926783556e-07, "0.20408163265306123": 5.205934341014346e-07, "3.673469387755102": 0.27694483001085746, "3.8775510204081636": 0.31629787368720075, "1.4285714285714286": 7.943033077266323e-07, "3.4693877551020407": 0.23413253680522256, "1.0204081632653061": 6.560401100390289e-07, "0.0": 5e-07, "1.2244897959183674": 7.149457979887116e-07, "3.0612244897959187": 0.13598279674037048, "3.2653061224489797": 0.18735266291798466, "1.836734693877551": 1.0796378174068563e-06, "2.857142857142857": 0.07925121151630338, "1.6326530612244898": 9.070012412559953e-07, "2.4489795918367347": 4.321614645228976e-06, "2.0408163265306123": 1.377352886265705e-06, "2.2448979591836737": 2.013290601910955e-06, "2.6530612244897958": 0.0161944918922099, "4.081632653061225": 0.3526115872486523, "5.714285714285714": 0.5664232647014742, "4.285714285714286": 0.38623642435170913, "6.122448979591837": 0.6050168758182349, "4.6938775510204085": 0.44655575349846044, "4.4897959183673475": 0.4174675732771147, "6.326530612244898": 0.622721500637171, "6.73469387755102": 0.655322831421287, "5.1020408163265305": 0.49913179442654254, "7.142857142857143": 0.6845897617617861, "5.918367346938775": 0.5862789543555746, "5.510204081632653": 0.5453545132283145, "5.3061224489795915": 0.5229648589999163, "4.8979591836734695": 0.47371553056819016, "7.346938775510204": 0.6981016929987559, "6.530612244897959": 0.6394678869047549, "7.551020408163265": 0.7109232168340966, "6.938775510204081": 0.6703458126088108, "7.755102040816327": 0.7230909581470129, "7.959183673469388": 0.7346368961521373, "8.16326530612245": 0.7455886414971085, "8.775510204081632": 0.7750938174294593, "8.36734693877551": 0.75596966364204, "8.571428571428571": 0.7657994800601161, "10.0": 0.820052089981202, "8.979591836734695": 0.783864753782627, "9.591836734693878": 0.8071059335932883, "9.183673469387756": 0.792120849486107, "9.387755102040817": 0.7998672738997791, "9.795918367346939": 0.813835607061449}