{"0.6122448979591837": 6.358523515098005e-07, "0.8163265306122449": 7.018131350668067e-07, "0.40816326530612246": 5.821514470483714e-07, "0.20408163265306123": 5.375830167977755e-07, "3.673469387755102": 0.43011800078836915, "3.8775510204081636": 0.47975015798219534, "1.4285714285714286": 1.0371034472799259e-06, "3.4693877551020407": 0.37303611923763885, "1.0204081632653061": 7.847731757118089e-07, "0.0": 5e-07, "1.2244897959183674": 8.922760336838778e-07, "3.0612244897959187": 0.22953898704022097, "3.2653061224489797": 0.3068788200986709, "1.836734693877551": 1.5578386702879989e-06, "2.857142857142857": 0.13824251776017268, "1.6326530612244898": 1.2427770944655445e-06, "2.4489795918367347": 7.474431666408373e-06, "2.0408163265306123": 2.101168223631916e-06, "2.2448979591836737": 3.2617529868744486e-06, "2.6530612244897958": 0.029284825930983097, "4.081632653061225": 0.5232045117522951, "5.714285714285714": 0.7368087111551773, "4.285714285714286": 0.5614887251089695, "6.122448979591837": 0.7683286819307831, "4.6938775510204085": 0.6256222022821618, "4.4897959183673475": 0.5954101383607453, "6.326530612244898": 0.7821360662338366, "6.73469387755102": 0.8065265317976921, "5.1020408163265305": 0.6769593948229615, "7.142857142857143": 0.8273178785995252, "5.918367346938775": 0.7532721926724953, "5.510204081632653": 0.7187534756280316, "5.3061224489795915": 0.6988892714054982, "4.8979591836734695": 0.652658712147934, "7.346938775510204": 0.8365748130737645, "6.530612244897959": 0.7948298106388845, "7.551020408163265": 0.8451627859993339, "6.938775510204081": 0.8173268808642973, "7.755102040816327": 0.8531379754395173, "7.959183673469388": 0.8605486688341927, "8.16326530612245": 0.8674361097744324, "8.775510204081632": 0.8852794823021246, "8.36734693877551": 0.87383519390662, "8.571428571428571": 0.8797750431196287, "10.0": 0.9099191674439318, "8.979591836734695": 0.8903674391022287, "9.591836734693878": 0.9032550733947062, "9.183673469387756": 0.8950532840182149, "9.387755102040817": 0.8993471255994825, "9.795918367346939": 0.9067794794390515}