{"0.40816326530612246": 5.000000069271099e-07, "0.20408163265306123": 5.000000017317775e-07, "0.8163265306122449": 5.00000027708439e-07, "1.836734693877551": 5.000001402739953e-07, "0.6122448979591837": 5.000000155859969e-07, "3.0612244897959187": 5.000003896502082e-07, "1.4285714285714286": 5.000000848570998e-07, "1.0204081632653061": 5.000000432944363e-07, "1.2244897959183674": 5.000000623439896e-07, "2.0408163265306123": 5.000001731777836e-07, "2.2448979591836737": 5.000002095451346e-07, "1.6326530612244898": 5.000001108337679e-07, "2.4489795918367347": 5.000002493760503e-07, "3.673469387755102": 5.000005610965084e-07, "2.6530612244897958": 5.00000292670533e-07, "3.4693877551020407": 5.000005004841728e-07, "2.857142857142857": 5.000003394285848e-07, "3.2653061224489797": 5.000004433354044e-07, "0.0": 5e-07, "3.8775510204081636": 5.00000625172396e-07, "7.551020408163265": 0.8247355358894878, "7.346938775510204": 0.7950500487801209, "4.081632653061225": 5.000006927118023e-07, "7.142857142857143": 0.755573532564732, "7.755102040816327": 0.8482751014620152, "7.959183673469388": 0.8675039089265895, "6.938775510204081": 0.6960902617079608, "4.285714285714286": 5.000007637146587e-07, "4.4897959183673475": 5.000008381808364e-07, "5.510204081632653": 5.000012624452238e-07, "4.6938775510204085": 5.000009161101032e-07, "4.8979591836734695": 5.000009975020593e-07, "5.1020408163265305": 5.000010823560415e-07, "5.3061224489795915": 5.000011706709839e-07, "8.571428571428571": 0.9084776811646317, "8.16326530612245": 0.8835098631121103, "8.36734693877551": 0.897003194946111, "8.775510204081632": 0.9182917986189276, "8.979591836734695": 0.9267138698879382, "9.183673469387756": 0.933949108667523, "9.795918367346939": 0.9499615092740932, "9.591836734693878": 0.9454615764326522, "9.387755102040817": 0.9401567765621612, "10.0": 0.9537334692309644, "6.326530612244898": 0.517611035863402, "5.714285714285714": 0.3967282642126783, "5.918367346938775": 0.44762965341744965, "6.122448979591837": 0.48572778894365914, "6.530612244897959": 0.5431090649507385, "6.73469387755102": 0.5663217375935246}