{"0.40816326530612246": 5.000000044234544e-07, "0.20408163265306123": 5.000000011058636e-07, "0.8163265306122449": 5.000000176938179e-07, "1.836734693877551": 5.000000895749708e-07, "0.6122448979591837": 5.000000099527725e-07, "3.0612244897959187": 5.000002488195144e-07, "1.4285714285714286": 5.000000541873219e-07, "1.0204081632653061": 5.000000276465909e-07, "1.2244897959183674": 5.000000398110921e-07, "2.0408163265306123": 5.000001105863919e-07, "2.2448979591836737": 5.000001338095455e-07, "1.6326530612244898": 5.000000707752811e-07, "2.4489795918367347": 5.000001592444331e-07, "3.673469387755102": 5.000003583002408e-07, "2.6530612244897958": 5.000001868910561e-07, "3.4693877551020407": 5.000003195949286e-07, "2.857142857142857": 5.00000216749416e-07, "3.2653061224489797": 5.00000283101352e-07, "0.0": 5e-07, "3.8775510204081636": 5.000003992172794e-07, "7.551020408163265": 0.7018754462979642, "7.346938775510204": 0.6682281974758706, "4.081632653061225": 5.000004423460227e-07, "7.142857142857143": 0.6254519161699263, "7.755102040816327": 0.7296774771944209, "7.959183673469388": 0.7532898143859993, "6.938775510204081": 0.56432970841285, "4.285714285714286": 5.000004876864273e-07, "4.4897959183673475": 5.000005352384107e-07, "5.510204081632653": 5.000008061615916e-07, "4.6938775510204085": 5.000005850018248e-07, "4.8979591836734695": 5.000006369764144e-07, "5.1020408163265305": 5.00000691161756e-07, "5.3061224489795915": 5.00000747557169e-07, "8.571428571428571": 0.8072901972664079, "8.16326530612245": 0.773697413885222, "8.36734693877551": 0.7915467341342701, "8.775510204081632": 0.8212587422565285, "8.979591836734695": 0.8337021184572637, "9.183673469387756": 0.8448130024017565, "9.795918367346939": 0.8715087367071188, "9.591836734693878": 0.8636093004697755, "9.387755102040817": 0.854742296782006, "10.0": 0.8785157742909054, "6.326530612244898": 0.3968092878009139, "5.714285714285714": 0.2935162564157722, "5.918367346938775": 0.33601517345052384, "6.122448979591837": 0.3687664548944659, "6.530612244897959": 0.41973890281090787, "6.73469387755102": 0.44100070153710047}