{"10.0": 0.9511543986423229, "8.88888888888889": 0.9318986940420494, "6.666666666666667": 0.8387693652435667, "1.1111111111111112": 5.56484954371734e-07, "7.777777777777779": 0.8972366919432055, "5.555555555555555": 0.737407669626725, "4.444444444444445": 0.5491677647143376, "2.2222222222222223": 2.582508720861782e-06, "0.0": 0.0, "3.3333333333333335": 0.1572910811515248}