{"10.0": 0.5006075782328016, "8.88888888888889": 0.49047299686423657, "6.666666666666667": 0.44145756065450875, "1.1111111111111112": 2.928868180903863e-07, "7.777777777777779": 0.47222983786484507, "5.555555555555555": 0.3881092998035394, "4.444444444444445": 0.28903566563912503, "2.2222222222222223": 1.359215116243043e-06, "0.0": 0.0, "3.3333333333333335": 0.08278477955343405}