{"10.0": 0.4505468204095213, "8.88888888888889": 0.44142569717781294, "6.666666666666667": 0.39731180458905796, "1.1111111111111112": 2.635981362813477e-07, "7.777777777777779": 0.4250068540783606, "5.555555555555555": 0.3492983698231854, "4.444444444444445": 0.2601320990752125, "2.2222222222222223": 1.2232936046187386e-06, "0.0": 0.0, "3.3333333333333335": 0.07450630159809064}