{"0.6122448979591837": 9.854508811585766e-07, "0.40816326530612246": 5.954042825884999e-07, "3.4693877551020407": 0.16819820547515107, "1.836734693877551": 7.787530090263263e-06, "0.20408163265306123": 2.7219528399337086e-07, "1.0204081632653061": 2.0706054736526266e-06, "3.2653061224489797": 0.14021505342879093, "1.4285714285714286": 3.921090460995255e-06, "3.8775510204081636": 0.21211084250478252, "1.2244897959183674": 2.857164095007616e-06, "0.8163265306122449": 1.465458134841589e-06, "1.6326530612244898": 5.440498620856767e-06, "3.673469387755102": 0.19189668674775318, "0.0": 0.0, "2.2448979591836737": 2.090378379548204e-05, "2.857142857142857": 0.06688906558327115, "2.0408163265306123": 1.1891402433844594e-05, "3.0612244897959187": 0.10690448581141081, "2.6530612244897958": 0.018374799337164963, "4.6938775510204085": 0.2687800814853952, "4.8979591836734695": 0.2787036745403818, "4.081632653061225": 0.22946335163741746, "4.285714285714286": 0.24444468086282387, "5.3061224489795915": 0.2951171078242354, "5.1020408163265305": 0.28742522091303907, "6.530612244897959": 0.32624463516079816, "2.4489795918367347": 5.669897496350608e-05, "5.510204081632653": 0.3019225445641648, "5.918367346938775": 0.3133339200454157, "5.714285714285714": 0.30796125740883984, "6.326530612244898": 0.3224086575160311, "6.938775510204081": 0.33277896568136783, "4.4897959183673475": 0.25744548701241066, "7.346938775510204": 0.3380676211408388, "7.551020408163265": 0.3403260992496813, "6.73469387755102": 0.3296863116831798, "7.142857142857143": 0.33556154985797654, "7.755102040816327": 0.34236188705006554, "7.959183673469388": 0.3441963790315004, "6.122448979591837": 0.31812562995968596, "8.979591836734695": 0.3508995102820761, "8.36734693877551": 0.34733194341696305, "8.775510204081632": 0.34984791071240146, "9.183673469387756": 0.35182342828944063, "8.16326530612245": 0.34584787892602714, "9.387755102040817": 0.3526249005591837, "8.571428571428571": 0.34866166575962393, "10.0": 0.3543235449646288, "9.795918367346939": 0.3538735274553141, "9.591836734693878": 0.35330755655472157}