{"0.6122448979591837": 2.7060794038164107e-06, "0.40816326530612246": 1.6349990617112774e-06, "3.4693877551020407": 0.4618776118603353, "1.836734693877551": 2.13848048510404e-05, "0.20408163265306123": 7.474568909659229e-07, "1.0204081632653061": 5.6859483641572175e-06, "3.2653061224489797": 0.3850349879869974, "1.4285714285714286": 1.076743888495523e-05, "3.8775510204081636": 0.5824631071956727, "1.2244897959183674": 7.845863308512973e-06, "0.8163265306122449": 4.024194560755474e-06, "1.6326530612244898": 1.4939781927114617e-05, "3.673469387755102": 0.5269543937676399, "0.0": 0.0, "2.2448979591836737": 5.7402453914577675e-05, "2.857142857142857": 0.18367949755406202, "2.0408163265306123": 3.26541685881764e-05, "3.0612244897959187": 0.29356311183133443, "2.6530612244897958": 0.0504577823068181, "4.6938775510204085": 0.7380786364598942, "4.8979591836734695": 0.7653291380235882, "4.081632653061225": 0.6301136481471941, "4.285714285714286": 0.6712528537979131, "5.3061224489795915": 0.8104009468824243, "5.1020408163265305": 0.7892787812373929, "6.530612244897959": 0.8958781251240965, "2.4489795918367347": 0.0001556971852172469, "5.510204081632653": 0.8290888922158812, "5.918367346938775": 0.8604248915532844, "5.714285714285714": 0.8456713893925286, "6.326530612244898": 0.8853444087344982, "6.938775510204081": 0.9138216041726451, "4.4897959183673475": 0.7069534802086831, "7.346938775510204": 0.9283444199581767, "7.551020408163265": 0.9345462725427757, "6.73469387755102": 0.905329078114129, "7.142857142857143": 0.9214626686576178, "7.755102040816327": 0.9401366104708151, "7.959183673469388": 0.9451741836896753, "6.122448979591837": 0.873583079095646, "8.979591836734695": 0.9635811949015737, "8.36734693877551": 0.9537845430338826, "8.775510204081632": 0.9606934690991341, "9.183673469387756": 0.9661183030805275, "8.16326530612245": 0.9497092548286141, "9.387755102040817": 0.9683191713768062, "8.571428571428571": 0.9574360028002372, "10.0": 0.9729837028393773, "9.795918367346939": 0.9717479404725292, "9.591836734693878": 0.9701937664121718}