{"0.0": 0.0, "0.40816326530612246": 3.4080850018603085e-08, "0.20408163265306123": 1.651205290096553e-08, "0.6122448979591837": 5.281421350168089e-08, "0.8163265306122449": 7.283496902139453e-08, "1.2244897959183674": 1.1732185184594619e-07, "1.4285714285714286": 1.4213620807203354e-07, "1.0204081632653061": 9.428365435823273e-08, "2.2448979591836737": 2.640970878522989e-07, "1.6326530612244898": 1.6894392890011686e-07, "2.6530612244897958": 3.4356446545878474e-07, "1.836734693877551": 1.9799853937394686e-07, "2.0408163265306123": 2.2959830959524142e-07, "2.4489795918367347": 3.0191631602371583e-07, "2.857142857142857": 3.8965776346401597e-07, "3.0612244897959187": 4.4095236116665397e-07, "3.673469387755102": 6.367075035742106e-07, "3.4693877551020407": 5.631385684158267e-07, "3.2653061224489797": 4.983869691816304e-07, "3.8775510204081636": 7.210312421244408e-07, "4.081632653061225": 8.186629514907594e-07, "4.285714285714286": 9.330286510365963e-07, "4.4897959183673475": 1.0688457153050472e-06, "4.8979591836734695": 1.4345896028703183e-06, "4.6938775510204085": 1.2327813271382724e-06, "5.3061224489795915": 2.020184588958128e-06, "5.1020408163265305": 1.6891305951596013e-06, "5.714285714285714": 3.1093406229161574e-06, "5.510204081632653": 2.4683969602821123e-06, "5.918367346938775": 4.101472054187672e-06, "6.122448979591837": 5.8423622851428805e-06, "6.326530612244898": 9.693562729011157e-06, "6.938775510204081": 0.08068952721793678, "6.73469387755102": 0.021855199650381924, "6.530612244897959": 2.5393778641056785e-05, "7.142857142857143": 0.13500739091052555, "7.551020408163265": 0.23172783563816124, "7.959183673469388": 0.31491556428896633, "7.346938775510204": 0.1852253220873448, "7.755102040816327": 0.2748570238413634, "8.16326530612245": 0.3521694142727317, "8.571428571428571": 0.4191860774970877, "8.36734693877551": 0.38685648035799863, "8.775510204081632": 0.44934502985733155, "9.387755102040817": 0.5283618765111758, "9.183673469387756": 0.5037947909935839, "8.979591836734695": 0.47749926574450346, "9.795918367346939": 0.572757060739878, "9.591836734693878": 0.5513157833157833, "10.0": 0.5927751634419443}