{"0.0": 0.0, "0.40816326530612246": 3.1890234945764204e-08, "0.20408163265306123": 1.5436228309331886e-08, "0.6122448979591837": 4.94645562063791e-08, "0.8163265306122449": 6.827606990266292e-08, "1.2244897959183674": 1.1016599239565767e-07, "1.4285714285714286": 1.335761576524132e-07, "1.0204081632653061": 8.845857924340146e-08, "2.2448979591836737": 2.4895577533043586e-07, "1.6326530612244898": 1.5889610929174112e-07, "2.6530612244897958": 3.2432893272602337e-07, "1.836734693877551": 1.8636756102874815e-07, "2.0408163265306123": 2.1627494954082055e-07, "2.4489795918367347": 2.8481206583102667e-07, "2.857142857142857": 3.6809434753039816e-07, "3.0612244897959187": 4.168298493137903e-07, "3.673469387755102": 6.030332952758933e-07, "3.4693877551020407": 5.3302175685872e-07, "3.2653061224489797": 4.714312403749381e-07, "3.8775510204081636": 6.833149881671907e-07, "4.081632653061225": 7.763036610548464e-07, "4.285714285714286": 8.852692755113669e-07, "4.4897959183673475": 1.0147143945757816e-06, "4.8979591836734695": 1.3634442045421248e-06, "4.6938775510204085": 1.1710026654692473e-06, "5.3061224489795915": 1.9220362464645306e-06, "5.1020408163265305": 1.6062227233845575e-06, "5.714285714285714": 2.961289136258217e-06, "5.510204081632653": 2.3496804459954736e-06, "5.918367346938775": 3.9081080498012235e-06, "6.122448979591837": 5.569616464815962e-06, "6.326530612244898": 9.245407822300658e-06, "6.938775510204081": 0.07711658726029386, "6.73469387755102": 0.020867693878711874, "6.530612244897959": 2.4231027200817003e-05, "7.142857142857143": 0.12914891618280386, "7.551020408163265": 0.22207113631206646, "7.959183673469388": 0.30231330448647087, "7.346938775510204": 0.1773486741888384, "7.755102040816327": 0.26363265851091067, "8.16326530612245": 0.33835918819573124, "8.571428571428571": 0.40340142833791554, "8.36734693877551": 0.37199062598736304, "8.775510204081632": 0.4327646399698184, "9.387755102040817": 0.5100168405642709, "9.183673469387756": 0.4859444941562485, "8.979591836734695": 0.4602339478087523, "9.795918367346939": 0.5536595347468091, "9.591836734693878": 0.5325575800749284, "10.0": 0.5734052193274469}