{"0.20408163265306123": 8.214577027884977e-16, "2.857142857142857": 1.6100576421792884e-13, "0.40816326530612246": 3.2858307440289547e-15, "3.0612244897959187": 1.8482805995460417e-13, "1.836734693877551": 6.653807751627769e-14, "1.2244897959183674": 2.957247657575431e-14, "2.2448979591836737": 9.939639645510488e-14, "1.4285714285714286": 4.0251427190601783e-14, "1.0204081632653061": 2.0536441848251176e-14, "2.0408163265306123": 8.214577813496396e-14, "0.0": 0.0, "2.4489795918367347": 1.1828993311355025e-13, "0.6122448979591837": 7.393119080433702e-15, "0.8163265306122449": 1.314332274524823e-14, "3.673469387755102": 2.661524649415e-13, "1.6326530612244898": 5.2573294032162734e-14, "3.8775510204081636": 2.9654642676593417e-13, "2.6530612244897958": 1.388263888012672e-13, "3.4693877551020407": 2.374014122173887e-13, "3.2653061224489797": 2.1029327621657735e-13, "4.081632653061225": 3.285832811286974e-13, "4.285714285714286": 3.622629950130446e-13, "4.4897959183673475": 3.9758550646575803e-13, "4.6938775510204085": 4.3455070467762907e-13, "5.1020408163265305": 5.134082749842316e-13, "5.3061224489795915": 5.552998252566642e-13, "4.8979591836734695": 4.731583993309894e-13, "5.714285714285714": 6.440043821400257e-13, "5.918367346938775": 6.908144144685855e-13, "6.530612244897959": 8.410405701480315e-13, "5.510204081632653": 5.988322605569586e-13, "6.122448979591837": 7.392597872931876e-13, "6.73469387755102": 8.943640267834725e-13, "6.326530612244898": 7.893368586448559e-13, "6.938775510204081": 9.492979945138583e-13, "7.346938775510204": 1.0639452075127047e-12, "7.551020408163265": 1.1236225416135844e-12, "7.142857142857143": 1.0058303110539358e-12, "7.755102040816327": 1.1848369466295933e-12, "9.591836734693878": 0.6387105971433564, "9.183673469387756": 0.5512473531636973, "9.387755102040817": 0.6019123605903962, "10.0": 0.6924713538246225, "9.795918367346939": 0.6680770685914621, "8.36734693877551": 0.3849993016650117, "8.16326530612245": 0.3655532223940286, "7.959183673469388": 0.3422427918804316, "8.571428571428571": 0.4031236259785685, "8.775510204081632": 0.4200870319765686, "8.979591836734695": 0.43531072817705735}