{"0.20408163265306123": 1.1195334893095864e-15, "2.857142857142857": 2.1942862075243055e-13, "0.40816326530612246": 4.478133838457574e-15, "3.0612244897959187": 2.5189511830184474e-13, "1.836734693877551": 9.068221310493324e-14, "1.2244897959183674": 4.030320339913473e-14, "2.2448979591836737": 1.3546356359795824e-13, "1.4285714285714286": 5.485713863441052e-14, "1.0204081632653061": 2.7988335567022246e-14, "2.0408163265306123": 1.1195335349556917e-13, "0.0": 0.0, "2.4489795918367347": 1.6121284423909086e-13, "0.6122448979591837": 1.0075800947500931e-14, "0.8163265306122449": 1.7912534820800754e-14, "3.673469387755102": 3.627290435941597e-13, "1.6326530612244898": 7.165014169441491e-14, "3.8775510204081636": 4.0415181249588695e-13, "2.6530612244897958": 1.8920119631971155e-13, "3.4693877551020407": 3.235453323544546e-13, "3.2653061224489797": 2.8660068920678037e-13, "4.081632653061225": 4.4781361644698953e-13, "4.285714285714286": 4.937144104092766e-13, "4.4897959183673475": 5.418541099081598e-13, "4.6938775510204085": 5.922325638851136e-13, "5.1020408163265305": 6.997045270765609e-13, "5.3061224489795915": 7.567969161793861e-13, "4.8979591836734695": 6.448495129226116e-13, "5.714285714285714": 8.776889570343394e-13, "5.918367346938775": 9.414845551703655e-13, "6.530612244897959": 1.1462220185797429e-12, "5.510204081632653": 8.161256040867077e-13, "6.122448979591837": 1.007508895560449e-12, "6.73469387755102": 1.2188945103084678e-12, "6.326530612244898": 1.0757570146652395e-12, "6.938775510204081": 1.2937619050988326e-12, "7.346938775510204": 1.4500101863685184e-12, "7.551020408163265": 1.5313421308274036e-12, "7.142857142857143": 1.3708076274026413e-12, "7.755102040816327": 1.6147688894093111e-12, "9.591836734693878": 0.6793699315417584, "9.183673469387756": 0.598664550362188, "9.387755102040817": 0.6457632067323992, "10.0": 0.7275956335031861, "9.795918367346939": 0.7058399946917301, "8.36734693877551": 0.4382349092240629, "8.16326530612245": 0.4188180714023765, "7.959183673469388": 0.39517209068749787, "8.571428571428571": 0.4560574994992653, "8.775510204081632": 0.4724989899134185, "8.979591836734695": 0.4870324446476863}