{"0.20408163265306123": 1.9409911920980842e-15, "2.857142857142857": 3.804343849703594e-13, "0.40816326530612246": 7.763964582486531e-15, "3.0612244897959187": 4.367231782564489e-13, "1.836734693877551": 1.5722029062121092e-13, "1.2244897959183674": 6.987567997488901e-14, "2.2448979591836737": 2.348599600530631e-13, "1.4285714285714286": 9.51085658250123e-14, "1.0204081632653061": 4.852477741527343e-14, "2.0408163265306123": 1.9409913163053313e-13, "0.0": 0.0, "2.4489795918367347": 2.7950277735264106e-13, "0.6122448979591837": 1.7468920027934633e-14, "0.8163265306122449": 3.105585756604897e-14, "3.673469387755102": 6.288815085356596e-13, "1.6326530612244898": 1.242234357265777e-13, "3.8775510204081636": 7.006982392618211e-13, "2.6530612244897958": 3.2802758512097877e-13, "3.4693877551020407": 5.609467445718435e-13, "3.2653061224489797": 4.968939654233577e-13, "4.081632653061225": 7.763968975756868e-13, "4.285714285714286": 8.559774054223213e-13, "4.4897959183673475": 9.39439616373918e-13, "4.6938775510204085": 1.0267832685627428e-12, "5.1020408163265305": 1.2131128020607925e-12, "5.3061224489795915": 1.31209674143605e-12, "4.8979591836734695": 1.1180079122536016e-12, "5.714285714285714": 1.5216933391743653e-12, "5.918367346938775": 1.632298969638951e-12, "6.530612244897959": 1.9872625887277744e-12, "5.510204081632653": 1.414957864643666e-12, "6.122448979591837": 1.7467686828536367e-12, "6.73469387755102": 2.11325853709194e-12, "6.326530612244898": 1.865093873310094e-12, "6.938775510204081": 2.2430598996126907e-12, "7.346938775510204": 2.513955393881224e-12, "7.551020408163265": 2.654964672440988e-12, "7.142857142857143": 2.376637938456577e-12, "7.755102040816327": 2.799605836038904e-12, "9.591836734693878": 1.318080528685115, "9.183673469387756": 1.1499119035258851, "9.387755102040817": 1.2476755673227957, "10.0": 1.4200669873278084, "9.795918367346939": 1.373917063283192, "8.36734693877551": 0.8232342108890747, "8.16326530612245": 0.7843712937964052, "7.959183673469388": 0.7374148825679295, "8.571428571428571": 0.8591811254778335, "8.775510204081632": 0.8925860218899869, "8.979591836734695": 0.9223431728247435}