{"0.20408163265306123": 1.0528368275346845e-08, "0.40816326530612246": 2.156610201854016e-08, "0.0": 0.0, "0.6122448979591837": 3.315205992696861e-08, "0.8163265306122449": 4.5329176037057544e-08, "1.0204081632653061": 5.8145005199888235e-08, "1.2244897959183674": 7.165236581935399e-08, "1.4285714285714286": 8.591005224024398e-08, "1.6326530612244898": 1.0098388689759713e-07, "2.0408163265306123": 1.3388362157496306e-07, "2.4489795918367347": 1.710601597403707e-07, "3.0612244897959187": 2.3690868108607745e-07, "1.836734693877551": 1.1694748095567509e-07, "2.2448979591836737": 1.5188594292267316e-07, "2.6530612244897958": 1.9152699876125324e-07, "2.857142857142857": 2.134238950937842e-07, "3.4693877551020407": 2.893997617159351e-07, "3.2653061224489797": 2.6216368749592455e-07, "3.8775510204081636": 3.508429317521677e-07, "3.673469387755102": 3.1886337730965556e-07, "4.285714285714286": 4.2377940790523705e-07, "4.081632653061225": 3.856798798380194e-07, "4.4897959183673475": 4.6562844745070374e-07, "4.8979591836734695": 5.630562576257748e-07, "4.6938775510204085": 5.118146300958423e-07, "5.1020408163265305": 6.202405159912617e-07, "5.3061224489795915": 6.84472089917748e-07, "5.510204081632653": 7.571520454899525e-07, "5.714285714285714": 8.400746022149515e-07, "6.122448979591837": 1.0468041298456298e-06, "5.918367346938775": 9.355863232627197e-07, "6.326530612244898": 1.1779714360864528e-06, "6.73469387755102": 1.5264548406043785e-06, "6.530612244897959": 1.3350149822756826e-06, "6.938775510204081": 1.7650343921042014e-06, "7.142857142857143": 2.070657558544104e-06, "7.346938775510204": 2.476305180608728e-06, "7.755102040816327": 3.880417189317147e-06, "7.551020408163265": 3.0408033879184627e-06, "7.959183673469388": 5.261559398693087e-06, "8.16326530612245": 7.958414458654704e-06, "8.36734693877551": 1.556513264607929e-05, "8.775510204081632": 0.034523365093456174, "9.387755102040817": 0.13814591328775558, "9.591836734693878": 0.16926894056406785, "8.979591836734695": 0.07087228625361927, "9.183673469387756": 0.10537902861503053, "9.795918367346939": 0.19883259592684446, "8.571428571428571": 0.00017176166604023358, "10.0": 0.22691471574602087}