{"0.20408163265306123": 1.2746230315020266e-08, "0.0": 0.0, "0.40816326530612246": 2.613380505101529e-08, "0.6122448979591837": 4.0212020814524864e-08, "0.8163265306122449": 5.503535147672709e-08, "1.0204081632653061": 7.066414135191781e-08, "1.2244897959183674": 8.716542190660981e-08, "1.4285714285714286": 1.046138173503308e-07, "1.6326530612244898": 1.2309288006588947e-07, "2.0408163265306123": 1.6352846501970183e-07, "2.4489795918367347": 2.0937186096888295e-07, "3.0612244897959187": 2.908986108061463e-07, "1.836734693877551": 1.4269605980100486e-07, "2.2448979591836737": 1.857089848747468e-07, "2.6530612244897958": 2.346704064488631e-07, "2.857142857142857": 2.6177916825103415e-07, "3.4693877551020407": 3.561321475426874e-07, "3.2653061224489797": 3.22260326680474e-07, "3.8775510204081636": 4.3271177831960555e-07, "3.673469387755102": 3.9282717257486555e-07, "4.285714285714286": 5.238659007495365e-07, "4.081632653061225": 4.762197593468843e-07, "4.4897959183673475": 5.762688612216801e-07, "4.8979591836734695": 6.984978020631495e-07, "4.6938775510204085": 6.341752693610327e-07, "5.1020408163265305": 7.703637469215915e-07, "5.3061224489795915": 8.511767907792349e-07, "5.510204081632653": 9.4271724672066e-07, "5.714285714285714": 1.047265048625076e-06, "6.122448979591837": 1.3082889967462612e-06, "5.918367346938775": 1.1678020312227075e-06, "6.326530612244898": 1.4741182727603084e-06, "6.73469387755102": 1.9152252135749903e-06, "6.530612244897959": 1.6728213296172074e-06, "6.938775510204081": 2.217523867286088e-06, "7.142857142857143": 2.605010729513106e-06, "7.346938775510204": 3.1195971187882316e-06, "7.755102040816327": 4.902080441043542e-06, "7.551020408163265": 3.8360380146406655e-06, "7.959183673469388": 6.6562757296244366e-06, "8.16326530612245": 1.0082438732070885e-05, "8.36734693877551": 1.9747918252850557e-05, "8.775510204081632": 0.04361580910010752, "9.387755102040817": 0.17141700294237067, "9.591836734693878": 0.2088729297332319, "8.979591836734695": 0.08898166793419131, "9.183673469387756": 0.13151487566474193, "9.795918367346939": 0.2440456740463947, "8.571428571428571": 0.00021823213081151774, "10.0": 0.2770833001220385}