{"0.20408163265306123": 1.1415513091216213e-08, "0.0": 0.0, "0.40816326530612246": 2.3393183231530218e-08, "0.6122448979591837": 3.5976044281991117e-08, "0.8163265306122449": 4.921164621292535e-08, "1.0204081632653061": 6.315265966070004e-08, "1.2244897959183674": 7.785758825425631e-08, "1.4285714285714286": 9.339155828427871e-08, "1.6326530612244898": 1.0982748416491409e-07, "2.0408163265306123": 1.4574155895285856e-07, "2.4489795918367347": 1.863848402317757e-07, "3.0612244897959187": 2.5850465297410497e-07, "1.836734693877551": 1.27246912493807e-07, "2.2448979591836737": 1.6541515970350266e-07, "2.6530612244897958": 2.0878436183629719e-07, "2.857142857142857": 2.327660043566842e-07, "3.4693877551020407": 3.1609271604663586e-07, "3.2653061224489797": 2.862023431697444e-07, "3.8775510204081636": 3.83590470379143e-07, "3.673469387755102": 3.484488954157395e-07, "4.285714285714286": 4.63814005042957e-07, "4.081632653061225": 4.218958316415653e-07, "4.4897959183673475": 5.098846129590943e-07, "4.8979591836734695": 6.172328754007248e-07, "4.6938775510204085": 5.607588858019184e-07, "5.1020408163265305": 6.802898083633936e-07, "5.3061224489795915": 7.511539702623428e-07, "5.510204081632653": 8.313781259822353e-07, "5.714285714285714": 9.229507807790009e-07, "6.122448979591837": 1.1513980766058821e-06, "5.918367346938775": 1.0284726064467151e-06, "6.326530612244898": 1.2964301707559953e-06, "6.73469387755102": 1.681962989792623e-06, "6.530612244897959": 1.4701375212122927e-06, "6.938775510204081": 1.946030182176956e-06, "7.142857142857143": 2.284398826931705e-06, "7.346938775510204": 2.7336219558805294e-06, "7.755102040816327": 4.289082490007706e-06, "7.551020408163265": 3.358897238607344e-06, "7.959183673469388": 5.819445931065626e-06, "8.16326530612245": 8.808024168021174e-06, "8.36734693877551": 1.72382468887878e-05, "8.775510204081632": 0.03816034269611672, "9.387755102040817": 0.1514543491496016, "9.591836734693878": 0.1851105362317335, "8.979591836734695": 0.07811603892584809, "9.183673469387756": 0.11583336743491507, "9.795918367346939": 0.2169178271746646, "8.571428571428571": 0.00019034985194874726, "10.0": 0.2469821494964279}