{"0.8163265306122449": 8.263726364311962e-07, "3.8775510204081636": 0.7538131801151939, "0.20408163265306123": 5.53748208839138e-07, "3.0612244897959187": 0.5769370629945794, "3.2653061224489797": 0.6329136861099974, "1.4285714285714286": 1.6935584118789796e-06, "0.6122448979591837": 7.086713274130036e-07, "0.40816326530612246": 6.212632351640088e-07, "2.6530612244897958": 0.4284227258952813, "3.4693877551020407": 0.6799722697458769, "1.0204081632653061": 9.93556385576162e-07, "3.673469387755102": 0.719830379212574, "2.2448979591836737": 0.2049148284995877, "1.6326530612244898": 2.6483165348739078e-06, "2.857142857142857": 0.5097821612103467, "2.4489795918367347": 0.3287256396739814, "1.2244897959183674": 1.2499736756071032e-06, "0.0": 5e-07, "2.0408163265306123": 0.048705983684556545, "1.836734693877551": 6.206847486807114e-06, "4.081632653061225": 0.7829569304464229, "5.3061224489795915": 0.892509641974603, "5.714285714285714": 0.9136439223107771, "4.4897959183673475": 0.8298436520860302, "4.6938775510204085": 0.8487725915491293, "4.285714285714286": 0.8080817371902055, "5.1020408163265305": 0.8797815703066421, "4.8979591836734695": 0.8653003495380273, "6.326530612244898": 0.937159660073368, "7.142857142857143": 0.9581791427375721, "6.938775510204081": 0.9537763748647018, "5.510204081632653": 0.9037288741747251, "6.122448979591837": 0.9302244084184391, "6.73469387755102": 0.948851691576712, "5.918367346938775": 0.9224271470737486, "6.530612244897959": 0.9433386159233093, "7.959183673469388": 0.9715944826735308, "7.755102040816327": 0.9687862007394912, "7.346938775510204": 0.9621170151596417, "7.551020408163265": 0.9656388166016499, "8.775510204081632": 0.979955489714843, "8.36734693877551": 0.9763072330049771, "8.16326530612245": 0.9740933144309605, "9.795918367346939": 0.98498670037094, "8.979591836734695": 0.981416933855527, "8.571428571428571": 0.9782561052012277, "9.183673469387756": 0.9826482199493465, "9.387755102040817": 0.98365357450099, "9.591836734693878": 0.9844338515672979, "10.0": 0.9853067258968193}