{"0.20408163265306123": 5.96189764223709e-14, "0.40816326530612246": 3.7802871943881655e-11, "0.8163265306122449": 7.84127207609231e-11, "1.0204081632653061": 1.585065412257336e-12, "0.6122448979591837": 1.6553425297161084e-12, "1.4285714285714286": 8.514379201685074e-10, "3.8775510204081636": 0.4125240150596934, "3.673469387755102": 0.37351473992867434, "1.6326530612244898": 5.5384474784148097e-11, "3.4693877551020407": 0.33093164382287044, "1.836734693877551": -1.0055956067844818e-11, "1.2244897959183674": 5.6263993464256146e-11, "3.0612244897959187": 0.2328584969682843, "2.857142857142857": 0.17595159031448993, "2.6530612244897958": 0.11255074185301661, "3.2653061224489797": 0.28425717900665093, "2.0408163265306123": 1.844968622322085e-12, "2.4489795918367347": 0.04139555904512493, "2.2448979591836737": 7.557177106320978e-11, "0.0": 0.0, "4.6938775510204085": 0.5404168724183741, "5.1020408163265305": 0.5913102024586843, "4.285714285714286": 0.48146374849913476, "5.510204081632653": 0.6355798471059794, "6.326530612244898": 0.7084032531876912, "4.4897959183673475": 0.5120543987787758, "6.73469387755102": 0.7385016754736202, "4.081632653061225": 0.44838767862153384, "5.918367346938775": 0.6743244089744682, "5.714285714285714": 0.6555843339177393, "7.346938775510204": 0.7773740124736553, "6.938775510204081": 0.7522360259864561, "5.3061224489795915": 0.6141977658042873, "6.122448979591837": 0.6919007354589459, "4.8979591836734695": 0.5667718893159148, "6.530612244897959": 0.7239126651382575, "7.755102040816327": 0.7997433442356237, "7.551020408163265": 0.788881536576303, "7.142857142857143": 0.7651753702763942, "7.959183673469388": 0.8100011165599936, "8.16326530612245": 0.8196932123892411, "8.571428571428571": 0.8375192230535561, "8.36734693877551": 0.828855013209193, "9.795918367346939": 0.8806088301735415, "9.387755102040817": 0.8677743109071753, "10.0": 0.8865284180356631, "9.591836734693878": 0.8743640502203069, "8.775510204081632": 0.8457161302762257, "8.979591836734695": 0.8534738368945904, "9.183673469387756": 0.8608184602447617}