{"1.4285714285714286": 6.302206704930474e-07, "0.20408163265306123": 5.1514836059894e-07, "1.6326530612244898": 6.547076755776407e-07, "2.0408163265306123": 7.099945944108911e-07, "3.4693877551020407": 1.0106391268763297e-06, "0.8163265306122449": 5.667935541361466e-07, "1.2244897959183674": 6.075288183561349e-07, "3.673469387755102": 1.0761305442637504e-06, "0.40816326530612246": 5.31263904203963e-07, "2.6530612244897958": 8.133891319231338e-07, "0.6122448979591837": 5.484426001485012e-07, "2.4489795918367347": 7.756815094069226e-07, "2.857142857142857": 8.550142704082247e-07, "3.8775510204081636": 1.1508237057522974e-06, "2.2448979591836737": 7.413625748660581e-07, "1.0204081632653061": 5.864413356481674e-07, "3.0612244897959187": 9.012018438409561e-07, "1.836734693877551": 6.812121234697422e-07, "3.2653061224489797": 9.527465678688363e-07, "0.0": 5e-07, "4.285714285714286": 1.3368496912959463e-06, "4.081632653061225": 1.236806406163251e-06, "5.3061224489795915": 2.2523584438362616e-06, "4.4897959183673475": 1.4547122024280178e-06, "5.510204081632653": 2.6119168612852934e-06, "5.714285714285714": 3.1090698924364207e-06, "4.8979591836734695": 1.7670787631352709e-06, "7.959183673469388": 0.2724691356687808, "5.1020408163265305": 1.9802210278019537e-06, "4.6938775510204085": 1.595623067328675e-06, "5.918367346938775": 3.841450433436103e-06, "7.551020408163265": 0.19096140591979055, "7.755102040816327": 0.23319377304636613, "7.346938775510204": 0.14550426516276563, "6.530612244897959": 1.319113258114725e-05, "6.326530612244898": 7.278357834585664e-06, "6.938775510204081": 0.04366638697782478, "6.122448979591837": 5.027631892211668e-06, "7.142857142857143": 0.09651903046943595, "8.36734693877551": 0.3430657679475486, "6.73469387755102": 7.038076671730558e-05, "8.16326530612245": 0.30902368842820516, "8.571428571428571": 0.37477908419157274, "9.387755102040817": 0.4813025321489939, "8.979591836734695": 0.43184744455504837, "9.183673469387756": 0.45746995912968313, "9.591836734693878": 0.5034406626701976, "8.775510204081632": 0.404325502984761, "9.795918367346939": 0.5239672533163481, "10.0": 0.542953840389765}