{"0.40816326530612246": 2.6578739209526248e-12, "1.2244897959183674": 2.3960189388105846e-10, "0.20408163265306123": 4.3298697960381105e-15, "1.0204081632653061": 2.2721380332768604e-11, "0.6122448979591837": 1.2254852688187157e-10, "0.8163265306122449": 1.2628786905111156e-12, "1.6326530612244898": 2.289379796849289e-11, "1.836734693877551": 1.407642891138039e-10, "1.4285714285714286": 2.4014124022642136e-12, "2.2448979591836737": 2.6557755994360832e-11, "2.0408163265306123": 4.582112467232946e-12, "2.6530612244897958": 7.506328891793146e-10, "3.8775510204081636": 0.40713301174296124, "2.4489795918367347": 9.763845287835693e-11, "3.4693877551020407": 0.22501874411466383, "3.673469387755102": 0.32345029088320254, "3.2653061224489797": 0.10844039925564897, "0.0": 0.0, "2.857142857142857": 3.883421917372232e-09, "3.0612244897959187": 7.563394088805353e-08, "4.285714285714286": 0.5402689115979645, "4.8979591836734695": 0.6798709271534807, "4.081632653061225": 0.4787113385235824, "4.6938775510204085": 0.6396381910001305, "5.1020408163265305": 0.7150525369025335, "5.510204081632653": 0.7730705623810856, "5.918367346938775": 0.8182082498323159, "6.122448979591837": 0.83698181467815, "5.714285714285714": 0.7970252046920447, "4.4897959183673475": 0.5934658553253043, "6.326530612244898": 0.8536536334951355, "6.73469387755102": 0.8817055224759418, "6.938775510204081": 0.893504823672254, "5.3061224489795915": 0.7459160745839235, "6.530612244897959": 0.8684864413408475, "7.551020408163265": 0.9219519807618313, "7.142857142857143": 0.9040519366618747, "7.755102040816327": 0.9295416380706534, "7.346938775510204": 0.9134921827216865, "7.959183673469388": 0.936357675094373, "9.387755102040817": 0.9683930600021844, "8.16326530612245": 0.942484770778805, "8.36734693877551": 0.9479973977262296, "8.571428571428571": 0.9529612024369638, "9.591836734693878": 0.9713614159521605, "9.795918367346939": 0.9740442541564636, "8.775510204081632": 0.9574341750554954, "8.979591836734695": 0.9614676445109562, "9.183673469387756": 0.9651071281959273, "10.0": 0.9764701813593819}