{"0.6122448979591837": 2.987904672838069e-07, "3.8775510204081636": 0.6863130277593655, "0.20408163265306123": 7.651666151354133e-08, "0.40816326530612246": 1.7308876661882077e-07, "3.673469387755102": 0.6583329279886916, "3.0612244897959187": 0.5375819038750574, "3.4693877551020407": 0.6251186824835014, "0.8163265306122449": 4.6914231446672427e-07, "3.2653061224489797": 0.5854161836454126, "2.4489795918367347": 0.3191638858984648, "2.857142857142857": 0.4794279051140303, "1.0204081632653061": 7.130720120342183e-07, "1.2244897959183674": 1.0913788318376123e-06, "1.4285714285714286": 1.7573133365970146e-06, "0.0": 0.0, "2.2448979591836737": 0.20714328112416985, "1.6326530612244898": 3.2400721159884835e-06, "1.836734693877551": 9.425586364938289e-06, "2.6530612244897958": 0.4079890561697587, "2.0408163265306123": 0.06347510777485518, "4.285714285714286": 0.7302420139205752, "4.081632653061225": 0.7100293352311055, "5.1020408163265305": 0.7864522900590705, "4.8979591836734695": 0.7753055468462428, "5.714285714285714": 0.8119875438792911, "5.510204081632653": 0.8045970208607163, "6.326530612244898": 0.8291608590802748, "5.3061224489795915": 0.7961446443589252, "5.918367346938775": 0.8184650128214092, "6.122448979591837": 0.8241543444526295, "6.530612244897959": 0.8335736783699087, "4.6938775510204085": 0.7624447361312753, "6.73469387755102": 0.8374684340127153, "6.938775510204081": 0.8409094369745478, "4.4897959183673475": 0.7475532188381273, "7.551020408163265": 0.8490175381735607, "7.346938775510204": 0.8466409472481323, "7.959183673469388": 0.8529601229168413, "7.142857142857143": 0.8439514209679497, "7.755102040816327": 0.8511145923157588, "8.16326530612245": 0.8545773532169938, "8.36734693877551": 0.8559851959066337, "8.571428571428571": 0.8571986391834988, "8.775510204081632": 0.8582290582277815, "9.183673469387756": 0.8597697314788811, "8.979591836734695": 0.8590844680582316, "9.591836734693878": 0.8606345361032831, "9.795918367346939": 0.8608095118632428, "9.387755102040817": 0.8602867340013347, "10.0": 0.8608054818222777}