{"0.40816326530612246": 4.441757841489774e-08, "0.20408163265306123": 2.148904341047918e-08, "0.6122448979591837": 6.894190765569497e-08, "1.0204081632653061": 1.2352426831825421e-07, "1.6326530612244898": 2.2288980835244763e-07, "2.0408163265306123": 3.047339373391721e-07, "3.0612244897959187": 5.986046759442414e-07, "1.2244897959183674": 1.5403067211343964e-07, "1.836734693877551": 2.6196477806322637e-07, "0.8163265306122449": 9.52416512967669e-08, "2.6530612244897958": 4.6144812366845253e-07, "2.2448979591836737": 3.517583749882394e-07, "3.8775510204081636": 1.0112836849312173e-06, "0.0": 0.0, "1.4285714285714286": 1.8704226238280025e-07, "3.4693877551020407": 7.751902861707844e-07, "3.2653061224489797": 6.809684677510349e-07, "2.4489795918367347": 4.0371860320476564e-07, "2.857142857142857": 5.259789888220656e-07, "3.673469387755102": 8.840530227077466e-07, "4.081632653061225": 1.16199085949138e-06, "4.285714285714286": 1.3433702342095042e-06, "5.1020408163265305": 2.6934700770132767e-06, "4.8979591836734695": 2.2070713837668266e-06, "4.6938775510204085": 1.8453997562512208e-06, "5.510204081632653": 4.435167316106329e-06, "4.4897959183673475": 1.5658915897699923e-06, "7.551020408163265": 0.3582429947117139, "5.3061224489795915": 3.382685556793536e-06, "7.959183673469388": 0.43829501341617355, "6.938775510204081": 0.20955928158208278, "7.755102040816327": 0.3999360341047813, "6.73469387755102": 0.1506648214921638, "6.326530612244898": 0.01559730900801676, "5.918367346938775": 1.006156812364936e-05, "7.346938775510204": 0.3128800444278711, "7.142857142857143": 0.26346445320176337, "6.530612244897959": 0.08620986341686288, "5.714285714285714": 6.241168835329212e-06, "6.122448979591837": 2.3514991511756225e-05, "8.16326530612245": 0.47361509465161084, "8.36734693877551": 0.5061559794293164, "9.591836734693878": 0.6541029607818638, "8.571428571428571": 0.5361463381440625, "9.795918367346939": 0.672266791600375, "8.775510204081632": 0.5637875762288286, "10.0": 0.6888691833289479, "8.979591836734695": 0.5892570495839872, "9.387755102040817": 0.6342860333154087, "9.183673469387756": 0.6127108210380604}