{"0.40816326530612246": 6.811188783188299e-08, "0.20408163265306123": 3.290911122027847e-08, "0.6122448979591837": 1.058558140154808e-07, "1.0204081632653061": 1.9014899236248843e-07, "1.6326530612244898": 3.443955350981003e-07, "2.0408163265306123": 4.720044718146755e-07, "3.0612244897959187": 9.326625563415427e-07, "1.2244897959183674": 2.3740838155954828e-07, "1.836734693877551": 4.0526744803275877e-07, "0.8163265306122449": 1.4642532912582756e-07, "2.6530612244897958": 7.172953725864546e-07, "2.2448979591836737": 5.454955782207281e-07, "3.8775510204081636": 1.5827813316484425e-06, "0.0": 0.0, "1.4285714285714286": 2.886492363522608e-07, "3.4693877551020407": 1.2105521786121406e-06, "3.2653061224489797": 1.0622068585910207e-06, "2.4489795918367347": 6.268189900769623e-07, "2.857142857142857": 8.185600331438252e-07, "3.673469387755102": 1.3821083508152682e-06, "4.081632653061225": 1.8206664372119013e-06, "4.285714285714286": 2.107166368049536e-06, "5.1020408163265305": 4.2430176713672965e-06, "4.8979591836734695": 3.473124765861392e-06, "4.6938775510204085": 2.9008927627956717e-06, "5.510204081632653": 7.001287543015903e-06, "4.4897959183673475": 2.458872208013935e-06, "7.551020408163265": 0.5840817865907776, "5.3061224489795915": 5.334318384782933e-06, "7.959183673469388": 0.7205389311837143, "6.938775510204081": 0.3371832892479657, "7.755102040816327": 0.6547967428672541, "6.73469387755102": 0.24130332883859545, "5.918367346938775": 1.5915596296246015e-05, "6.326530612244898": 0.02474208647672557, "7.346938775510204": 0.5079350778541382, "7.142857142857143": 0.4258340796238913, "6.530612244897959": 0.13742032112281002, "5.714285714285714": 9.862351238238311e-06, "6.122448979591837": 3.72341158701913e-05, "8.16326530612245": 0.7817117566816553, "8.36734693877551": 0.8386697937408164, "9.591836734693878": 1.1068942046505568, "8.571428571428571": 0.8917245160712156, "9.795918367346939": 1.1411935294618993, "8.775510204081632": 0.9411491835981275, "10.0": 1.1728991017150279, "8.979591836734695": 0.9871830315244507, "9.387755102040817": 1.0698862742079596, "9.183673469387756": 1.0300348815350204}