{"0.0": 0.0, "0.40816326530612246": 3.677510596997199e-08, "0.8163265306122449": 7.930884374835085e-08, "0.20408163265306123": 1.774339867545073e-08, "0.6122448979591837": 5.724076810282827e-08, "1.2244897959183674": 1.2906916221261557e-07, "1.4285714285714286": 1.5726036652638148e-07, "1.0204081632653061": 1.0317524228886059e-07, "1.6326530612244898": 1.8806912262409055e-07, "2.0408163265306123": 2.591461817486886e-07, "1.836734693877551": 2.218775902166675e-07, "2.2448979591836737": 3.004353337613055e-07, "2.4489795918367347": 3.464320795708467e-07, "2.857142857142857": 4.561865038048724e-07, "3.0612244897959187": 5.223864888148631e-07, "2.6530612244897958": 3.979913713639426e-07, "3.4693877551020407": 6.86464323698871e-07, "3.2653061224489797": 5.983662015276439e-07, "3.673469387755102": 7.898334329755702e-07, "3.8775510204081636": 9.128187336382421e-07, "4.081632653061225": 1.0615927886725063e-06, "4.285714285714286": 1.2452133477287958e-06, "4.4897959183673475": 1.4775529725756022e-06, "4.8979591836734695": 2.193932169689947e-06, "4.6938775510204085": 1.780960133422553e-06, "5.1020408163265305": 2.788913331766702e-06, "5.3061224489795915": 3.720190232501523e-06, "5.510204081632653": 5.385290283645807e-06, "5.714285714285714": 9.215108437957499e-06, "6.326530612244898": 0.09391496962745334, "6.73469387755102": 0.2044358475419776, "5.918367346938775": 2.7264708624832663e-05, "6.530612244897959": 0.151531943454022, "6.122448979591837": 0.03104272291528111, "6.938775510204081": 0.2531141849781128, "7.142857142857143": 0.2979898379501682, "7.551020408163265": 0.37777743982716433, "7.346938775510204": 0.3394357880959733, "7.755102040816327": 0.41330244847505165, "7.959183673469388": 0.44626469268166946, "8.16326530612245": 0.4768870771991278, "8.36734693877551": 0.5053682483376241, "8.571428571428571": 0.5318827791273081, "8.775510204081632": 0.5565858871557223, "9.387755102040817": 0.6211192054438941, "8.979591836734695": 0.579614939049847, "9.183673469387756": 0.6010904265317023, "9.591836734693878": 0.6397952347414397, "9.795918367346939": 0.6571999577788321, "10.0": 0.673405082883395}