{"0.0": 0.0, "0.40816326530612246": 3.610184211784404e-08, "0.8163265306122449": 7.785892466812127e-08, "0.20408163265306123": 1.741833151099186e-08, "0.6122448979591837": 5.619356214946449e-08, "1.2244897959183674": 1.267128313593741e-07, "1.4285714285714286": 1.5439137541842872e-07, "1.0204081632653061": 1.0129032041726712e-07, "1.6326530612244898": 1.8464046782655946e-07, "2.0408163265306123": 2.5442832870746204e-07, "1.836734693877551": 2.1783540451791771e-07, "2.2448979591836737": 2.949696112328879e-07, "2.4489795918367347": 3.4013394597080323e-07, "2.857142857142857": 4.479045804595937e-07, "3.0612244897959187": 5.12909321872495e-07, "2.6530612244897958": 3.907609297777823e-07, "3.4693877551020407": 6.740277476918087e-07, "3.2653061224489797": 5.875181516128636e-07, "3.673469387755102": 7.755340661071825e-07, "3.8775510204081636": 8.963042694201431e-07, "4.081632653061225": 1.0424000587951284e-06, "4.285714285714286": 1.2227165029452243e-06, "4.4897959183673475": 1.4508770067801213e-06, "4.8979591836734695": 2.1543773539932075e-06, "4.6938775510204085": 1.7488286530563228e-06, "5.1020408163265305": 2.7386662340240225e-06, "5.3061224489795915": 3.6532108634482318e-06, "5.510204081632653": 5.288398932412212e-06, "5.714285714285714": 9.04942614163211e-06, "6.326530612244898": 0.09230701928625522, "6.73469387755102": 0.2011539152103968, "5.918367346938775": 2.6774846830136824e-05, "6.530612244897959": 0.14902007625278568, "6.122448979591837": 0.030493596155558654, "6.938775510204081": 0.24917789499117182, "7.142857142857143": 0.2934994691927956, "7.551020408163265": 0.3724287332214022, "7.346938775510204": 0.33447838928745294, "7.755102040816327": 0.4076283947126528, "7.959183673469388": 0.44032282812522644, "8.16326530612245": 0.47072766009906225, "8.36734693877551": 0.4990352125028634, "8.571428571428571": 0.5254145688329983, "8.775510204081632": 0.550016160241094, "9.387755102040817": 0.6144076756399013, "8.979591836734695": 0.5729731768551438, "9.183673469387756": 0.5944024621514745, "9.591836734693878": 0.6330799749513595, "9.795918367346939": 0.6504983450015498, "10.0": 0.6667323339909385}