{"0.0": 0.0, "0.40816326530612246": 0.0, "0.8163265306122449": 0.0, "0.20408163265306123": 0.0, "0.6122448979591837": 0.0, "1.2244897959183674": 0.0, "1.4285714285714286": 0.0, "1.0204081632653061": 0.0, "3.4693877551020407": 0.42726118279094, "2.6530612244897958": 0.04545074079785259, "3.8775510204081636": 0.543222246738672, "3.0612244897959187": 0.2690088018268829, "2.857142857142857": 0.1673954278525769, "3.2653061224489797": 0.35456678565425753, "3.673469387755102": 0.4895213586551011, "1.6326530612244898": 0.0, "2.0408163265306123": 0.0, "1.836734693877551": 0.0, "2.2448979591836737": -1e-323, "2.4489795918367347": -1.5e-323, "4.285714285714286": 0.6305199073205046, "4.081632653061225": 0.589833612549441, "4.4897959183673475": 0.6662156752100847, "4.6938775510204085": 0.6976771478546304, "4.8979591836734695": 0.7255228441211935, "5.1020408163265305": 0.7502626800580717, "5.510204081632653": 0.7920477004014558, "5.3061224489795915": 0.772319529113101, "5.918367346938775": 0.8256635726619863, "5.714285714285714": 0.8097448786814979, "6.326530612244898": 0.8529932851394152, "6.73469387755102": 0.8754141146016481, "6.122448979591837": 0.8400184074716495, "6.530612244897959": 0.8647464047075456, "6.938775510204081": 0.8851150076966724, "7.142857142857143": 0.8939520809972679, "7.346938775510204": 0.902015572151389, "7.755102040816327": 0.9161282554090234, "7.551020408163265": 0.9093844368200632, "7.959183673469388": 0.9223084587466388, "8.16326530612245": 0.9279792823715888, "8.775510204081632": 0.9423920198232114, "8.36734693877551": 0.9331890138488131, "8.571428571428571": 0.9379804955303696, "9.183673469387756": 0.9502085437866913, "8.979591836734695": 0.9464578361875124, "9.387755102040817": 0.9536716945402793, "9.795918367346939": 0.9598319947913743, "9.591836734693878": 0.9568720885988162, "10.0": 0.9625716189921915}