{"0.0": 0.0, "0.40816326530612246": 0.0, "0.8163265306122449": 0.0, "0.20408163265306123": 0.0, "0.6122448979591837": 0.0, "1.2244897959183674": 0.0, "1.4285714285714286": 0.0, "1.0204081632653061": 0.0, "3.4693877551020407": 0.4778340975499391, "2.6530612244897958": 0.05239076662422543, "3.8775510204081636": 0.6001773045006646, "3.0612244897959187": 0.30508787262155995, "2.857142857142857": 0.19133428138694805, "3.2653061224489797": 0.3992176083529655, "3.673469387755102": 0.5440325705110584, "1.6326530612244898": 0.0, "2.0408163265306123": 0.0, "1.836734693877551": 0.0, "2.2448979591836737": -1e-323, "2.4489795918367347": -1.5e-323, "4.285714285714286": 0.6892463044570798, "4.081632653061225": 0.6481023733799189, "4.4897959183673475": 0.7247518099805159, "4.6938775510204085": 0.7555344762616166, "4.8979591836734695": 0.7823356354627714, "5.1020408163265305": 0.8057603663632076, "5.510204081632653": 0.8443836410252206, "5.3061224489795915": 0.8263056507100258, "5.918367346938775": 0.8744547203001362, "5.714285714285714": 0.8603373381667405, "6.326530612244898": 0.8981135135428029, "6.73469387755102": 0.9168942351107482, "6.122448979591837": 0.886978233851465, "6.530612244897959": 0.908035679427232, "6.938775510204081": 0.9248178306813797, "7.142857142857143": 0.9319171399993242, "7.346938775510204": 0.9382880864889632, "7.755102040816327": 0.9491667190276531, "7.551020408163265": 0.9440137901731588, "7.959183673469388": 0.9538101811739146, "8.16326530612245": 0.957999521311089, "8.775510204081632": 0.9683012839063005, "8.36734693877551": 0.9617834530474039, "8.571428571428571": 0.9652047688368661, "9.183673469387756": 0.9736498406868758, "8.979591836734695": 0.9711064477190556, "9.387755102040817": 0.9759577805221848, "9.795918367346939": 0.9799583683869229, "9.591836734693878": 0.9780536854941805, "10.0": 0.9816904696569972}