{"0.0": 0.0, "0.40816326530612246": 0.0, "0.8163265306122449": 0.0, "0.20408163265306123": 0.0, "0.6122448979591837": 0.0, "1.4285714285714286": 0.0, "1.2244897959183674": 0.0, "1.0204081632653061": 0.0, "3.4693877551020407": 0.36544984252994095, "2.6530612244897958": 0.03696848701006363, "3.8775510204081636": 0.47361050947401484, "3.0612244897959187": 0.2249121597444997, "2.857142857142857": 0.13813682908834546, "3.2653061224489797": 0.2999935579113924, "3.673469387755102": 0.4228965441644865, "1.6326530612244898": 0.0, "2.0408163265306123": 0.0, "1.836734693877551": 0.0, "2.2448979591836737": -5e-324, "2.4489795918367347": -1.5e-323, "4.285714285714286": 0.5587431997091346, "4.081632653061225": 0.5186162382010787, "4.4897959183673475": 0.5946715104906687, "4.6938775510204085": 0.6269626353572029, "4.8979591836734695": 0.6560849880370428, "5.1020408163265305": 0.6824321745740163, "5.510204081632653": 0.7280815507501879, "5.3061224489795915": 0.7063364916057489, "5.918367346938775": 0.7660299477709148, "5.714285714285714": 0.7479096504217562, "6.326530612244898": 0.7978463393130522, "6.73469387755102": 0.82471618953497, "6.122448979591837": 0.7826230641185421, "6.530612244897959": 0.8118372911612622, "6.938775510204081": 0.8365893351598082, "7.142857142857143": 0.8475503422169764, "7.346938775510204": 0.8576824990721316, "7.755102040816327": 0.8757479109862546, "7.551020408163265": 0.867059671610724, "7.959183673469388": 0.8838063535577462, "8.16326530612245": 0.8912878792233105, "8.775510204081632": 0.9107251414994356, "8.36734693877551": 0.8982402548283138, "8.571428571428571": 0.9047063837113171, "9.183673469387756": 0.9215580697975756, "8.979591836734695": 0.9163317554267366, "9.387755102040817": 0.9264331450068386, "9.795918367346939": 0.9352330937301487, "9.591836734693878": 0.9309834701711481, "10.0": 0.9392041348463179}