{"0.20408163265306123": 6.787639697489193e-08, "3.673469387755102": 0.4466274607322206, "1.0204081632653061": 6.518864519641223e-07, "0.8163265306122449": 4.2392192081377026e-07, "1.2244897959183674": 1.0161918387046594e-06, "3.4693877551020407": 0.4259629548512168, "0.40816326530612246": 1.5423759293628469e-07, "3.8775510204081636": 0.4640063991179453, "1.6326530612244898": 3.371090499505016e-06, "2.4489795918367347": 0.23458073925051312, "0.6122448979591837": 2.678247818271333e-07, "3.0612244897959187": 0.3713641966906297, "2.857142857142857": 0.33500881684696976, "2.0408163265306123": 0.07387670672742137, "0.0": 0.0, "2.2448979591836737": 0.16423291649284502, "1.4285714285714286": 1.6913315379462831e-06, "2.6530612244897958": 0.2902796397304096, "4.081632653061225": 0.4787118560198869, "3.2653061224489797": 0.4012212520399697, "4.285714285714286": 0.49122298831402245, "1.836734693877551": 1.4811705878892717e-05, "5.510204081632653": 0.5369861255816781, "5.3061224489795915": 0.5318130555086905, "5.1020408163265305": 0.5258693301543833, "4.4897959183673475": 0.5019190753108631, "6.530612244897959": 0.5546199063371009, "4.6938775510204085": 0.5111033499266131, "5.918367346938775": 0.54544839796156, "4.8979591836734695": 0.5190204432888811, "6.122448979591837": 0.5489089141697997, "5.714285714285714": 0.5415001819241967, "6.326530612244898": 0.5519475420487573, "6.938775510204081": 0.559047307302306, "6.73469387755102": 0.5569731515154712, "7.142857142857143": 0.5608763849998235, "7.755102040816327": 0.5651603470049383, "8.16326530612245": 0.5672126120401821, "7.551020408163265": 0.5639103813642659, "8.571428571428571": 0.5687491754978348, "9.183673469387756": 0.5702153357820718, "9.387755102040817": 0.5704927123492619, "8.775510204081632": 0.5693451494006714, "8.979591836734695": 0.5698330247235939, "9.591836734693878": 0.570663972524327, "10.0": 0.5706748645829329, "8.36734693877551": 0.5680405575632682, "9.795918367346939": 0.5707262076859528, "7.959183673469388": 0.5662563623124249, "7.346938775510204": 0.5624892597544792}