{"0.20408163265306123": 4.9981710499693155e-08, "3.673469387755102": 0.32888022108463527, "1.0204081632653061": 4.800254782644898e-07, "0.8163265306122449": 3.1216068714468526e-07, "1.2244897959183674": 7.482867175916131e-07, "3.4693877551020407": 0.3136636303904415, "0.40816326530612246": 1.1357495479853691e-07, "3.8775510204081636": 0.341677439350487, "1.6326530612244898": 2.4823484587264203e-06, "2.4489795918367347": 0.17273672617537786, "0.6122448979591837": 1.972164302545255e-07, "3.0612244897959187": 0.27345909029037285, "2.857142857142857": 0.24668831058731405, "2.0408163265306123": 0.054400120408373935, "0.0": 0.0, "2.2448979591836737": 0.12093514759927683, "1.4285714285714286": 1.2454350415786263e-06, "2.6530612244897958": 0.21375137107421077, "4.081632653061225": 0.35250600306918956, "3.2653061224489797": 0.2954447401385231, "4.285714285714286": 0.3617187459403257, "1.836734693877551": 1.0906801601730093e-05, "5.510204081632653": 0.3954170561101449, "5.3061224489795915": 0.3916077954200359, "5.1020408163265305": 0.38723105220459125, "4.4897959183673475": 0.36959495545618126, "6.530612244897959": 0.40840193103004696, "4.6938775510204085": 0.37635792130959694, "5.918367346938775": 0.40164836577169427, "4.8979591836734695": 0.38218778096726713, "6.122448979591837": 0.404196564070489, "5.714285714285714": 0.3987410430532721, "6.326530612244898": 0.40643409914499395, "6.938775510204081": 0.41166210810442533, "6.73469387755102": 0.41013477520684705, "7.142857142857143": 0.41300897440896095, "7.755102040816327": 0.41616352824909103, "8.16326530612245": 0.41767474159322515, "7.551020408163265": 0.4152430990045957, "8.571428571428571": 0.4188062110484056, "9.183673469387756": 0.4198858381667984, "9.387755102040817": 0.4200900881844567, "8.775510204081632": 0.41924506455867616, "8.979591836734695": 0.4196043182055557, "9.591836734693878": 0.4202161979497316, "10.0": 0.4202242184656143, "8.36734693877551": 0.41828441056931565, "9.795918367346939": 0.4202620256596563, "7.959183673469388": 0.4169705940664221, "7.346938775510204": 0.41419663672829843}