{"0.20408163265306123": 1.1785810747458508e-07, "3.673469387755102": 0.7755076818168557, "1.0204081632653061": 1.1319119302286116e-06, "0.8163265306122449": 7.360826079584555e-07, "1.2244897959183674": 1.7644785562962728e-06, "3.4693877551020407": 0.7396265852416583, "0.40816326530612246": 2.6781254773482166e-07, "3.8775510204081636": 0.8056838384684324, "1.6326530612244898": 5.853438958231437e-06, "2.4489795918367347": 0.40731746542589103, "0.6122448979591837": 4.6504121208165894e-07, "3.0612244897959187": 0.6448232869810026, "2.857142857142857": 0.5816971274342838, "2.0408163265306123": 0.1282768271357953, "0.0": 0.0, "2.2448979591836737": 0.2851680640921218, "1.4285714285714286": 2.9367665795249093e-06, "2.6530612244897958": 0.5040310108046204, "4.081632653061225": 0.8312178590890764, "3.2653061224489797": 0.6966659921784928, "4.285714285714286": 0.8529417342543482, "1.836734693877551": 2.571850748062281e-05, "5.510204081632653": 0.9324031816918231, "5.3061224489795915": 0.9234208509287264, "5.1020408163265305": 0.9131003823589745, "4.4897959183673475": 0.8715140307670445, "6.530612244897959": 0.9630218373671479, "4.6938775510204085": 0.8874612712362098, "5.918367346938775": 0.9470967637332541, "4.8979591836734695": 0.9012082242561482, "6.122448979591837": 0.9531054782402889, "5.714285714285714": 0.9402412249774691, "6.326530612244898": 0.9583816411937511, "6.938775510204081": 0.9707094154067315, "6.73469387755102": 0.9671079267223185, "7.142857142857143": 0.9738853594087843, "7.755102040816327": 0.9813238752540294, "8.16326530612245": 0.9848873536334074, "7.551020408163265": 0.9791534803688616, "8.571428571428571": 0.98755538654624, "9.183673469387756": 0.9901011739488702, "9.387755102040817": 0.9905828005337187, "8.775510204081632": 0.9885902139593474, "8.979591836734695": 0.9894373429291495, "9.591836734693878": 0.9908801704740582, "10.0": 0.9908990830485472, "8.36734693877551": 0.9863249681325835, "9.795918367346939": 0.990988233345609, "7.959183673469388": 0.983226956378847, "7.346938775510204": 0.9766858964827775}