{"0.20408163265306123": 5.040412531798211e-14, "1.2244897959183674": 7.438494264988549e-15, "3.0612244897959187": 0.29488576911339204, "1.4285714285714286": 1.2347678435276066e-11, "3.2653061224489797": 0.33099282459539514, "0.6122448979591837": 1.5220047444586271e-12, "0.40816326530612246": 9.103828801926284e-15, "2.857142857142857": 0.2556297115905658, "2.6530612244897958": 0.21270509889062317, "1.0204081632653061": 8.921752225887758e-13, "3.8775510204081636": 0.42421519477807224, "3.673469387755102": 0.3953486359801266, "0.8163265306122449": 2.6867397195928788e-14, "1.6326530612244898": -1.9095836023552692e-14, "2.4489795918367347": 0.16545353855234934, "2.2448979591836737": 0.11302506470824947, "2.0408163265306123": 0.054298302820517064, "3.4693877551020407": 0.3643675068102692, "0.0": 0.0, "4.6938775510204085": 0.5226690693676567, "1.836734693877551": 5.134115355076574e-11, "4.285714285714286": 0.4764967027515956, "5.1020408163265305": 0.5637958063327393, "4.8979591836734695": 0.5438081063334571, "5.714285714285714": 0.6177227937934342, "4.4897959183673475": 0.5002726594500715, "6.326530612244898": 0.6640356276808499, "5.3061224489795915": 0.5827247956227395, "6.938775510204081": 0.7041397514941239, "6.73469387755102": 0.6913914834257127, "4.081632653061225": 0.45119944946579305, "7.142857142857143": 0.7163156207010186, "5.918367346938775": 0.6339276742062969, "5.510204081632653": 0.600676476828547, "6.122448979591837": 0.64934820858917, "7.551020408163265": 0.7390747925127731, "6.530612244897959": 0.6780361144782345, "7.346938775510204": 0.7279508876410745, "7.755102040816327": 0.7497143177220756, "8.16326530612245": 0.769638372496038, "8.571428571428571": 0.7879026519406517, "8.36734693877551": 0.7789677130370102, "7.959183673469388": 0.7598944442528095, "9.387755102040817": 0.8200597932444881, "8.775510204081632": 0.7964620943037906, "9.591836734693878": 0.8272847346092916, "8.979591836734695": 0.8046637892154808, "9.183673469387756": 0.8125244387557171, "9.795918367346939": 0.834213349455785, "10.0": 0.8408589931918421}