{"0.20408163265306123": 1.6620038678638593e-13, "1.2244897959183674": 2.4091839634365897e-14, "3.0612244897959187": 0.6879686240073416, "1.4285714285714286": 4.0897507602721817e-11, "3.2653061224489797": 0.7381198469417019, "0.6122448979591837": 4.999223257584617e-12, "0.40816326530612246": 2.964295475749168e-14, "2.857142857142857": 0.6262079161097338, "2.6530612244897958": 0.5493997145313181, "1.0204081632653061": 2.939537502300027e-12, "3.673469387755102": 0.8130680842173912, "3.8775510204081636": 0.8411938439289083, "0.8163265306122449": 8.837375276016246e-14, "1.6326530612244898": -7.038813976123492e-14, "2.4489795918367347": 0.4527718874923927, "2.2448979591836737": 0.3295426469987144, "2.0408163265306123": 0.1698041435879808, "3.4693877551020407": 0.7791892055878181, "0.0": 0.0, "4.6938775510204085": 0.9150039765130746, "1.836734693877551": 1.709876684685696e-10, "4.285714285714286": 0.8843715397342973, "5.1020408163265305": 0.9370542836719215, "4.8979591836734695": 0.92691550595318, "5.714285714285714": 0.9594558395312942, "4.4897959183673475": 0.9009676591227037, "6.326530612244898": 0.973637979480811, "5.3061224489795915": 0.945707226028661, "6.938775510204081": 0.9827432097871368, "6.73469387755102": 0.9801377053745307, "4.081632653061225": 0.8646738280776367, "7.142857142857143": 0.9849988359536324, "5.918367346938775": 0.9649067579671169, "5.510204081632653": 0.9531096840485055, "6.122448979591837": 0.9695966799737071, "7.551020408163265": 0.9886481127483293, "6.530612244897959": 0.9771251004739471, "7.346938775510204": 0.9869532859937741, "7.755102040816327": 0.9901188485791285, "8.16326530612245": 0.9925055200787686, "8.571428571428571": 0.9943089207558469, "8.36734693877551": 0.9934700633219988, "7.959183673469388": 0.9913959392675661, "9.387755102040817": 0.9967089366619261, "8.775510204081632": 0.9950387795314162, "9.591836734693878": 0.9971286622133866, "8.979591836734695": 0.9956740467214799, "9.183673469387756": 0.9962271746124568, "9.795918367346939": 0.9974944366102892, "10.0": 0.9978132721851236}