{"0.20408163265306123": 1.3146150834586478e-13, "1.2244897959183674": 1.909583602355269e-14, "3.0612244897959187": 0.5700437675391568, "1.4285714285714286": 3.233255885248809e-11, "3.2653061224489797": 0.6159817402378098, "0.6122448979591837": 3.95605770364682e-12, "0.40816326530612246": 2.3481216970822058e-14, "2.857142857142857": 0.5150344547539834, "2.6530612244897958": 0.44839132983910956, "1.0204081632653061": 2.3253288183866513e-12, "3.8775510204081636": 0.7161002491836574, "3.673469387755102": 0.6877522497462117, "0.8163265306122449": 6.992184609089235e-14, "1.6326530612244898": -5.500044863993025e-14, "2.4489795918367347": 0.3665763828103797, "2.2448979591836737": 0.2645873723115749, "2.0408163265306123": 0.13515239135774165, "3.4693877551020407": 0.6547426959545534, "0.0": 0.0, "4.6938775510204085": 0.7973035043694492, "1.836734693877551": 1.3509371399322845e-10, "4.285714285714286": 0.7620090886394868, "5.1020408163265305": 0.8250767404701668, "4.8979591836734695": 0.8119832860672631, "5.714285714285714": 0.8569359258099362, "4.4897959183673475": 0.780759159220914, "6.326530612244898": 0.8807572739408226, "5.3061224489795915": 0.8368124969068845, "6.938775510204081": 0.8991621722992329, "6.73469387755102": 0.8935138387898852, "4.081632653061225": 0.7406315144940836, "7.142857142857143": 0.9043938713778482, "5.918367346938775": 0.8656130328388708, "5.510204081632653": 0.8473797218825179, "6.122448979591837": 0.8735221385583459, "7.551020408163265": 0.9137761166776625, "6.530612244897959": 0.8873984046752332, "7.346938775510204": 0.9092525664879642, "7.755102040816327": 0.9179974893220125, "8.16326530612245": 0.9256453758039493, "8.571428571428571": 0.9323870401112881, "8.36734693877551": 0.9291193582365022, "7.959183673469388": 0.9219454907631391, "9.387755102040817": 0.9437141936366946, "8.775510204081632": 0.9354657739631285, "9.591836734693878": 0.946175483932158, "8.979591836734695": 0.93837096946968, "9.183673469387756": 0.9411163538554348, "9.795918367346939": 0.948510110463938, "10.0": 0.9507269884871391}