{"0.20408163265306123": 5.148556184110041e-07, "0.40816326530612246": 5.306266348546755e-07, "0.6122448979591837": 5.474003377704215e-07, "2.857142857142857": 8.401342201700021e-07, "1.2244897959183674": 6.047944661872871e-07, "1.0204081632653061": 5.84364213562007e-07, "1.4285714285714286": 6.267127902847538e-07, "1.6326530612244898": 6.502878943347234e-07, "2.4489795918367347": 7.655818401177582e-07, "2.2448979591836737": 7.33072430607373e-07, "3.4693877551020407": 9.83986505508727e-07, "0.8163265306122449": 5.652754778893979e-07, "1.836734693877551": 6.757149913541009e-07, "2.0408163265306123": 7.032212165614517e-07, "3.2653061224489797": 9.308407671412224e-07, "2.6530612244897958": 8.011210283119457e-07, "0.0": 5e-07, "3.0612244897959187": 8.831569454870904e-07, "3.673469387755102": 1.04358957077625e-06, "3.8775510204081636": 1.110902882511056e-06, "4.081632653061225": 1.1875258847248247e-06, "4.285714285714286": 1.2755332165868516e-06, "4.8979591836734695": 1.6405021897228914e-06, "4.6938775510204085": 1.49761858769586e-06, "5.1020408163265305": 1.8135836055971926e-06, "4.4897959183673475": 1.377665295590678e-06, "5.510204081632653": 2.2988676771225607e-06, "5.714285714285714": 2.6540808491105603e-06, "5.3061224489795915": 2.0275625986067804e-06, "6.530612244897959": 6.950023197283856e-06, "5.918367346938775": 3.1392119460609613e-06, "7.551020408163265": 0.13191268644837473, "7.755102040816327": 0.17759215091150404, "6.326530612244898": 4.9481594726262655e-06, "7.346938775510204": 0.08269982349115917, "6.122448979591837": 3.841409135189329e-06, "7.959183673469388": 0.22003536285645448, "6.73469387755102": 1.1668120929828584e-05, "7.142857142857143": 0.02962832190002351, "6.938775510204081": 3.624772581652822e-05, "8.16326530612245": 0.25950504393378526, "9.591836734693878": 0.46891094043350534, "9.183673469387756": 0.4194660560334676, "9.387755102040817": 0.4451037431432684, "8.571428571428571": 0.33042347355228896, "8.775510204081632": 0.36225667151384733, "8.36734693877551": 0.29623296069202554, "8.979591836734695": 0.39189108872360773, "9.795918367346939": 0.49098062218483374, "10.0": 0.5113933261820928}