{"0.20408163265306123": 5.15021979949541e-07, "0.40816326530612246": 5.309693988438786e-07, "0.6122448979591837": 5.47930502976821e-07, "2.857142857142857": 8.439131033149172e-07, "1.2244897959183674": 6.05964425465174e-07, "1.0204081632653061": 5.853066591654114e-07, "1.4285714285714286": 6.281265883342371e-07, "1.6326530612244898": 6.519637075578282e-07, "2.4489795918367347": 7.685360432916016e-07, "2.2448979591836737": 7.356665953686199e-07, "3.4693877551020407": 9.893537862424031e-07, "0.8163265306122449": 5.660051267136577e-07, "1.836734693877551": 6.776731383012425e-07, "2.0408163265306123": 7.054845082248464e-07, "3.2653061224489797": 9.3562157968337e-07, "2.6530612244897958": 8.044685127327801e-07, "0.0": 5e-07, "3.0612244897959187": 8.874112213949471e-07, "3.673469387755102": 1.0496141742446054e-06, "3.8775510204081636": 1.1176694119805306e-06, "4.081632653061225": 1.1951364947141987e-06, "4.285714285714286": 1.2841128273421625e-06, "4.8979591836734695": 1.653096504975791e-06, "4.6938775510204085": 1.5086417378873665e-06, "5.1020408163265305": 1.8280804528015216e-06, "4.4897959183673475": 1.387368898891122e-06, "5.510204081632653": 2.3186962001783493e-06, "5.714285714285714": 2.6778104841393546e-06, "5.3061224489795915": 2.044410756644286e-06, "6.530612244897959": 7.020906460633465e-06, "5.918367346938775": 3.1682683201039666e-06, "7.551020408163265": 0.13326045409843162, "7.755102040816327": 0.1793569854914458, "6.326530612244898": 4.997072463427873e-06, "7.346938775510204": 0.0835688025857069, "6.122448979591837": 3.878174178192779e-06, "7.959183673469388": 0.22216279131272335, "6.73469387755102": 1.1790780339169811e-05, "7.142857142857143": 0.029948587133412367, "6.938775510204081": 3.66401029803719e-05, "8.16326530612245": 0.2619469252481621, "9.591836734693878": 0.4725974825432949, "9.183673469387756": 0.4229303644438086, "9.387755102040817": 0.4486894860245959, "8.571428571428571": 0.33337133409630776, "8.775510204081632": 0.3654052137895042, "8.36734693877551": 0.29894669690877107, "8.979591836734695": 0.3952106600757187, "9.795918367346939": 0.49474971505904386, "10.0": 0.515228862636654}