{"0.20408163265306123": 5.15132887641899e-07, "0.40816326530612246": 5.31197908170014e-07, "0.6122448979591837": 5.482839464477541e-07, "2.857142857142857": 8.464323587448606e-07, "1.2244897959183674": 6.067443983170985e-07, "1.0204081632653061": 5.859349562343477e-07, "1.4285714285714286": 6.290691203672261e-07, "1.6326530612244898": 6.530809163732315e-07, "2.4489795918367347": 7.705055120741638e-07, "2.2448979591836737": 7.373960385427844e-07, "3.4693877551020407": 9.929319733981871e-07, "0.8163265306122449": 5.664915592631642e-07, "1.836734693877551": 6.78978569599337e-07, "2.0408163265306123": 7.06993369333776e-07, "3.2653061224489797": 9.388087880448016e-07, "2.6530612244897958": 8.067001690133364e-07, "0.0": 5e-07, "3.0612244897959187": 8.902474053335182e-07, "3.673469387755102": 1.0536305765568423e-06, "3.8775510204081636": 1.122180431626847e-06, "4.081632653061225": 1.2002102347071148e-06, "4.285714285714286": 1.289832567845703e-06, "4.8979591836734695": 1.6614927151443908e-06, "4.6938775510204085": 1.5159905046817042e-06, "5.1020408163265305": 1.8377450176044075e-06, "4.4897959183673475": 1.3938379677580846e-06, "5.510204081632653": 2.3319152155488747e-06, "5.714285714285714": 2.6936302408252175e-06, "5.3061224489795915": 2.055642862002624e-06, "6.530612244897959": 7.068161969533204e-06, "5.918367346938775": 3.1876392361326363e-06, "7.551020408163265": 0.1341589658651362, "7.755102040816327": 0.1805335418780736, "6.326530612244898": 5.029681123962278e-06, "7.346938775510204": 0.08414812198207205, "6.122448979591837": 3.902684206861746e-06, "7.959183673469388": 0.2235810769502359, "6.73469387755102": 1.187255327873063e-05, "7.142857142857143": 0.030162097289004937, "6.938775510204081": 3.6901687756267686e-05, "8.16326530612245": 0.26357484612441334, "9.591836734693878": 0.4750551772831546, "9.183673469387756": 0.425239903384036, "9.387755102040817": 0.4510799812788142, "8.571428571428571": 0.33533657445898696, "8.775510204081632": 0.36750424197327547, "8.36734693877551": 0.30075585438660146, "8.979591836734695": 0.39742370764379276, "9.795918367346939": 0.49726244364185057, "10.0": 0.5177858869396949}