{"0.20408163265306123": 3.630429290524262e-15, "1.0204081632653061": 2.039909907658455e-11, "0.6122448979591837": 3.076428001236309e-14, "0.40816326530612246": 2.322148029421101e-12, "1.2244897959183674": 1.1958767309749875e-13, "0.8163265306122449": 1.185174181017601e-12, "1.4285714285714286": 1.3214207505996002e-12, "1.6326530612244898": 1.5819118237558884e-11, "2.0408163265306123": 8.305928167473554e-12, "3.673469387755102": 0.342132719221997, "3.8775510204081636": 0.3922110111793202, "1.836734693877551": 3.9926395523082197e-13, "2.4489795918367347": 1.2913851099582985e-10, "2.2448979591836737": 1.6391416002292658e-11, "3.2653061224489797": 0.21830085941502492, "3.4693877551020407": 0.28469834644124753, "3.0612244897959187": 0.14085671335863525, "2.6530612244897958": 1.550504208358561e-09, "0.0": 0.0, "2.857142857142857": 0.0496215251948781, "4.4897959183673475": 0.5096359126587657, "4.081632653061225": 0.43619023454744, "4.285714285714286": 0.475066021503142, "5.3061224489795915": 0.6161364169870934, "4.6938775510204085": 0.540545311234099, "4.8979591836734695": 0.5683213587095389, "5.510204081632653": 0.6368371572974715, "5.1020408163265305": 0.5933982541941132, "6.326530612244898": 0.7037941190736405, "6.122448979591837": 0.6890629115671367, "5.918367346938775": 0.673101690179263, "5.714285714285714": 0.6557540273635541, "6.73469387755102": 0.7300863778669167, "6.938775510204081": 0.7418645715072469, "6.530612244897959": 0.7174298562656496, "7.142857142857143": 0.7528523474298705, "7.346938775510204": 0.7631266048714955, "7.755102040816327": 0.7817965962932458, "7.959183673469388": 0.7903044034257467, "7.551020408163265": 0.7727548593120386, "8.36734693877551": 0.8058996466212796, "8.16326530612245": 0.7983249216120973, "8.571428571428571": 0.813065610654331, "9.183673469387756": 0.8324258552431881, "8.979591836734695": 0.8263004464349598, "9.591836734693878": 0.8438138523218949, "8.775510204081632": 0.8198559594696604, "9.795918367346939": 0.8491181818051603, "9.387755102040817": 0.8382563629166628, "10.0": 0.8541874182596759}