{"0.20408163265306123": -2.7977620220553945e-14, "0.6122448979591837": 4.838796030526282e-12, "0.40816326530612246": 4.398814645867333e-12, "0.8163265306122449": 2.2286672507476624e-10, "1.2244897959183674": 2.598498083372647e-10, "1.0204081632653061": 7.282618952331177e-12, "1.4285714285714286": 6.5643046553987006e-12, "1.6326530612244898": 3.538327408847408e-10, "3.8775510204081636": 0.5842435718540633, "3.4693877551020407": 0.48217797388683814, "3.673469387755102": 0.5367828603557525, "3.2653061224489797": 0.41895443596480286, "2.857142857142857": 0.2585407398996393, "1.836734693877551": 5.3310245107240917e-11, "3.0612244897959187": 0.3452255053668465, "2.0408163265306123": 1.4453479524334512e-09, "2.6530612244897958": 0.1556633609773801, "2.2448979591836737": 3.023870043250554e-10, "0.0": 0.0, "2.4489795918367347": 0.03223440740556893, "4.081632653061225": 0.6257277065339526, "5.3061224489795915": 0.7910237229820981, "4.4897959183673475": 0.694330527261715, "4.8979591836734695": 0.7481687507425374, "5.1020408163265305": 0.770782732843667, "4.285714285714286": 0.6621708223034404, "6.530612244897959": 0.8766444579672017, "6.122448979591837": 0.8536157795230346, "5.918367346938775": 0.8402861289688806, "6.73469387755102": 0.8866025080769228, "4.6938775510204085": 0.7228262266557457, "5.510204081632653": 0.809191411210894, "5.714285714285714": 0.8255399568402202, "6.938775510204081": 0.8956682738571285, "6.326530612244898": 0.8656890294563383, "7.551020408163265": 0.9183780833265351, "7.142857142857143": 0.903933795488187, "7.346938775510204": 0.9114799599065982, "7.755102040816327": 0.9246912355939414, "7.959183673469388": 0.9304753538203839, "9.795918367346939": 0.9654272377378659, "8.571428571428571": 0.9451246649100529, "8.36734693877551": 0.9406500744802794, "8.16326530612245": 0.9357801830846348, "8.775510204081632": 0.9492394583983249, "8.979591836734695": 0.9530263250251677, "10.0": 0.9679523853882342, "9.183673469387756": 0.9565139306625486, "9.387755102040817": 0.9597281083514175, "9.591836734693878": 0.9626921802725745}