{"0.20408163265306123": -2.9753977059954195e-14, "0.6122448979591837": 5.33517674483619e-12, "0.40816326530612246": 4.771849582141385e-12, "0.8163265306122449": 2.4962953926177534e-10, "1.2244897959183674": 3.000094617178206e-10, "1.0204081632653061": 8.283485009030755e-12, "1.4285714285714286": 7.69007080236861e-12, "1.6326530612244898": 4.204484538306019e-10, "3.8775510204081636": 0.6661520482544316, "3.4693877551020407": 0.560735961952687, "3.673469387755102": 0.6178527174631838, "3.2653061224489797": 0.4927024820370368, "2.857142857142857": 0.3119672406079682, "1.836734693877551": 6.422040677023233e-11, "3.0612244897959187": 0.4110008167554652, "2.0408163265306123": 1.7650576555894304e-09, "2.6530612244897958": 0.1906347683069799, "2.2448979591836737": 3.738019893617661e-10, "0.0": 0.0, "2.4489795918367347": 0.040129329472676, "4.081632653061225": 0.7072582948089666, "5.3061224489795915": 0.8587068077895446, "4.4897959183673475": 0.7727179776229927, "4.8979591836734695": 0.8216032139822775, "5.1020408163265305": 0.8413978156057937, "4.285714285714286": 0.7424441342064445, "6.530612244897959": 0.9268947838042045, "6.122448979591837": 0.9094542970304257, "5.918367346938775": 0.8990332669454973, "6.73469387755102": 0.9341956867011088, "4.6938775510204085": 0.7988869889380079, "5.510204081632653": 0.8738906163167932, "5.714285714285714": 0.8872491108269465, "6.938775510204081": 0.9407046598080533, "6.326530612244898": 0.918690857447671, "7.551020408163265": 0.9563726620636889, "7.142857142857143": 0.946517290700233, "7.346938775510204": 0.9517161201346452, "7.755102040816327": 0.960549071599572, "7.959183673469388": 0.9642995291386305, "9.795918367346939": 0.9850918139185543, "8.571428571428571": 0.9734403273998034, "8.36734693877551": 0.9707061725420572, "8.16326530612245": 0.9676713943457674, "8.775510204081632": 0.9759059671169951, "8.979591836734695": 0.9781314259640561, "10.0": 0.986440175703591, "9.183673469387756": 0.9801417589320188, "9.387755102040817": 0.9819591639088383, "9.591836734693878": 0.9836033431773984}