{"0.20408163265306123": -2.8954616482224084e-14, "0.6122448979591837": 5.111805423396732e-12, "0.40816326530612246": 4.603983860818062e-12, "0.8163265306122449": 2.375862728776213e-10, "1.2244897959183674": 2.8193761769657047e-10, "1.0204081632653061": 7.833095283515945e-12, "1.4285714285714286": 7.18347603623215e-12, "1.6326530612244898": 3.9047138300496445e-10, "3.8775510204081636": 0.629293233874266, "3.4693877551020407": 0.525384867323055, "3.673469387755102": 0.5813712817648398, "3.2653061224489797": 0.4595158613045316, "2.857142857142857": 0.2879253152892202, "1.836734693877551": 5.93108340218862e-11, "3.0612244897959187": 0.3814019266305868, "2.0408163265306123": 1.6211882891692399e-09, "2.6530612244897958": 0.17489763500866, "2.2448979591836737": 3.416652460952463e-10, "0.0": 0.0, "2.4489795918367347": 0.03657661454247782, "4.081632653061225": 0.6705695300852104, "5.3061224489795915": 0.8282494196261937, "4.4897959183673475": 0.7374436249604177, "4.8979591836734695": 0.7885577055243945, "5.1020408163265305": 0.8096210283628368, "4.285714285714286": 0.7063211438500927, "6.530612244897959": 0.9042821371775533, "6.122448979591837": 0.8843269641520997, "5.918367346938775": 0.8725970548560198, "6.73469387755102": 0.9127787563202251, "4.6938775510204085": 0.76465964591099, "5.510204081632653": 0.8447759740191386, "5.714285714285714": 0.8594799915329197, "6.938775510204081": 0.9204382861301372, "6.326530612244898": 0.8948400348515713, "7.551020408163265": 0.9392751016319698, "7.142857142857143": 0.9273547178548123, "7.346938775510204": 0.9336098480320241, "7.755102040816327": 0.9444130453970383, "7.959183673469388": 0.9490786502454196, "9.795918367346939": 0.9762427546372445, "8.571428571428571": 0.9606982792794156, "8.36734693877551": 0.9571809284142572, "8.16326530612245": 0.9533203492782578, "8.775510204081632": 0.9639060381935936, "8.979591836734695": 0.9668341305415564, "10.0": 0.9781206700616805, "9.183673469387756": 0.9695092362107574, "9.387755102040817": 0.9719551889079989, "9.591836734693878": 0.9741933198702277}