{"0.40816326530612246": 1.8697799529718505e-08, "0.20408163265306123": 9.160472771402762e-09, "1.2244897959183674": 6.113036888479068e-08, "1.0204081632653061": 4.982252587844173e-08, "1.4285714285714286": 7.295903209054353e-08, "1.836734693877551": 9.83316249491956e-08, "2.857142857142857": 1.739992547589281e-07, "0.8163265306122449": 3.9001468412227903e-08, "2.6530612244897958": 1.57239803776544e-07, "0.6122448979591837": 2.863606820147771e-08, "2.4489795918367347": 1.413577084501226e-07, "3.673469387755102": 2.5146255111087957e-07, "3.2653061224489797": 2.1046108265851258e-07, "2.2448979591836737": 1.2628525950951227e-07, "1.6326530612244898": 8.534580391168243e-08, "3.0612244897959187": 1.9171154528059063e-07, "3.8775510204081636": 2.7394147603181645e-07, "3.4693877551020407": 2.3034255616532235e-07, "2.0408163265306123": 1.1196154643433962e-07, "0.0": 0.0, "4.081632653061225": 2.979158756259963e-07, "4.285714285714286": 3.235412216777023e-07, "4.4897959183673475": 3.5099529989636266e-07, "4.6938775510204085": 3.8048234449688505e-07, "4.8979591836734695": 4.122381175318067e-07, "5.510204081632653": 5.240915217020343e-07, "5.3061224489795915": 4.836957708722549e-07, "5.1020408163265305": 4.4653619079771014e-07, "5.918367346938775": 6.164455252394167e-07, "5.714285714285714": 5.681659978155948e-07, "6.530612244897959": 7.935103871075724e-07, "6.122448979591837": 6.695606879785923e-07, "6.326530612244898": 7.282730443649787e-07, "7.346938775510204": 1.1472594734580865e-06, "7.551020408163265": 1.2693439419479378e-06, "7.142857142857143": 1.0412593646696893e-06, "6.73469387755102": 8.664138987011981e-07, "6.938775510204081": 9.484021469630601e-07, "7.755102040816327": 1.4113828478873878e-06, "7.959183673469388": 1.5785683732822783e-06, "8.16326530612245": 1.7780263183846154e-06, "8.571428571428571": 2.3185082636185826e-06, "8.36734693877551": 2.0198008500984172e-06, "8.979591836734695": 3.1881354274249538e-06, "9.183673469387756": 3.8533319635727595e-06, "9.387755102040817": 4.800073804345898e-06, "9.591836734693878": 6.249562818744792e-06, "9.795918367346939": 8.735191565320498e-06, "10.0": 1.3952496612655068e-05, "8.775510204081632": 2.696257567082692e-06}