{"0.40816326530612246": 2.5539649831828203e-08, "0.20408163265306123": 1.250196882650453e-08, "1.2244897959183674": 8.378323164419421e-08, "1.0204081632653061": 6.822662498464695e-08, "1.4285714285714286": 1.0008134849800684e-07, "1.836734693877551": 1.3512058071576097e-07, "2.857142857142857": 2.401586650752261e-07, "0.8163265306122449": 5.3362871726433536e-08, "2.6530612244897958": 2.1683258095443085e-07, "0.6122448979591837": 3.914747231265719e-08, "2.4489795918367347": 1.9475781279223564e-07, "3.673469387755102": 3.483385976972796e-07, "3.2653061224489797": 2.9100933413846286e-07, "2.2448979591836737": 1.7383753472002872e-07, "1.6326530612244898": 1.1717428650070328e-07, "3.0612244897959187": 2.648440122402734e-07, "3.8775510204081636": 3.798271863141793e-07, "3.4693877551020407": 3.18790050429658e-07, "2.0408163265306123": 1.5398464611693843e-07, "0.0": 0.0, "4.081632653061225": 4.134511091378201e-07, "4.285714285714286": 4.49432734005866e-07, "4.4897959183673475": 4.880263487403857e-07, "4.6938775510204085": 5.295240758781448e-07, "4.8979591836734695": 5.742631389869344e-07, "5.510204081632653": 7.321819211895144e-07, "5.3061224489795915": 6.750958008086648e-07, "5.1020408163265305": 6.226348494306559e-07, "5.918367346938775": 8.628817086865978e-07, "5.714285714285714": 7.945262602260554e-07, "6.530612244897959": 1.1140224084837964e-06, "6.122448979591837": 9.381503068267218e-07, "6.326530612244898": 1.0214214652752352e-06, "7.346938775510204": 1.6171352756950578e-06, "7.551020408163265": 1.7910361871196328e-06, "7.142857142857143": 1.4662393566810324e-06, "6.73469387755102": 1.2175856353882787e-06, "6.938775510204081": 1.3341404708679093e-06, "7.755102040816327": 1.9934784862414134e-06, "7.959183673469388": 2.2318899106561484e-06, "8.16326530612245": 2.5164643235453823e-06, "8.571428571428571": 3.288117396747932e-06, "8.36734693877551": 2.8615704098173813e-06, "8.979591836734695": 4.530609488209165e-06, "9.183673469387756": 5.481419490191425e-06, "9.387755102040817": 6.834982431652875e-06, "9.591836734693878": 8.907729126711413e-06, "9.795918367346939": 1.2462679636812601e-05, "10.0": 1.9925302286674502e-05, "8.775510204081632": 3.827732966277643e-06}