{"0.40816326530612246": 4.423744936154671e-08, "0.20408163265306123": 2.1662441597907284e-08, "1.2244897959183674": 1.4491360052898491e-07, "1.0204081632653061": 1.180491508630887e-07, "1.4285714285714286": 1.7304038058855033e-07, "1.836734693877551": 2.3345220566495654e-07, "2.857142857142857": 4.141579198341543e-07, "0.8163265306122449": 9.236434013866143e-08, "2.6530612244897958": 3.740723847309748e-07, "0.6122448979591837": 6.778354051413491e-08, "2.4489795918367347": 3.3611552124235823e-07, "3.673469387755102": 5.99801148808159e-07, "3.2653061224489797": 5.014704167969753e-07, "2.2448979591836737": 3.00122794229541e-07, "1.6326530612244898": 2.0252009041238564e-07, "3.0612244897959187": 4.56555557520864e-07, "3.8775510204081636": 6.537686623459958e-07, "3.4693877551020407": 5.491326065949804e-07, "2.0408163265306123": 2.659461925512781e-07, "0.0": 0.0, "4.081632653061225": 7.113669847638164e-07, "4.285714285714286": 7.729739556835685e-07, "4.4897959183673475": 8.390216486367485e-07, "4.6938775510204085": 9.100064203750297e-07, "4.8979591836734695": 9.865012565187409e-07, "5.510204081632653": 1.2562734428915487e-06, "5.3061224489795915": 1.1587915716809199e-06, "5.1020408163265305": 1.0691710402283665e-06, "5.918367346938775": 1.4793272339260145e-06, "5.714285714285714": 1.3626922580416503e-06, "6.530612244897959": 1.9075327955913688e-06, "6.122448979591837": 1.6077109948053136e-06, "6.326530612244898": 1.749694509640214e-06, "7.346938775510204": 2.764394749153145e-06, "7.551020408163265": 3.060380129067571e-06, "7.142857142857143": 2.5074987213507212e-06, "6.73469387755102": 2.0839995340894777e-06, "6.938775510204081": 2.28254261783097e-06, "7.755102040816327": 3.4048613341288e-06, "7.959183673469388": 3.8104582839384263e-06, "8.16326530612245": 4.2944906419299985e-06, "8.571428571428571": 5.606625660366515e-06, "8.36734693877551": 4.881371259915798e-06, "8.979591836734695": 7.718744915634118e-06, "9.183673469387756": 9.334751453764186e-06, "9.387755102040817": 1.1635056235998772e-05, "9.591836734693878": 1.5157291945456204e-05, "9.795918367346939": 2.1197871202133096e-05, "10.0": 3.387779889932958e-05, "8.775510204081632": 6.523990533360334e-06}