{"0.40816326530612246": 1.175470831782377e-11, "0.8163265306122449": 6.135869590195853e-12, "0.6122448979591837": 1.7108536809473662e-13, "1.2244897959183674": 1.80828685358847e-11, "3.2653061224489797": 0.2923025534107665, "0.20408163265306123": 1.1435297153639112e-14, "3.0612244897959187": 0.2566588966434863, "3.673469387755102": 0.3558424366321641, "3.4693877551020407": 0.325250704591604, "3.8775510204081636": 0.38435688757856856, "1.0204081632653061": 1.3988810110276972e-14, "2.857142857142857": 0.21790270039856807, "2.6530612244897958": 0.1755138222137852, "1.4285714285714286": -5.952127679620389e-12, "1.6326530612244898": 5.863087793045452e-13, "2.4489795918367347": 0.12883301874879705, "2.2448979591836737": 0.07700908518537963, "1.836734693877551": 7.701617121824711e-13, "2.0408163265306123": 0.018918806444956915, "0.0": 0.0, "4.285714285714286": 0.4360462066600974, "4.081632653061225": 0.41102638467379715, "5.510204081632653": 0.5593340852947712, "4.6938775510204085": 0.48177519769962796, "5.1020408163265305": 0.522605622903107, "4.4897959183673475": 0.4595819547064197, "5.3061224489795915": 0.5414407272278043, "6.326530612244898": 0.6228033618998312, "6.530612244897959": 0.6369135717514471, "5.918367346938775": 0.5925730258489887, "5.714285714285714": 0.576357085487121, "4.8979591836734695": 0.5027478525819853, "6.122448979591837": 0.6080382968342932, "7.142857142857143": 0.6757055054534504, "6.73469387755102": 0.6504098479063218, "6.938775510204081": 0.6633292583906412, "7.346938775510204": 0.6875693407993072, "7.551020408163265": 0.6989489207478554, "7.755102040816327": 0.709870111313852, "7.959183673469388": 0.7203567513031932, "8.16326530612245": 0.730430880018216, "8.775510204081632": 0.7583755757078885, "8.571428571428571": 0.7494219240302717, "8.36734693877551": 0.7401129349691509, "8.979591836734695": 0.7669904705638452, "9.387755102040817": 0.7832652488573604, "9.183673469387756": 0.7752821563324267, "9.591836734693878": 0.7909535206406177, "9.795918367346939": 0.7983599785216168, "10.0": 0.8054969317826673}