{"0.40816326530612246": 3.8749004005467214e-11, "0.8163265306122449": 2.026256940013127e-11, "0.6122448979591837": 5.653255641391297e-13, "1.2244897959183674": 5.988809448354004e-11, "3.2653061224489797": 0.6841418440018471, "0.20408163265306123": 3.7969627442180354e-14, "3.0612244897959187": 0.6279278533552035, "3.673469387755102": 0.7691621422271775, "3.4693877551020407": 0.7305521023848038, "3.8775510204081636": 0.8014986712162809, "2.857142857142857": 0.5592395464798943, "1.0204081632653061": 4.718447854656915e-14, "2.6530612244897958": 0.4744533595934889, "1.4285714285714286": -1.9739765377835283e-11, "1.6326530612244898": 1.9432233600014115e-12, "2.4489795918367347": 0.3685513751322892, "2.2448979591836737": 0.2344185170338735, "1.836734693877551": 2.5144331061710545e-12, "2.0408163265306123": 0.061682457455996986, "0.0": 0.0, "4.285714285714286": 0.8518124403132881, "4.081632653061225": 0.8287412372749254, "4.6938775510204085": 0.8882123045473058, "5.510204081632653": 0.9348823945352035, "5.1020408163265305": 0.9149663010986722, "4.4897959183673475": 0.8714418881395956, "5.3061224489795915": 0.9256435929970679, "6.326530612244898": 0.961224178181227, "6.530612244897959": 0.9658516851457344, "5.918367346938775": 0.9498620516050226, "5.714285714285714": 0.9428959552919383, "4.8979591836734695": 0.9025932774058043, "6.122448979591837": 0.9559296521703731, "7.142857142857143": 0.9765681013769422, "6.73469387755102": 0.9699022125525887, "6.938775510204081": 0.9734524845762985, "7.346938775510204": 0.9793053275844021, "7.551020408163265": 0.9817125601090188, "7.755102040816327": 0.9838315390514019, "7.959183673469388": 0.9856983515701178, "8.16326530612245": 0.9873442679458528, "8.775510204081632": 0.9912110118868097, "8.571428571428571": 0.9900784930345913, "8.36734693877551": 0.9887964409160841, "8.979591836734695": 0.992211969132982, "9.387755102040817": 0.9938800878997031, "9.591836734693878": 0.9945730602882165, "9.183673469387756": 0.993097076308605, "9.795918367346939": 0.9951865736231141, "10.0": 0.995729922433634}