{"0.0": 0.0, "0.20408163265306123": 0.0, "0.40816326530612246": 0.0, "0.6122448979591837": 0.0, "0.8163265306122449": 0.0, "2.0408163265306123": 0.042704841921517966, "2.4489795918367347": 0.2696979526698713, "2.6530612244897958": 0.3554545004996789, "2.2448979591836737": 0.16711848676630048, "3.0612244897959187": 0.48993578748177413, "1.0204081632653061": 0.0, "2.857142857142857": 0.427983783105031, "1.2244897959183674": 0.0, "3.4693877551020407": 0.5896228375131011, "3.2653061224489797": 0.5433057297849555, "3.673469387755102": 0.6300799760736545, "1.4285714285714286": 0.0, "3.8775510204081636": 0.6656197703887197, "4.081632653061225": 0.6969977989879033, "4.285714285714286": 0.724825650567076, "1.6326530612244898": -5e-324, "4.4897959183673475": 0.7496043160704893, "4.6938775510204085": 0.771747251630111, "1.836734693877551": 2e-323, "4.8979591836734695": 0.7915990890430183, "5.1020408163265305": 0.8094491963520173, "5.3061224489795915": 0.825541774390339, "5.510204081632653": 0.8400849530608819, "5.714285714285714": 0.8532564370147429, "6.122448979591837": 0.8760757344514378, "5.918367346938775": 0.865209346841513, "6.326530612244898": 0.8859703230851413, "6.530612244897959": 0.8949930478549093, "6.73469387755102": 0.9032309632716856, "6.938775510204081": 0.9107604888101838, "7.142857142857143": 0.917648390981033, "7.551020408163265": 0.9297266135311557, "7.755102040816327": 0.9350130162527989, "7.346938775510204": 0.923953350740868, "7.959183673469388": 0.9398515588479917, "8.16326530612245": 0.9442758078223515, "8.36734693877551": 0.9483145586737904, "8.571428571428571": 0.9519919607819858, "8.775510204081632": 0.9553279702318597, "9.183673469387756": 0.9610356967329629, "9.387755102040817": 0.963427934549277, "8.979591836734695": 0.9583385316344896, "9.591836734693878": 0.9655202315322318, "9.795918367346939": 0.9673141630007754, "10.0": 0.9688081910522739}