{"0.40816326530612246": 1.2615464228815656e-13, "0.20408163265306123": 5.256017843180417e-13, "0.6122448979591837": 2.5660618074851984e-11, "1.6326530612244898": 3.395252246018999e-10, "1.4285714285714286": 1.327233045689269e-10, "3.2653061224489797": 0.5996880931060542, "3.673469387755102": 0.6758947780589144, "1.0204081632653061": 5.3235826857900294e-11, "3.4693877551020407": 0.6406842008728951, "0.8163265306122449": 9.504008691152422e-13, "1.2244897959183674": 3.977868034965582e-12, "2.2448979591836737": 0.23947153708093794, "2.6530612244897958": 0.4258052094462827, "3.0612244897959187": 0.5515291782532684, "2.857142857142857": 0.49438585017253256, "2.4489795918367347": 0.342415700988639, "3.8775510204081636": 0.7063777414725843, "2.0408163265306123": 0.11010395854718444, "0.0": 0.0, "1.836734693877551": 5.359069854549148e-11, "5.510204081632653": 0.8510339991137459, "4.4897959183673475": 0.7768742461911115, "4.285714285714286": 0.7562831545489848, "5.3061224489795915": 0.8391770816698225, "5.1020408163265305": 0.8260450216964931, "4.081632653061225": 0.7329571828878263, "6.938775510204081": 0.9091968446116634, "5.918367346938775": 0.8715416341020202, "6.122448979591837": 0.88044364520143, "4.6938775510204085": 0.7951484217672127, "4.8979591836734695": 0.8114456928117119, "6.326530612244898": 0.8885813568883655, "5.714285714285714": 0.8617768735480509, "7.551020408163265": 0.9253680083715531, "7.346938775510204": 0.9203908737947446, "7.142857142857143": 0.9150144898980013, "6.530612244897959": 0.8960392205855109, "7.755102040816327": 0.9299828806352719, "6.73469387755102": 0.9028900347731232, "7.959183673469388": 0.9342681733311574, "8.571428571428571": 0.9454208343858432, "8.16326530612245": 0.9382528676025963, "8.775510204081632": 0.9486477326219537, "9.387755102040817": 0.9571174129027107, "8.36734693877551": 0.9419627490460372, "9.183673469387756": 0.9544801608548446, "8.979591836734695": 0.9516619518501563, "9.795918367346939": 0.9619023074273577, "9.591836734693878": 0.9595873378283752, "10.0": 0.9640735783026386}