{"0.6122448979591837": 2.4268940119658963e-07, "0.20408163265306123": 6.975830579135693e-08, "1.2244897959183674": 6.382378917357309e-07, "1.0204081632653061": 4.813362590602807e-07, "0.8163265306122449": 3.516602911405322e-07, "0.40816326530612246": 1.498313103710996e-07, "1.6326530612244898": 1.0771285776884229e-06, "2.0408163265306123": 1.8337092134432663e-06, "1.836734693877551": 1.397452529999313e-06, "3.673469387755102": 0.2616849852903842, "2.2448979591836737": 2.462742134768552e-06, "2.4489795918367347": 3.4485660772229204e-06, "3.8775510204081636": 0.3419151466396081, "0.0": 0.0, "3.4693877551020407": 0.168260229589491, "2.6530612244897958": 5.214905496331639e-06, "1.4285714285714286": 8.319449179829059e-07, "3.0612244897959187": 2.8884860253356075e-05, "2.857142857142857": 9.29602921817399e-06, "4.285714285714286": 0.47154781045657734, "4.081632653061225": 0.41126086847555765, "5.1020408163265305": 0.6474184989132036, "3.2653061224489797": 0.058693082147630034, "5.3061224489795915": 0.6795141990755248, "4.8979591836734695": 0.611296939647478, "4.6938775510204085": 0.5704980310988469, "6.73469387755102": 0.8278273299467609, "6.122448979591837": 0.7772779057109482, "5.918367346938775": 0.7566538436436391, "6.530612244897959": 0.8126437154420036, "6.938775510204081": 0.8415888534564089, "6.326530612244898": 0.7958619756166956, "5.714285714285714": 0.733712128674665, "7.142857142857143": 0.8540804454402691, "4.4897959183673475": 0.5242345206245362, "7.346938775510204": 0.8654338970707978, "5.510204081632653": 0.7081269602081762, "7.551020408163265": 0.8757635056517545, "7.755102040816327": 0.8851684396603492, "8.775510204081632": 0.9209548478513678, "9.183673469387756": 0.931030982075076, "8.979591836734695": 0.9262556302063736, "8.571428571428571": 0.9150957266429933, "8.36734693877551": 0.9086386643220474, "9.387755102040817": 0.9353076932065899, "10.0": 0.9453321925061687, "9.591836734693878": 0.9391069342074341, "9.795918367346939": 0.942444697252688, "7.959183673469388": 0.8937346912820767, "8.16326530612245": 0.901536693584614}