{"0.20408163265306123": 7.438494264988549e-14, "0.40816326530612246": 9.658940314238862e-15, "3.4693877551020407": 0.48367257910139994, "1.2244897959183674": 8.484157820731753e-11, "0.6122448979591837": 1.2789769243681803e-12, "3.673469387755102": 0.5216270916245941, "3.2653061224489797": 0.4414713587616811, "3.0612244897959187": 0.3942935211321915, "0.8163265306122449": 1.1102230246251565e-16, "1.0204081632653061": 5.062616992290714e-14, "3.8775510204081636": 0.5559250764876047, "1.4285714285714286": -6.221756443380855e-11, "2.857142857142857": 0.3412241335280112, "2.6530612244897958": 0.28109873249369044, "2.4489795918367347": 0.21240921064314677, "1.6326530612244898": 2.6695645694019277e-11, "2.0408163265306123": 0.04066272539056548, "2.2448979591836737": 0.13316265774596237, "1.836734693877551": 8.438472143268427e-12, "0.0": 0.0, "4.081632653061225": 0.5870494674174114, "4.285714285714286": 0.6153996880299595, "4.4897959183673475": 0.6413092890932848, "6.122448979591837": 0.7872086255288987, "5.918367346938775": 0.773462005117584, "4.6938775510204085": 0.6650592521855488, "4.8979591836734695": 0.6868881612975615, "5.510204081632653": 0.7427522245877555, "6.326530612244898": 0.800007522413111, "5.3061224489795915": 0.725570693919685, "6.530612244897959": 0.8119389472558383, "5.1020408163265305": 0.7070000759632907, "5.714285714285714": 0.7586772795921772, "7.142857142857143": 0.8432071525181065, "6.938775510204081": 0.8334780163442908, "6.73469387755102": 0.8230744407646555, "7.346938775510204": 0.8523136295798142, "7.551020408163265": 0.8608442384709585, "8.36734693877551": 0.8900006437264149, "7.755102040816327": 0.8688413842490053, "8.16326530612245": 0.8833860006360257, "8.571428571428571": 0.8962168815156036, "7.959183673469388": 0.876343602127817, "8.775510204081632": 0.9020616376102528, "9.183673469387756": 0.9127337381312521, "8.979591836734695": 0.9075596595942285, "9.591836734693878": 0.9221925734811719, "10.0": 0.9305880859712283, "9.387755102040817": 0.917604899230499, "9.795918367346939": 0.9265147454544878}