{"1.0204081632653061": 2.500771293929893e-07, "0.20408163265306123": 3.373273294039651e-08, "3.4693877551020407": 0.3557681405507636, "0.40816326530612246": 7.339050265671074e-08, "0.6122448979591837": 1.2074558010123828e-07, "1.4285714285714286": 4.6406710000074196e-07, "2.4489795918367347": 4.774608288942235e-06, "0.8163265306122449": 1.7835939265010783e-07, "3.673469387755102": 0.41737893159672296, "1.2244897959183674": 3.4194768759043717e-07, "2.0408163265306123": 1.316326395545094e-06, "3.2653061224489797": 0.2854408339146005, "3.8775510204081636": 0.4716345864442246, "1.6326530612244898": 6.346442865782408e-07, "3.0612244897959187": 0.20469511468022208, "1.836734693877551": 8.902006672451002e-07, "2.857142857142857": 0.11137698096935672, "2.2448979591836737": 2.171776582508604e-06, "0.0": 0.0, "4.081632653061225": 0.5196363408983372, "2.6530612244897958": 0.0029120364176448386, "4.285714285714286": 0.5622839684524202, "6.122448979591837": 0.7955626381390937, "4.4897959183673475": 0.6003192940106999, "4.8979591836734695": 0.6649191959220955, "7.346938775510204": 0.8704307081037198, "6.530612244897959": 0.8250276634900217, "6.938775510204081": 0.8496912353864634, "6.73469387755102": 0.8378993892382273, "5.3061224489795915": 0.7172767484745273, "5.918367346938775": 0.7786842483086173, "4.6938775510204085": 0.6343589254742862, "6.326530612244898": 0.8109597179682667, "7.142857142857143": 0.8605051863021891, "7.959183673469388": 0.895613877664183, "5.1020408163265305": 0.6924353939639304, "5.714285714285714": 0.7601498462667086, "7.755102040816327": 0.8879206356180438, "5.510204081632653": 0.7397582178208888, "7.551020408163265": 0.8795462743676836, "8.36734693877551": 0.9091591846669471, "8.16326530612245": 0.9026783056915031, "8.571428571428571": 0.9150953615433077, "8.775510204081632": 0.920519790874382, "10.0": 0.9435238730901073, "9.183673469387756": 0.9299383849564266, "8.979591836734695": 0.9254599821918138, "9.387755102040817": 0.9339727247552738, "9.591836734693878": 0.9375763026244379, "9.795918367346939": 0.9407582678321864}