{"1.0204081632653061": 3.286228965273898e-07, "0.20408163265306123": 4.367305648196277e-08, "3.4693877551020407": 0.4460253948654583, "0.40816326530612246": 9.535645062346368e-08, "0.6122448979591837": 1.5746107169992326e-07, "1.4285714285714286": 6.147872954516582e-07, "2.4489795918367347": 6.469593816961816e-06, "0.8163265306122449": 2.334721910112198e-07, "3.673469387755102": 0.515062722378409, "1.2244897959183674": 4.511466606741704e-07, "2.0408163265306123": 1.7668553213054276e-06, "3.2653061224489797": 0.3641398560091932, "3.8775510204081636": 0.5736958504548167, "1.6326530612244898": 8.443347666066108e-07, "3.0612244897959187": 0.26620804090766065, "1.836734693877551": 1.1895127132201596e-06, "2.857142857142857": 0.14797938467073585, "2.2448979591836737": 2.9286734204372593e-06, "0.0": 0.0, "4.081632653061225": 0.623818871328133, "2.6530612244897958": 0.003962437366675805, "4.285714285714286": 0.6669182059793581, "6.122448979591837": 0.8756580018590758, "4.4897959183673475": 0.7041735647242705, "4.8979591836734695": 0.7647553422158032, "7.346938775510204": 0.9306915758195046, "6.530612244897959": 0.8981795306932028, "6.938775510204081": 0.9161955076217625, "6.73469387755102": 0.9076820593714197, "5.3061224489795915": 0.811193656088501, "5.918367346938775": 0.8623047539451132, "4.6938775510204085": 0.7365308100533928, "6.326530612244898": 0.8875561502900691, "7.142857142857143": 0.9238329522859652, "7.959183673469388": 0.947372966926876, "5.1020408163265305": 0.7894717539953149, "5.714285714285714": 0.8472843497413768, "7.755102040816327": 0.9423948805065543, "5.510204081632653": 0.8303463662041273, "7.551020408163265": 0.93685494646468, "8.36734693877551": 0.9558460997002002, "8.16326530612245": 0.9518418183539475, "8.571428571428571": 0.9594233761898703, "8.775510204081632": 0.9626048151185552, "10.0": 0.9744498203250133, "9.183673469387756": 0.9678762695919387, "8.979591836734695": 0.9654157697978064, "9.387755102040817": 0.9700014362729088, "9.591836734693878": 0.9718018439308035, "9.795918367346939": 0.9732838371866498}