{"1.0204081632653061": 2.9327730131690954e-07, "0.20408163265306123": 3.919991088825795e-08, "3.4693877551020407": 0.40540963042384576, "0.40816326530612246": 8.547177403842486e-08, "1.4285714285714286": 5.469632074987459e-07, "0.6122448979591837": 1.4093910048051508e-07, "2.4489795918367347": 5.7068503293530044e-06, "0.8163265306122449": 2.0867143174871943e-07, "3.673469387755102": 0.4711050165266504, "1.2244897959183674": 4.020071227864904e-07, "2.0408163265306123": 1.5641173047132774e-06, "3.2653061224489797": 0.3287252960666265, "3.8775510204081636": 0.5277682816500502, "1.6326530612244898": 7.499740505938443e-07, "3.0612244897959187": 0.23852722410531335, "1.836734693877551": 1.054822292531383e-06, "2.857142857142857": 0.13150830300511518, "2.2448979591836737": 2.588069843369365e-06, "0.0": 0.0, "4.081632653061225": 0.576936732634725, "2.6530612244897958": 0.0034897569396118698, "4.285714285714286": 0.6198327990922359, "6.122448979591837": 0.8396150881850838, "4.4897959183673475": 0.6574391429031637, "4.8979591836734695": 0.7198290763836351, "7.346938775510204": 0.9035741853474014, "6.530612244897959": 0.8652611904517713, "6.938775510204081": 0.8862685851158779, "6.73469387755102": 0.876279857811483, "5.3061224489795915": 0.7689310476622127, "5.918367346938775": 0.8246755264086902, "4.6938775510204085": 0.6905534619927949, "6.326530612244898": 0.8530877557452581, "7.142857142857143": 0.8953354575932659, "7.959183673469388": 0.9240813767586642, "5.1020408163265305": 0.7458053919811919, "5.714285714285714": 0.808073823177776, "7.755102040816327": 0.9178814703067245, "5.510204081632653": 0.7895816994316702, "7.551020408163265": 0.9110660440210318, "8.36734693877551": 0.9348369879352362, "8.16326530612245": 0.9297182376558476, "8.571428571428571": 0.9394757695989171, "8.775510204081632": 0.9436665542086772, "10.0": 0.9605331440693056, "9.183673469387756": 0.9508042215059582, "8.979591836734695": 0.9474356653751097, "9.387755102040817": 0.9537885160899731, "9.591836734693878": 0.9564003503429389, "9.795918367346939": 0.958647330977141}