{"2.2448979591836737": 1.3817334260016877e-07, "1.0204081632653061": 5.442355257525099e-08, "3.4693877551020407": 2.5245448613718126e-07, "0.40816326530612246": 2.0408262358349578e-08, "1.2244897959183674": 6.67935875329404e-08, "0.20408163265306123": 9.995846844655257e-09, "0.6122448979591837": 3.1263919835922944e-08, "1.6326530612244898": 9.330293060712842e-08, "1.4285714285714286": 7.973961550693989e-08, "0.0": 0.0, "3.673469387755102": 2.7568163213149634e-07, "2.857142857142857": 1.9053913678094532e-07, "2.6530612244897958": 1.72138021449805e-07, "0.8163265306122449": 4.2591820391229157e-08, "2.4489795918367347": 1.5470775292085413e-07, "2.0408163265306123": 1.224673322978754e-07, "3.0612244897959187": 2.0999469880903482e-07, "1.836734693877551": 1.0752887212051823e-07, "3.2653061224489797": 2.3059819120034035e-07, "3.8775510204081636": 3.004129886518011e-07, "4.081632653061225": 3.2679978802160814e-07, "4.285714285714286": 3.5501422676829417e-07, "7.346938775510204": 1.2647317755925685e-06, "4.4897959183673475": 3.85253217044128e-07, "4.8979591836734695": 4.5274460342887437e-07, "5.3061224489795915": 5.315461227699886e-07, "4.6938775510204085": 4.177429662984744e-07, "5.1020408163265305": 4.905611370007708e-07, "5.918367346938775": 6.780552121492322e-07, "6.122448979591837": 7.367088875267965e-07, "5.714285714285714": 6.247565827540357e-07, "5.510204081632653": 5.761145438685374e-07, "6.938775510204081": 1.0448387288317457e-06, "6.73469387755102": 9.54208403107878e-07, "7.959183673469388": 1.7419068402174133e-06, "6.326530612244898": 8.015611403672045e-07, "6.530612244897959": 8.736396352089793e-07, "7.142857142857143": 1.1475069375418087e-06, "7.551020408163265": 1.3997714242541783e-06, "7.755102040816327": 1.5569126806638916e-06, "8.16326530612245": 1.962647091748805e-06, "8.36734693877551": 2.2302593770113663e-06, "9.591836734693878": 6.914524368758882e-06, "8.571428571428571": 2.560934397540027e-06, "8.979591836734695": 3.5238132660007108e-06, "8.775510204081632": 2.979163094335412e-06, "10.0": 1.5450195991666597e-05, "9.795918367346939": 9.668188294048549e-06, "9.387755102040817": 5.30899511036275e-06, "9.183673469387756": 4.260456382899858e-06}