{"2.2448979591836737": 1.4411737718953578e-07, "1.0204081632653061": 5.672406497956486e-08, "3.4693877551020407": 2.635104239431287e-07, "0.40816326530612246": 2.1263493647633664e-08, "1.2244897959183674": 6.962519540491244e-08, "0.20408163265306123": 1.0413533851854249e-08, "0.6122448979591837": 3.257784535393599e-08, "1.6326530612244898": 9.728149099569422e-08, "1.4285714285714286": 8.31299051007484e-08, "0.0": 0.0, "3.673469387755102": 2.877911392715195e-07, "2.857142857142857": 1.9880906353059444e-07, "2.6530612244897958": 1.7958711894306407e-07, "0.8163265306122449": 4.4386995814209124e-08, "2.4489795918367347": 1.6138276622062207e-07, "2.0408163265306123": 1.277202198933316e-07, "1.836734693877551": 1.1212749168631389e-07, "3.0612244897959187": 2.1913625778447482e-07, "3.2653061224489797": 2.406667234251928e-07, "3.8775510204081636": 3.1364870412363835e-07, "4.081632653061225": 3.41241694362196e-07, "4.285714285714286": 3.7075066854568784e-07, "7.346938775510204": 1.3234663682524233e-06, "4.4897959183673475": 4.023821016216739e-07, "4.8979591836734695": 4.729977366789335e-07, "5.3061224489795915": 5.554711354382841e-07, "4.6938775510204085": 4.363731871198369e-07, "5.1020408163265305": 5.12573476377756e-07, "5.918367346938775": 7.088597534141389e-07, "6.122448979591837": 7.702826133337532e-07, "5.714285714285714": 6.530516299413879e-07, "5.510204081632653": 6.021258551247396e-07, "6.938775510204081": 1.0930560856825938e-06, "6.73469387755102": 9.981049208250127e-07, "7.959183673469388": 1.8235723381342793e-06, "6.530612244897959": 9.137036768121573e-07, "6.326530612244898": 8.382047231133679e-07, "7.142857142857143": 1.20062952432749e-06, "7.551020408163265": 1.4649831138590591e-06, "7.755102040816327": 1.629674853967531e-06, "8.16326530612245": 2.05495227936348e-06, "8.36734693877551": 2.335481212674173e-06, "9.591836734693878": 7.246814161508815e-06, "8.571428571428571": 2.6821365084832035e-06, "8.979591836734695": 3.6916250451274307e-06, "8.775510204081632": 3.1205990440899716e-06, "10.0": 1.6197008203591605e-05, "9.795918367346939": 1.0134176202046577e-05, "9.387755102040817": 5.563367298350455e-06, "9.183673469387756": 4.463971776830645e-06}