{"2.2448979591836737": 1.4055095643591553e-07, "1.0204081632653061": 5.534375753697655e-08, "3.4693877551020407": 2.5687686125956023e-07, "0.40816326530612246": 2.0750354874063215e-08, "1.2244897959183674": 6.792623068172921e-08, "0.20408163265306123": 1.0162921647534853e-08, "0.6122448979591837": 3.178949004312814e-08, "1.6326530612244898": 9.489435476255474e-08, "1.4285714285714286": 8.10957313444633e-08, "0.0": 0.0, "3.673469387755102": 2.805254349875056e-07, "2.857142857142857": 1.9384710748080498e-07, "2.6530612244897958": 1.751176604471086e-07, "0.8163265306122449": 4.3309890560421125e-08, "2.4489795918367347": 1.5737775824076127e-07, "2.0408163265306123": 1.245684873360579e-07, "1.836734693877551": 1.0936831994683645e-07, "3.0612244897959187": 2.1365132239921077e-07, "3.2653061224489797": 2.3462560409028134e-07, "3.8775510204081636": 3.0570727484053585e-07, "4.081632653061225": 3.325765505578433e-07, "4.285714285714286": 3.6130880347925177e-07, "4.4897959183673475": 3.9210477087514625e-07, "7.346938775510204": 1.2882256126565106e-06, "4.8979591836734695": 4.60845856728898e-07, "5.3061224489795915": 5.411161278373069e-07, "4.6938775510204085": 4.251950546270195e-07, "5.1020408163265305": 4.993660727515649e-07, "5.918367346938775": 6.90377028655195e-07, "6.122448979591837": 7.501383778495791e-07, "5.510204081632653": 5.865190683710184e-07, "5.714285714285714": 6.360746016289764e-07, "6.938775510204081": 1.0641256715720845e-06, "6.73469387755102": 9.717670101947315e-07, "7.959183673469388": 1.7745730393841596e-06, "6.326530612244898": 8.162185734656698e-07, "6.530612244897959": 8.896652518502505e-07, "7.142857142857143": 1.1687559722560812e-06, "7.551020408163265": 1.4258561000961304e-06, "7.755102040816327": 1.5860175499853475e-06, "8.16326530612245": 1.999569166794675e-06, "8.36734693877551": 2.2723481112764893e-06, "9.591836734693878": 7.047440285858855e-06, "8.571428571428571": 2.6094152419172982e-06, "8.979591836734695": 3.590937977651398e-06, "8.775510204081632": 3.0357374742372363e-06, "10.0": 1.5748920876436604e-05, "9.795918367346939": 9.854583457247757e-06, "9.387755102040817": 5.410743985557833e-06, "9.183673469387756": 4.3418625404721725e-06}