{"1.0204081632653061": 5.00000021337973e-07, "0.40816326530612246": 5.000000034140756e-07, "0.8163265306122449": 5.000000136563024e-07, "0.20408163265306123": 5.000000008535189e-07, "1.836734693877551": 5.000000691350447e-07, "0.6122448979591837": 5.000000076816701e-07, "1.4285714285714286": 5.000000418224298e-07, "1.2244897959183674": 5.000000307266819e-07, "1.6326530612244898": 5.000000546252172e-07, "3.673469387755102": 5.000002765404434e-07, "3.2653061224489797": 5.000002185010376e-07, "2.857142857142857": 5.00000167289815e-07, "3.0612244897959187": 5.00000192041903e-07, "2.2448979591836737": 5.000001032758233e-07, "2.0408163265306123": 5.00000085351913e-07, "3.8775510204081636": 5.000003081207046e-07, "2.4489795918367347": 5.000001229067763e-07, "3.4693877551020407": 5.000002466672186e-07, "0.0": 5e-07, "2.6530612244897958": 5.000001442447731e-07, "4.081632653061225": 5.000003414079854e-07, "4.4897959183673475": 5.000004131034419e-07, "4.6938775510204085": 5.000004515114393e-07, "4.285714285714286": 5.000003764022525e-07, "7.959183673469388": 0.6008211002352871, "5.714285714285714": 5.000006691404628e-07, "8.16326530612245": 0.6324212998150348, "5.510204081632653": 5.000006222051792e-07, "5.918367346938775": 5.000007177775965e-07, "4.8979591836734695": 5.000004916260474e-07, "7.755102040816327": 0.5616848749843208, "5.1020408163265305": 5.000005334469394e-07, "7.551020408163265": 0.5082435253950657, "5.3061224489795915": 5.000005769735899e-07, "6.530612244897959": 5.00000873867476e-07, "6.122448979591837": 5.000007681139107e-07, "8.571428571428571": 0.6820823591796766, "6.326530612244898": 5.000008201456221e-07, "8.36734693877551": 0.6590640830084399, "9.795918367346939": 0.7749587224585791, "10.0": 0.78537084737637, "8.775510204081632": 0.7022784742132285, "8.979591836734695": 0.7201817124518527, "9.387755102040817": 0.750492044089521, "9.591836734693878": 0.763372369361523, "9.183673469387756": 0.7361627670771995, "6.73469387755102": 0.3263432486573418, "7.142857142857143": 0.37033878499889983, "6.938775510204081": 0.34932710086488533, "7.346938775510204": 0.38934655652921235}