{"1.0204081632653061": 5.000000351148804e-07, "0.40816326530612246": 5.000000056183808e-07, "0.8163265306122449": 5.000000224735232e-07, "0.20408163265306123": 5.000000014045952e-07, "1.836734693877551": 5.000001137722292e-07, "0.6122448979591837": 5.000000126413569e-07, "1.4285714285714286": 5.000000688251691e-07, "1.2244897959183674": 5.000000505654288e-07, "1.6326530612244898": 5.000000898941022e-07, "3.673469387755102": 5.000004550893226e-07, "3.2653061224489797": 5.00000359576666e-07, "2.857142857142857": 5.0000027530082e-07, "3.0612244897959187": 5.000003160341409e-07, "2.2448979591836737": 5.000001699560697e-07, "2.0408163265306123": 5.000001404595511e-07, "3.8775510204081636": 5.000005070594377e-07, "2.4489795918367347": 5.000002022617861e-07, "3.4693877551020407": 5.000004059283947e-07, "0.0": 5e-07, "2.6530612244897958": 5.000002373767022e-07, "4.081632653061225": 5.000005618387124e-07, "4.4897959183673475": 5.000006798244694e-07, "4.6938775510204085": 5.000007430306583e-07, "4.285714285714286": 5.000006194270913e-07, "7.959183673469388": 0.7232469389097145, "5.714285714285714": 5.000011011722348e-07, "8.16326530612245": 0.7520157723709632, "5.510204081632653": 5.000010239331064e-07, "5.918367346938775": 5.000011812120149e-07, "4.8979591836734695": 5.000008090453336e-07, "7.755102040816327": 0.6862989111408181, "5.1020408163265305": 5.000008778679572e-07, "7.551020408163265": 0.6335966514570739, "5.3061224489795915": 5.000009494976643e-07, "6.530612244897959": 5.000014380815794e-07, "6.122448979591837": 5.000012640480532e-07, "8.571428571428571": 0.7951836986055605, "6.326530612244898": 5.00001349674124e-07, "8.36734693877551": 0.7754965869264598, "9.795918367346939": 0.8681257528465811, "10.0": 0.8754941438783368, "8.775510204081632": 0.8119751580526693, "8.979591836734695": 0.8264618021513344, "9.387755102040817": 0.8500576968485802, "9.591836734693878": 0.8596907330855598, "9.183673469387756": 0.8390560611397797, "6.73469387755102": 0.43765510030263177, "7.142857142857143": 0.4869319311697645, "6.938775510204081": 0.46365979883033076, "7.346938775510204": 0.5075485870198749}