{"1.0204081632653061": 5.000000463868955e-07, "0.40816326530612246": 5.000000074219033e-07, "0.8163265306122449": 5.000000296876129e-07, "0.20408163265306123": 5.000000018554758e-07, "1.836734693877551": 5.000001502935619e-07, "0.6122448979591837": 5.000000166992823e-07, "1.4285714285714286": 5.000000909183194e-07, "1.2244897959183674": 5.000000667971307e-07, "1.6326530612244898": 5.000001187504627e-07, "3.673469387755102": 5.000006011747693e-07, "3.2653061224489797": 5.000004750021801e-07, "2.857142857142857": 5.000003636734604e-07, "3.0612244897959187": 5.000004174823355e-07, "2.2448979591836737": 5.000002245126348e-07, "2.0408163265306123": 5.000001855476187e-07, "3.8775510204081636": 5.000006698274921e-07, "2.4489795918367347": 5.000002671886122e-07, "3.4693877551020407": 5.000005362329933e-07, "0.0": 5e-07, "2.6530612244897958": 5.000003135755532e-07, "4.081632653061225": 5.000007421911253e-07, "4.4897959183673475": 5.000008980507644e-07, "4.6938775510204085": 5.000009815463828e-07, "4.285714285714286": 5.000008182655956e-07, "7.959183673469388": 0.8234135341887913, "8.16326530612245": 0.8498657953712682, "5.714285714285714": 5.000014546527753e-07, "5.510204081632653": 5.000013526195921e-07, "5.918367346938775": 5.000015603856298e-07, "4.8979591836734695": 5.000010687520221e-07, "7.755102040816327": 0.7882558498143157, "5.1020408163265305": 5.000011596669716e-07, "7.551020408163265": 0.7361583000532623, "5.3061224489795915": 5.000012542900889e-07, "6.530612244897959": 5.000018997113005e-07, "6.122448979591837": 5.000016698123516e-07, "8.571428571428571": 0.8877211581358289, "6.326530612244898": 5.000017829247164e-07, "8.36734693877551": 0.8707595446775671, "9.795918367346939": 0.9443533231640371, "10.0": 0.949231386470855, "8.775510204081632": 0.9017269902849389, "8.979591836734695": 0.913418239178183, "9.387755102040817": 0.931520503651447, "9.591836734693878": 0.9384966670415897, "9.183673469387756": 0.923241483554618, "6.73469387755102": 0.5287284334669599, "7.142857142857143": 0.582326323491381, "6.938775510204081": 0.5572047335293315, "7.346938775510204": 0.6042593392395079}