{"0.20408163265306123": 5.103644286840805e-07, "3.0612244897959187": 7.479308326089336e-07, "1.2244897959183674": 5.715698551209892e-07, "3.2653061224489797": 7.765407486484985e-07, "0.6122448979591837": 5.328053965590413e-07, "2.2448979591836737": 6.549994323915392e-07, "0.40816326530612246": 5.212833767986578e-07, "1.836734693877551": 6.182000127679649e-07, "1.0204081632653061": 5.57883351346092e-07, "0.8163265306122449": 5.44984952384856e-07, "3.673469387755102": 8.426088548849143e-07, "2.857142857142857": 7.217538689994125e-07, "3.8775510204081636": 8.810598026954309e-07, "1.4285714285714286": 5.86123016168668e-07, "1.6326530612244898": 6.016322927004852e-07, "2.4489795918367347": 6.755247375031361e-07, "2.6530612244897958": 6.977039942417256e-07, "3.4693877551020407": 8.079513735650102e-07, "2.0408163265306123": 6.3594377881188e-07, "0.0": 5e-07, "4.4897959183673475": 1.0268611153701038e-06, "4.285714285714286": 9.722220823248874e-07, "4.081632653061225": 9.239812606752635e-07, "4.6938775510204085": 1.0892907334499732e-06, "4.8979591836734695": 1.161339598226089e-06, "5.1020408163265305": 1.2454579607221722e-06, "5.3061224489795915": 1.3450061032584696e-06, "5.714285714285714": 1.611493288780662e-06, "5.510204081632653": 1.4647197241412403e-06, "5.918367346938775": 1.795767324398257e-06, "6.530612244897959": 2.8090512861135317e-06, "6.122448979591837": 2.034142917621038e-06, "6.326530612244898": 2.3547088531795933e-06, "6.938775510204081": 4.6961896953218094e-06, "6.73469387755102": 3.5033106067456072e-06, "7.346938775510204": 1.621631893838145e-05, "7.959183673469388": 0.07492337095908884, "7.142857142857143": 7.226699026438744e-06, "7.551020408163265": 0.007772182848431147, "7.755102040816327": 0.04216856249502216, "8.571428571428571": 0.16390031936880398, "8.16326530612245": 0.10608254109203442, "8.36734693877551": 0.13571955954067488, "9.183673469387756": 0.2402432380650512, "8.979591836734695": 0.2161159786990667, "9.387755102040817": 0.2630999185065173, "9.591836734693878": 0.2847152450173794, "8.775510204081632": 0.19068250729336317, "9.795918367346939": 0.305112481979138, "10.0": 0.324309369279007}