{"0.20408163265306123": 5.127685746870078e-07, "3.0612244897959187": 8.122422858543943e-07, "1.2244897959183674": 5.888229169214887e-07, "3.2653061224489797": 8.488844965295289e-07, "0.6122448979591837": 5.405317032602977e-07, "2.2448979591836737": 6.938910784056823e-07, "0.40816326530612246": 5.262578719903042e-07, "1.836734693877551": 6.473812627749654e-07, "1.0204081632653061": 5.717283748692542e-07, "0.8163265306122449": 5.556616669971656e-07, "3.673469387755102": 9.3378972227188e-07, "2.857142857142857": 7.787933929960068e-07, "3.8775510204081636": 9.83360490421151e-07, "1.4285714285714286": 6.070486222469476e-07, "1.6326530612244898": 6.265231870514617e-07, "2.4489795918367347": 7.199293140328991e-07, "2.6530612244897958": 7.481349853797258e-07, "3.4693877551020407": 8.892044135317591e-07, "2.0408163265306123": 6.697776246420522e-07, "0.0": 5e-07, "4.4897959183673475": 1.1721136911751103e-06, "4.285714285714286": 1.1012525884699778e-06, "4.081632653061225": 1.0388086632216762e-06, "4.6938775510204085": 1.2532265506654537e-06, "4.8979591836734695": 1.3470006752173751e-06, "5.1020408163265305": 1.4566646903131292e-06, "5.3061224489795915": 1.5866464445311484e-06, "5.714285714285714": 1.9353693666489964e-06, "5.510204081632653": 1.7431862886010778e-06, "5.918367346938775": 2.176953776094303e-06, "6.530612244897959": 3.508396809324595e-06, "6.122448979591837": 2.4898159176199564e-06, "6.326530612244898": 2.9109705217075544e-06, "6.938775510204081": 5.992588451178223e-06, "6.73469387755102": 4.421964717845065e-06, "7.346938775510204": 2.1170873266825716e-05, "7.959183673469388": 0.09697341877275506, "7.142857142857143": 9.325900663651597e-06, "7.551020408163265": 0.010222861697170824, "7.755102040816327": 0.05501038819331934, "8.571428571428571": 0.20761498082410518, "8.16326530612245": 0.1362742739511741, "8.36734693877551": 0.1730994076981573, "9.183673469387756": 0.2986842612260854, "8.979591836734695": 0.27028638304115027, "9.387755102040817": 0.3252600180844492, "9.591836734693878": 0.35009946197909875, "8.775510204081632": 0.2399676459471258, "9.795918367346939": 0.3732767196151488, "10.0": 0.3948553525738041}