{"0.20408163265306123": 5.147356032348575e-07, "3.0612244897959187": 8.648607476006803e-07, "1.2244897959183674": 6.029390583946246e-07, "3.2653061224489797": 9.080748357049174e-07, "0.6122448979591837": 5.468532269249622e-07, "0.40816326530612246": 5.303279135107423e-07, "2.2448979591836737": 7.257115160536173e-07, "1.836734693877551": 6.712568309625112e-07, "1.0204081632653061": 5.830561213882051e-07, "0.8163265306122449": 5.643971607708735e-07, "3.673469387755102": 1.0083922501339428e-06, "2.857142857142857": 8.254620944477656e-07, "1.4285714285714286": 6.24169572674631e-07, "3.8775510204081636": 1.0670610531058308e-06, "1.6326530612244898": 6.468884642477152e-07, "2.4489795918367347": 7.562603311936142e-07, "2.6530612244897958": 7.893967054017259e-07, "3.4693877551020407": 9.556841735045535e-07, "2.0408163265306123": 6.974598621394658e-07, "0.0": 5e-07, "4.4897959183673475": 1.2909567077428426e-06, "4.285714285714286": 1.2068230025886884e-06, "4.081632653061225": 1.1327583562141955e-06, "4.6938775510204085": 1.3873558556599377e-06, "4.8979591836734695": 1.4989051927556999e-06, "5.1020408163265305": 1.6294701963420939e-06, "5.3061224489795915": 1.7843521782997037e-06, "5.714285714285714": 2.200358884904906e-06, "5.510204081632653": 1.971022568613672e-06, "5.918367346938775": 2.488833600209249e-06, "6.530612244897959": 4.080588601042737e-06, "6.122448979591837": 2.862639281255435e-06, "6.326530612244898": 3.366093705048613e-06, "6.938775510204081": 7.0532783423334695e-06, "6.73469387755102": 5.173590808744621e-06, "7.346938775510204": 2.5224599535552837e-05, "7.959183673469388": 0.11501436698393648, "7.142857142857143": 1.1043429275916657e-05, "7.551020408163265": 0.012227962573412379, "7.755102040816327": 0.0655173364919261, "8.571428571428571": 0.24338152201480615, "8.16326530612245": 0.16097660083592474, "8.36734693877551": 0.20368291982700654, "9.183673469387756": 0.34649964381238607, "8.979591836734695": 0.31460762295740036, "9.387755102040817": 0.3761182813754843, "9.591836734693878": 0.40359563949323274, "8.775510204081632": 0.2802918503002043, "9.795918367346939": 0.4290474594991576, "10.0": 0.4525747934513653}