{"0.20408163265306123": 1.4521717162097048e-13, "0.40816326530612246": 1.8762769116165146e-14, "0.6122448979591837": 2.5038859874371155e-12, "0.8163265306122449": 2.220446049250313e-16, "3.2653061224489797": 0.6880457569061682, "3.8775510204081636": 0.8027974622463109, "3.673469387755102": 0.7711593604981215, "1.0204081632653061": 9.947598300641403e-14, "3.0612244897959187": 0.6331196614510365, "2.6530612244897958": 0.4831809675777825, "1.2244897959183674": 1.676020433549752e-10, "2.4489795918367347": 0.3797007485193612, "1.4285714285714286": -1.2329315346448766e-10, "1.6326530612244898": 5.308309347640261e-11, "3.4693877551020407": 0.7334059944093201, "2.857142857142857": 0.5660143577514121, "1.836734693877551": 1.681710326550956e-11, "2.2448979591836737": 0.24859302207365153, "0.0": 0.0, "2.0408163265306123": 0.0796719935448078, "4.081632653061225": 0.8294718575334756, "4.285714285714286": 0.8520825998511394, "4.8979591836734695": 0.9019609756746713, "4.6938775510204085": 0.8878146949596879, "4.4897959183673475": 0.8713409736067189, "6.122448979591837": 0.9547198220075885, "5.510204081632653": 0.933823579168703, "5.714285714285714": 0.9417633403408632, "6.73469387755102": 0.9686973223291571, "6.938775510204081": 0.9722703962460035, "5.1020408163265305": 0.9141510432763011, "5.918367346938775": 0.9486805306435491, "5.3061224489795915": 0.9246885540595837, "6.326530612244898": 0.960002996269124, "6.530612244897959": 0.96463302284056, "7.142857142857143": 0.9754159592626461, "7.346938775510204": 0.9781886783058092, "7.551020408163265": 0.9806355988282011, "7.755102040816327": 0.9827973206032758, "7.959183673469388": 0.9847089717698058, "8.16326530612245": 0.9864010194584969, "8.36734693877551": 0.9878999473450613, "8.571428571428571": 0.9892288242933469, "8.775510204081632": 0.9904077834382387, "9.387755102040817": 0.9932105371842106, "9.183673469387756": 0.9923841714384048, "8.979591836734695": 0.9914544272862372, "10.0": 0.9951811631845479, "9.591836734693878": 0.993945401337404, "9.795918367346939": 0.9945992101817144}