{"0.20408163265306123": 1.310507258267535e-13, "0.40816326530612246": 1.694200335577989e-14, "0.6122448979591837": 2.2589041748233287e-12, "0.8163265306122449": 1.9984014443252818e-16, "3.2653061224489797": 0.6387308772772708, "3.8775510204081636": 0.7534229850945697, "3.673469387755102": 0.721252906723416, "1.0204081632653061": 8.970602038971266e-14, "3.0612244897959187": 0.5853544333872676, "2.6530612244897958": 0.44276452056096416, "1.2244897959183674": 1.5104995032544366e-10, "2.4489795918367347": 0.3462424409441184, "1.4285714285714286": -1.1107803565835184e-10, "1.6326530612244898": 4.780560391992594e-11, "3.4693877551020407": 0.6834593113477361, "2.857142857142857": 0.5210563129067319, "1.836734693877551": 1.5141377041061332e-11, "2.2448979591836737": 0.2255069492081137, "0.0": 0.0, "2.0408163265306123": 0.07187013991395934, "4.081632653061225": 0.7809873795102629, "4.285714285714286": 0.8047460174869034, "4.8979591836734695": 0.8589464127992493, "4.4897959183673475": 0.8253346367040322, "4.6938775510204085": 0.8432636064048602, "6.122448979591837": 0.9212175827118507, "5.510204081632653": 0.8956093082525135, "5.714285714285714": 0.9051461281911259, "6.73469387755102": 0.9395727460162568, "6.938775510204081": 0.944511920265661, "5.1020408163265305": 0.8727208498136991, "5.918367346938775": 0.9136368255383561, "5.3061224489795915": 0.884864982031604, "6.326530612244898": 0.9280039014979214, "6.530612244897959": 0.9340942077236156, "7.142857142857143": 0.9489741979137383, "7.551020408163265": 0.9566773267567527, "7.346938775510204": 0.9530136685606103, "7.755102040816327": 0.9600061333324217, "7.959183673469388": 0.9630358978414081, "8.16326530612245": 0.9657980156940027, "8.36734693877551": 0.968320086621332, "8.571428571428571": 0.9706264357377983, "8.775510204081632": 0.9727385542726416, "9.387755102040817": 0.9780894095934684, "9.183673469387756": 0.9764540847769744, "8.979591836734695": 0.9746754737478356, "10.0": 0.982262547741884, "9.591836734693878": 0.9795948357661577, "9.795918367346939": 0.980982317236269}