{"0.40816326530612246": -3.944304526105059e-31, "1.4285714285714286": -1.2111422975635833e-12, "0.20408163265306123": -1.6431300764452298e-15, "1.0204081632653061": -1.7384160777567108e-11, "1.2244897959183674": -1.491205381398686e-10, "0.6122448979591837": -2.526867604046859e-14, "0.8163265306122449": -1.1430856261540618e-12, "3.4693877551020407": 9.186001115324417e-09, "3.2653061224489797": 2.9993966199626243e-09, "1.6326530612244898": -1.1867506977125686e-11, "1.836734693877551": -9.162148817409843e-11, "2.6530612244897958": 6.080351777626446e-11, "2.4489795918367347": 8.816547492074277e-12, "2.857142857142857": 4.670202002898804e-10, "2.2448979591836737": 1.7966517162903982e-12, "2.0408163265306123": -5.7397602226672e-10, "3.0612244897959187": 9.126387645608246e-10, "3.8775510204081636": 7.306075942015155e-08, "3.673469387755102": 2.6537402231241454e-08, "0.0": 0.0, "4.081632653061225": 1.9360548910718476e-07, "4.6938775510204085": 3.2526734908833177e-06, "4.285714285714286": 4.992562961936287e-07, "4.4897959183673475": 1.2702842916212375e-06, "5.1020408163265305": 2.612820140461824e-05, "7.755102040816327": 0.38078410714435007, "4.8979591836734695": 8.675436368354995e-06, "7.346938775510204": 0.33175792842488316, "7.142857142857143": 0.30510913632431524, "6.938775510204081": 0.27685622817912203, "5.714285714285714": 0.06318323626086686, "6.530612244897959": 0.2148885231578139, "6.326530612244898": 0.18079298379913128, "6.122448979591837": 0.14432436400758356, "5.3061224489795915": 0.00012162678257658931, "6.73469387755102": 0.24684206654072685, "5.918367346938775": 0.10521922524610003, "7.551020408163265": 0.3569417196197251, "5.510204081632653": 0.01801665237822061, "7.959183673469388": 0.4033952822944299, "8.16326530612245": 0.4248738152569957, "8.571428571428571": 0.46477797707851953, "8.775510204081632": 0.4833551519976221, "8.979591836734695": 0.5011048058255778, "9.795918367346939": 0.5649343465769412, "8.36734693877551": 0.4453081676342521, "9.387755102040817": 0.5343527092602786, "9.591836734693878": 0.5499538513182395, "9.183673469387756": 0.5180860562923029, "10.0": 0.5793352781363654}