{"0.20408163265306123": 5.8506002381791335e-08, "0.8163265306122449": 2.9904838764559665e-07, "0.40816326530612246": 1.2610683497316662e-07, "1.2244897959183674": 5.52194568065734e-07, "0.6122448979591837": 2.0518692477333352e-07, "1.836734693877551": 1.2771981047998667e-06, "3.8775510204081636": 0.44266848285692656, "1.4285714285714286": 7.291503704167051e-07, "1.0204081632653061": 4.1239979224860126e-07, "3.673469387755102": 0.3725786752844554, "3.4693877551020407": 0.2907692312558838, "2.4489795918367347": 3.803299843238156e-06, "2.2448979591836737": 2.4658359998032625e-06, "2.0408163265306123": 1.7367103826122608e-06, "0.0": 0.0, "3.2653061224489797": 0.1945879740308707, "3.0612244897959187": 0.08058944130038362, "2.6530612244897958": 7.064407139144355e-06, "2.857142857142857": 2.713937236429117e-05, "1.6326530612244898": 9.606956791343456e-07, "4.6938775510204085": 0.6412475327093339, "4.4897959183673475": 0.6012198133266535, "4.8979591836734695": 0.6764593813537312, "5.1020408163265305": 0.707555791993266, "4.285714285714286": 0.5555224348004213, "4.081632653061225": 0.5031059431769741, "5.3061224489795915": 0.7351157873951998, "5.918367346938775": 0.8010210677756492, "5.510204081632653": 0.7596213755992666, "5.714285714285714": 0.7814763732416184, "6.122448979591837": 0.8185437376200267, "6.326530612244898": 0.8342897751263998, "6.530612244897959": 0.8484689629605593, "7.551020408163265": 0.9013613554056045, "7.142857142857143": 0.883284131738649, "7.755102040816327": 0.9091629339007666, "7.346938775510204": 0.8927639607178388, "6.938775510204081": 0.8728217929175909, "6.73469387755102": 0.8612613151385743, "8.36734693877551": 0.9284912976641363, "7.959183673469388": 0.9162435832270645, "8.16326530612245": 0.9226678852238105, "8.775510204081632": 0.9385173919343391, "9.387755102040817": 0.950008461739941, "8.571428571428571": 0.933761135865452, "9.183673469387756": 0.946616530125736, "9.591836734693878": 0.9529858397620097, "8.979591836734695": 0.9427934224217828, "9.795918367346939": 0.9555605443495725, "10.0": 0.9577400585048436}