{"0.20408163265306123": 4.0536512949236344e-08, "0.8163265306122449": 2.0948133958128158e-07, "0.40816326530612246": 8.768706129418594e-08, "1.2244897959183674": 3.898085427272157e-07, "0.6122448979591837": 1.431964161448283e-07, "1.836734693877551": 9.127508498285153e-07, "3.8775510204081636": 0.3241782390150743, "1.4285714285714286": 5.167885902318898e-07, "1.0204081632653061": 2.8998851691322993e-07, "3.673469387755102": 0.27284954958392954, "3.4693877551020407": 0.2129382487755378, "2.4489795918367347": 2.754151373617333e-06, "2.2448979591836737": 1.7775970330681661e-06, "2.0408163265306123": 1.246482018980496e-06, "0.0": 0.0, "3.2653061224489797": 0.14250207478415358, "3.0612244897959187": 0.059017821013534554, "2.6530612244897958": 5.139377032177549e-06, "2.857142857142857": 1.983778476068566e-05, "1.6326530612244898": 6.836902827964882e-07, "4.6938775510204085": 0.4696031264620356, "4.4897959183673475": 0.44028972915093834, "4.8979591836734695": 0.4953897294783868, "5.1020408163265305": 0.5181624843113606, "4.285714285714286": 0.4068242848669734, "4.081632653061225": 0.36843824968163863, "5.3061224489795915": 0.5383454252224734, "5.918367346938775": 0.5866096705622486, "5.510204081632653": 0.5562915399260753, "5.714285714285714": 0.5722965544260049, "6.122448979591837": 0.5994420025314682, "6.326530612244898": 0.6109732578865968, "6.530612244897959": 0.6213570662304329, "7.551020408163265": 0.6600916166395236, "7.142857142857143": 0.6468531696922858, "7.755102040816327": 0.6658049266528998, "7.346938775510204": 0.6537955085894975, "6.938775510204081": 0.6391913118762207, "6.73469387755102": 0.630725256766687, "8.36734693877551": 0.6799596178147869, "7.959183673469388": 0.670990280451943, "8.16326530612245": 0.6756949730896078, "8.775510204081632": 0.687302001759839, "9.387755102040817": 0.6957172274664286, "8.571428571428571": 0.683818864932585, "9.183673469387756": 0.6932332228826836, "9.591836734693878": 0.6978976430759707, "8.979591836734695": 0.6904334562139132, "9.795918367346939": 0.6997831698764165, "10.0": 0.7013792878752864}