{"0.8163265306122449": 5.268592411461102e-07, "1.0204081632653061": 5.341867372910355e-07, "1.6326530612244898": 5.578346067872441e-07, "1.4285714285714286": 5.496607480557702e-07, "1.836734693877551": 5.663195714994337e-07, "2.857142857142857": 6.140250388521638e-07, "0.6122448979591837": 5.197880067373053e-07, "0.20408163265306123": 5.063688620778144e-07, "2.0408163265306123": 5.751319075768835e-07, "3.4693877551020407": 6.47636046118601e-07, "3.8775510204081636": 6.725591558195597e-07, "2.4489795918367347": 5.938099129959796e-07, "2.2448979591836737": 5.842890894923269e-07, "0.40816326530612246": 5.129614854145636e-07, "1.2244897959183674": 5.417828381473513e-07, "3.0612244897959187": 6.247647391189253e-07, "0.0": 5e-07, "3.2653061224489797": 6.359592079842436e-07, "3.673469387755102": 6.598251889449893e-07, "2.6530612244897958": 6.037146201371427e-07, "4.081632653061225": 6.858733312106054e-07, "4.285714285714286": 6.99806282316215e-07, "4.4897959183673475": 7.144001180692355e-07, "5.714285714285714": 8.187602038450914e-07, "6.73469387755102": 9.356645846689736e-07, "5.1020408163265305": 7.62630047114352e-07, "5.918367346938775": 8.395566892744512e-07, "4.6938775510204085": 7.297008949822453e-07, "4.8979591836734695": 7.457590757706097e-07, "5.3061224489795915": 7.803747032881754e-07, "6.938775510204081": 9.635083772274054e-07, "5.510204081632653": 7.990601026211945e-07, "6.122448979591837": 8.615398813772788e-07, "6.530612244897959": 9.094770745901367e-07, "6.326530612244898": 8.848097585412346e-07, "7.142857142857143": 9.931593076161717e-07, "7.755102040816327": 1.0947174720894127e-06, "7.551020408163265": 1.0585690575748116e-06, "7.346938775510204": 1.0247845227416617e-06, "7.959183673469388": 1.1334554800762648e-06, "8.16326530612245": 1.1750314974721552e-06, "8.775510204081632": 1.3196383547667868e-06, "8.36734693877551": 1.2197180050419969e-06, "9.387755102040817": 1.5011013749793893e-06, "8.979591836734695": 1.3755437065555693e-06, "9.183673469387756": 1.4359006238860224e-06, "8.571428571428571": 1.2678125755008037e-06, "10.0": 1.7298463281109377e-06, "9.591836734693878": 1.571552679898352e-06, "9.795918367346939": 1.6476665059728943e-06}