{"0.8163265306122449": 5.546660951248187e-07, "1.0204081632653061": 5.692305552028274e-07, "1.6326530612244898": 6.1541553627543e-07, "1.4285714285714286": 5.995818553541584e-07, "1.836734693877551": 6.317217743621592e-07, "2.857142857142857": 7.213799521328524e-07, "0.6122448979591837": 5.404802518105116e-07, "0.20408163265306123": 5.131655147631823e-07, "2.0408163265306123": 6.485281723185242e-07, "3.4693877551020407": 7.829584924396448e-07, "3.8775510204081636": 8.279847428398726e-07, "2.4489795918367347": 6.837618288713104e-07, "2.2448979591836737": 6.658642898382019e-07, "0.40816326530612246": 5.266530079392859e-07, "1.2244897959183674": 5.841949191616096e-07, "3.0612244897959187": 7.41176630721403e-07, "0.0": 5e-07, "3.2653061224489797": 7.616874650908756e-07, "3.673469387755102": 8.050395615905052e-07, "2.6530612244897958": 7.022548399086919e-07, "4.081632653061225": 8.518527902861401e-07, "4.285714285714286": 8.767076639165946e-07, "4.4897959183673475": 9.026191195608791e-07, "5.714285714285714": 1.0851001390464983e-06, "6.73469387755102": 1.2856361067060972e-06, "5.1020408163265305": 9.874920922131308e-07, "5.918367346938775": 1.121011746295884e-06, "4.6938775510204085": 9.296633756400554e-07, "4.8979591836734695": 9.579238664254756e-07, "5.3061224489795915": 1.018468577403867e-06, "6.938775510204081": 1.333001297676018e-06, "5.510204081632653": 1.0509639478590512e-06, "6.122448979591837": 1.1588475278440162e-06, "6.530612244897959": 1.2409676226158422e-06, "6.326530612244898": 1.1987720701132695e-06, "7.142857142857143": 1.3833111727885608e-06, "7.755102040816327": 1.554804902423464e-06, "7.551020408163265": 1.4938929912030786e-06, "7.346938775510204": 1.4368404079061017e-06, "7.959183673469388": 1.6199467780607094e-06, "8.16326530612245": 1.6897264437904787e-06, "8.775510204081632": 1.9315708441868986e-06, "8.36734693877551": 1.7645911416733649e-06, "9.387755102040817": 2.23371984640574e-06, "8.979591836734695": 2.0247875412090686e-06, "9.183673469387756": 2.1252894442637106e-06, "8.571428571428571": 1.84502920620764e-06, "10.0": 2.613270493865292e-06, "9.591836734693878": 2.3507456185589345e-06, "9.795918367346939": 2.4770420915039012e-06}