{"0.8163265306122449": 5.237695907040314e-07, "1.0204081632653061": 5.302929797452809e-07, "1.6326530612244898": 5.514367257330012e-07, "1.4285714285714286": 5.441139583559492e-07, "1.836734693877551": 5.59052660070242e-07, "2.857142857142857": 6.020967151543096e-07, "0.6122448979591837": 5.17488868395838e-07, "0.20408163265306123": 5.056136784461069e-07, "2.0408163265306123": 5.669767670500344e-07, "3.4693877551020407": 6.326002187495961e-07, "3.8775510204081636": 6.552896461506362e-07, "2.4489795918367347": 5.838152556764984e-07, "2.2448979591836737": 5.752251783427852e-07, "0.40816326530612246": 5.114402051340389e-07, "1.2244897959183674": 5.370703847013226e-07, "3.0612244897959187": 6.118300844964278e-07, "0.0": 5e-07, "3.2653061224489797": 6.219894016390621e-07, "3.673469387755102": 6.43690258651043e-07, "2.6530612244897958": 5.927657068291928e-07, "4.081632653061225": 6.674311690911016e-07, "4.285714285714286": 6.801505732495061e-07, "4.4897959183673475": 6.934868956812751e-07, "5.714285714285714": 7.891668777116017e-07, "6.73469387755102": 8.967788599981821e-07, "5.1020408163265305": 7.3764537543671e-07, "5.918367346938775": 8.082839051609587e-07, "4.6938775510204085": 7.074828415758219e-07, "4.8979591836734695": 7.221852101422912e-07, "5.3061224489795915": 7.539198283864319e-07, "6.938775510204081": 9.224536082886708e-07, "5.510204081632653": 7.710707864836548e-07, "6.122448979591837": 8.285056984365302e-07, "6.530612244897959": 8.726447914761694e-07, "6.326530612244898": 8.499250572554529e-07, "7.142857142857143": 9.498091003747953e-07, "7.755102040816327": 1.0435966464967403e-06, "7.551020408163265": 1.0101997316161153e-06, "7.346938775510204": 9.790005355011684e-07, "7.959183673469388": 1.0794008914113266e-06, "8.16326530612245": 1.1178431701034526e-06, "8.775510204081632": 1.25164585594233e-06, "8.36734693877551": 1.1591765454162894e-06, "9.387755102040817": 1.4196993225986835e-06, "8.979591836734695": 1.3034055027051805e-06, "9.183673469387756": 1.3593018660662793e-06, "8.571428571428571": 1.2036773943111554e-06, "10.0": 1.631688087471565e-06, "9.591836734693878": 1.4849756867138428e-06, "9.795918367346939": 1.555513663136116e-06}