{"0.40816326530612246": 5.536978412540398e-07, "3.673469387755102": 0.35005144319513437, "3.8775510204081636": 0.3892050135176208, "0.20408163265306123": 5.243554150078245e-07, "0.6122448979591837": 5.897336897243768e-07, "1.0204081632653061": 6.937542181936798e-07, "1.2244897959183674": 7.728177209842881e-07, "3.4693877551020407": 0.3073539421242208, "3.2653061224489797": 0.26059749743531396, "3.0612244897959187": 0.20915209261273654, "2.0408163265306123": 1.9836759830714192e-06, "2.6530612244897958": 0.08887055146841011, "2.857142857142857": 0.15223698242346018, "0.8163265306122449": 6.350481098173436e-07, "1.4285714285714286": 8.850485777367617e-07, "1.836734693877551": 1.3528241136616383e-06, "1.6326530612244898": 1.056857000255293e-06, "2.2448979591836737": 4.258190660995278e-06, "0.0": 5e-07, "2.4489795918367347": 0.01780558056995542, "4.4897959183673475": 0.4893253186617499, "4.081632653061225": 0.42524055085572354, "5.510204081632653": 0.614240772874921, "4.285714285714286": 0.45851393129773554, "4.6938775510204085": 0.5179300439897089, "5.714285714285714": 0.6345678327462744, "6.326530612244898": 0.6884086210332896, "6.938775510204081": 0.7332925527867953, "6.122448979591837": 0.6715586580842462, "5.918367346938775": 0.653640940700883, "4.8979591836734695": 0.544546984728236, "7.755102040816327": 0.7820801439921687, "7.142857142857143": 0.7465740061183462, "6.530612244897959": 0.7042689615076991, "7.346938775510204": 0.7591036637806395, "5.3061224489795915": 0.5925485351694156, "5.1020408163265305": 0.5693650931177455, "6.73469387755102": 0.7192094707392597, "7.551020408163265": 0.7709259171496669, "7.959183673469388": 0.7926010582845717, "8.16326530612245": 0.8025189966662446, "8.36734693877551": 0.8118601543570158, "8.571428571428571": 0.820646781704431, "8.775510204081632": 0.8288973511333998, "9.183673469387756": 0.8438461783888687, "8.979591836734695": 0.8366267030743599, "9.387755102040817": 0.8505637438546203, "9.591836734693878": 0.8567841163893245, "9.795918367346939": 0.8625088908677154, "10.0": 0.8677366756079693}