{"0.40816326530612246": 6.342445977286129e-07, "3.673469387755102": 0.6594367478291884, "3.8775510204081636": 0.708432586839923, "0.20408163265306123": 5.608885364073365e-07, "0.6122448979591837": 7.243342092131815e-07, "1.0204081632653061": 9.843854750953596e-07, "1.2244897959183674": 1.1820441629053276e-06, "3.4693877551020407": 0.600718909981766, "3.2653061224489797": 0.529886615624001, "3.0612244897959187": 0.4437977387205379, "2.0408163265306123": 4.209185830250462e-06, "2.6530612244897958": 0.2075889284496781, "2.857142857142857": 0.3382613613399288, "0.8163265306122449": 8.376202403471075e-07, "1.4285714285714286": 1.46262116634977e-06, "1.836734693877551": 2.6320589204492915e-06, "1.6326530612244898": 1.8921419192197726e-06, "2.2448979591836737": 9.895450169997087e-06, "0.0": 5e-07, "2.4489795918367347": 0.043920554832113975, "4.4897959183673475": 0.8136363702234582, "4.081632653061225": 0.7495531206459074, "5.510204081632653": 0.9075740261793568, "4.285714285714286": 0.7842411852304343, "4.6938775510204085": 0.8386475526526807, "5.714285714285714": 0.9192721189409501, "6.326530612244898": 0.9457981146555055, "6.938775510204081": 0.9632382709221771, "6.122448979591837": 0.9381740230358037, "5.918367346938775": 0.9293959245484387, "4.8979591836734695": 0.8600059822491216, "7.755102040816327": 0.9777035156146334, "7.142857142857143": 0.9676284356315599, "6.530612244897959": 0.9524295463642783, "7.346938775510204": 0.971457776471203, "5.1020408163265305": 0.8783046667245683, "5.3061224489795915": 0.8940279574007954, "6.73469387755102": 0.9582045200171773, "7.551020408163265": 0.974796392189456, "7.959183673469388": 0.9802289777832094, "8.16326530612245": 0.9824144017897433, "8.36734693877551": 0.9842941772732735, "8.571428571428571": 0.9858962570092294, "8.775510204081632": 0.9872428097879407, "9.183673469387756": 0.9892322245314572, "8.979591836734695": 0.9883507580830025, "9.387755102040817": 0.9898949076487712, "9.591836734693878": 0.9903424042469385, "9.795918367346939": 0.9905744935335431, "10.0": 0.9905873957089356}