{"0.40816326530612246": 5.97998557315055e-07, "3.673469387755102": 0.5202133607438642, "3.8775510204081636": 0.5647801788448871, "0.20408163265306123": 5.444486317775562e-07, "0.6122448979591837": 6.637639754432194e-07, "1.0204081632653061": 8.536014094896038e-07, "1.2244897959183674": 9.9789226404086e-07, "3.4693877551020407": 0.4687046744458707, "3.2653061224489797": 0.40870651243909184, "3.0612244897959187": 0.3382071979720273, "2.0408163265306123": 3.207706399019893e-06, "2.6530612244897958": 0.1541656588081075, "2.857142857142857": 0.25455039082751796, "1.4285714285714286": 1.2027135014739163e-06, "0.8163265306122449": 7.464627816087138e-07, "1.836734693877551": 2.0564032573948476e-06, "1.6326530612244898": 1.5162637056857568e-06, "2.2448979591836737": 7.3586833909462735e-06, "0.0": 5e-07, "2.4489795918367347": 0.032168816414142626, "4.4897959183673475": 0.6676963970206895, "4.081632653061225": 0.6036124642403247, "5.510204081632653": 0.7755740621923607, "4.285714285714286": 0.6376639209607199, "4.6938775510204085": 0.6943246737543434, "5.714285714285714": 0.791155190153346, "6.326530612244898": 0.8299728425255084, "6.938775510204081": 0.8597626977612554, "6.122448979591837": 0.8181971088076028, "5.918367346938775": 0.8053061818170386, "4.8979591836734695": 0.7180494333647232, "7.755102040816327": 0.8896729983845244, "7.142857142857143": 0.8681539423506137, "6.530612244897959": 0.8407572831788177, "7.346938775510204": 0.8758984257604495, "5.3061224489795915": 0.7583622173966745, "5.1020408163265305": 0.7392818586014981, "6.73469387755102": 0.8506567478421143, "7.551020408163265": 0.8830546784215509, "7.959183673469388": 0.8957964140088226, "8.16326530612245": 0.9014614694841689, "8.36734693877551": 0.9066988669609575, "8.571428571428571": 0.9115339931220702, "8.775510204081632": 0.9159873533933973, "9.183673469387756": 0.9238085037672925, "8.979591836734695": 0.9200749333291134, "9.387755102040817": 0.9271958839414034, "9.591836734693878": 0.9302411747110122, "9.795918367346939": 0.9329449723339207, "10.0": 0.9353045716635008}