{"0.8163265306122449": -1.0724754417879012e-13, "0.40816326530612246": 8.64863736182997e-14, "0.20408163265306123": 0.0, "1.4285714285714286": 6.824540932370837e-13, "1.2244897959183674": 4.0967229608668276e-14, "0.0": 0.0, "1.6326530612244898": 7.882583474838611e-15, "0.6122448979591837": -1.3322676295501878e-15, "2.0408163265306123": 5.666578317686799e-12, "1.836734693877551": -2.417399613818816e-12, "1.0204081632653061": -9.9342756243459e-13, "2.6530612244897958": 0.012641305377272372, "3.673469387755102": 0.7518472124981609, "3.4693877551020407": 0.6455450319482016, "2.2448979591836737": 4.5182302343960146e-11, "4.285714285714286": 0.9989899673237956, "2.4489795918367347": 4.3318459930219433e-10, "2.857142857142857": 0.21230526434862806, "4.081632653061225": 0.9265210888960974, "4.6938775510204085": 1.1215275656241837, "3.0612244897959187": 0.38016488395687853, "4.4897959183673475": 1.0636008955206084, "4.8979591836734695": 1.1737285109320026, "3.8775510204081636": 0.8447437861438775, "3.2653061224489797": 0.5229141959490913, "5.1020408163265305": 1.2209931666706426, "5.3061224489795915": 1.2639767327220994, "5.714285714285714": 1.3392043355814196, "6.326530612244898": 1.431120942892262, "5.918367346938775": 1.3722991596938954, "6.938775510204081": 1.5046363171443438, "7.346938775510204": 1.5460018393011532, "7.142857142857143": 1.5259836369617483, "5.510204081632653": 1.303226866159016, "6.122448979591837": 1.4028433331968357, "7.755102040816327": 1.582526198835605, "6.530612244897959": 1.4573762768127976, "6.73469387755102": 1.4818203686654396, "8.16326530612245": 1.6150262928953332, "7.551020408163265": 1.56481339483812, "8.775510204081632": 1.6575990214456457, "7.959183673469388": 1.599235632218237, "8.36734693877551": 1.6299734564359536, "9.183673469387756": 1.6825707131383205, "9.795918367346939": 1.7158464812625027, "8.979591836734695": 1.670391602911387, "8.571428571428571": 1.6441443134056453, "9.591836734693878": 1.7052601704198218, "9.387755102040817": 1.6941802998414965, "10.0": 1.725972160330536}