{"0.20408163265306123": 3.3306690738754696e-16, "2.857142857142857": -7.22663129337775e-09, "0.0": 0.0, "0.40816326530612246": -2.220446049250313e-16, "0.8163265306122449": -1.8252066524837574e-13, "1.0204081632653061": -1.6910917111090384e-12, "2.6530612244897958": 9.49442857667293e-10, "1.6326530612244898": 1.3489209749195652e-13, "0.6122448979591837": -8.659739592076221e-15, "4.081632653061225": 6.312426303889396e-08, "1.4285714285714286": 1.6542323066914832e-14, "3.4693877551020407": 3.872187237519142e-09, "1.2244897959183674": -1.0859757537673431e-11, "2.4489795918367347": 1.4486445376604706e-10, "3.2653061224489797": 1.3497544193441513e-09, "2.2448979591836737": 2.7201352281736035e-11, "2.0408163265306123": 5.1170179204973465e-12, "3.673469387755102": 1.0389872406868506e-08, "1.836734693877551": 8.897327319346005e-13, "4.285714285714286": 1.4261508218815777e-07, "3.0612244897959187": 4.3599057697463195e-10, "3.8775510204081636": 2.6282489296036715e-08, "4.4897959183673475": 3.121021102669985e-07, "4.6938775510204085": 6.575467407232694e-07, "4.8979591836734695": 1.3389400698171627e-06, "5.510204081632653": 9.542953550267796e-06, "5.3061224489795915": 5.084199541149914e-06, "5.1020408163265305": 2.6447001423290928e-06, "5.714285714285714": 1.7543220445226382e-05, "5.918367346938775": 3.1686134087660633e-05, "6.122448979591837": 5.641625265873085e-05, "6.326530612244898": 9.938273118681451e-05, "6.73469387755102": 0.00030416573614233666, "7.142857142857143": 0.0009567084401495007, "7.755102040816327": 0.007296404813454949, "7.346938775510204": 0.0017654655434002908, "7.551020408163265": 0.0034431651290521836, "8.979591836734695": 0.11591325015297416, "6.938775510204081": 0.0005350863750640533, "6.530612244897959": 0.00017395435990186225, "8.775510204081632": 0.09466856242861432, "9.387755102040817": 0.157482072539325, "8.36734693877551": 0.05210513436478148, "9.183673469387756": 0.13686874342090427, "8.16326530612245": 0.03220733344588622, "8.571428571428571": 0.07327518163053759, "7.959183673469388": 0.016287080555668187, "10.0": 0.2171877542652858, "9.795918367346939": 0.1976362076014705, "9.591836734693878": 0.1777374704822482}