{"0.20408163265306123": 1.6653345369377348e-15, "2.857142857142857": -3.139909465765811e-08, "0.0": 0.0, "0.40816326530612246": -6.661338147750939e-16, "0.8163265306122449": -7.907008381380365e-13, "1.0204081632653061": -7.327249917921108e-12, "2.6530612244897958": 4.091193273048077e-09, "1.6326530612244898": 5.805356195764944e-13, "0.6122448979591837": -3.7969627442180354e-14, "4.081632653061225": 2.4052711633526513e-07, "3.4693877551020407": 1.4499923040034446e-08, "2.4489795918367347": 6.221038129083922e-10, "1.2244897959183674": -4.705946743399636e-11, "3.2653061224489797": 5.026741578539884e-09, "2.2448979591836737": 1.1667133925641338e-10, "3.673469387755102": 3.912527490879114e-08, "2.0408163265306123": 2.195688075801172e-11, "1.836734693877551": 3.822941962994264e-12, "1.4285714285714286": 7.16093850883226e-14, "4.285714285714286": 5.457299916411529e-07, "3.8775510204081636": 9.95462332564756e-08, "5.510204081632653": 3.786918577852738e-05, "3.0612244897959187": 1.6150398796099807e-09, "4.4897959183673475": 1.2012353086676697e-06, "4.6938775510204085": 2.5457811393403418e-06, "4.8979591836734695": 5.215100366107173e-06, "5.3061224489795915": 2.004831707447252e-05, "5.1020408163265305": 1.0364097289161656e-05, "5.714285714285714": 7.006615503213354e-05, "6.122448979591837": 0.00022831667089240337, "5.918367346938775": 0.00012738313427407277, "7.142857142857143": 0.004006763912958289, "6.326530612244898": 0.00040492968920169403, "6.73469387755102": 0.0012564728921627966, "7.346938775510204": 0.007442078371816541, "8.979591836734695": 0.45116077924145637, "9.387755102040817": 0.5904781001494904, "7.755102040816327": 0.031023049607488806, "8.775510204081632": 0.3755466804908014, "7.551020408163265": 0.014595314138075577, "8.36734693877551": 0.21461869478701623, "7.959183673469388": 0.06902957704117674, "6.938775510204081": 0.00222573225535061, "10.0": 0.7717667146340348, "8.571428571428571": 0.29626450602423604, "9.795918367346939": 0.7147414094639467, "8.16326530612245": 0.13490946919586555, "9.183673469387756": 0.5227921729672688, "6.530612244897959": 0.000713636818766239, "9.591836734693878": 0.6543885837633224}