{"0.8163265306122449": 6.679356588043841e-08, "0.20408163265306123": 1.514836700644106e-08, "0.0": 0.0, "0.6122448979591837": 4.844260637778492e-08, "0.40816326530612246": 3.126391078855527e-08, "1.2244897959183674": 1.0752885581952965e-07, "1.0204081632653061": 8.64413586331853e-08, "1.4285714285714286": 1.3022064262463824e-07, "1.6326530612244898": 1.5470769211851508e-07, "2.0408163265306123": 2.099945482791042e-07, "1.836734693877551": 1.8121217579608002e-07, "2.4489795918367347": 2.7568135009738895e-07, "2.6530612244897958": 3.1338912029805296e-07, "2.2448979591836737": 2.413626069490454e-07, "3.0612244897959187": 4.012017633585123e-07, "2.857142857142857": 3.550143533881874e-07, "3.4693877551020407": 5.106389604962473e-07, "3.2653061224489797": 4.527466416936242e-07, "3.673469387755102": 5.761306362505863e-07, "3.8775510204081636": 6.50823519530908e-07, "4.081632653061225": 7.368067745666385e-07, "4.8979591836734695": 1.2670895011365098e-06, "4.4897959183673475": 9.547144807727966e-07, "4.285714285714286": 8.368501097210012e-07, "4.6938775510204085": 1.0956279209308032e-06, "5.1020408163265305": 1.4802515158072019e-06, "5.3061224489795915": 1.752428789628839e-06, "5.714285714285714": 2.6094927651778867e-06, "5.510204081632653": 2.1120917598300185e-06, "6.122448979591837": 4.530692191456596e-06, "5.918367346938775": 3.3425457840035777e-06, "6.326530612244898": 6.7885984884032395e-06, "7.142857142857143": 0.0972694299974811, "6.530612244897959": 1.2744206872400641e-05, "7.551020408163265": 0.19215527539454302, "7.346938775510204": 0.146454859464807, "6.73469387755102": 7.225494774578389e-05, "7.755102040816327": 0.23468176320187734, "6.938775510204081": 0.044254495348504015, "8.16326530612245": 0.31128523305283523, "7.959183673469388": 0.27431066141643595, "8.571428571428571": 0.3781187805677943, "8.775510204081632": 0.4083421995032043, "8.36734693877551": 0.34582382808607404, "9.387755102040817": 0.4880271297299392, "9.183673469387756": 0.4631686814002876, "8.979591836734695": 0.43664722265752787, "9.795918367346939": 0.5331684519046446, "9.591836734693878": 0.5113293516248736, "10.0": 0.553627417129736}