{"0.8163265306122449": 6.792620861513038e-08, "0.20408163265306123": 1.5401926468030514e-08, "0.0": 0.0, "0.6122448979591837": 4.926049884541866e-08, "0.40816326530612246": 3.17894808230744e-08, "1.2244897959183674": 1.0936830333350693e-07, "1.0204081632653061": 8.79135957568151e-08, "1.4285714285714286": 1.324581103296227e-07, "1.6326530612244898": 1.573776962712929e-07, "2.0408163265306123": 2.1365116897458267e-07, "1.836734693877551": 1.8435354540178606e-07, "2.4489795918367347": 2.805251475152674e-07, "2.6530612244897958": 3.189204447270724e-07, "2.2448979591836737": 2.4558434086028555e-07, "3.0612244897959187": 4.0834784838131597e-07, "2.857142857142857": 3.61308932460589e-07, "3.4693877551020407": 5.198183936039088e-07, "3.2653061224489797": 4.608479336923702e-07, "3.673469387755102": 5.865354679086764e-07, "3.8775510204081636": 6.626321310238806e-07, "4.081632653061225": 7.502381408926507e-07, "4.8979591836734695": 1.2906288263511948e-06, "4.4897959183673475": 9.722828214606509e-07, "4.285714285714286": 8.52177025048024e-07, "4.6938775510204085": 1.115885156060487e-06, "5.1020408163265305": 1.5078828477922404e-06, "5.3061224489795915": 1.7852985255328052e-06, "5.714285714285714": 2.658914883126196e-06, "5.510204081632653": 2.1518995683217453e-06, "6.122448979591837": 4.6173444960298e-06, "5.918367346938775": 3.4061612420319385e-06, "6.326530612244898": 6.9190761364307775e-06, "7.142857142857143": 0.09904512375810484, "6.530612244897959": 1.299036761746918e-05, "7.551020408163265": 0.19543126143658435, "7.346938775510204": 0.14903796012481013, "6.73469387755102": 7.365749685338147e-05, "7.755102040816327": 0.2385509260160644, "6.938775510204081": 0.045091097660795436, "8.16326530612245": 0.3160907678239036, "7.959183673469388": 0.2786860254665934, "8.571428571428571": 0.38359320077781706, "8.775510204081632": 0.4140706472331334, "8.36734693877551": 0.350992984511436, "9.387755102040817": 0.4942683040223954, "9.183673469387756": 0.4692754521883018, "8.979591836734695": 0.44258465663515306, "9.795918367346939": 0.5395896186408702, "9.591836734693878": 0.5176741212389292, "10.0": 0.5601009549736932}