{"0.8163265306122449": 6.962517271716827e-08, "0.20408163265306123": 1.5782265660414702e-08, "0.0": 0.0, "0.6122448979591837": 5.048733754686928e-08, "0.40816326530612246": 3.2577835874853095e-08, "1.2244897959183674": 1.1212747460447279e-07, "1.0204081632653061": 9.012195144225983e-08, "1.4285714285714286": 1.3581431188709942e-07, "1.6326530612244898": 1.613827025004597e-07, "2.0408163265306123": 2.1913610001780027e-07, "1.836734693877551": 1.890655998103452e-07, "2.4489795918367347": 2.87790843642085e-07, "2.6530612244897958": 3.272174313706013e-07, "2.2448979591836737": 2.519169417271456e-07, "3.0612244897959187": 4.1906697591552116e-07, "2.857142857142857": 3.7075080106919137e-07, "3.4693877551020407": 5.33587543265401e-07, "3.2653061224489797": 4.729998716904888e-07, "3.673469387755102": 6.021427153958118e-07, "3.8775510204081636": 6.803450482633399e-07, "4.081632653061225": 7.703851903816687e-07, "4.8979591836734695": 1.3259378141732236e-06, "4.4897959183673475": 9.986353324924322e-07, "4.285714285714286": 8.751673980385581e-07, "4.6938775510204085": 1.1462710087550115e-06, "5.1020408163265305": 1.5493298457697993e-06, "5.3061224489795915": 1.8346031293887547e-06, "5.714285714285714": 2.73304806004866e-06, "5.510204081632653": 2.2116112810593345e-06, "6.122448979591837": 4.747322952889603e-06, "5.918367346938775": 3.50158442907448e-06, "6.326530612244898": 7.114792608472087e-06, "7.142857142857143": 0.10170866439904039, "6.530612244897959": 1.3359608735071987e-05, "7.551020408163265": 0.2003452404996462, "7.346938775510204": 0.15291261111481486, "6.73469387755102": 7.576132051477783e-05, "7.755102040816327": 0.24435467023734495, "6.938775510204081": 0.04634600112923257, "8.16326530612245": 0.32329906998050617, "7.959183673469388": 0.28524907154182927, "8.571428571428571": 0.391804831092851, "8.775510204081632": 0.4226633188280268, "8.36734693877551": 0.35874671914947903, "9.387755102040817": 0.5036300654610792, "9.183673469387756": 0.47843560837032306, "8.979591836734695": 0.4514908076015909, "9.795918367346939": 0.5492213687452085, "9.591836734693878": 0.5271912756600124, "10.0": 0.5698112617396291}