{"0.0": 0.0, "1.0204081632653061": -2.1238566461079245e-12, "0.20408163265306123": 9.769962616701378e-15, "0.8163265306122449": -1.8895995879120164e-13, "1.2244897959183674": -1.530953142037106e-11, "2.0408163265306123": 1.3663958853271652e-11, "1.4285714285714286": -8.048472999178102e-11, "0.40816326530612246": 0.0, "1.836734693877551": 2.2231105845094135e-12, "0.6122448979591837": -8.659739592076221e-15, "1.6326530612244898": 3.1374902675906924e-13, "3.2653061224489797": 3.0826037278330887e-09, "2.6530612244897958": 3.054294706039684e-09, "2.2448979591836737": 7.732758877665447e-11, "3.8775510204081636": 6.195855650759086e-08, "3.4693877551020407": 8.931266948231098e-09, "2.857142857142857": -1.6324345875062818e-08, "3.0612244897959187": 9.864302707995876e-10, "2.4489795918367347": 4.36607971998626e-10, "3.673469387755102": 2.42177710108038e-08, "4.4897959183673475": 7.587273577192022e-07, "4.081632653061225": 1.48326440685409e-07, "4.285714285714286": 3.4253541481010785e-07, "4.6938775510204085": 1.6192778155010856e-06, "4.8979591836734695": 3.343299419755752e-06, "5.1020408163265305": 6.703749874548137e-06, "5.918367346938775": 8.686799336521389e-05, "5.510204081632653": 2.504209242948363e-05, "5.3061224489795915": 1.3101036613227812e-05, "6.326530612244898": 0.00028926212364133175, "5.714285714285714": 4.698612739084673e-05, "6.122448979591837": 0.00015893056241178538, "6.530612244897959": 0.000527090788801976, "7.755102040816327": 0.059132051172439026, "7.142857142857143": 0.003647860870034547, "8.16326530612245": 0.18301545592947976, "6.938775510204081": 0.0018350956779324967, "8.571428571428571": 0.29938917457515146, "7.551020408163265": 0.02096594635253124, "7.346938775510204": 0.008002119477379166, "8.979591836734695": 0.3988475160802055, "8.775510204081632": 0.35115344572972684, "6.73469387755102": 0.0009710901104643677, "7.959183673469388": 0.11958966080415656, "8.36734693877551": 0.2433267916982942, "9.183673469387756": 0.4427706384535157, "10.0": 0.586650196573842, "9.591836734693878": 0.5205188176898728, "9.387755102040817": 0.48322998695423625, "9.795918367346939": 0.5549091855600742}