{"0.20408163265306123": 1.4654943925052066e-14, "0.0": 0.0, "0.8163265306122449": -2.83550960489265e-13, "1.0204081632653061": -3.185673946859424e-12, "1.2244897959183674": -2.2964297130556588e-11, "2.0408163265306123": 2.0542567646941734e-11, "1.4285714285714286": -1.20727206009974e-10, "0.40816326530612246": 0.0, "1.836734693877551": 3.3414382372143336e-12, "0.6122448979591837": -1.3322676295501878e-14, "1.6326530612244898": 4.716227408607665e-13, "3.2653061224489797": 4.800090769307985e-09, "2.6530612244897958": 4.586383273164074e-09, "2.2448979591836737": 1.1624867735093858e-10, "3.8775510204081636": 9.601166761630253e-08, "3.4693877551020407": 1.3885376293210072e-08, "2.857142857142857": -2.4468584713943642e-08, "3.0612244897959187": 1.5384137297402845e-09, "2.4489795918367347": 6.56121046382907e-10, "3.673469387755102": 3.759040734241381e-08, "4.4897959183673475": 1.1704925818589729e-06, "4.081632653061225": 2.295635231908122e-07, "4.285714285714286": 5.292892734098942e-07, "4.6938775510204085": 2.4939713550997666e-06, "4.8979591836734695": 5.140729326336135e-06, "5.1020408163265305": 1.0290540725987896e-05, "5.510204081632653": 3.8309642449219083e-05, "5.918367346938775": 0.00013242866893958816, "5.3061224489795915": 2.0076533227442184e-05, "6.326530612244898": 0.0004394096741261455, "5.714285714285714": 7.175520779556521e-05, "7.755102040816327": 0.08923110577448057, "6.122448979591837": 0.00024185821006961206, "6.530612244897959": 0.0007992550836448675, "8.16326530612245": 0.27928793125419116, "7.142857142857143": 0.005502512164970441, "8.571428571428571": 0.462600666719841, "6.938775510204081": 0.0027727655244101923, "7.346938775510204": 0.012053322510661935, "7.551020408163265": 0.031564272155525375, "8.979591836734695": 0.6238763534182589, "8.775510204081632": 0.5459403299913571, "6.73469387755102": 0.0014698778728001738, "7.959183673469388": 0.18139817835741523, "8.36734693877551": 0.3736432109280794, "9.183673469387756": 0.6967468638996244, "10.0": 0.9446851706876331, "9.591836734693878": 0.8287430312215708, "9.387755102040817": 0.7649167712738607, "9.795918367346939": 0.8885619760003174}