{"0.40816326530612246": 1.3322676295501878e-14, "0.8163265306122449": 4.7140513714794e-11, "0.20408163265306123": 0.0, "0.6122448979591837": 1.4231948952669882e-12, "0.0": 0.0, "4.285714285714286": 3.521368565628791e-07, "1.6326530612244898": 6.772360450213455e-15, "2.4489795918367347": 1.9839130338539235e-11, "1.0204081632653061": 5.773159728050814e-14, "4.081632653061225": 1.428899573108211e-07, "1.4285714285714286": 4.440892098500626e-16, "1.836734693877551": 6.283862319378386e-14, "1.2244897959183674": 7.617240171953199e-13, "2.2448979591836737": 3.2486235923556706e-12, "4.6938775510204085": 1.9932289877511167e-06, "4.8979591836734695": 4.704298453006572e-06, "3.0612244897959187": 7.827952730465881e-10, "3.2653061224489797": 2.5347539622799786e-09, "2.6530612244897958": 5.833644678432393e-11, "4.4897959183673475": 8.439015374284153e-07, "5.1020408163265305": 1.1342095707522759e-05, "2.857142857142857": 2.242648289296767e-10, "2.0408163265306123": 4.847233725513433e-13, "3.673469387755102": 2.1014621598425265e-08, "3.4693877551020407": 7.411409375102096e-09, "5.510204081632653": 9.09227464545026e-05, "5.714285714285714": 0.0006990140250205945, "6.73469387755102": 0.16788675927168495, "6.122448979591837": 0.06585643499416782, "5.3061224489795915": 2.924065415821353e-05, "5.918367346938775": 0.028945061108480385, "6.326530612244898": 0.10130954117267765, "7.142857142857143": 0.22914091515016755, "6.530612244897959": 0.1352977376492468, "7.346938775510204": 0.25793347840307534, "7.551020408163265": 0.28558091044484213, "7.755102040816327": 0.312136756334353, "8.16326530612245": 0.36217135165959924, "6.938775510204081": 0.19914585620461478, "8.36734693877551": 0.38574170375479067, "3.8775510204081636": 5.6006674964415026e-08, "7.959183673469388": 0.337651188984194, "9.387755102040817": 0.4907466345661722, "8.571428571428571": 0.40840430297549635, "8.775510204081632": 0.43019904490655714, "9.591836734693878": 0.5094320100745191, "8.979591836734695": 0.45116386374733275, "9.183673469387756": 0.4713348992216767, "9.795918367346939": 0.5274225163869619, "10.0": 0.5447482709825096}