{"0.40816326530612246": 4.4297898682543746e-14, "0.8163265306122449": 1.5713497170111168e-10, "0.20408163265306123": 1.1102230246251565e-16, "0.6122448979591837": 4.7443160511306814e-12, "0.0": 0.0, "4.285714285714286": 1.1015204711695148e-06, "1.6326530612244898": 1.8318679906315083e-14, "2.4489795918367347": 6.048728184993024e-11, "1.0204081632653061": 1.9240165016753963e-13, "4.081632653061225": 4.432884469496301e-07, "1.4285714285714286": 1.1102230246251565e-15, "1.836734693877551": 1.7852386235972517e-13, "1.2244897959183674": 2.538858012712808e-12, "2.2448979591836737": 9.62840918106167e-12, "4.8979591836734695": 1.5093949067179757e-05, "4.6938775510204085": 6.340496138124152e-06, "3.0612244897959187": 2.3350648081787995e-09, "3.2653061224489797": 7.626984821484939e-09, "2.6530612244897958": 1.7139656360853905e-10, "4.4897959183673475": 2.661795834080216e-06, "5.1020408163265305": 3.671027440499408e-05, "2.857142857142857": 6.638551930393533e-10, "2.0408163265306123": 1.3988810110276972e-12, "3.673469387755102": 6.415123421366076e-08, "3.4693877551020407": 2.2425140855375503e-08, "5.510204081632653": 0.00029956135990560906, "5.714285714285714": 0.0023222074203920196, "6.73469387755102": 0.45804354225701194, "6.122448979591837": 0.20313354588308397, "5.3061224489795915": 9.548256812774714e-05, "5.918367346938775": 0.09325824364218793, "7.142857142857143": 0.5799539951668402, "7.346938775510204": 0.6299944099754697, "6.530612244897959": 0.38401382999851974, "6.326530612244898": 0.2995493518836805, "7.551020408163265": 0.6739628202697897, "6.938775510204081": 0.5229713196091381, "8.36734693877551": 0.8028510242677951, "7.755102040816327": 0.7126155114909813, "3.8775510204081636": 1.7234435600865794e-07, "8.16326530612245": 0.7765223654606683, "9.387755102040817": 0.894286182948782, "8.571428571428571": 0.8260342525043808, "7.959183673469388": 0.7466107737617182, "8.775510204081632": 0.8464546819874906, "9.591836734693878": 0.9066153338608406, "8.979591836734695": 0.8644472461912399, "9.183673469387756": 0.880305348600769, "10.0": 0.9270862800839638, "9.795918367346939": 0.9174907645399026}