{"0.0": 0.0, "0.20408163265306123": 1.0413533319682332e-08, "0.6122448979591837": 3.257783750379577e-08, "0.8163265306122449": 4.4386986591836566e-08, "0.40816326530612246": 2.1263489609074297e-08, "1.2244897959183674": 6.962518881687522e-08, "1.0204081632653061": 5.672405657752118e-08, "1.4285714285714286": 8.312986858527973e-08, "1.6326530612244898": 9.728146782971256e-08, "1.836734693877551": 1.1212747757022478e-07, "2.4489795918367347": 1.6138266822749833e-07, "2.0408163265306123": 1.2772016606348528e-07, "2.2448979591836737": 1.4411734678311812e-07, "2.6530612244897958": 1.7958706576779876e-07, "2.857142857142857": 1.9880903502039122e-07, "3.0612244897959187": 2.191361771595432e-07, "3.2653061224489797": 2.4066668199388837e-07, "3.4693877551020407": 2.6351031603972944e-07, "3.8775510204081636": 3.13648590017283e-07, "3.673469387755102": 2.8779109227437997e-07, "4.081632653061225": 3.41241694362196e-07, "4.285714285714286": 3.7075066854568784e-07, "4.6938775510204085": 4.363738421606493e-07, "4.8979591836734695": 4.7299908656873544e-07, "4.4897959183673475": 4.0238240853100705e-07, "5.3061224489795915": 5.55477822551265e-07, "5.1020408163265305": 5.125768948963582e-07, "5.714285714285714": 6.530769120077202e-07, "5.510204081632653": 6.021393876355991e-07, "6.122448979591837": 7.703672429784261e-07, "5.918367346938775": 7.089068455357943e-07, "6.326530612244898": 8.383542356491739e-07, "6.73469387755102": 9.985551732312847e-07, "6.530612244897959": 9.139656575980271e-07, "7.142857142857143": 1.201921579470731e-06, "6.938775510204081": 1.093823220670072e-06, "7.346938775510204": 1.3256290092781402e-06, "7.551020408163265": 1.468581573118254e-06, "7.755102040816327": 1.6356465675260819e-06, "7.959183673469388": 1.8334883144150729e-06, "8.16326530612245": 2.0714653743859476e-06, "8.571428571428571": 2.7291847829285994e-06, "8.36734693877551": 2.3631866591563497e-06, "8.775510204081632": 3.202019735385187e-06, "8.979591836734695": 3.836584739661187e-06, "9.183673469387756": 4.733151523507832e-06, "9.387755102040817": 6.0966932559777015e-06, "9.591836734693878": 8.421736847968576e-06, "9.795918367346939": 1.3282101141643572e-05, "10.0": 2.981190138417414e-05}