{"0.0": 0.0, "0.20408163265306123": 1.0162921129886354e-08, "0.6122448979591837": 3.178948240750393e-08, "0.8163265306122449": 4.330988159022357e-08, "0.40816326530612246": 2.075035094579175e-08, "1.2244897959183674": 6.792622427405934e-08, "1.0204081632653061": 5.5343749364821516e-08, "1.4285714285714286": 8.109569582932643e-08, "1.6326530612244898": 9.489433223158097e-08, "1.836734693877551": 1.0936830621791576e-07, "2.4489795918367347": 1.573776629399586e-07, "2.0408163265306123": 1.2456843498348725e-07, "2.2448979591836737": 1.4055092686443216e-07, "2.6530612244897958": 1.751176087336189e-07, "2.857142857142857": 1.9384707975476533e-07, "3.0612244897959187": 2.1365124399301878e-07, "3.2653061224489797": 2.3462556379972976e-07, "3.4693877551020407": 2.568767563286434e-07, "3.8775510204081636": 3.0570716388063716e-07, "3.673469387755102": 2.8052538928567064e-07, "4.081632653061225": 3.325765505578433e-07, "4.285714285714286": 3.6130880347925177e-07, "4.6938775510204085": 4.251956915721645e-07, "4.8979591836734695": 4.6084716931174095e-07, "4.4897959183673475": 3.92105069309754e-07, "5.3061224489795915": 5.411226299876001e-07, "5.1020408163265305": 4.993693967533129e-07, "5.714285714285714": 6.360991838709209e-07, "5.510204081632653": 5.865322264332124e-07, "6.122448979591837": 7.502206632314644e-07, "5.918367346938775": 6.904228167653317e-07, "6.326530612244898": 8.163639430884597e-07, "6.73469387755102": 9.72204778591153e-07, "6.530612244897959": 8.899199709782128e-07, "7.142857142857143": 1.1700121828798652e-06, "6.938775510204081": 1.0648715303128269e-06, "7.346938775510204": 1.2903282417205864e-06, "7.551020408163265": 1.4293546802376482e-06, "7.755102040816327": 1.5918234749262534e-06, "7.959183673469388": 1.7842136678485694e-06, "8.16326530612245": 2.015623636845661e-06, "8.571428571428571": 2.655156393313832e-06, "8.36734693877551": 2.2992839490906735e-06, "8.775510204081632": 3.1148957737291516e-06, "8.979591836734695": 3.7318692707722572e-06, "9.183673469387756": 4.6035610680154855e-06, "9.387755102040817": 5.9292461547233715e-06, "9.591836734693878": 8.189703883874966e-06, "9.795918367346939": 1.291500221752988e-05, "10.0": 2.8985339325050586e-05}