{"0.0": 0.0, "0.20408163265306123": 9.995846336689037e-09, "0.6122448979591837": 3.12639123433094e-08, "0.8163265306122449": 4.2591811589148245e-08, "0.40816326530612246": 2.040825850360339e-08, "1.2244897959183674": 6.67935812455154e-08, "1.0204081632653061": 5.4423544556355074e-08, "1.4285714285714286": 7.973958065869088e-08, "1.6326530612244898": 9.33029084994933e-08, "1.836734693877551": 1.0752885864970975e-07, "2.4489795918367347": 1.5470765941493208e-07, "2.0408163265306123": 1.2246728093015522e-07, "2.2448979591836737": 1.3817331358530816e-07, "2.6530612244897958": 1.7213797071083238e-07, "2.857142857142857": 1.9053910957768137e-07, "3.0612244897959187": 2.0999462188200257e-07, "3.2653061224489797": 2.3059815167029069e-07, "3.4693877551020407": 2.5245438318791937e-07, "3.8775510204081636": 3.004128797895399e-07, "3.673469387755102": 2.7568158729319784e-07, "4.081632653061225": 3.2679978802160814e-07, "4.285714285714286": 3.5501422676829417e-07, "4.6938775510204085": 4.177435911798414e-07, "4.8979591836734695": 4.527458911404112e-07, "4.4897959183673475": 3.852535098289186e-07, "5.3061224489795915": 5.315525016118236e-07, "5.1020408163265305": 4.905643979912829e-07, "5.714285714285714": 6.24780698446388e-07, "5.510204081632653": 5.761274522982878e-07, "6.122448979591837": 7.367896100668233e-07, "5.918367346938775": 6.781001309183566e-07, "6.326530612244898": 8.017037480479836e-07, "6.73469387755102": 9.546378488310651e-07, "6.530612244897959": 8.7388951323167e-07, "7.142857142857143": 1.148739251819288e-06, "6.938775510204081": 1.0455704034079968e-06, "7.346938775510204": 1.2667943966822167e-06, "7.551020408163265": 1.403203418317244e-06, "7.755102040816327": 1.5626080798597006e-06, "7.959183673469388": 1.7513639034709002e-06, "8.16326530612245": 1.9783958118188044e-06, "8.571428571428571": 2.605804133570655e-06, "8.36734693877551": 2.2566821423802244e-06, "8.775510204081632": 3.056813132625129e-06, "8.979591836734695": 3.6620589581796367e-06, "9.183673469387756": 4.517167431020588e-06, "9.387755102040817": 5.8176147538871514e-06, "9.591836734693878": 8.035015241145892e-06, "9.795918367346939": 1.2670269601454086e-05, "10.0": 2.843429795230155e-05}