{"0.0": 0.0, "0.40816326530612246": 2.1719444490861532e-08, "0.20408163265306123": 1.0300427459038033e-08, "0.6122448979591837": 3.4449733788061354e-08, "0.8163265306122449": 4.873092663389067e-08, "1.0204081632653061": 6.486481950165845e-08, "1.2244897959183674": 8.323694073871158e-08, "1.4285714285714286": 1.0434763213206516e-07, "1.6326530612244898": 1.2885888159405255e-07, "2.0408163265306123": 1.919995087006948e-07, "1.836734693877551": 1.576640450171213e-07, "2.4489795918367347": 2.85147288182002e-07, "2.2448979591836737": 2.3362783131794734e-07, "2.6530612244897958": 3.5056055276348143e-07, "2.857142857142857": 4.363620524835261e-07, "3.0612244897959187": 5.538426258805588e-07, "3.2653061224489797": 7.245229673850938e-07, "3.4693877551020407": 9.951080084999106e-07, "3.673469387755102": 1.4896221650339888e-06, "3.8775510204081636": 2.6821783462894137e-06, "4.8979591836734695": 0.11318193763198693, "4.285714285714286": 0.0220206189832827, "4.081632653061225": 9.593978938926491e-06, "4.6938775510204085": 0.08635885924815505, "5.1020408163265305": 0.13710435508659874, "4.4897959183673475": 0.056162212230587615, "5.3061224489795915": 0.15851779561530788, "5.714285714285714": 0.19507971692973558, "5.510204081632653": 0.17775100862161872, "6.122448979591837": 0.2249248926649014, "5.918367346938775": 0.21073809239361146, "6.326530612244898": 0.2378105232732136, "6.530612244897959": 0.24954153016149844, "6.73469387755102": 0.26024399175057594, "6.938775510204081": 0.2700276107525457, "7.142857142857143": 0.2789873885341363, "7.551020408163265": 0.29475719735915323, "7.346938775510204": 0.28720645021221547, "7.755102040816327": 0.30170315888671684, "7.959183673469388": 0.3081000381601668, "8.16326530612245": 0.313996495928556, "8.36734693877551": 0.31943536171013637, "8.775510204081632": 0.3290849139141856, "8.571428571428571": 0.324453950166682, "9.183673469387756": 0.337293550637342, "9.387755102040817": 0.34091665680031125, "8.979591836734695": 0.33335664230935813, "9.795918367346939": 0.347289800484442, "9.591836734693878": 0.34424380156039014, "10.0": 0.35006692476926365}