{"0.8163265306122449": 6.23945339839338e-14, "1.6326530612244898": -4.819922239107655e-12, "0.20408163265306123": 1.4432899320127035e-15, "1.0204081632653061": 3.2959190932047022e-12, "2.2448979591836737": 0.1278076177209746, "0.40816326530612246": -1.3322676295501878e-15, "0.6122448979591837": -6.978861932793734e-13, "0.0": 0.0, "1.836734693877551": 0.00904821697098157, "2.0408163265306123": 0.07217136614412722, "1.2244897959183674": -1.624700374236454e-12, "1.4285714285714286": 1.7454926393156711e-12, "2.4489795918367347": 0.1774192709059219, "4.081632653061225": 0.4470265715252979, "2.857142857142857": 0.2626269606074044, "2.6530612244897958": 0.22208625288461414, "3.2653061224489797": 0.3337311801833509, "3.673469387755102": 0.39439510214894813, "3.0612244897959187": 0.29967523334918256, "3.8775510204081636": 0.4215975548499489, "3.4693877551020407": 0.3651957856891336, "4.285714285714286": 0.47086996840512374, "4.8979591836734695": 0.5343680554554815, "4.4897959183673475": 0.49328703561078, "4.6938775510204085": 0.5144139639910421, "5.1020408163265305": 0.5532510280428433, "5.918367346938775": 0.6196938194567655, "5.510204081632653": 0.5881477807946787, "6.122448979591837": 0.6343589841866363, "5.3061224489795915": 0.5711516379566979, "5.714285714285714": 0.6043081896314476, "6.530612244897959": 0.6617174542260797, "6.326530612244898": 0.6483522971626743, "7.142857142857143": 0.6984202573305638, "6.73469387755102": 0.6744938897139325, "6.938775510204081": 0.6867173291419832, "7.346938775510204": 0.7096323168870184, "7.755102040816327": 0.7306901860460706, "7.551020408163265": 0.7203806489832607, "8.16326530612245": 0.7500830414846876, "8.36734693877551": 0.7592072880261365, "9.387755102040817": 0.7998050967961483, "9.183673469387756": 0.7923036690313026, "8.775510204081632": 0.7764030981762079, "8.979591836734695": 0.7845076861355247, "7.959183673469388": 0.7405839041532752, "9.591836734693878": 0.8070252003764169, "8.571428571428571": 0.767974950802905, "10.0": 0.8206707053532667, "9.795918367346939": 0.8139764668331018}