{"0.8163265306122449": 2.0805579481475434e-13, "1.6326530612244898": -1.606914601381959e-11, "0.20408163265306123": 4.773959005888173e-15, "1.0204081632653061": 1.0986656029388087e-11, "2.2448979591836737": 0.36607049722543683, "0.6122448979591837": -2.325473147379853e-12, "0.40816326530612246": -3.9968028886505635e-15, "0.0": 0.0, "1.836734693877551": 0.029843618400653416, "2.0408163265306123": 0.22096093245032733, "1.2244897959183674": -5.416112003331364e-12, "1.4285714285714286": 5.817346604430895e-12, "2.4489795918367347": 0.4784910456323457, "4.081632653061225": 0.8612133972739269, "2.857142857142857": 0.6377924365800985, "2.6530612244897958": 0.5670495908790155, "3.673469387755102": 0.8120836377739707, "3.0612244897959187": 0.6949776817710183, "3.2653061224489797": 0.7416758760824469, "3.8775510204081636": 0.8387744991226289, "3.4693877551020407": 0.780146860852152, "4.285714285714286": 0.8801766729314501, "4.8979591836734695": 0.9217515188915528, "4.4897959183673475": 0.8962774003283797, "5.918367346938775": 0.960148466131505, "5.1020408163265305": 0.9318375405048949, "4.6938775510204085": 0.9100045311259032, "5.510204081632653": 0.9480237610792723, "6.122448979591837": 0.9650443754734473, "5.3061224489795915": 0.9405234270449128, "5.714285714285714": 0.9545161594586403, "6.530612244897959": 0.9730267183739302, "7.142857142857143": 0.9816058196115194, "6.326530612244898": 0.9693078652686876, "7.346938775510204": 0.9837879723934833, "6.73469387755102": 0.9762753405829998, "6.938775510204081": 0.9791170305178784, "7.755102040816327": 0.9873857566820239, "7.551020408163265": 0.9857032165528938, "8.36734693877551": 0.9913130213510988, "8.16326530612245": 0.9901668238936893, "9.387755102040817": 0.9953035788169078, "9.183673469387756": 0.9946916798305279, "8.775510204081632": 0.9932132689623105, "8.979591836734695": 0.9939986139104031, "7.959183673469388": 0.9888651138161769, "9.591836734693878": 0.9958440333232488, "8.571428571428571": 0.9923229287239409, "10.0": 0.9967436258365552, "9.795918367346939": 0.9963215597304296}