{"0.8163265306122449": 2.7045032879868813e-13, "0.20408163265306123": 6.328271240363392e-15, "1.6326530612244898": -2.0889068252927245e-11, "1.0204081632653061": 1.4282686144895251e-11, "2.2448979591836737": 0.49387811494641154, "0.40816326530612246": -5.329070518200751e-15, "0.6122448979591837": -3.0233593406592263e-12, "0.0": 0.0, "2.0408163265306123": 0.29313229859445467, "1.836734693877551": 0.038891835371634986, "1.2244897959183674": -7.040812377567818e-12, "1.4285714285714286": 7.562839243746566e-12, "2.4489795918367347": 0.6559103165382676, "4.081632653061225": 1.3082399687992248, "2.857142857142857": 0.9004193971875029, "2.6530612244897958": 0.7891358437636296, "3.673469387755102": 1.206478739922919, "3.2653061224489797": 1.0754070562657978, "3.8775510204081636": 1.2603720539725778, "3.0612244897959187": 0.9946529151202008, "3.4693877551020407": 1.1453426465412857, "4.285714285714286": 1.3510466413365738, "4.8979591836734695": 1.4561195743470343, "5.918367346938775": 1.5798422855882706, "4.4897959183673475": 1.3895644359391595, "5.1020408163265305": 1.4850885685477382, "4.6938775510204085": 1.4244184951169454, "5.510204081632653": 1.536171541873951, "5.3061224489795915": 1.5116750650016106, "6.122448979591837": 1.5994033596600836, "7.142857142857143": 1.6800260769420832, "5.714285714285714": 1.558824349090088, "6.530612244897959": 1.63474417260001, "7.346938775510204": 1.6934202892805017, "6.326530612244898": 1.617660162431362, "6.73469387755102": 1.6507692302969323, "6.938775510204081": 1.6658343596598615, "8.36734693877551": 1.7505203093772352, "7.755102040816327": 1.7180759427280945, "7.551020408163265": 1.7060838655361545, "9.387755102040817": 1.795108675613056, "8.16326530612245": 1.740249865378377, "9.183673469387756": 1.7869953488618304, "8.775510204081632": 1.7696163671385183, "8.979591836734695": 1.7785063000459278, "7.959183673469388": 1.7294490179694524, "9.591836734693878": 1.8028692336996657, "8.571428571428571": 1.760297879526846, "10.0": 1.8174143311898219, "9.795918367346939": 1.8102980265635313}