{"0.20408163265306123": 1.9306778398231472e-13, "0.8163265306122449": 4.4286796452297494e-12, "0.40816326530612246": 7.105427357601002e-15, "0.6122448979591837": 2.994271497414047e-13, "1.0204081632653061": 3.701039474890422e-11, "2.0408163265306123": 7.322487061145466e-11, "1.6326530612244898": 4.080402682404838e-12, "1.4285714285714286": 7.222000775186643e-13, "2.4489795918367347": 1.0809131367750524e-11, "2.857142857142857": 1.766764512467489e-10, "3.0612244897959187": 6.123738183205774e-10, "2.2448979591836737": 2.195021941986397e-12, "1.836734693877551": 1.8722579042673715e-11, "3.2653061224489797": 1.965570262107974e-09, "3.673469387755102": 1.6253104417884856e-08, "1.2244897959183674": 9.71445146547012e-14, "2.6530612244897958": 4.6305848044880804e-11, "3.4693877551020407": 5.643440714742098e-09, "3.8775510204081636": 4.482761095658816e-08, "0.0": 0.0, "4.081632653061225": 1.1986565484622957e-07, "4.285714285714286": 3.159113516337797e-07, "4.6938775510204085": 2.352068940281171e-06, "6.938775510204081": 0.1899890494623252, "4.4897959183673475": 8.398623367877889e-07, "4.8979591836734695": 7.751197235172924e-06, "6.122448979591837": 0.11064514136774639, "6.326530612244898": 0.13165102461706502, "5.714285714285714": 0.06592779729652243, "7.346938775510204": 0.22548194493729956, "6.73469387755102": 0.1712693651207795, "5.510204081632653": 0.04207124609964097, "7.551020408163265": 0.2423364165634755, "6.530612244897959": 0.1518403492892837, "7.142857142857143": 0.20804578398681217, "5.918367346938775": 0.08876042074382318, "5.1020408163265305": 5.5057021653315275e-05, "7.755102040816327": 0.2586450374491365, "7.959183673469388": 0.27444098923070426, "5.3061224489795915": 0.017116275144467674, "8.16326530612245": 0.28975513564378774, "8.36734693877551": 0.30461631781393284, "8.775510204081632": 0.33308655451388736, "9.183673469387756": 0.3600509452958748, "8.979591836734695": 0.3467453310266607, "9.591836734693878": 0.3856895953875714, "8.571428571428571": 0.31905161237532054, "9.795918367346939": 0.39806385689575885, "9.387755102040817": 0.37302535656462, "10.0": 0.4101675733750051}