{"0.20408163265306123": 4.4201864390913674e-13, "0.8163265306122449": 1.006295602401508e-11, "0.40816326530612246": 1.6264767310758543e-14, "0.6122448979591837": 6.822264975170356e-13, "1.0204081632653061": 8.393198358547239e-11, "2.0408163265306123": 1.6513554967900746e-10, "1.6326530612244898": 9.219036645191637e-12, "1.4285714285714286": 1.6339207764559661e-12, "2.4489795918367347": 1.9325424593930053e-11, "2.857142857142857": 3.2477192601909623e-10, "3.0612244897959187": 1.1419327206052544e-09, "2.2448979591836737": 3.86647935890494e-12, "1.836734693877551": 4.2261411037358706e-11, "3.2653061224489797": 3.723561459167968e-09, "3.673469387755102": 3.1695582192181605e-08, "1.2244897959183674": 2.2024604362513857e-13, "2.6530612244897958": 8.395201755995175e-11, "3.4693877551020407": 1.0782861281644075e-08, "3.8775510204081636": 8.924450800029682e-08, "0.0": 0.0, "4.081632653061225": 2.436588654175509e-07, "4.285714285714286": 6.558847993165529e-07, "4.6938775510204085": 5.098183091911679e-06, "6.938775510204081": 0.3629877890116917, "4.4897959183673475": 1.781391076260963e-06, "4.8979591836734695": 1.7174323619983945e-05, "6.122448979591837": 0.2277224130806761, "6.326530612244898": 0.26566563745613936, "5.714285714285714": 0.14150566216905067, "7.346938775510204": 0.41674111307172534, "6.73469387755102": 0.33300929215369945, "5.510204081632653": 0.09234491591624988, "7.551020408163265": 0.4409054481576362, "6.530612244897959": 0.30065831193900383, "7.142857142857143": 0.3908294013191144, "5.918367346938775": 0.1864728627068546, "5.1020408163265305": 0.0001247330089417742, "7.755102040816327": 0.463483938588955, "7.959183673469388": 0.4846200327758688, "5.3061224489795915": 0.03845868307177101, "8.16326530612245": 0.5044415449348173, "8.36734693877551": 0.5230627259021248, "8.775510204081632": 0.5571035727405078, "9.183673469387756": 0.5874459536079188, "8.979591836734695": 0.5726984895631279, "9.591836734693878": 0.6146651127609072, "8.571428571428571": 0.5405860221229895, "9.795918367346939": 0.6272553545759352, "9.387755102040817": 0.6014141568721771, "10.0": 0.6392365382365763}