{"0.6122448979591837": 1.3850425087599447e-07, "0.40816326530612246": 8.848085807138744e-08, "1.0204081632653061": 2.595241515864263e-07, "1.4285714285714286": 4.283221474100937e-07, "0.20408163265306123": 4.2839993511452985e-08, "2.0408163265306123": 8.882668607669122e-07, "1.2244897959183674": 3.3592561104212716e-07, "1.836734693877551": 6.908109477979397e-07, "0.8163265306122449": 1.9474827266812654e-07, "3.673469387755102": 0.3058927994210802, "3.4693877551020407": 0.18201506793379513, "1.6326530612244898": 5.432119730904666e-07, "0.0": 0.0, "3.0612244897959187": 8.99399083416179e-06, "2.4489795918367347": 1.5904779868370983e-06, "2.2448979591836737": 1.1668595388410573e-06, "3.8775510204081636": 0.40749139080129504, "3.2653061224489797": 0.029650673467584706, "2.857142857142857": 3.826622877831608e-06, "2.6530612244897958": 2.313287108079478e-06, "4.8979591836734695": 0.7114542270325235, "4.081632653061225": 0.49148792791335827, "5.3061224489795915": 0.7777973793662392, "4.285714285714286": 0.5614370401031389, "6.122448979591837": 0.8636793130737141, "5.714285714285714": 0.8268462005657019, "4.4897959183673475": 0.6200729488693594, "6.73469387755102": 0.9031930550540491, "5.1020408163265305": 0.7471934019279122, "6.326530612244898": 0.8786292520475447, "4.6938775510204085": 0.6695219771428299, "5.510204081632653": 0.804118042209464, "5.918367346938775": 0.8465456621881529, "7.551020408163265": 0.9370118430521956, "6.530612244897959": 0.8917124560862904, "7.755102040816327": 0.9431688718228429, "7.346938775510204": 0.9300575288812691, "7.142857142857143": 0.9221948004382763, "6.938775510204081": 0.9132920117837201, "7.959183673469388": 0.9486224116518269, "8.571428571428571": 0.9614909542002678, "8.36734693877551": 0.9577225411591196, "8.16326530612245": 0.9534515060186873, "8.979591836734695": 0.9676950507794362, "8.775510204081632": 0.9648026303464786, "9.183673469387756": 0.9701982412958884, "10.0": 0.9766992631602219, "9.387755102040817": 0.9723355625792113, "9.591836734693878": 0.9741243757655691, "9.795918367346939": 0.9755766111530567}