{"0.6122448979591837": 9.695297762745612e-08, "0.40816326530612246": 6.193660147200177e-08, "1.0204081632653061": 1.816669131825416e-07, "1.4285714285714286": 2.998255224503547e-07, "0.20408163265306123": 2.998799565071992e-08, "2.0408163265306123": 6.217868853837619e-07, "1.2244897959183674": 2.3514793957832244e-07, "1.836734693877551": 4.835677135666483e-07, "0.8163265306122449": 1.363237948500123e-07, "3.673469387755102": 0.22554072563282845, "3.4693877551020407": 0.13119619834027252, "1.6326530612244898": 3.802484121466547e-07, "0.0": 0.0, "3.0612244897959187": 6.295802077592796e-06, "2.4489795918367347": 1.1133348563962763e-06, "2.2448979591836737": 8.168018201527366e-07, "3.8775510204081636": 0.3067557662656851, "3.2653061224489797": 0.020848990191503065, "2.857142857142857": 2.6786375520041512e-06, "2.6530612244897958": 1.6193015375424078e-06, "4.8979591836734695": 0.5810614810329247, "4.081632653061225": 0.37711067495227724, "5.3061224489795915": 0.6510812498216111, "4.285714285714286": 0.4384061205320048, "6.122448979591837": 0.7521494586655046, "5.714285714285714": 0.7069770106671953, "4.4897959183673475": 0.4920860351953876, "6.73469387755102": 0.8049659800878008, "5.1020408163265305": 0.6180980765145135, "6.326530612244898": 0.7715069055626128, "4.6938775510204085": 0.5393195218524707, "5.510204081632653": 0.6805552157849729, "5.918367346938775": 0.7307325765768267, "7.551020408163265": 0.855702007124936, "6.530612244897959": 0.7890439600018846, "7.755102040816327": 0.8657705609791606, "7.346938775510204": 0.8446944820738831, "7.142857142857143": 0.8326486606270491, "6.938775510204081": 0.8194499250126045, "7.959183673469388": 0.8749861482686604, "8.571428571428571": 0.8982078297402846, "8.36734693877551": 0.8911453792262191, "8.16326530612245": 0.8834230888572906, "8.979591836734695": 0.9105320999589016, "8.775510204081632": 0.904657019075204, "9.183673469387756": 0.9158654846908346, "10.0": 0.9322253852029412, "9.387755102040817": 0.9206834343097473, "9.591836734693878": 0.9250065715242284, "9.795918367346939": 0.9288503344040903}