{"0.0": 0.0, "0.20408163265306123": 3.1872457091292515e-08, "0.40816326530612246": 6.971834344834349e-08, "0.6122448979591837": 1.1539062413262818e-07, "0.8163265306122449": 1.7159702860417684e-07, "1.0204081632653061": 2.424570974319074e-07, "1.4285714285714286": 4.5914250340748515e-07, "1.2244897959183674": 3.345603359647702e-07, "1.6326530612244898": 6.370656231263783e-07, "2.0408163265306123": 1.3925287155448697e-06, "1.836734693877551": 9.119138109667784e-07, "2.2448979591836737": 2.4482712410029334e-06, "2.4489795918367347": 6.648612521246743e-06, "2.857142857142857": 0.13813979219621234, "3.0612244897959187": 0.22491364361315785, "2.6530612244897958": 0.03698218785148253, "3.2653061224489797": 0.2999944721435873, "3.8775510204081636": 0.4736108381516169, "3.673469387755102": 0.4228969891550222, "3.4693877551020407": 0.3654504631255334, "4.285714285714286": 0.5587433710975876, "4.081632653061225": 0.5186164816016708, "4.6938775510204085": 0.626962636524762, "4.4897959183673475": 0.5946716074549632, "4.8979591836734695": 0.6560848445523956, "5.1020408163265305": 0.6824317951033622, "5.3061224489795915": 0.7063357186386219, "5.510204081632653": 0.7280801250443054, "5.714285714285714": 0.7479071594935294, "6.326530612244898": 0.7978353864267252, "6.122448979591837": 0.7826162022669724, "6.73469387755102": 0.8246900096544539, "5.918367346938775": 0.7660257533234242, "6.530612244897959": 0.8118201871652564, "7.142857142857143": 0.8474922586061159, "6.938775510204081": 0.836550000419137, "7.755102040816327": 0.8755776743689836, "7.551020408163265": 0.866938945110881, "7.346938775510204": 0.8575981152161509, "7.959183673469388": 0.8835695720297261, "8.16326530612245": 0.8909627941881363, "8.571428571428571": 0.9041155289025532, "8.775510204081632": 0.9099420257217149, "8.36734693877551": 0.8977994093591961, "9.183673469387756": 0.9202249521830053, "9.387755102040817": 0.9247192727683994, "8.979591836734695": 0.9153048019836375, "9.591836734693878": 0.9288004022520853, "9.795918367346939": 0.9324768998868393, "10.0": 0.9357537291452064}