{"0.20408163265306123": 1.3620216066101422e-13, "1.6326530612244898": 6.852046707805926e-11, "2.4489795918367347": 3.5373426410245656e-11, "1.836734693877551": 4.562237476690711e-10, "2.0408163265306123": 7.841616245229944e-13, "1.2244897959183674": -3.5983054313959427e-10, "2.6530612244897958": 6.312030897959175e-11, "3.673469387755102": 2.3689917483249445e-08, "0.8163265306122449": 3.4474756382962826e-12, "0.40816326530612246": 1.2367884494324244e-14, "1.4285714285714286": 8.218736802234617e-12, "1.0204081632653061": -1.3531709086578303e-11, "3.4693877551020407": 8.45860090858963e-09, "2.2448979591836737": 5.596012542241624e-12, "0.6122448979591837": 4.600986258651574e-13, "3.2653061224489797": 2.8129570006640846e-09, "2.857142857142857": 2.449444314045479e-10, "3.0612244897959187": 8.638476711730903e-10, "3.8775510204081636": 6.382761275069981e-08, "0.0": 0.0, "4.285714285714286": 4.1042215656039713e-07, "4.4897959183673475": 9.888179142603093e-07, "4.081632653061225": 1.6436065335412307e-07, "4.6938775510204085": 2.3510587723984953e-06, "7.551020408163265": 0.32441096683766013, "5.3061224489795915": 3.538227050445819e-05, "6.530612244897959": 0.16016572344616326, "5.1020408163265305": 1.3608786192687016e-05, "6.938775510204081": 0.23152321743065166, "7.755102040816327": 0.3521753703988001, "7.346938775510204": 0.2951325038318705, "4.8979591836734695": 5.595103775335452e-06, "5.510204081632653": 0.00011092428318564274, "7.142857142857143": 0.2642161299191961, "7.959183673469388": 0.37853671048388243, "6.122448979591837": 0.07958174167412485, "5.918367346938775": 0.035374462695824574, "6.326530612244898": 0.12113055051108854, "6.73469387755102": 0.19689807296839842, "5.714285714285714": 0.0008599268249484427, "8.16326530612245": 0.40359480213276516, "8.36734693877551": 0.4274397464950035, "8.571428571428571": 0.45015316122179155, "8.775510204081632": 0.47180923180119694, "8.979591836734695": 0.49247560894879616, "9.387755102040817": 0.5310817008510057, "9.183673469387756": 0.5122141752597922, "9.795918367346939": 0.5664084409129581, "9.591836734693878": 0.5491304055313623, "10.0": 0.5829603054078882}