{"1.836734693877551": 2.940701151280684e-07, "0.20408163265306123": 2.1103185281838702e-08, "3.4693877551020407": 1.2343243771589305e-06, "1.2244897959183674": 1.6258559748069474e-07, "0.8163265306122449": 9.732618227919927e-08, "2.4489795918367347": 4.938455980596138e-07, "1.4285714285714286": 2.0112137199653205e-07, "0.6122448979591837": 6.945181401275361e-08, "0.0": 0.0, "1.6326530612244898": 2.446087228988077e-07, "0.40816326530612246": 4.415870781370149e-08, "3.0612244897959187": 8.339903657608823e-07, "2.0408163265306123": 3.5083037595018066e-07, "2.857142857142857": 6.96826491601544e-07, "1.0204081632653061": 1.2819969302650741e-07, "2.2448979591836737": 4.166373863109181e-07, "2.6530612244897958": 5.857041563213703e-07, "3.673469387755102": 1.5430960489001364e-06, "3.2653061224489797": 1.0075757155817312e-06, "3.8775510204081636": 1.9882541024214135e-06, "6.73469387755102": 0.4918910795844379, "4.285714285714286": 3.935543097885192e-06, "4.8979591836734695": 0.036990345345907644, "4.081632653061225": 2.6858264732084323e-06, "7.346938775510204": 0.5792029580607642, "5.1020408163265305": 0.10916932216374904, "4.4897959183673475": 6.822531343567525e-06, "5.510204081632653": 0.2332056952534719, "5.918367346938775": 0.3353675713221784, "5.714285714285714": 0.28668809684473817, "7.142857142857143": 0.5524066051894819, "6.938775510204081": 0.5233800706835732, "7.755102040816327": 0.6268936636362941, "6.326530612244898": 0.42042364988341463, "4.6938775510204085": 2.067201236979304e-05, "6.122448979591837": 0.3797897818718248, "5.3061224489795915": 0.174282462267977, "7.551020408163265": 0.6039725277889022, "6.530612244897959": 0.4576738750062405, "7.959183673469388": 0.6481228605317984, "8.16326530612245": 0.6677974381449763, "8.36734693877551": 0.6860377976515623, "8.571428571428571": 0.7029493320723378, "9.795918367346939": 0.7808892043236662, "8.775510204081632": 0.7186240515168706, "8.979591836734695": 0.7331419740438475, "10.0": 0.790479434033358, "9.183673469387756": 0.7465723235873919, "9.591836734693878": 0.7703993354939567, "9.387755102040817": 0.7589745693820527}