{"1.836734693877551": 3.1905103130273166e-07, "0.20408163265306123": 2.2840968509556584e-08, "3.4693877551020407": 1.3425998984910802e-06, "1.2244897959183674": 1.762353245592767e-07, "0.8163265306122449": 1.0543382064096934e-07, "2.4489795918367347": 5.363002407834238e-07, "1.4285714285714286": 2.1807250087260538e-07, "0.6122448979591837": 7.521509060777937e-08, "0.0": 0.0, "1.6326530612244898": 2.653062050528426e-07, "0.40816326530612246": 4.7809018909696756e-08, "3.0612244897959187": 9.065564990135281e-07, "2.0408163265306123": 3.807511845555563e-07, "2.857142857142857": 7.572136037118142e-07, "1.0204081632653061": 1.389207348841978e-07, "2.2448979591836737": 4.5231204841732236e-07, "2.6530612244897958": 6.362577015147506e-07, "3.673469387755102": 1.679011468259001e-06, "3.2653061224489797": 1.0956017381111437e-06, "3.8775510204081636": 2.1640989701613365e-06, "6.73469387755102": 0.5223043678833083, "4.285714285714286": 4.286495624029861e-06, "4.8979591836734695": 0.04025773495147887, "4.081632653061225": 2.924346624644971e-06, "7.346938775510204": 0.6112486637218901, "5.1020408163265305": 0.11841775982575233, "5.510204081632653": 0.2514114701116852, "4.4897959183673475": 7.43346331429863e-06, "5.918367346938775": 0.35954650772985675, "5.714285714285714": 0.30819078392587795, "7.142857142857143": 0.5841114699918147, "6.938775510204081": 0.5545522995757943, "7.755102040816327": 0.6591588998832171, "6.326530612244898": 0.4484699412482943, "4.6938775510204085": 2.2530836986516366e-05, "6.122448979591837": 0.40612267476313324, "5.3061224489795915": 0.18845169047143806, "7.551020408163265": 0.6361966574061425, "6.530612244897959": 0.48706123274093266, "7.959183673469388": 0.6803134070042484, "8.16326530612245": 0.6998160174434666, "8.36734693877551": 0.717803126382772, "8.571428571428571": 0.7343939913802553, "9.795918367346939": 0.8095744956239352, "8.775510204081632": 0.7496926863877408, "8.979591836734695": 0.7637897663261322, "10.0": 0.8186384060414611, "9.183673469387756": 0.7767636930914034, "9.591836734693878": 0.7996026850732908, "9.387755102040817": 0.7886820650751879}