{"0.40816326530612246": 6.717200753633294e-15, "0.20408163265306123": 1.67930023019824e-15, "0.8163265306122449": 2.6868802615993193e-14, "0.6122448979591837": 1.511370149557891e-14, "2.0408163265306123": 1.6793005581276805e-13, "1.4285714285714286": 8.228571336789141e-14, "2.4489795918367347": 2.41819321807456e-13, "2.2448979591836737": 2.0319538376823643e-13, "1.6326530612244898": 1.0747522229542592e-13, "3.8775510204081636": 6.06228095337527e-13, "3.673469387755102": 5.440938665880302e-13, "2.857142857142857": 3.291430370675381e-13, "1.2244897959183674": 6.045480780548129e-14, "1.0204081632653061": 4.19825045095184e-14, "3.4693877551020407": 4.853182362522233e-13, "1.836734693877551": 1.3602333592132087e-13, "3.2653061224489797": 4.299012186483392e-13, "2.6530612244897958": 2.838018721390172e-13, "0.0": 0.0, "3.0612244897959187": 3.7784281875384605e-13, "4.081632653061225": 6.717208899866648e-13, "7.755102040816327": 0.8179154963540753, "4.285714285714286": 7.40572184461136e-13, "7.959183673469388": 0.8381510899876661, "4.6938775510204085": 8.883496724837661e-13, "6.938775510204081": 0.6671104374903508, "7.551020408163265": 0.7935402172914753, "7.142857142857143": 0.7240865647910527, "5.3061224489795915": 1.1351967402359687e-12, "7.346938775510204": 0.7633490041508059, "4.4897959183673475": 8.127818536099326e-13, "8.16326530612245": 0.8552538231037081, "4.8979591836734695": 9.672752536720274e-13, "8.979591836734695": 0.903026057947634, "5.510204081632653": 1.2241899999523956e-12, "5.1020408163265305": 1.049557954050718e-12, "8.571428571428571": 0.882514706014279, "9.795918367346939": 0.9304405759080382, "8.36734693877551": 0.8698869357321908, "8.775510204081632": 0.8934760953280142, "9.591836734693878": 0.9249603658314256, "6.326530612244898": 0.48597823818716324, "6.73469387755102": 0.5333067682541517, "9.183673469387756": 0.9113604452217601, "9.387755102040817": 0.9186318840243871, "6.122448979591837": 0.45629997182466664, "10.0": 0.9351471298988662, "5.918367346938775": 0.41996506546374596, "5.714285714285714": 0.3731152955260289, "6.530612244897959": 0.5110350257143637}