{"0.40816326530612246": 1.1645946847138258e-14, "0.20408163265306123": 2.9114867791720156e-15, "0.8163265306122449": 4.658378685969045e-14, "0.6122448979591837": 2.6203380104736982e-14, "2.0408163265306123": 2.9114873933120557e-13, "1.4285714285714286": 1.4266285728915708e-13, "2.4489795918367347": 4.192542579374148e-13, "2.2448979591836737": 3.5229000335078593e-13, "1.6326530612244898": 1.8633516924839351e-13, "3.8775510204081636": 1.0510479950379314e-12, "3.673469387755102": 9.43322770740892e-13, "2.857142857142857": 5.706517544164613e-13, "1.2244897959183674": 1.048135241269697e-13, "1.0204081632653061": 7.278716782660462e-14, "3.4693877551020407": 8.414205169906912e-13, "1.836734693877551": 2.3583046234657166e-13, "3.2653061224489797": 7.453412585811748e-13, "2.6530612244897958": 4.920415069506312e-13, "0.0": 0.0, "3.0612244897959187": 6.550850041116348e-13, "4.081632653061225": 1.1645961335409638e-12, "7.755102040816327": 1.5424179543562546, "4.285714285714286": 1.2839670717240335e-12, "7.959183673469388": 1.585675068891817, "4.6938775510204085": 1.5401763063041948e-12, "6.938775510204081": 1.234468227293947, "7.551020408163265": 1.4910885478324862, "7.142857142857143": 1.3484485887504265, "5.3061224489795915": 1.9681474374176818e-12, "7.346938775510204": 1.428497614917616, "4.4897959183673475": 1.4091605926369418e-12, "8.16326530612245": 1.622775842946394, "4.8979591836734695": 1.677013541082937e-12, "8.979591836734695": 1.7299856686427888, "5.510204081632653": 2.1224395121220214e-12, "5.1020408163265305": 1.8196711819871558e-12, "8.571428571428571": 1.6831826261544163, "9.795918367346939": 1.7954915419493234, "8.36734693877551": 1.6549833150519144, "8.775510204081632": 1.7080209068975758, "9.591836734693878": 1.7819985559375484, "6.326530612244898": 0.8841975017561714, "6.73469387755102": 0.9743002108243978, "9.183673469387756": 1.7494520270463827, "9.387755102040817": 1.7667127963923914, "6.122448979591837": 0.8281244097669654, "10.0": 1.8073355798112873, "5.918367346938775": 0.7598941132895306, "5.714285714285714": 0.6725613330834834, "6.530612244897959": 0.9317927506785668}