{"0.40816326530612246": 4.928746093504962e-15, "0.20408163265306123": 1.232186548973775e-15, "0.8163265306122449": 1.9714984243697266e-14, "0.6122448979591837": 1.1089678609158072e-14, "2.0408163265306123": 1.2321868351843764e-13, "1.4285714285714286": 6.037714392126567e-14, "2.4489795918367347": 1.774349361299588e-13, "2.2448979591836737": 1.4909461958254965e-13, "1.6326530612244898": 7.885994695296758e-14, "3.8775510204081636": 4.448198997004044e-13, "3.673469387755102": 3.9922890415286186e-13, "2.857142857142857": 2.4150871734892297e-13, "1.2244897959183674": 4.43587163214884e-14, "1.0204081632653061": 3.080466331708623e-14, "3.4693877551020407": 3.561022807384681e-13, "1.836734693877551": 9.980712642525081e-14, "3.2653061224489797": 3.154400399328357e-13, "2.6530612244897958": 2.0823963481161373e-13, "0.0": 0.0, "3.0612244897959187": 2.772421853577887e-13, "4.081632653061225": 4.928752435542986e-13, "7.755102040816327": 0.7245024580021789, "4.285714285714286": 5.433948872628975e-13, "7.959183673469388": 0.7475239789041513, "4.6938775510204085": 6.518266338204286e-13, "6.938775510204081": 0.5673577898035962, "7.551020408163265": 0.6975483305410117, "7.142857142857143": 0.6243620239593738, "5.3061224489795915": 8.329506971817134e-13, "7.346938775510204": 0.66514861076681, "4.4897959183673475": 5.963787390270094e-13, "8.16326530612245": 0.7675220198426858, "4.8979591836734695": 7.097382874109096e-13, "8.979591836734695": 0.8269596106951548, "5.510204081632653": 8.982495121696264e-13, "5.1020408163265305": 7.701132279364383e-13, "8.571428571428571": 0.800667920140137, "9.795918367346939": 0.8650509660412852, "8.36734693877551": 0.7850963793197236, "8.775510204081632": 0.8145448115695613, "9.591836734693878": 0.857038190106123, "6.326530612244898": 0.3982192635690082, "6.73469387755102": 0.44099344257024614, "9.183673469387756": 0.8380915818246223, "9.387755102040817": 0.8480809123680044, "6.122448979591837": 0.3718244379422986, "10.0": 0.8721884499124216, "5.918367346938775": 0.33992904782578454, "5.714285714285714": 0.2994460375574547, "6.530612244897959": 0.42075772496420333}