{"1.2244897959183674": 3.158207029230198e-11, "0.40816326530612246": 5.270228697895618e-13, "0.8163265306122449": 1.5554224574998443e-13, "0.6122448979591837": 2.289246570086334e-11, "0.20408163265306123": 8.881784197001252e-16, "1.4285714285714286": 2.3456625530826614e-10, "1.0204081632653061": 2.9172220195050613e-12, "1.836734693877551": 1.1267875521525639e-11, "1.6326530612244898": 1.2363443602225743e-12, "2.2448979591836737": 3.8600822538370494e-10, "2.6530612244897958": 1.5289658428230268e-10, "2.857142857142857": 7.525708944911003e-10, "3.8775510204081636": 0.029417857851053553, "3.2653061224489797": 8.539221107994877e-09, "2.0408163265306123": 7.474409979835173e-11, "2.4489795918367347": 3.0249580618146865e-11, "3.0612244897959187": 2.0849432180725103e-09, "0.0": 0.0, "3.4693877551020407": 3.8912962074810764e-08, "3.673469387755102": 3.0091573832713436e-07, "4.4897959183673475": 0.17859432541360964, "4.285714285714286": 0.13296248079550543, "4.6938775510204085": 0.22075678066149973, "5.510204081632653": 0.3615390308274983, "4.8979591836734695": 0.2598296053976039, "6.122448979591837": 0.4447952975961136, "5.714285714285714": 0.3910853477530677, "5.1020408163265305": 0.29613751623920326, "4.081632653061225": 0.08341394193814611, "7.346938775510204": 0.5724682364773765, "6.73469387755102": 0.5140688047671045, "5.918367346938775": 0.4187833706933891, "5.3061224489795915": 0.3299599921271812, "6.530612244897959": 0.4923178472270662, "6.326530612244898": 0.46926441717563105, "6.938775510204081": 0.5346185018109886, "7.142857142857143": 0.5540577365833013, "7.551020408163265": 0.5899237972112912, "7.755102040816327": 0.6064912536794917, "7.959183673469388": 0.6222313110294073, "8.36734693877551": 0.6514455885502688, "8.16326530612245": 0.6371992590259256, "8.979591836734695": 0.6902985172428434, "9.183673469387756": 0.7020845816620807, "8.775510204081632": 0.6779544923132448, "9.591836734693878": 0.7241133506149366, "8.571428571428571": 0.6650165249174291, "10.0": 0.7442786015276575, "9.387755102040817": 0.7133459320508587, "9.795918367346939": 0.7344153936755713}