{"1.2244897959183674": 4.7195997110449645e-11, "0.40816326530612246": 7.833012016789099e-13, "0.8163265306122449": 2.3168689189390083e-13, "0.6122448979591837": 3.405226656205685e-11, "0.20408163265306123": 1.3156142841808105e-15, "1.4285714285714286": 3.5128647213333863e-10, "1.836734693877551": 1.6944284864095495e-11, "1.0204081632653061": 4.351452531636824e-12, "1.6326530612244898": 1.8543555579952908e-12, "2.2448979591836737": 5.836791772129147e-10, "2.6530612244897958": 2.2193712423401736e-10, "2.857142857142857": 1.1103061969830464e-09, "3.8775510204081636": 0.04512169678240387, "3.2653061224489797": 1.2746900429627674e-08, "2.0408163265306123": 1.1270492317194681e-10, "2.4489795918367347": 4.32388069793177e-11, "3.0612244897959187": 3.067121040478682e-09, "0.0": 0.0, "3.4693877551020407": 5.89689666541382e-08, "3.673469387755102": 4.629606443318224e-07, "4.4897959183673475": 0.25927840856932927, "4.285714285714286": 0.196368363188114, "4.6938775510204085": 0.31536950298694555, "5.510204081632653": 0.48849448551641844, "4.8979591836734695": 0.3656045268466309, "6.122448979591837": 0.5806184290177298, "5.714285714285714": 0.5220606644149262, "5.1020408163265305": 0.41077944654561505, "4.081632653061225": 0.1254647605557307, "7.346938775510204": 0.7070758579584984, "6.73469387755102": 0.6514581718091671, "5.918367346938775": 0.5526549819559226, "5.3061224489795915": 0.45155733549363425, "6.530612244897959": 0.629784066221849, "6.326530612244898": 0.6062438694903853, "6.938775510204081": 0.6714570157081985, "7.142857142857143": 0.6899474372263543, "7.551020408163265": 0.7229712436800477, "7.755102040816327": 0.7377475730087434, "7.959183673469388": 0.7515059052135382, "8.36734693877551": 0.7763183905087694, "8.16326530612245": 0.7643361203941972, "8.979591836734695": 0.8078585841272818, "9.183673469387756": 0.8170966613353678, "8.775510204081632": 0.7980185484650348, "9.591836734693878": 0.8339508703828481, "8.571428571428571": 0.7875244276185028, "10.0": 0.8489074857016371, "9.387755102040817": 0.8257798752054133, "9.795918367346939": 0.8416483445262738}