{"0.20408163265306123": 1.1730245016927565e-08, "0.6122448979591837": 3.841977367898068e-08, "1.4285714285714286": 1.1077866813447813e-07, "1.6326530612244898": 1.3482823587440437e-07, "1.2244897959183674": 8.956704806431488e-08, "2.0408163265306123": 1.9435362339150776e-07, "0.40816326530612246": 2.448304207627882e-08, "1.0204081632653061": 7.068466643934092e-08, "0.8163265306122449": 5.3738434198031877e-08, "3.2653061224489797": 6.106186593060773e-07, "2.4489795918367347": 2.7700539628317004e-07, "1.836734693877551": 1.623860253383321e-07, "2.6530612244897958": 3.320310691979e-07, "2.2448979591836737": 2.319732284439402e-07, "2.857142857142857": 4.0099264671661455e-07, "3.673469387755102": 1.0491480864892043e-06, "0.0": 0.0, "3.0612244897959187": 4.902283581850604e-07, "3.8775510204081636": 1.5204361858866963e-06, "3.4693877551020407": 7.825438569502524e-07, "6.326530612244898": 0.14421695715446403, "5.714285714285714": 0.11254132023195947, "6.73469387755102": 0.16089210902359408, "5.510204081632653": 0.09972439447339522, "6.122448979591837": 0.13465357534794373, "5.918367346938775": 0.12413622767780103, "6.530612244897959": 0.1529325871385323, "6.938775510204081": 0.16817487532758824, "7.142857142857143": 0.17484980677477438, "7.551020408163265": 0.18660857142425608, "5.1020408163265305": 0.06971511309332354, "5.3061224489795915": 0.08551577692001412, "7.346938775510204": 0.18097691736621294, "4.8979591836734695": 0.05208446817258897, "4.6938775510204085": 0.03233971479725988, "7.755102040816327": 0.19179052453652587, "4.4897959183673475": 0.010143436995535274, "7.959183673469388": 0.19656278937110552, "4.285714285714286": 7.301414658834362e-06, "4.081632653061225": 2.58469726673634e-06, "8.16326530612245": 0.2009603589357032, "8.571428571428571": 0.2087498312933245, "9.183673469387756": 0.21827018422048583, "8.979591836734695": 0.21535929839398815, "8.36734693877551": 0.2050138133671534, "9.795918367346939": 0.22559908726297873, "8.775510204081632": 0.2121916228592398, "10.0": 0.2276092355251572, "9.387755102040817": 0.22093909512936274, "9.591836734693878": 0.22337857143927778}