{"0.20408163265306123": 3.8091200850589425e-08, "0.6122448979591837": 1.2610683497316657e-07, "1.4285714285714286": 3.720800792916747e-07, "1.6326530612244898": 4.5562804521785043e-07, "1.2244897959183674": 2.990483876455963e-07, "0.40816326530612246": 7.992635246387185e-08, "2.0408163265306123": 6.651460433381591e-07, "1.0204081632653061": 2.3463423016762578e-07, "0.8163265306122449": 1.7737076586697504e-07, "3.2653061224489797": 2.1794208887263386e-06, "2.4489795918367347": 9.606956789324958e-07, "1.836734693877551": 5.521945680650524e-07, "2.6530612244897958": 1.1595093075966825e-06, "2.2448979591836737": 7.991213076451147e-07, "2.857142857142857": 1.4102885650230245e-06, "3.673469387755102": 3.8032984146368735e-06, "0.0": 0.0, "3.0612244897959187": 1.736710362387219e-06, "3.8775510204081636": 5.556611186351456e-06, "3.4693877551020407": 2.81455683945658e-06, "6.326530612244898": 0.5387811117449567, "5.714285714285714": 0.42044385274824875, "6.73469387755102": 0.6010779416477979, "5.510204081632653": 0.37256099985486973, "6.122448979591837": 0.503053199075917, "5.918367346938775": 0.463761357896959, "6.530612244897959": 0.5713419017686214, "6.938775510204081": 0.6282856850728168, "7.142857142857143": 0.6532226135145953, "7.551020408163265": 0.6971522740508014, "5.1020408163265305": 0.26044909152092394, "5.3061224489795915": 0.3194789147319571, "7.346938775510204": 0.6761129337473292, "4.8979591836734695": 0.19458262766954112, "4.6938775510204085": 0.12081804955595249, "7.755102040816327": 0.7165115730811056, "4.4897959183673475": 0.03789480222143744, "7.959183673469388": 0.7343403144763652, "4.285714285714286": 2.713872629331809e-05, "4.081632653061225": 9.525105130427219e-06, "8.16326530612245": 0.750769228886281, "8.571428571428571": 0.7798699793558491, "9.183673469387756": 0.8154371399615373, "8.979591836734695": 0.8045623389567024, "8.36734693877551": 0.7659125608817584, "9.795918367346939": 0.8428172457628993, "8.775510204081632": 0.7927281952694109, "10.0": 0.8503269742294386, "9.387755102040817": 0.8254079449746089, "9.591836734693878": 0.8345216034689824}