{"0.20408163265306123": 2.636095583366185e-08, "0.6122448979591837": 8.76870612941859e-08, "1.4285714285714286": 2.6130141115719653e-07, "1.6326530612244898": 3.2079980934344603e-07, "1.2244897959183674": 2.0948133958128137e-07, "2.0408163265306123": 4.707924199466513e-07, "0.40816326530612246": 5.544331038759304e-08, "1.0204081632653061": 1.6394956372828484e-07, "0.8163265306122449": 1.2363233166894312e-07, "3.2653061224489797": 1.5688022294202607e-06, "2.4489795918367347": 6.836902826493257e-07, "1.836734693877551": 3.8980854272672015e-07, "2.6530612244897958": 8.274782383987834e-07, "2.2448979591836737": 5.671480792011746e-07, "2.857142857142857": 1.0092959183064102e-06, "3.673469387755102": 2.754150328147669e-06, "0.0": 0.0, "3.0612244897959187": 1.2464820042021586e-06, "3.8775510204081636": 4.0361750004647606e-06, "3.4693877551020407": 2.032012982506327e-06, "6.326530612244898": 0.39456415459049266, "5.714285714285714": 0.30790253251628924, "6.73469387755102": 0.4401858326242037, "5.510204081632653": 0.2728366053814745, "6.122448979591837": 0.36839962372797325, "5.918367346938775": 0.3396251302191581, "6.530612244897959": 0.41840931463008924, "6.938775510204081": 0.46011080974522844, "7.142857142857143": 0.4783728067398209, "7.551020408163265": 0.5105437026265451, "5.1020408163265305": 0.19073397842760031, "5.3061224489795915": 0.233963137811943, "7.346938775510204": 0.49513601638111615, "4.8979591836734695": 0.14249815949695213, "4.6938775510204085": 0.08847833475869259, "7.755102040816327": 0.5247210485445798, "4.4897959183673475": 0.027751365225902182, "7.959183673469388": 0.5377775251052598, "4.285714285714286": 1.983731163448372e-05, "4.081632653061225": 6.940407863690881e-06, "8.16326530612245": 0.5498088699505779, "8.571428571428571": 0.5711201480625245, "9.183673469387756": 0.5971669557410514, "8.979591836734695": 0.5892030405627144, "8.36734693877551": 0.5608987475146051, "9.795918367346939": 0.6172181584999206, "8.775510204081632": 0.580536572410171, "10.0": 0.6227177387042815, "9.387755102040817": 0.6044688498452462, "9.591836734693878": 0.6111430320297045}