{"0.6122448979591837": 3.7087896410596557e-07, "0.40816326530612246": 2.2167482426212396e-07, "0.20408163265306123": 1.0044641834531635e-07, "3.8775510204081636": 0.6569593899265246, "1.2244897959183674": 1.1344518560860452e-06, "1.0204081632653061": 8.035705622222228e-07, "0.8163265306122449": 5.590058275901886e-07, "3.4693877551020407": 0.5537730412832814, "3.673469387755102": 0.6095444724518829, "3.2653061224489797": 0.4877033727125865, "2.857142857142857": 0.31370259881467943, "3.0612244897959187": 0.4088005037130047, "1.6326530612244898": 2.3376510937808373e-06, "1.836734693877551": 3.616036723279976e-06, "2.6530612244897958": 0.19787157378555906, "1.4285714285714286": 1.6071384231681288e-06, "2.0408163265306123": 6.428407506911952e-06, "0.0": 0.0, "2.2448979591836737": 1.7675691797150397e-05, "2.4489795918367347": 0.05507248997680059, "4.081632653061225": 0.6975259986157543, "4.285714285714286": 0.7324304550527826, "4.6938775510204085": 0.788840883650322, "5.1020408163265305": 0.8317533495777659, "5.918367346938775": 0.8907455584495697, "5.3061224489795915": 0.8493571594156432, "4.4897959183673475": 0.7626161243212174, "4.8979591836734695": 0.8117191840550106, "5.714285714285714": 0.8785897911076109, "6.73469387755102": 0.9273922819330014, "5.510204081632653": 0.8648738180645438, "6.326530612244898": 0.9111572710803898, "6.938775510204081": 0.9342462278784689, "7.142857142857143": 0.9403854065845624, "7.551020408163265": 0.950824071720999, "7.346938775510204": 0.9458887573168528, "6.530612244897959": 0.9197316643436027, "6.122448979591837": 0.901544043407594, "7.755102040816327": 0.9552494754429707, "7.959183673469388": 0.9592146379214816, "8.16326530612245": 0.9627617615404791, "8.36734693877551": 0.9659263915067963, "8.571428571428571": 0.9687380802823298, "9.183673469387756": 0.9752719817397951, "9.387755102040817": 0.9768648827834933, "9.591836734693878": 0.9781789667053101, "8.775510204081632": 0.9712209345757358, "8.979591836734695": 0.973394068353633, "10.0": 0.9799768768351632, "9.795918367346939": 0.9792166652253669}