{"0.6122448979591837": 1.4835158564238625e-07, "0.40816326530612246": 8.866992970484957e-08, "0.20408163265306123": 4.0178567338126536e-08, "1.2244897959183674": 4.537807424344179e-07, "3.8775510204081636": 0.2627837559706098, "1.0204081632653061": 3.2142822488888903e-07, "0.8163265306122449": 2.2360233103607543e-07, "3.4693877551020407": 0.2215092165133126, "3.673469387755102": 0.24381778898075313, "3.2653061224489797": 0.19508134908503463, "2.857142857142857": 0.12548103952587178, "3.0612244897959187": 0.1635202014852019, "1.6326530612244898": 9.35060437512335e-07, "1.836734693877551": 1.4464146893119902e-06, "2.6530612244897958": 0.0791486295142236, "1.4285714285714286": 6.428553692672515e-07, "2.0408163265306123": 2.571363002764781e-06, "0.0": 0.0, "2.2448979591836737": 7.0702767188601615e-06, "2.4489795918367347": 0.022028995990720227, "4.081632653061225": 0.2790103994463017, "4.285714285714286": 0.2929721820211131, "4.6938775510204085": 0.3155363534601288, "5.918367346938775": 0.3562982233798278, "5.1020408163265305": 0.3327013398311063, "5.3061224489795915": 0.33974286376625723, "4.4897959183673475": 0.3050464497284869, "4.8979591836734695": 0.3246876736220041, "5.714285714285714": 0.3514359164430444, "6.73469387755102": 0.3709569127732005, "5.510204081632653": 0.34594952722581757, "6.326530612244898": 0.3644629084321559, "6.938775510204081": 0.37369849115138776, "7.142857142857143": 0.3761541626338249, "7.551020408163265": 0.3803296286883997, "7.346938775510204": 0.3783555029267412, "6.530612244897959": 0.3678926657374413, "6.122448979591837": 0.36061761736303766, "7.755102040816327": 0.38209979017718826, "7.959183673469388": 0.38368585516859266, "8.16326530612245": 0.38510470461619184, "8.36734693877551": 0.38637055660271846, "8.571428571428571": 0.38749523211293196, "9.183673469387756": 0.39010879269591814, "9.387755102040817": 0.39074595311339727, "9.591836734693878": 0.39127158668212403, "8.775510204081632": 0.38848837383029433, "8.979591836734695": 0.3893576273414531, "10.0": 0.39199075073406536, "9.795918367346939": 0.3916866660901468}