{"0.20408163265306123": 7.745696310368385e-08, "0.8163265306122449": 4.214499744681878e-07, "0.40816326530612246": 1.6991471194560528e-07, "1.836734693877551": 2.3733365132076353e-06, "1.6326530612244898": 1.622089309023193e-06, "0.6122448979591837": 2.821981714788897e-07, "3.673469387755102": 0.9539052558116027, "1.4285714285714286": 1.1528909025333377e-06, "1.0204081632653061": 5.987120678849017e-07, "3.8775510204081636": 1.0513112017264454, "3.2653061224489797": 0.7119780766662289, "0.0": 0.0, "2.857142857142857": 0.3812127309266277, "3.4693877551020407": 0.8418460704741759, "3.0612244897959187": 0.5602205077580729, "2.2448979591836737": 7.272333293268518e-06, "2.6530612244897958": 0.16778986517899047, "2.0408163265306123": 3.7702395878586043e-06, "1.2244897959183674": 8.320071652587858e-07, "2.4489795918367347": 3.217983924517301e-05, "4.081632653061225": 1.1365383516847454, "4.4897959183673475": 1.2779280342729809, "7.346938775510204": 1.741721582946923, "6.122448979591837": 1.613122090567116, "6.73469387755102": 1.685581891446275, "5.3061224489795915": 1.4794667077719725, "4.285714285714286": 1.211551425355608, "6.530612244897959": 1.6635036300750823, "5.1020408163265305": 1.436925024556815, "5.714285714285714": 1.5526921344241742, "7.551020408163265": 1.7575788059032502, "5.510204081632653": 1.5178863593342078, "6.938775510204081": 1.7058648429881254, "4.6938775510204085": 1.3369478721194814, "4.8979591836734695": 1.3896585754450086, "5.918367346938775": 1.5843149395732918, "6.326530612244898": 1.6394281569661553, "7.142857142857143": 1.7245274746773533, "7.755102040816327": 1.7722131062885988, "7.959183673469388": 1.7857228064559372, "8.16326530612245": 1.7981922593334299, "8.979591836734695": 1.8389364179404044, "8.36734693877551": 1.8096932237941759, "9.795918367346939": 1.86691352248712, "9.183673469387756": 1.8470651362892812, "8.571428571428571": 1.820286000815248, "9.591836734693878": 1.861042835695201, "8.775510204081632": 1.8300203774160246, "10.0": 1.8720412157458675, "9.387755102040817": 1.8544290778373547}