{"0.20408163265306123": 5.163797518024916e-08, "0.8163265306122449": 2.8096664306693626e-07, "0.40816326530612246": 1.1327647356110685e-07, "1.836734693877551": 1.5822241335188245e-06, "1.6326530612244898": 1.0813927752312147e-06, "0.6122448979591837": 1.8813211136978535e-07, "3.673469387755102": 0.5923668250640258, "1.4285714285714286": 7.685938857941591e-07, "1.0204081632653061": 3.991413653137795e-07, "3.8775510204081636": 0.6461576745485343, "3.2653061224489797": 0.452148195413898, "2.857142857142857": 0.24824867379055007, "0.0": 0.0, "3.4693877551020407": 0.5285026887783285, "3.0612244897959187": 0.3601356943285187, "2.2448979591836737": 4.848220236737642e-06, "2.6530612244897958": 0.11077639831845831, "2.0408163265306123": 2.5134925321013485e-06, "1.2244897959183674": 5.546714178674847e-07, "2.4489795918367347": 2.145318780976501e-05, "4.081632653061225": 0.6917452741491348, "4.4897959183673475": 0.7638651327301463, "7.346938775510204": 0.9546238014950009, "6.122448979591837": 0.9111666183394139, "6.73469387755102": 0.9368507657236607, "5.3061224489795915": 0.8572668410980637, "4.285714285714286": 0.7305943953648794, "6.530612244897959": 0.9293288302107452, "5.1020408163265305": 0.8386316709667242, "5.714285714285714": 0.8877412354323629, "7.551020408163265": 0.9592544030821156, "5.510204081632653": 0.87352249350862, "6.938775510204081": 0.9435058790328066, "4.6938775510204085": 0.7924854765340664, "4.8979591836734695": 0.8172044684433643, "5.918367346938775": 0.9002092110191466, "6.326530612244898": 0.9208160008307711, "7.142857142857143": 0.9494000642894403, "7.755102040816327": 0.9633578450655851, "7.959183673469388": 0.9669902625945836, "8.16326530612245": 0.9701991734326103, "8.979591836734695": 0.9794998818759096, "8.36734693877551": 0.9730244804654133, "9.795918367346939": 0.9841353416620094, "9.183673469387756": 0.9810634597285196, "8.571428571428571": 0.9754992948090402, "8.775510204081632": 0.9776506137324085, "9.591836734693878": 0.9833758872254524, "10.0": 0.9846308900059182, "9.387755102040817": 0.9823530197071775}