{"0.20408163265306123": 2.581898792343466e-08, "0.8163265306122449": 1.4048333140125132e-07, "0.40816326530612246": 5.663823838449847e-08, "1.836734693877551": 7.911123796888109e-07, "1.6326530612244898": 5.406965337919782e-07, "0.6122448979591837": 9.406606010910448e-08, "3.673469387755102": 0.36153843074757674, "1.4285714285714286": 3.842970167391782e-07, "1.0204081632653061": 1.9957070257112238e-07, "3.8775510204081636": 0.40515352717791114, "3.2653061224489797": 0.2598298812523311, "2.857142857142857": 0.13296405713607778, "0.0": 0.0, "3.4693877551020407": 0.3133433816958475, "3.0612244897959187": 0.2000848134295544, "2.2448979591836737": 2.4241130565308764e-06, "2.6530612244897958": 0.057013466860532165, "2.0408163265306123": 1.2567470557572556e-06, "1.2244897959183674": 2.773357473913008e-07, "2.4489795918367347": 1.072665143540801e-05, "4.081632653061225": 0.44479307753561037, "4.4897959183673475": 0.5140629015428344, "7.346938775510204": 0.787097781451922, "6.122448979591837": 0.701955472227702, "6.73469387755102": 0.7487311257226147, "5.3061224489795915": 0.622199866673909, "4.285714285714286": 0.4809570299907281, "6.530612244897959": 0.7341747998643373, "5.1020408163265305": 0.5982933535900908, "5.714285714285714": 0.6649508989918111, "7.551020408163265": 0.7983244028211346, "5.510204081632653": 0.6443638658255878, "6.938775510204081": 0.7623589639553193, "4.6938775510204085": 0.5444623955854152, "4.8979591836734695": 0.5724541070016439, "5.918367346938775": 0.6841057285541454, "6.326530612244898": 0.7186121561353841, "7.142857142857143": 0.7751274103879127, "7.755102040816327": 0.8088552612230137, "7.959183673469388": 0.8187325438613536, "8.16326530612245": 0.8279930859008193, "8.979591836734695": 0.8594365360644943, "8.36734693877551": 0.8366687433287621, "9.795918367346939": 0.8827781808251105, "9.183673469387756": 0.8660016765607619, "8.571428571428571": 0.8447867060062074, "9.591836734693878": 0.8776669484697486, "8.775510204081632": 0.852369763683616, "10.0": 0.8874103257399496, "9.387755102040817": 0.8720760581301773}