{"0.40816326530612246": 2.2289392553886955e-11, "0.0": 0.0, "1.0204081632653061": 1.9236612303075162e-11, "0.8163265306122449": -2.080793315428764e-10, "0.20408163265306123": 3.1086244689504383e-15, "0.6122448979591837": -2.6203483827202945e-12, "1.6326530612244898": 2.8366120563561026e-10, "1.2244897959183674": 5.624687382521643e-10, "3.4693877551020407": 0.7334059944270716, "2.4489795918367347": 0.37970074856834546, "4.081632653061225": 0.8294718574949554, "1.4285714285714286": -3.19960724581847e-10, "4.285714285714286": 0.8520825998709345, "2.6530612244897958": 0.48318096741364325, "2.0408163265306123": 0.07967199353388221, "4.4897959183673475": 0.8713409736594683, "3.0612244897959187": 0.6331196617404995, "4.6938775510204085": 0.887814695046728, "5.1020408163265305": 0.9141510434733331, "4.8979591836734695": 0.9019609758075906, "1.836734693877551": 7.692335657338845e-11, "3.8775510204081636": 0.8027974622604792, "3.673469387755102": 0.7711593605087718, "2.857142857142857": 0.5660143577313798, "2.2448979591836737": 0.2485930220481385, "5.3061224489795915": 0.9246885543455212, "3.2653061224489797": 0.6880457569723251, "5.714285714285714": 0.9417633408772297, "5.510204081632653": 0.933823579584816, "5.918367346938775": 0.9486805314127222, "6.530612244897959": 0.9646330246842028, "7.346938775510204": 0.9781886830351529, "6.938775510204081": 0.9722703992796301, "6.326530612244898": 0.9600029976745377, "7.142857142857143": 0.975415963074858, "8.16326530612245": 0.9864010294079323, "7.551020408163265": 0.9806356046233505, "6.122448979591837": 0.9547198230601207, "6.73469387755102": 0.9686973247109295, "7.959183673469388": 0.984708980171451, "7.755102040816327": 0.9827973276208068, "8.571428571428571": 0.9892288378189629, "8.979591836734695": 0.9914544449720776, "9.795918367346939": 0.994599237390546, "8.36734693877551": 0.9878999590043258, "9.591836734693878": 0.9939454260732048, "9.183673469387756": 0.9923841913871929, "10.0": 0.9951811928815743, "8.775510204081632": 0.9904077989772211, "9.387755102040817": 0.9932105594910471}