{"2.0408163265306123": 3.7386758521575393e-07, "0.6122448979591837": 6.771880882668174e-08, "0.40816326530612246": 4.2761035862322576e-08, "2.4489795918367347": 5.545076959694798e-07, "0.20408163265306123": 2.031125599618312e-08, "0.8163265306122449": 9.564479349949036e-08, "1.0204081632653061": 1.2711966128439296e-07, "1.836734693877551": 3.073284090072534e-07, "1.6326530612244898": 2.51481376660056e-07, "3.4693877551020407": 1.960678327511254e-06, "1.2244897959183674": 1.6288672468880312e-07, "1.4285714285714286": 2.039131940159965e-07, "3.0612244897959187": 1.0794985789201456e-06, "3.2653061224489797": 1.417273784055246e-06, "2.6530612244897958": 6.816724317231269e-07, "2.857142857142857": 8.490489707323917e-07, "2.2448979591836737": 4.5455286682918853e-07, "0.0": 0.0, "3.673469387755102": 2.980867368987535e-06, "3.8775510204081636": 5.59972475048524e-06, "5.510204081632653": 0.364010351031036, "6.73469387755102": 0.5546842996197455, "6.122448979591837": 0.4701798560746976, "5.1020408163265305": 0.2774593831497127, "4.6938775510204085": 0.1746089168879629, "4.8979591836734695": 0.22831498059123775, "5.714285714285714": 0.40222655058884876, "5.3061224489795915": 0.32254647250729945, "5.918367346938775": 0.43752144174476654, "6.326530612244898": 0.5004512980170356, "4.4897959183673475": 0.11575214901524913, "7.755102040816327": 0.6610458192888051, "6.938775510204081": 0.5790097490161787, "6.530612244897959": 0.5285550363801564, "7.142857142857143": 0.6016823665769246, "7.551020408163265": 0.6425887116082686, "4.285714285714286": 0.051054923862518295, "7.346938775510204": 0.622835865786929, "4.081632653061225": 2.7240348000668684e-05, "7.959183673469388": 0.6782999885657262, "8.16326530612245": 0.6944331194882055, "9.795918367346939": 0.7900743048997625, "8.775510204081632": 0.7367825265328591, "9.387755102040817": 0.7711360157723823, "8.571428571428571": 0.7236154342320199, "9.591836734693878": 0.7809847514479826, "8.36734693877551": 0.7095172481707025, "9.183673469387756": 0.7605056895549838, "10.0": 0.7984219510675202, "8.979591836734695": 0.7490658295886208}