{"2.0408163265306123": 4.954641202339527e-07, "0.6122448979591837": 8.832931747604383e-08, "0.40816326530612246": 5.5657235066396384e-08, "2.4489795918367347": 7.384621772869493e-07, "0.20408163265306123": 2.6381697786046466e-08, "0.8163265306122449": 1.2502420999200506e-07, "1.0204081632653061": 1.6653218271453436e-07, "1.836734693877551": 4.0631341268470166e-07, "1.6326530612244898": 3.31700287589814e-07, "3.4693877551020407": 2.6453511611463545e-06, "1.2244897959183674": 2.1386495691719935e-07, "1.4285714285714286": 2.683391158813572e-07, "3.0612244897959187": 1.4486901932373978e-06, "3.2653061224489797": 1.9070339830545469e-06, "2.6530612244897958": 9.100970574307292e-07, "2.857142857142857": 1.1364634333114393e-06, "2.2448979591836737": 6.038550681710588e-07, "0.0": 0.0, "3.673469387755102": 4.03286394803036e-06, "3.8775510204081636": 7.597201583275435e-06, "5.510204081632653": 0.45510905811531566, "6.73469387755102": 0.6586400080182474, "6.122448979591837": 0.5716437900755502, "5.1020408163265305": 0.35447566263811947, "4.6938775510204085": 0.2286141660709432, "4.8979591836734695": 0.29517081549344143, "5.714285714285714": 0.4979532361395657, "5.3061224489795915": 0.40751397791511385, "5.918367346938775": 0.5366321360257209, "6.326530612244898": 0.6034138228461824, "4.4897959183673475": 0.15361865388726112, "7.755102040816327": 0.7602555428708252, "6.938775510204081": 0.682683393518338, "6.530612244897959": 0.6323075990428567, "7.142857142857143": 0.7046740170705889, "7.551020408163265": 0.7432924527247318, "4.285714285714286": 0.0687465105486675, "7.346938775510204": 0.7248173538079283, "4.081632653061225": 3.7062651144626775e-05, "7.959183673469388": 0.7758430287118946, "8.16326530612245": 0.7901739883811975, "9.795918367346939": 0.8695509249008503, "8.775510204081632": 0.8266002697713645, "9.387755102040817": 0.8547221467768915, "8.571428571428571": 0.815468231937368, "9.591836734693878": 0.8625031957839139, "8.36734693877551": 0.8033522660497403, "9.183673469387756": 0.846173563670192, "10.0": 0.8758929884400287, "8.979591836734695": 0.8368160406503388}