{"2.0408163265306123": 5.08974846347086e-07, "0.6122448979591837": 9.061937399263962e-08, "0.40816326530612246": 5.709014608907125e-08, "2.4489795918367347": 7.589015641000015e-07, "0.20408163265306123": 2.70561913182535e-08, "0.8163265306122449": 1.2828858960228445e-07, "1.0204081632653061": 1.7091135176232787e-07, "1.836734693877551": 4.1731174642664044e-07, "1.6326530612244898": 3.406134999153427e-07, "3.4693877551020407": 2.7214259204391416e-06, "1.2244897959183674": 2.1952920494257668e-07, "1.4285714285714286": 2.7549755164417486e-07, "3.0612244897959187": 1.4897114837170927e-06, "3.2653061224489797": 1.9614517829433588e-06, "2.6530612244897958": 9.354775713982406e-07, "2.857142857142857": 1.1683983735980002e-06, "2.2448979591836737": 6.204442016534885e-07, "0.0": 0.0, "3.673469387755102": 4.149752456812899e-06, "3.8775510204081636": 7.819143453585456e-06, "5.510204081632653": 0.46523113668023564, "6.73469387755102": 0.6701906422847478, "6.122448979591837": 0.5829175605200896, "5.1020408163265305": 0.36303302702572043, "4.6938775510204085": 0.23461474931349652, "4.8979591836734695": 0.3025992415936863, "5.714285714285714": 0.5085895345340897, "5.3061224489795915": 0.4169548118493154, "5.918367346938775": 0.5476444353902716, "6.326530612244898": 0.6148541033827544, "4.4897959183673475": 0.15782604331748468, "7.755102040816327": 0.7712788454910496, "6.938775510204081": 0.6942026873519114, "6.530612244897959": 0.6438356615609345, "7.142857142857143": 0.716117533792107, "7.551020408163265": 0.7544817572932275, "4.285714285714286": 0.07071224240268405, "7.346938775510204": 0.7361486302547062, "4.081632653061225": 3.815401816062212e-05, "7.959183673469388": 0.7866811442836907, "8.16326530612245": 0.8008118627026409, "9.795918367346939": 0.8783816604565267, "8.775510204081632": 0.8365800190200873, "9.387755102040817": 0.8640094946662815, "8.571428571428571": 0.8256740983490732, "9.591836734693878": 0.8715608007101284, "8.36734693877551": 0.8137783791474111, "9.183673469387756": 0.8556922163496598, "10.0": 0.8845008814814187, "8.979591836734695": 0.846566064101641}