{"mask": [0.0, 0.0, 0.0, 0.0, 0.001457276568449456, 0.005858244996051231, 0.0009249939038320401, 0.00022683941724073835, 0.00018546924467943278, 0.00016321462562725601, 0.00015127978038150094, 0.00015206345827705893, 0.0001450863460299513, 0.00014462277024047035, 0.00014241383586034929, 0.00015025023355201862, 0.00014677078652156804, 0.0001513338606271129, 0.0001544496654531434, 0.00015326742815864982, 0.00017152241019029025, 0.00016459577107328402, 0.0001765906258316988, 0.00016691263662250028, 0.00018644882848785138, 0.00019381914358671058, 0.00018594144991413314, 0.00019028677546453264, 0.00021383448031194344, 0.00019794682519492474, 0.00021989536164492221, 0.00027739601462335316, 0.0002489629139483607, 0.00026070803181184397, 0.0002709625499324837, 0.00029974044896931046, 0.00028667618504500734, 0.00029215163371937563, 0.0003114393440916249, 0.0003256118680819354, 0.00031558935323449435, 0.0003414808865600856, 0.00036046504967851794, 0.0003541554031907974, 0.00036934362941666246, 0.00038253713737682906, 0.0003837322458473274, 0.00041802891518617053, 0.00043812362346862, 0.0004890224131214912], "mutation": [0.0, 0.0, 0.0, 0.0, 0.0015583376843766009, 0.005862125515437185, 0.0009154749319430891, 0.00022391002188087292, 0.00018122754454379916, 0.00015705147268513977, 0.00014929117870841657, 0.00014606142069436623, 0.00013952597816396082, 0.00013858075131731724, 0.0001417741687198577, 0.00013996529256386474, 0.00013169826591515006, 0.0001457542973982137, 0.00014663024106901325, 0.0001447781835328497, 0.00014790148264184788, 0.00014787112422614675, 0.00015200153364015853, 0.00015135128603275917, 0.0001577217630044069, 0.00015516897053782078, 0.00016584601475637772, 0.00016498341428073914, 0.00017318608186135518, 0.00017819491841479602, 0.00017849186944826222, 0.00019685712936259764, 0.0001938811647921124, 0.00019342868254035585, 0.0002118056515044353, 0.00021026473592796355, 0.0002026280133298344, 0.00023111889331288882, 0.00021799705145104264, 0.00020767129188898638, 0.00022656411460235114, 0.00024405454751168275, 0.00022844137164205311, 0.0002493380692267087, 0.00023992941664892098, 0.00025322548521334025, 0.0002539190233867622, 0.0002674183930476144, 0.000270513241890323, 0.0002806120116892711]}