{"0.0": 0.0, "0.20408163265306123": 0.0, "0.40816326530612246": 0.0, "0.6122448979591837": 0.0, "0.8163265306122449": 0.0, "1.4285714285714286": 0.0, "2.857142857142857": 0.1913225511239546, "3.2653061224489797": 0.3992117271431488, "1.0204081632653061": 0.0, "3.4693877551020407": 0.4778324251360403, "3.0612244897959187": 0.3050847979194545, "1.2244897959183674": 0.0, "1.6326530612244898": 0.0, "3.673469387755102": 0.5440292603401516, "1.836734693877551": 0.0, "2.0408163265306123": 0.0, "2.6530612244897958": 0.052384150580952395, "3.8775510204081636": 0.6001763141405768, "2.4489795918367347": 6.4e-323, "2.2448979591836737": 0.0, "4.081632653061225": 0.6481003891609388, "4.6938775510204085": 0.7555325139819363, "4.285714285714286": 0.6892456911198509, "4.4897959183673475": 0.7247505789591583, "5.1020408163265305": 0.8057591367910172, "4.8979591836734695": 0.7823350101191757, "5.918367346938775": 0.874454224272274, "5.510204081632653": 0.8443828626094597, "6.530612244897959": 0.9080352027271369, "7.346938775510204": 0.9382878928272633, "5.714285714285714": 0.86033708375606, "6.73469387755102": 0.9168940760528058, "5.3061224489795915": 0.8263052532529096, "6.122448979591837": 0.8869774826686284, "6.326530612244898": 0.8981132646007475, "7.551020408163265": 0.9440135086315156, "7.142857142857143": 0.931916695955875, "6.938775510204081": 0.924817527190262, "7.755102040816327": 0.949166316342295, "8.16326530612245": 0.9579992667905468, "7.959183673469388": 0.9538100023032776, "8.571428571428571": 0.9652046076712653, "8.36734693877551": 0.9617833392327121, "8.775510204081632": 0.968301058864485, "8.979591836734695": 0.9711063455212893, "9.387755102040817": 0.9759575853295954, "9.591836734693878": 0.9780535955917107, "9.183673469387756": 0.9736496985421278, "9.795918367346939": 0.9799582453214317, "10.0": 0.9816904127364738}