{"0.8163265306122449": 6.468884642477274e-07, "0.20408163265306123": 5.303279135107422e-07, "0.40816326530612246": 5.643971607708734e-07, "0.6122448979591837": 6.029390583946246e-07, "1.4285714285714286": 8.254620948725186e-07, "1.6326530612244898": 9.080748406485424e-07, "1.2244897959183674": 7.562603312181599e-07, "1.0204081632653061": 6.974598621402842e-07, "2.4489795918367347": 1.4989139957706761e-06, "2.2448979591836737": 1.2909584283349765e-06, "1.836734693877551": 1.0083922929282972e-06, "0.0": 5e-07, "3.0612244897959187": 2.8634628826716544e-06, "2.6530612244897958": 1.7843933706245505e-06, "2.0408163265306123": 1.1327586519360015e-06, "3.2653061224489797": 4.084645959570939e-06, "2.857142857142857": 2.2005426040237613e-06, "3.8775510204081636": 0.0676970980390363, "3.673469387755102": 2.5971303544452082e-05, "3.4693877551020407": 7.080517373717933e-06, "4.8979591836734695": 0.4433447109382918, "5.1020408163265305": 0.4938290541344855, "4.081632653061225": 0.16430161238951665, "5.3061224489795915": 0.5387271334798996, "5.918367346938775": 0.6468558972034533, "5.510204081632653": 0.5787927836819793, "4.4897959183673475": 0.3218088510554304, "7.142857142857143": 0.7842326215568405, "4.6938775510204085": 0.38636922853066835, "7.346938775510204": 0.800350866926905, "6.122448979591837": 0.6758383115425298, "6.938775510204081": 0.7665350309815365, "5.714285714285714": 0.6146580326892301, "4.285714285714286": 0.24833149115688546, "6.530612244897959": 0.7256415352139336, "6.73469387755102": 0.7470750494342655, "6.326530612244898": 0.7019903414593203, "7.551020408163265": 0.8150487493183778, "7.755102040816327": 0.8284645137309367, "7.959183673469388": 0.8407184227863042, "8.16326530612245": 0.8519150469819501, "8.571428571428571": 0.8714874196803616, "9.183673469387756": 0.8948171288266076, "8.775510204081632": 0.8800095562113478, "8.36734693877551": 0.8621451759344311, "10.0": 0.9166060432598968, "9.387755102040817": 0.9011934026932449, "8.979591836734695": 0.8877696713281981, "9.591836734693878": 0.9069327977763944, "9.795918367346939": 0.9120630811966837}