{"0.8163265306122449": 6.016322927004931e-07, "0.20408163265306123": 5.212833767986578e-07, "0.40816326530612246": 5.44984952384856e-07, "0.6122448979591837": 5.715698551209892e-07, "1.4285714285714286": 7.217538692747556e-07, "1.6326530612244898": 7.765407518431489e-07, "1.2244897959183674": 6.755247375190993e-07, "1.0204081632653061": 6.35943778812414e-07, "2.4489795918367347": 1.1613452248721817e-06, "2.2448979591836737": 1.026862217829172e-06, "1.836734693877551": 8.426088824565261e-07, "0.0": 5e-07, "3.0612244897959187": 2.034666297496938e-06, "2.6530612244897958": 1.345032373946394e-06, "2.0408163265306123": 9.239814506624747e-07, "3.2653061224489797": 2.811626336825691e-06, "2.857142857142857": 1.6116102291909645e-06, "3.8775510204081636": 0.04359454912500802, "3.673469387755102": 1.6689600509154805e-05, "3.4693877551020407": 4.713461971758037e-06, "4.8979591836734695": 0.3167040420348478, "5.1020408163265305": 0.3587049067628382, "4.081632653061225": 0.10836776641109165, "5.3061224489795915": 0.3974779737485452, "5.918367346938775": 0.4973834899557301, "5.510204081632653": 0.4333371765306269, "4.4897959183673475": 0.22152852041810622, "7.142857142857143": 0.6425106164868615, "7.346938775510204": 0.661409611321081, "4.6938775510204085": 0.27111620842316514, "6.122448979591837": 0.5260280575104517, "6.938775510204081": 0.6223019283803837, "5.714285714285714": 0.46655808040362484, "4.285714285714286": 0.16746384864359007, "6.530612244897959": 0.5775147330602916, "6.73469387755102": 0.6006765811100756, "6.326530612244898": 0.5526820934289622, "7.551020408163265": 0.6790943346743051, "7.755102040816327": 0.6956497945135547, "7.959183673469388": 0.7111515475664011, "8.16326530612245": 0.7256665223208768, "8.571428571428571": 0.7519648570235559, "9.183673469387756": 0.7852599105234314, "8.775510204081632": 0.7638448362554198, "8.36734693877551": 0.7392537261887588, "10.0": 0.819441245023135, "9.387755102040817": 0.7948549502250039, "8.979591836734695": 0.7749322785198395, "9.591836734693878": 0.803739455812086, "9.795918367346939": 0.8119306526326571}