{"0.20408163265306123": 1.4432899320127035e-15, "0.40816326530612246": 8.514300375850326e-13, "1.0204081632653061": 6.831424315123513e-12, "0.6122448979591837": 3.780387114460382e-11, "0.8163265306122449": 3.381739333008227e-13, "1.6326530612244898": 5.782929690667515e-12, "2.0408163265306123": 3.765606715333547e-10, "1.2244897959183674": 7.842260174584226e-11, "1.4285714285714286": 3.900213485508175e-13, "2.6530612244897958": 1.3607026616568874e-10, "1.836734693877551": 5.636524580410196e-11, "2.4489795918367347": 8.235057080696606e-11, "2.2448979591836737": 1.3911538587763062e-11, "3.8775510204081636": 0.0897660070850308, "3.2653061224489797": 1.5895726623860185e-08, "2.857142857142857": 5.814604353560071e-10, "3.0612244897959187": 2.9420768044019496e-09, "3.673469387755102": 0.04139567271607103, "0.0": 0.0, "3.4693877551020407": 2.5392072278140887e-07, "4.285714285714286": 0.17595169866147808, "4.081632653061225": 0.13447714561831114, "5.918367346938775": 0.4248108109593185, "5.510204081632653": 0.3735155820320638, "4.8979591836734695": 0.2842574649313453, "5.714285714285714": 0.3998911777395119, "4.4897959183673475": 0.2145456399775849, "5.3061224489795915": 0.3455535473515896, "4.6938775510204085": 0.2505613123945526, "6.326530612244898": 0.47073177183659054, "5.1020408163265305": 0.31585707997601864, "6.122448979591837": 0.4483900624927972, "7.142857142857143": 0.54942627287124, "6.73469387755102": 0.5120606449351162, "6.530612244897959": 0.4919278249545256, "7.346938775510204": 0.5667869279497995, "6.938775510204081": 0.5312044427957918, "7.959183673469388": 0.6142311187716052, "7.551020408163265": 0.5833417021752316, "7.755102040816327": 0.5991410445165557, "8.979591836734695": 0.6804142945747975, "8.16326530612245": 0.6286542906351107, "8.36734693877551": 0.6424495453816692, "9.183673469387756": 0.6920319537019984, "8.571428571428571": 0.6556528529602001, "9.591836734693878": 0.7138748754315738, "8.775510204081632": 0.6682974855055137, "9.387755102040817": 0.7031771709538042, "10.0": 0.7340195306571116, "9.795918367346939": 0.7241483810614651}