{"0.20408163265306123": 3.552713678800501e-15, "0.40816326530612246": 2.1163071295404734e-12, "1.0204081632653061": 1.674871352719265e-11, "0.6122448979591837": 9.33936261660051e-11, "1.6326530612244898": 1.4132361947361005e-11, "0.8163265306122449": 8.314460231417797e-13, "2.0408163265306123": 9.223918295830913e-10, "1.2244897959183674": 1.918819547697126e-10, "1.4285714285714286": 9.532374889431594e-13, "2.6530612244897958": 2.97206370625247e-10, "1.836734693877551": 1.378679392871618e-10, "2.4489795918367347": 1.9319912336612788e-10, "2.2448979591836737": 3.211708676786884e-11, "3.8775510204081636": 0.209535020753032, "3.2653061224489797": 3.8244891698013816e-08, "2.857142857142857": 1.30049548907607e-09, "3.0612244897959187": 6.85318846116445e-09, "3.673469387755102": 0.10029845394398285, "0.0": 0.0, "3.4693877551020407": 6.306892923468865e-07, "4.285714285714286": 0.3835729335296567, "4.081632653061225": 0.3030584363500245, "5.918367346938775": 0.7490839085103406, "5.510204081632653": 0.6893464055206054, "4.8979591836734695": 0.5665966895129562, "4.4897959183673475": 0.4532328191266324, "5.714285714285714": 0.72101802980556, "5.3061224489795915": 0.6535139708668738, "4.6938775510204085": 0.5137715547583983, "6.326530612244898": 0.7962049849914352, "5.1020408163265305": 0.6128606155421036, "6.122448979591837": 0.774013314900439, "7.142857142857143": 0.8637198288894921, "6.73469387755102": 0.8336880968084373, "6.530612244897959": 0.8159993020383652, "7.346938775510204": 0.8764680504401745, "6.938775510204081": 0.8495225838509693, "7.959183673469388": 0.9075547264877086, "7.551020408163265": 0.8879309900093597, "7.755102040816327": 0.8982515335691117, "8.979591836734695": 0.942224752436442, "8.16326530612245": 0.915950297709982, "8.36734693877551": 0.9235347789922719, "9.183673469387756": 0.9473234508032728, "8.571428571428571": 0.9303932943323615, "9.591836734693878": 0.9561504256414994, "8.775510204081632": 0.9366010757652997, "9.387755102040817": 0.951949736851433, "10.0": 0.9634376088093313, "9.795918367346939": 0.9599672790289201}