{"0.20408163265306123": 2.6034729927459924e-15, "0.40816326530612246": 1.5471124381605252e-12, "1.0204081632653061": 1.2285933381761539e-11, "0.6122448979591837": 6.837823640637453e-11, "1.6326530612244898": 1.0375117431848936e-11, "0.8163265306122449": 6.094735827133491e-13, "2.0408163265306123": 6.767678084607099e-10, "1.2244897959183674": 1.4082524590897095e-10, "1.4285714285714286": 6.997902257666056e-13, "2.6530612244897958": 2.246951236184458e-10, "1.836734693877551": 1.0119172721978487e-10, "2.4489795918367347": 1.4331727471450506e-10, "2.2448979591836737": 2.392459008682124e-11, "3.8775510204081636": 0.15563896460243146, "3.2653061224489797": 2.8187767414644686e-08, "2.857142857142857": 9.769297149020419e-10, "3.0612244897959187": 5.093188215621325e-09, "3.673469387755102": 0.07379220239142253, "0.0": 0.0, "3.4693877551020407": 4.611434360424216e-07, "4.285714285714286": 0.29014337783897637, "4.081632653061225": 0.22719685552075353, "5.918367346938775": 0.6031610146123807, "5.510204081632653": 0.5472225349507618, "4.8979591836734695": 0.43954403845123136, "4.4897959183673475": 0.345823588509561, "5.714285714285714": 0.5765109463758383, "5.3061224489795915": 0.514931780284996, "4.6938775510204085": 0.39532694569466775, "6.326530612244898": 0.6497420390717551, "5.1020408163265305": 0.4792090245373654, "6.122448979591837": 0.6274828513170003, "7.142857142857143": 0.7222877286812787, "6.73469387755102": 0.6889557434654427, "6.530612244897959": 0.6701671373506375, "7.346938775510204": 0.7371115453195058, "6.938775510204081": 0.7062794203761396, "7.959183673469388": 0.775559103015462, "7.551020408163265": 0.750865810484002, "7.755102040816327": 0.7636518134954615, "8.979591836734695": 0.8244100463987021, "8.16326530612245": 0.7866670945262899, "8.36734693877551": 0.7970464238675007, "9.183673469387756": 0.8324422771076995, "8.571428571428571": 0.8067600957148889, "9.591836734693878": 0.847126428047033, "8.775510204081632": 0.8158644601483961, "9.387755102040817": 0.8400020821975, "10.0": 0.8601994736408325, "9.795918367346939": 0.8538487749435654}