{"0.6122448979591837": 5.5097038043072644e-11, "0.20408163265306123": 1.9984014443252818e-15, "0.40816326530612246": 1.216915457291634e-12, "0.8163265306122449": 7.306377725058155e-13, "1.6326530612244898": 2.9191205008771703e-11, "1.836734693877551": 2.3281288008547563e-10, "1.0204081632653061": 1.502842295053597e-11, "1.4285714285714286": 2.158606626778692e-12, "1.2244897959183674": 1.7272727692585477e-10, "2.0408163265306123": 9.078404694662368e-12, "2.4489795918367347": -7.178362348980727e-10, "2.2448979591836737": 1.989675091351728e-11, "3.673469387755102": 0.1049016459618094, "2.857142857142857": 1.137979932508415e-09, "3.4693877551020407": 0.06474655630344117, "2.6530612244897958": -1.0883227652414007e-10, "3.0612244897959187": 1.0478218182008447e-08, "3.8775510204081636": 0.14242643871369054, "3.2653061224489797": 0.021609379074782997, "0.0": 0.0, "4.081632653061225": 0.17761361210684246, "4.285714285714286": 0.21070905141642937, "4.4897959183673475": 0.24192114735980186, "5.714285714285714": 0.39809506605926936, "5.3061224489795915": 0.35114942677884897, "5.1020408163265305": 0.32591786745015494, "4.6938775510204085": 0.27142792923070447, "4.8979591836734695": 0.29938259684452195, "5.510204081632653": 0.3751786947553891, "5.918367346938775": 0.4199777350139021, "6.122448979591837": 0.4408971979385765, "6.530612244897959": 0.48009225615439854, "6.938775510204081": 0.5161126480236995, "7.551020408163265": 0.5649495683240848, "7.346938775510204": 0.5493128533120907, "6.326530612244898": 0.460916496829345, "7.142857142857143": 0.5330456125708196, "6.73469387755102": 0.49847555248301245, "7.755102040816327": 0.5799881344750748, "7.959183673469388": 0.5944584446519008, "8.16326530612245": 0.608388195631943, "8.36734693877551": 0.6218031390024111, "9.183673469387756": 0.6707731628869807, "8.571428571428571": 0.6347272981837493, "8.979591836734695": 0.6591918210522466, "8.775510204081632": 0.6471831566304544, "9.591836734693878": 0.6927279063050931, "9.387755102040817": 0.6819459407646139, "10.0": 0.7131859058536884, "9.795918367346939": 0.7031358952730833}