{"0.20408163265306123": 4.834973025801146e-09, "0.40816326530612246": 1.0096190924226611e-08, "0.8163265306122449": 2.2442588794348112e-08, "3.2653061224489797": 0.017069041812396168, "3.0612244897959187": 0.01291490087771752, "1.0204081632653061": 2.997606907982087e-08, "3.673469387755102": 0.02351537842623629, "3.4693877551020407": 0.02055919812277761, "0.6122448979591837": 1.5906002918016844e-08, "3.8775510204081636": 0.02603731380738476, "1.4285714285714286": 5.0055288550639006e-08, "1.2244897959183674": 3.893681335417506e-08, "2.857142857142857": 0.00792463036822533, "1.6326530612244898": 6.467934406792246e-08, "2.2448979591836737": 1.8981723131181967e-07, "1.836734693877551": 8.560201886053955e-08, "0.0": 0.0, "2.0408163265306123": 1.1970939948994762e-07, "2.6530612244897958": 0.0018668108179616797, "2.4489795918367347": 4.439238040690653e-07, "4.4897959183673475": 0.0316951075367744, "4.081632653061225": 0.028202583293676427, "5.714285714285714": 0.03800433536492534, "4.285714285714286": 0.030072291167683864, "4.8979591836734695": 0.034349344099039884, "4.6938775510204085": 0.03311019242991116, "6.530612244897959": 0.04029020361856926, "5.3061224489795915": 0.03639943894929291, "5.918367346938775": 0.03867586143211402, "6.326530612244898": 0.039810448936395626, "5.1020408163265305": 0.035438599096464594, "6.938775510204081": 0.04110769608041479, "6.73469387755102": 0.04072073725479383, "6.122448979591837": 0.0392748961789612, "5.510204081632653": 0.037249710531761154, "7.142857142857143": 0.041455938106507946, "7.551020408163265": 0.04205243670455527, "7.346938775510204": 0.04176964901749848, "7.755102040816327": 0.042307408586939294, "7.959183673469388": 0.042537235001054975, "8.16326530612245": 0.042744201274188404, "8.775510204081632": 0.043245866657255425, "8.979591836734695": 0.043377898389649415, "9.387755102040817": 0.04359479446870167, "9.183673469387756": 0.043493988127865466, "8.36734693877551": 0.042930250593305706, "8.571428571428571": 0.04309701938956982, "9.795918367346939": 0.04375220607081294, "9.591836734693878": 0.0436807762551725, "10.0": 0.043809182570717066}