{"0.20408163265306123": 4.476914503343434e-08, "0.40816326530612246": 9.791070055856492e-08, "0.8163265306122449": 2.408232548073389e-07, "3.2653061224489797": 0.36185372164739765, "3.0612244897959187": 0.27378816729819905, "1.0204081632653061": 3.4007414478595557e-07, "3.673469387755102": 0.4985125920004227, "3.4693877551020407": 0.43584315895168524, "0.6122448979591837": 1.62006891847085e-07, "3.8775510204081636": 0.5519762661671339, "1.4285714285714286": 6.426861863652395e-07, "1.2244897959183674": 4.68870828626103e-07, "2.857142857142857": 0.1679971155069952, "1.6326530612244898": 8.900809793133806e-07, "2.2448979591836737": 3.3504995707005562e-06, "1.836734693877551": 1.2702529140896729e-06, "0.0": 0.0, "2.0408163265306123": 1.929169825308973e-06, "2.6530612244897958": 0.039574598024655974, "2.4489795918367347": 8.671713485716858e-06, "4.4897959183673475": 0.6719184513283104, "4.081632653061225": 0.5978788151235956, "5.714285714285714": 0.805670689135382, "4.285714285714286": 0.6375156168077288, "4.8979591836734695": 0.7281868394027262, "4.6938775510204085": 0.7019174902449994, "6.530612244897959": 0.8541298670940201, "5.3061224489795915": 0.7716477479971174, "5.918367346938775": 0.8199066807116983, "6.326530612244898": 0.843959325781422, "5.1020408163265305": 0.7512784597117478, "6.938775510204081": 0.8714602677277709, "6.73469387755102": 0.863256948692018, "6.122448979591837": 0.8326058952699729, "5.510204081632653": 0.7896730483971268, "7.142857142857143": 0.8788428114226027, "7.551020408163265": 0.8914882609126391, "7.346938775510204": 0.8854933140339866, "7.755102040816327": 0.8968935276735037, "7.959183673469388": 0.9017657240095256, "8.16326530612245": 0.9061532976268891, "8.775510204081632": 0.9167883335682384, "8.979591836734695": 0.9195873350830072, "9.387755102040817": 0.9241854147520395, "9.183673469387756": 0.9220483748470082, "8.36734693877551": 0.9100974430404767, "8.571428571428571": 0.9136328517066004, "9.795918367346939": 0.9275224552587151, "9.591836734693878": 0.9260081820167548, "10.0": 0.9287303259058454}