{"0.20408163265306123": 1.0004142318234001e-08, "0.0": 0.0, "0.6122448979591837": 3.1342582798550506e-08, "0.8163265306122449": 4.273557291123792e-08, "0.40816326530612246": 2.0442305792016278e-08, "1.0204081632653061": 5.465466449892883e-08, "1.6326530612244898": 9.395142598091317e-08, "1.2244897959183674": 6.713636116997348e-08, "2.0408163265306123": 1.2355066159107537e-07, "1.4285714285714286": 8.02206220805369e-08, "2.4489795918367347": 1.5638412006392064e-07, "1.836734693877551": 1.0837703049539715e-07, "2.2448979591836737": 1.3953132033815223e-07, "3.0612244897959187": 2.1294418705637004e-07, "2.6530612244897958": 1.7418179644160504e-07, "2.857142857142857": 1.9300505147169904e-07, "3.4693877551020407": 2.5658839734660906e-07, "3.673469387755102": 2.805362543467555e-07, "3.2653061224489797": 2.341006987625149e-07, "3.8775510204081636": 3.0608993111438674e-07, "4.285714285714286": 3.627033610533478e-07, "4.081632653061225": 3.3341580133500676e-07, "4.8979591836734695": 4.646915253880576e-07, "4.4897959183673475": 3.9417094897109944e-07, "4.6938775510204085": 4.280697087254016e-07, "5.1020408163265305": 5.043774829605008e-07, "5.3061224489795915": 5.475263176510146e-07, "5.714285714285714": 6.461941922813265e-07, "5.510204081632653": 5.946114562868051e-07, "6.122448979591837": 7.656959878494382e-07, "5.918367346938775": 7.029504883884574e-07, "6.326530612244898": 8.354292280378395e-07, "6.530612244897959": 9.133848046517682e-07, "6.73469387755102": 1.001101153755014e-06, "6.938775510204081": 1.1005327608024986e-06, "7.142857142857143": 1.2141858899729513e-06, "7.346938775510204": 1.3453446448302153e-06, "7.551020408163265": 1.4983806312934248e-06, "7.755102040816327": 1.6792611548255266e-06, "7.959183673469388": 1.8963464415822345e-06, "8.16326530612245": 2.1617039680453133e-06, "8.36734693877551": 2.4934682363726504e-06, "8.571428571428571": 2.920143252389947e-06, "8.775510204081632": 3.4893240486332014e-06, "9.183673469387756": 5.485008486106264e-06, "8.979591836734695": 4.286879052875339e-06, "9.387755102040817": 7.487504847209638e-06, "9.591836734693878": 1.1516078470129489e-05, "9.795918367346939": 2.3801401391240627e-05, "10.0": 0.0016016599188220222}