{"0.20408163265306123": 1.0895555896623557e-08, "0.0": 0.0, "0.6122448979591837": 3.4080851718798493e-08, "0.8163265306122449": 4.643312420094178e-08, "0.40816326530612246": 2.2245859831413025e-08, "1.0204081632653061": 5.9338221523023085e-08, "1.6326530612244898": 1.0177777801073843e-07, "1.2244897959183674": 7.283498588415198e-08, "2.0408163265306123": 1.3365470455195978e-07, "1.4285714285714286": 8.696591877291296e-08, "2.4489795918367347": 1.6894389272081804e-07, "1.836734693877551": 1.1732185496389009e-07, "2.2448979591836737": 1.5083899983525036e-07, "3.0612244897959187": 2.2959839140361112e-07, "2.6530612244897958": 1.8804661102166637e-07, "2.857142857142857": 2.0823282791593997e-07, "3.4693877551020407": 2.763114640411361e-07, "3.673469387755102": 3.0191658114563263e-07, "3.2653061224489797": 2.522510138033428e-07, "3.8775510204081636": 3.292208997601239e-07, "4.285714285714286": 3.8965762248519616e-07, "4.081632653061225": 3.5840091100392203e-07, "4.8979591836734695": 4.983861339988486e-07, "4.4897959183673475": 4.2322261902941367e-07, "4.6938775510204085": 4.5936226867252476e-07, "5.1020408163265305": 5.406559401162666e-07, "5.3061224489795915": 5.865945423430927e-07, "5.714285714285714": 6.915794762039661e-07, "5.510204081632653": 6.367039842015518e-07, "6.122448979591837": 8.186438691302839e-07, "5.918367346938775": 7.519378068128205e-07, "6.326530612244898": 8.92756474228664e-07, "6.530612244897959": 9.755847222970816e-07, "6.73469387755102": 1.0687598773023224e-06, "6.938775510204081": 1.1743543329541183e-06, "7.142857142857143": 1.295025536847135e-06, "7.346938775510204": 1.434255674849109e-06, "7.551020408163265": 1.5966800173296313e-06, "7.755102040816327": 1.7886257587239398e-06, "7.959183673469388": 2.018957320968359e-06, "8.16326530612245": 2.300469956791563e-06, "8.36734693877551": 2.6523918382202913e-06, "8.571428571428571": 3.1049460351962943e-06, "8.775510204081632": 3.7085980463955032e-06, "9.183673469387756": 5.8249230875320116e-06, "8.979591836734695": 4.554395103318838e-06, "9.387755102040817": 7.948327991968398e-06, "9.591836734693878": 1.2220003976457432e-05, "9.795918367346939": 2.524640579292549e-05, "10.0": 0.0016982146334486605}