{"0.20408163265306123": 2.0689399357776924e-09, "0.40816326530612246": 4.299503720750762e-09, "0.6122448979591837": 6.696997412097275e-09, "0.8163265306122449": 9.267153583910085e-09, "1.0204081632653061": 1.2016163140116502e-08, "1.836734693877551": 2.494267428447075e-08, "1.2244897959183674": 1.495071049953934e-08, "2.4489795918367347": 3.690156440782203e-08, "2.2448979591836737": 3.268029596388594e-08, "2.0408163265306123": 2.869754277796943e-08, "1.4285714285714286": 1.807801254651819e-08, "1.6326530612244898": 2.1405861795802878e-08, "3.0612244897959187": 5.111640288311992e-08, "2.6530612244897958": 4.137285416319241e-08, "3.2653061224489797": 5.6416842737775085e-08, "2.857142857142857": 4.610662906339461e-08, "3.4693877551020407": 6.202388529757034e-08, "3.673469387755102": 6.795486762621926e-08, "0.0": 0.0, "3.8775510204081636": 7.422867471230508e-08, "4.4897959183673475": 9.532276602793247e-08, "4.081632653061225": 8.086590604120134e-08, "5.1020408163265305": 1.2037033248520496e-07, "4.285714285714286": 8.78890638518275e-08, "4.8979591836734695": 1.1153232934963041e-07, "5.510204081632653": 1.3969228118860522e-07, "6.122448979591837": 1.7344713984267862e-07, "4.6938775510204085": 1.0319398687807461e-07, "6.530612244897959": 1.9975834971818637e-07, "5.714285714285714": 1.502593273050884e-07, "5.3061224489795915": 1.297438181473178e-07, "5.918367346938775": 1.614931627478678e-07, "7.346938775510204": 2.6409567105876747e-07, "6.326530612244898": 1.8618036182061635e-07, "6.73469387755102": 2.1425377294895317e-07, "7.142857142857143": 2.4632817058091e-07, "6.938775510204081": 2.2974724342400157e-07, "7.551020408163265": 2.831595215986623e-07, "7.755102040816327": 3.036411364667198e-07, "7.959183673469388": 3.256745404976207e-07, "8.571428571428571": 4.026334725782822e-07, "8.36734693877551": 3.750013117742017e-07, "8.979591836734695": 4.6479584442932875e-07, "8.16326530612245": 3.494072946896286e-07, "8.775510204081632": 4.3249591810388214e-07, "10.0": 6.709408975745269e-07, "9.591836734693878": 5.785908352050036e-07, "9.795918367346939": 6.229558330477402e-07, "9.183673469387756": 4.997545647789699e-07, "9.387755102040817": 5.376055222707164e-07}