{"0.20408163265306123": 2.987578371625886e-08, "0.40816326530612246": 6.04467484447354e-08, "0.6122448979591837": 9.175242096630293e-08, "0.8163265306122449": 1.2383468860767015e-07, "1.0204081632653061": 1.5673800271458298e-07, "1.836734693877551": 2.9755366194337215e-07, "1.2244897959183674": 1.9050960219374056e-07, "2.4489795918367347": 4.144375048454314e-07, "2.2448979591836737": 3.742736097727834e-07, "2.0408163265306123": 3.353357070887086e-07, "1.4285714285714286": 2.2519975954631045e-07, "1.6326530612244898": 2.6086205215102793e-07, "3.0612244897959187": 5.430671120584645e-07, "2.6530612244897958": 4.559026947672372e-07, "3.2653061224489797": 5.88947657645324e-07, "2.857142857142857": 4.987501571393382e-07, "3.4693877551020407": 6.364934833529611e-07, "3.673469387755102": 6.858146720740394e-07, "0.0": 0.0, "3.8775510204081636": 7.370306036242591e-07, "4.4897959183673475": 9.034024483971517e-07, "4.081632653061225": 7.902709738634733e-07, "5.1020408163265305": 1.0922591689722964e-06, "4.285714285714286": 8.456769454937076e-07, "4.8979591836734695": 1.0265006113560001e-06, "5.510204081632653": 1.233306190889524e-06, "6.122448979591837": 1.4727530389165108e-06, "4.6938775510204085": 9.636156491861265e-07, "6.530612244897959": 1.654820732877159e-06, "5.714285714285714": 1.3091075180574795e-06, "5.3061224489795915": 1.161113038081465e-06, "5.918367346938775": 1.3888138040316676e-06, "7.346938775510204": 2.088583417949659e-06, "6.326530612244898": 1.5612880876692734e-06, "6.73469387755102": 1.7537961003911519e-06, "7.142857142857143": 1.9701014315315507e-06, "6.938775510204081": 1.8587074666758515e-06, "7.551020408163265": 2.2148234296444037e-06, "7.755102040816327": 2.3495619526711097e-06, "7.959183673469388": 2.4936158256572627e-06, "8.571428571428571": 2.991095089861506e-06, "8.36734693877551": 2.8133515297840944e-06, "8.979591836734695": 3.388174131346723e-06, "8.16326530612245": 2.647883817123954e-06, "8.775510204081632": 3.1822828610203927e-06, "10.0": 4.687260247603315e-06, "9.591836734693878": 4.107857183564345e-06, "9.795918367346939": 4.3866190460953136e-06, "9.183673469387756": 3.6101133396358818e-06, "9.387755102040817": 3.849517914867242e-06}