{"0.20408163265306123": 2.7806843780481177e-08, "0.40816326530612246": 5.614724472398465e-08, "0.6122448979591837": 8.505542355420565e-08, "0.8163265306122449": 1.1456753502376006e-07, "1.0204081632653061": 1.4472183957446647e-07, "1.836734693877551": 2.726109876589014e-07, "1.2244897959183674": 1.7555889169420128e-07, "2.4489795918367347": 3.775359404376094e-07, "2.2448979591836737": 3.4159331380889744e-07, "2.0408163265306123": 3.0663816431073923e-07, "1.4285714285714286": 2.0712174699979221e-07, "1.6326530612244898": 2.39456190355225e-07, "3.0612244897959187": 4.919507091753443e-07, "2.6530612244897958": 4.145298406040447e-07, "3.2653061224489797": 5.325308149075489e-07, "2.857142857142857": 4.5264352807594386e-07, "3.4693877551020407": 5.744695980553907e-07, "3.673469387755102": 6.178598044478199e-07, "0.0": 0.0, "3.8775510204081636": 6.628019289119539e-07, "4.4897959183673475": 8.080796823692192e-07, "4.081632653061225": 7.094050678222718e-07, "5.1020408163265305": 9.718888364870917e-07, "4.285714285714286": 7.577878816418802e-07, "4.8979591836734695": 9.149682820063703e-07, "5.510204081632653": 1.093613909700919e-06, "6.122448979591837": 1.2993058990738326e-06, "4.6938775510204085": 8.60421662308052e-07, "6.530612244897959": 1.4550623831589731e-06, "5.714285714285714": 1.1588481907523918e-06, "5.3061224489795915": 1.0313692199341467e-06, "5.918367346938775": 1.2273206412838e-06, "7.346938775510204": 1.8244877468908915e-06, "6.326530612244898": 1.3751077258486566e-06, "6.73469387755102": 1.5395423274421986e-06, "7.142857142857143": 1.7237732609506402e-06, "6.938775510204081": 1.6289602232518498e-06, "7.551020408163265": 1.931663908045742e-06, "7.755102040816327": 2.0459208162043894e-06, "7.959183673469388": 2.167941285159642e-06, "8.571428571428571": 2.588461617283224e-06, "8.36734693877551": 2.4383502180098928e-06, "8.979591836734695": 2.9233782869173943e-06, "8.16326530612245": 2.2984765224343257e-06, "8.775510204081632": 2.74978694291651e-06, "10.0": 4.016319350028788e-06, "9.591836734693878": 3.5292663483593416e-06, "9.795918367346939": 3.763663213047573e-06, "9.183673469387756": 3.110358774856912e-06, "9.387755102040817": 3.311912392596526e-06}