{"1.1111111111111112": 5.912159956168752e-08, "2.2222222222222223": 1.612901199984664e-07, "8.88888888888889": 0.10646623218010663, "10.0": 0.118291976702693, "3.3333333333333335": 3.804331848926739e-07, "0.0": 0.0, "6.666666666666667": 0.06034259123743004, "4.444444444444445": 1.1864016387223823e-06, "7.777777777777779": 0.08828754748447018, "5.555555555555555": 0.015549489508322169}