{"1.1111111111111112": 3.7837823719480025e-07, "2.2222222222222223": 1.0322567679901847e-06, "8.88888888888889": 0.6813838859526826, "10.0": 0.757068650897235, "3.3333333333333335": 2.4347723833131145e-06, "0.0": 0.0, "6.666666666666667": 0.3861925839195523, "4.444444444444445": 7.592970487823248e-06, "7.777777777777779": 0.5650403039006092, "5.555555555555555": 0.0995167328532619}