{"1.1111111111111112": 3.192566376331127e-07, "2.2222222222222223": 8.709666479917186e-07, "8.88888888888889": 0.5749176537725759, "10.0": 0.6387766741945421, "3.3333333333333335": 2.0543391984204405e-06, "0.0": 0.0, "6.666666666666667": 0.32584999268212234, "4.444444444444445": 6.406568849100867e-06, "7.777777777777779": 0.47675275641613907, "5.555555555555555": 0.08396724334493973}