{"0.0": 0.0, "0.40816326530612246": 3.771361114664462e-08, "0.20408163265306123": 1.8223984508510827e-08, "0.6122448979591837": 5.860692357949954e-08, "0.8163265306122449": 8.106277003890986e-08, "1.2244897959183674": 1.3142687293286458e-07, "1.6326530612244898": 1.9067477033860202e-07, "1.4285714285714286": 1.5979864456169306e-07, "1.0204081632653061": 1.0526486684484162e-07, "2.0408163265306123": 2.61403363585e-07, "1.836734693877551": 2.2440408212458974e-07, "2.4489795918367347": 3.473301847961497e-07, "2.2448979591836737": 3.0217537216585537e-07, "2.6530612244897958": 3.9761867071126e-07, "2.857142857142857": 4.5397166896184413e-07, "3.0612244897959187": 5.175600400537201e-07, "3.673469387755102": 7.690570752305975e-07, "3.2653061224489797": 5.898780619012788e-07, "3.4693877551020407": 6.728593118235953e-07, "3.8775510204081636": 8.819062630627907e-07, "4.081632653061225": 1.0161501304503958e-06, "4.285714285714286": 1.1785155473726382e-06, "4.8979591836734695": 1.963402943999604e-06, "4.6938775510204085": 1.6323902578256682e-06, "4.4897959183673475": 1.3788881183245556e-06, "5.3061224489795915": 3.062957720123742e-06, "5.1020408163265305": 2.413928878456502e-06, "5.510204081632653": 4.078854982781804e-06, "5.714285714285714": 5.895243772551631e-06, "6.122448979591837": 2.977863734248053e-05, "6.73469387755102": 0.15427009567466263, "5.918367346938775": 1.0073778678226724e-05, "6.326530612244898": 0.031635597904793, "7.142857142857143": 0.2576038342072862, "6.530612244897959": 0.09563294908235395, "6.938775510204081": 0.20809753145306933, "7.551020408163265": 0.3453228531773224, "7.346938775510204": 0.30322029323752003, "7.755102040816327": 0.38424356797355624, "7.959183673469388": 0.4202752396615889, "8.16326530612245": 0.4536747593701753, "8.36734693877551": 0.4846709449199141, "8.571428571428571": 0.513464835666349, "8.775510204081632": 0.5402351876346093, "9.387755102040817": 0.609894882942266, "8.979591836734695": 0.5651402620103054, "9.183673469387756": 0.5883190246599916, "9.591836734693878": 0.6299765786985758, "9.795918367346939": 0.6486586884166656, "10.0": 0.666024782766375}