{"0.0": 0.0, "0.40816326530612246": 3.371258668485306e-08, "0.20408163265306123": 1.6282850598644615e-08, "0.6122448979591837": 5.241408343506334e-08, "0.8163265306122449": 7.253103977952143e-08, "1.2244897959183674": 1.177032197166327e-07, "1.6326530612244898": 1.7091983676109784e-07, "1.4285714285714286": 1.4317777546550135e-07, "1.0204081632653061": 9.422965494004666e-08, "2.0408163265306123": 2.3453032624919748e-07, "1.836734693877551": 2.0124499586722368e-07, "2.4489795918367347": 3.118980432023038e-07, "2.2448979591836737": 2.712306886938213e-07, "2.6530612244897958": 3.572117357446994e-07, "2.857142857142857": 4.0801394329607044e-07, "3.0612244897959187": 4.653640078126279e-07, "3.673469387755102": 6.923715120347669e-07, "3.2653061224489797": 5.306138906814402e-07, "3.4693877551020407": 6.055130182934676e-07, "3.8775510204081636": 7.942971620739949e-07, "4.081632653061225": 9.155815117464202e-07, "4.285714285714286": 1.0623108212659651e-06, "4.8979591836734695": 1.771939782380357e-06, "4.6938775510204085": 1.4726192074589627e-06, "4.4897959183673475": 1.2434292839617683e-06, "5.3061224489795915": 2.766448909074294e-06, "5.1020408163265305": 2.1793938296870583e-06, "5.510204081632653": 3.6854373052629296e-06, "5.714285714285714": 5.3286888438705514e-06, "6.122448979591837": 2.6937394771295135e-05, "6.73469387755102": 0.14054799090220557, "5.918367346938775": 9.109144572762059e-06, "6.326530612244898": 0.02866154227257423, "7.142857142857143": 0.23591358090065198, "6.530612244897959": 0.08688841340545289, "6.938775510204081": 0.1900894364501812, "7.551020408163265": 0.3177870141274575, "7.346938775510204": 0.2783758875170008, "7.755102040816327": 0.35442238538442467, "7.959183673469388": 0.3885256365317783, "8.16326530612245": 0.4203109485544241, "8.36734693877551": 0.4499697826844327, "8.571428571428571": 0.4776705784081044, "8.775510204081632": 0.5035634881792928, "9.387755102040817": 0.5716485224858219, "8.979591836734695": 0.5277816648993565, "9.183673469387756": 0.5504420224121656, "9.591836734693878": 0.5914927603374422, "9.795918367346939": 0.6100541832706105, "10.0": 0.6274029751134738}