{"0.0": 0.0, "0.40816326530612246": 3.6113201361927995e-08, "0.20408163265306123": 1.7447530944564342e-08, "0.6122448979591837": 5.612978752172506e-08, "0.8163265306122449": 7.765007793515451e-08, "1.2244897959183674": 1.259374116463718e-07, "1.4285714285714286": 1.5315029692321645e-07, "1.6326530612244898": 1.8277279690760038e-07, "1.0204081632653061": 1.0085078208292366e-07, "2.0408163265306123": 2.506541486506789e-07, "1.836734693877551": 2.1514044762164337e-07, "2.4489795918367347": 3.3315732815861126e-07, "2.2448979591836737": 2.897974987770418e-07, "2.6530612244897958": 3.8145589672463586e-07, "2.857142857142857": 4.355885786955346e-07, "3.0612244897959187": 4.966816271572833e-07, "3.673469387755102": 7.383828499522652e-07, "3.2653061224489797": 5.661723934133432e-07, "3.4693877551020407": 6.459207944115443e-07, "3.8775510204081636": 8.468626226672722e-07, "4.081632653061225": 9.759226829688055e-07, "4.285714285714286": 1.1320336569299692e-06, "4.8979591836734695": 1.8868176793519057e-06, "4.6938775510204085": 1.5684818376789856e-06, "4.4897959183673475": 1.324704584579441e-06, "5.3061224489795915": 2.9443541957039633e-06, "5.1020408163265305": 2.3201148589487243e-06, "5.510204081632653": 3.9214879117742545e-06, "5.714285714285714": 5.668621801079198e-06, "6.122448979591837": 2.8642140314006373e-05, "6.73469387755102": 0.14878125376567977, "5.918367346938775": 9.687925036040855e-06, "6.326530612244898": 0.0304459756519055, "7.142857142857143": 0.24892773288463255, "6.530612244897959": 0.09213513481159352, "6.938775510204081": 0.20089429345191406, "7.551020408163265": 0.3343085175573765, "7.346938775510204": 0.29328253094931245, "7.755102040816327": 0.3723150949379037, "7.959183673469388": 0.4075753984096645, "8.16326530612245": 0.4403292350438749, "8.36734693877551": 0.4707904800257215, "8.571428571428571": 0.4991471327630511, "8.775510204081632": 0.5255665078524826, "9.387755102040817": 0.5945963387596884, "8.979591836734695": 0.5501968231659259, "9.183673469387756": 0.5731682237608612, "9.591836734693878": 0.6145830513541224, "9.795918367346939": 0.6332168863582435, "10.0": 0.6505760597052147}