{"0.20408163265306123": 4.61558655063805e-08, "1.6326530612244898": 7.649820525019756e-07, "0.6122448979591837": 1.6248323352058215e-07, "0.40816326530612246": 9.967813423288478e-08, "0.8163265306122449": 2.372154764686993e-07, "2.0408163265306123": 1.3782654284561988e-06, "1.0204081632653061": 3.2762889421919523e-07, "1.4285714285714286": 5.804842801350293e-07, "3.8775510204081636": 0.24716457560032787, "1.2244897959183674": 4.392376017997437e-07, "3.4693877551020407": 0.15834469322832748, "3.2653061224489797": 0.10213134130790152, "2.4489795918367347": 2.960586488626318e-06, "0.0": 0.0, "3.673469387755102": 0.20617393476486875, "3.0612244897959187": 0.03553100363110236, "2.2448979591836737": 1.9453982627012517e-06, "4.081632653061225": 0.2825216905747129, "1.836734693877551": 1.0161881053050139e-06, "4.8979591836734695": 0.3840154438788152, "5.714285714285714": 0.44558531554546027, "4.4897959183673475": 0.33994793750317426, "4.6938775510204085": 0.3633882711427992, "2.6530612244897958": 5.3014494627642895e-06, "5.3061224489795915": 0.41839401308289514, "4.285714285714286": 0.3131964291560621, "5.1020408163265305": 0.40223807707588427, "5.510204081632653": 0.4327645308107018, "6.530612244897959": 0.48491971089771846, "6.122448979591837": 0.467341902405347, "5.918367346938775": 0.4570550046117827, "6.326530612244898": 0.4765892986890127, "6.73469387755102": 0.49243829003879014, "2.857142857142857": 1.6446470150175215e-05, "7.142857142857143": 0.5053897043499256, "6.938775510204081": 0.49923557092236276, "7.346938775510204": 0.5109682770220491, "7.755102040816327": 0.5206249380535322, "7.959183673469388": 0.5247975059994842, "8.775510204081632": 0.5379418052477233, "8.571428571428571": 0.5351318537186204, "8.979591836734695": 0.5404703145371667, "8.36734693877551": 0.5320208483434308, "8.16326530612245": 0.5285853132805592, "9.183673469387756": 0.542733469608844, "9.387755102040817": 0.5447441263617808, "10.0": 0.5493462983219182, "9.795918367346939": 0.5480446963326181, "9.591836734693878": 0.5465121615423578, "7.551020408163265": 0.5160298011685219}