{"0.20408163265306123": 3.4189530004726285e-08, "1.6326530612244898": 5.666533722236853e-07, "0.6122448979591837": 1.203579507559867e-07, "0.40816326530612246": 7.383565498732203e-08, "0.8163265306122449": 1.7571516775459199e-07, "2.0408163265306123": 1.0209373544119988e-06, "1.0204081632653061": 2.4268806979199623e-07, "1.4285714285714286": 4.299883556555771e-07, "3.8775510204081636": 0.18308487081505767, "1.2244897959183674": 3.253611865183284e-07, "3.4693877551020407": 0.1172923653543166, "3.2653061224489797": 0.07565284541326035, "2.4489795918367347": 2.193027028612086e-06, "0.0": 0.0, "3.0612244897959187": 0.02631926194896471, "3.673469387755102": 0.1527214331591621, "2.2448979591836737": 1.441035750149075e-06, "4.081632653061225": 0.2092753263516391, "1.836734693877551": 7.527319298555659e-07, "4.8979591836734695": 0.2844558843546778, "5.714285714285714": 0.3300631967003409, "4.4897959183673475": 0.2518132870393884, "4.6938775510204085": 0.2691764971428142, "2.6530612244897958": 3.926999602047623e-06, "5.3061224489795915": 0.309921491172515, "4.285714285714286": 0.23199735493041626, "5.1020408163265305": 0.29795413116732156, "5.510204081632653": 0.3205663191190384, "6.530612244897959": 0.3591997858501619, "6.122448979591837": 0.3461791869669238, "5.918367346938775": 0.33855926267539443, "6.326530612244898": 0.35302911014000943, "6.73469387755102": 0.364769103732437, "2.857142857142857": 1.2182570481611267e-05, "7.142857142857143": 0.37436274396290775, "6.938775510204081": 0.3698041266091575, "7.346938775510204": 0.37849502001633273, "7.755102040816327": 0.3856481022618755, "7.959183673469388": 0.38873889333295114, "8.775510204081632": 0.39847541129460967, "8.571428571428571": 0.3963939657174965, "8.979591836734695": 0.4003483811386419, "8.36734693877551": 0.39408951729143, "8.16326530612245": 0.39154467650411795, "9.183673469387756": 0.4020247923028472, "9.387755102040817": 0.40351416767539294, "10.0": 0.4069231839421616, "9.795918367346939": 0.4059590343204577, "9.591836734693878": 0.40482382336470946, "7.551020408163265": 0.382244297161868}