{"0.6122448979591837": 6.995105934076058e-08, "0.20408163265306123": 2.1143792977126647e-08, "2.0408163265306123": 3.6547143064034796e-07, "0.40816326530612246": 4.435315883218916e-08, "0.8163265306122449": 9.833162494924367e-08, "1.836734693877551": 3.041610083410648e-07, "1.2244897959183674": 1.6550533690462666e-07, "1.4285714285714286": 2.0567146928859484e-07, "1.0204081632653061": 1.2998090635131007e-07, "1.6326530612244898": 2.5146256483060934e-07, "2.6530612244897958": 6.293014140644729e-07, "3.0612244897959187": 9.276411861116021e-07, "3.4693877551020407": 1.457133414935022e-06, "2.2448979591836737": 4.377101013091267e-07, "3.2653061224489797": 1.1493939978403754e-06, "0.0": 0.0, "2.4489795918367347": 5.241063072530212e-07, "3.673469387755102": 1.9130530310693626e-06, "2.857142857142857": 7.602154537921797e-07, "3.8775510204081636": 2.6583856119376234e-06, "4.081632653061225": 4.097420302483248e-06, "5.714285714285714": 0.15908342579204832, "5.510204081632653": 0.1384513824557751, "5.1020408163265305": 0.09018437373899237, "4.6938775510204085": 0.030138630587413822, "7.551020408163265": 0.2786097117139593, "6.530612244897959": 0.22418933988151904, "6.122448979591837": 0.19470767268572609, "7.755102040816327": 0.28699984683038887, "6.326530612244898": 0.21012800726670436, "7.346938775510204": 0.2694971592966147, "5.3061224489795915": 0.11559160900789368, "4.8979591836734695": 0.06185031498789652, "5.918367346938775": 0.17775862286957286, "6.938775510204081": 0.2488012707008154, "6.73469387755102": 0.2370381409990994, "7.142857142857143": 0.2595889432253042, "7.959183673469388": 0.2947316471312128, "4.4897959183673475": 6.483822017071385e-05, "4.285714285714286": 8.043422849504964e-06, "8.16326530612245": 0.30186118675735024, "8.36734693877551": 0.30843750149035754, "9.183673469387756": 0.32998736579352833, "8.979591836734695": 0.3252482033264817, "9.387755102040817": 0.33433760348844976, "10.0": 0.34524177835280995, "8.571428571428571": 0.3145034066794937, "8.775510204081632": 0.32009619029520536, "9.591836734693878": 0.3383192280075266, "9.795918367346939": 0.34194927056280866}