{"0.6122448979591837": 9.593447187728769e-08, "0.20408163265306123": 2.88867461704873e-08, "2.0408163265306123": 5.083932090596198e-07, "0.40816326530612246": 6.071101496417012e-08, "0.8163265306122449": 1.3512058071582857e-07, "1.836734693877551": 4.222162861106195e-07, "1.2244897959183674": 2.2833274053076783e-07, "1.4285714285714286": 2.843221237353789e-07, "1.0204081632653061": 1.7896428846812478e-07, "1.6326530612244898": 3.4833861712140435e-07, "2.6530612244897958": 8.810938886883943e-07, "3.0612244897959187": 1.3046215672638401e-06, "3.4693877551020407": 2.0587217808264146e-06, "2.2448979591836737": 6.101824034143531e-07, "3.2653061224489797": 1.6201813621016576e-06, "0.0": 0.0, "2.4489795918367347": 7.322029476613729e-07, "3.673469387755102": 2.7092103222800056e-06, "2.857142857142857": 1.066753895995461e-06, "3.8775510204081636": 3.773680079906532e-06, "4.081632653061225": 5.830466526204534e-06, "5.714285714285714": 0.2275689448913402, "5.510204081632653": 0.1980547888656844, "4.6938775510204085": 0.04311330264870919, "5.1020408163265305": 0.12900879070913496, "7.551020408163265": 0.3985514013640093, "6.530612244897959": 0.3207030119000207, "6.122448979591837": 0.2785294612092925, "7.755102040816327": 0.4105534969781423, "6.326530612244898": 0.30058826330495375, "7.346938775510204": 0.3855158871687901, "5.3061224489795915": 0.1653538629681989, "4.8979591836734695": 0.08847689490064396, "5.918367346938775": 0.25428383063342264, "6.938775510204081": 0.35591040044690164, "6.73469387755102": 0.33908323312826477, "7.142857142857143": 0.3713421754205545, "7.959183673469388": 0.4216138440622871, "4.4897959183673475": 9.271665217183316e-05, "4.285714285714286": 1.1473447448695685e-05, "8.16326530612245": 0.43181265672387187, "8.36734693877551": 0.44122008069108387, "9.183673469387756": 0.4720471803703901, "8.979591836734695": 0.4652678043324944, "9.387755102040817": 0.4782701991793865, "10.0": 0.49386863078830806, "8.571428571428571": 0.4498973633582517, "8.775510204081632": 0.4578978451994623, "9.591836734693878": 0.48396591651542276, "9.795918367346939": 0.4891586955419169}