{"0.6122448979591837": 1.6588553121804836e-07, "0.20408163265306123": 5.003053914761395e-08, "2.0408163265306123": 8.738646396999678e-07, "0.40816326530612246": 1.0506417379635929e-07, "0.8163265306122449": 2.3345220566507219e-07, "1.836734693877551": 7.263772944516842e-07, "1.2244897959183674": 3.9383807743539447e-07, "1.4285714285714286": 4.899935930239737e-07, "1.0204081632653061": 3.089451948194348e-07, "1.6326530612244898": 5.998011819520137e-07, "2.6530612244897958": 1.5103953027528675e-06, "3.0612244897959187": 2.2322627533754415e-06, "3.4693877551020407": 3.5158551957614376e-06, "2.2448979591836737": 1.047892504723479e-06, "3.2653061224489797": 2.769575359942034e-06, "0.0": 0.0, "2.4489795918367347": 1.256309254914394e-06, "3.673469387755102": 4.62226335334937e-06, "2.857142857142857": 1.8269693497876406e-06, "3.8775510204081636": 6.432065691844157e-06, "4.081632653061225": 9.927886828687783e-06, "5.714285714285714": 0.38665237068338854, "5.510204081632653": 0.33650617132145944, "4.6938775510204085": 0.073251933236123, "5.1020408163265305": 0.2191931644481273, "7.551020408163265": 0.6771611130779687, "6.530612244897959": 0.5448923517815396, "6.122448979591837": 0.47323713389501865, "7.755102040816327": 0.6975533438085313, "6.326530612244898": 0.5107162705716581, "7.346938775510204": 0.655013046465405, "5.3061224489795915": 0.2809454719760925, "4.8979591836734695": 0.15032720988854045, "5.918367346938775": 0.4320424535029956, "6.938775510204081": 0.6047116711477168, "6.73469387755102": 0.5761213741273643, "7.142857142857143": 0.6309311186458586, "7.959183673469388": 0.7163454911935, "4.4897959183673475": 0.00015755487234254706, "4.285714285714286": 1.9516870298200643e-05, "8.16326530612245": 0.7336738434812221, "8.36734693877551": 0.7496575821814414, "9.183673469387756": 0.8020345461639184, "8.979591836734695": 0.7905160076589761, "9.387755102040817": 0.8126078026678362, "10.0": 0.839110409141118, "8.571428571428571": 0.7644007700377455, "8.775510204081632": 0.7779940354946677, "9.591836734693878": 0.8222851445229494, "9.795918367346939": 0.8311079661047257}