{"0.20408163265306123": 1.1102230246251565e-16, "0.40816326530612246": 1.1102230246251565e-14, "1.2244897959183674": 6.994405055138486e-15, "0.6122448979591837": 1.9728663147589032e-13, "0.8163265306122449": 1.1102230246251565e-16, "1.6326530612244898": 1.0236256287043943e-13, "2.0408163265306123": 9.497957975668214e-13, "1.4285714285714286": 2.942091015256665e-14, "1.0204081632653061": 1.3322676295501878e-15, "2.6530612244897958": 2.5545565662810077e-11, "1.836734693877551": 3.220756994437579e-13, "3.0612244897959187": 2.3120783065877504e-10, "2.857142857142857": 7.806599811033266e-11, "3.8775510204081636": 1.0448550691322112e-08, "3.673469387755102": 4.264097408501755e-09, "2.2448979591836737": 2.7929880630495063e-12, "2.4489795918367347": 8.362199821476679e-12, "3.4693877551020407": 1.6363940202879235e-09, "3.2653061224489797": 5.861068297363659e-10, "0.0": 0.0, "4.285714285714286": 5.345906739506745e-08, "4.4897959183673475": 1.127569870806866e-07, "4.6938775510204085": 2.282761558669577e-07, "6.122448979591837": 1.2966355264709684e-05, "5.1020408163265305": 8.387530934239606e-07, "5.510204081632653": 2.7148815606725663e-06, "4.081632653061225": 2.4228982375973374e-08, "4.8979591836734695": 4.451516791847965e-07, "6.326530612244898": 2.086171722481822e-05, "5.3061224489795915": 1.5311914782767388e-06, "5.918367346938775": 7.885755834879937e-06, "5.714285714285714": 4.685336150389574e-06, "6.938775510204081": 7.73078677215322e-05, "7.142857142857143": 0.00011552136889292353, "6.530612244897959": 3.288959937230995e-05, "6.73469387755102": 5.087593849373295e-05, "7.346938775510204": 0.00016992549598626727, "7.551020408163265": 0.0002462673152509032, "7.755102040816327": 0.00035194023817941567, "7.959183673469388": 0.0004963374845635693, "8.16326530612245": 0.0006912508010642471, "8.36734693877551": 0.0009513121503983424, "8.571428571428571": 0.0012944725464993923, "8.979591836734695": 0.0023215282097284184, "8.775510204081632": 0.0017425071078919219, "9.795918367346939": 0.006646980563132954, "10.0": 0.008453816913989831, "9.591836734693878": 0.005180570582831168, "9.387755102040817": 0.004001564856547346, "9.183673469387756": 0.003062478778031008}