{"0.20408163265306123": 0.0, "0.8163265306122449": -5.209166431541234e-13, "1.4285714285714286": 1.5172529899132314e-11, "0.6122448979591837": -5.551115123125783e-15, "2.0408163265306123": 5.3247073417139745e-11, "1.0204081632653061": 1.0325074129013956e-14, "0.0": 0.0, "2.857142857142857": 0.4053279103705437, "3.2653061224489797": 0.6812576236991716, "1.2244897959183674": 1.9972912213006566e-13, "0.40816326530612246": 4.1044945220392037e-13, "1.6326530612244898": -1.1193268534270828e-12, "1.836734693877551": 9.842127113302013e-13, "2.6530612244897958": 0.22800762135209918, "3.0612244897959187": 0.5544264425905195, "3.4693877551020407": 0.790258651522984, "2.2448979591836737": 9.143807933043036e-11, "3.8775510204081636": 0.967464350802862, "4.081632653061225": 1.040291985939093, "3.673469387755102": 0.8847959736386903, "2.4489795918367347": 0.01430925120836457, "4.285714285714286": 1.1048842110115782, "6.530612244897959": 1.5157382042084628, "4.6938775510204085": 1.214256563655733, "4.4897959183673475": 1.1625260331110807, "5.1020408163265305": 1.3032259279270715, "4.8979591836734695": 1.2609238649927588, "5.918367346938775": 1.4390362227175137, "6.122448979591837": 1.4665412751020825, "5.3061224489795915": 1.341741674528538, "5.510204081632653": 1.3769546856943384, "6.938775510204081": 1.5584756212451614, "7.959183673469388": 1.644325900859938, "5.714285714285714": 1.4092715550396313, "6.326530612244898": 1.4920369247713403, "8.775510204081632": 1.6974783155878546, "7.551020408163265": 1.6130402847648555, "8.979591836734695": 1.709142390245662, "7.346938775510204": 1.5959653204191977, "9.183673469387756": 1.7202498110077433, "7.142857142857143": 1.5778129505030374, "6.73469387755102": 1.537830770496567, "9.795918367346939": 1.7506008638577362, "7.755102040816327": 1.6291325705071802, "9.591836734693878": 1.740945619190346, "10.0": 1.7598339702118975, "9.387755102040817": 1.730839213646961, "8.571428571428571": 1.6852148375300064, "8.36734693877551": 1.6723045124223006, "8.16326530612245": 1.6586945257825685}