{"0.0": 0.0, "0.20408163265306123": 4.613355598250761e-08, "0.6122448979591837": 1.6338153808407108e-07, "0.40816326530612246": 9.990476357737491e-08, "1.4285714285714286": 5.96588700176917e-07, "0.8163265306122449": 2.394523677442706e-07, "1.2244897959183674": 4.4807909707427985e-07, "1.0204081632653061": 3.3227806523123637e-07, "1.6326530612244898": 7.939483519359056e-07, "2.0408163265306123": 1.4788619142409392e-06, "1.836734693877551": 1.0690010406512934e-06, "2.2448979591836737": 2.1548315957891853e-06, "2.4489795918367347": 3.4805779258969563e-06, "2.6530612244897958": 7.260217329886229e-06, "3.4693877551020407": 0.36060936665447696, "3.673469387755102": 0.4457859138476116, "3.0612244897959187": 0.13609963605899428, "3.2653061224489797": 0.25879620118461505, "2.857142857142857": 0.00010415219252402862, "3.8775510204081636": 0.5175592597218093, "4.081632653061225": 0.5784293312560276, "4.285714285714286": 0.6303496395847583, "4.8979591836734695": 0.7463874383324868, "4.6938775510204085": 0.7132138474950812, "4.4897959183673475": 0.6748664205664268, "5.3061224489795915": 0.8003033179700689, "5.1020408163265305": 0.7751965623464194, "5.510204081632653": 0.8222545645988325, "5.714285714285714": 0.8415034695364678, "6.122448979591837": 0.8733480768716614, "6.326530612244898": 0.8865290931662461, "5.918367346938775": 0.858428831842256, "6.530612244897959": 0.8981987696357555, "7.142857142857143": 0.9259287857271956, "6.73469387755102": 0.9085496334738182, "6.938775510204081": 0.9177461876175268, "7.755102040816327": 0.9455130419687678, "7.959183673469388": 0.9506833783222353, "7.346938775510204": 0.9332178517617794, "7.551020408163265": 0.939716450584782, "8.16326530612245": 0.9552920074438577, "8.571428571428571": 0.963035267967683, "8.36734693877551": 0.9593938921457438, "8.775510204081632": 0.966254749936726, "8.979591836734695": 0.9690840358205682, "9.387755102040817": 0.9736677328709318, "9.183673469387756": 0.9715484710304205, "9.591836734693878": 0.9754562415354137, "9.795918367346939": 0.9769235044867269, "10.0": 0.9780746273158355}