{"0.0": 0.0, "0.20408163265306123": 3.216629439815638e-08, "0.40816326530612246": 6.93395651682121e-08, "0.8163265306122449": 1.6424561464454377e-07, "1.0204081632653061": 2.2615359186327517e-07, "0.6122448979591837": 1.1278759319677037e-07, "1.2244897959183674": 3.0205446146535304e-07, "1.6326530612244898": 5.203525759644765e-07, "2.0408163265306123": 9.1874432999151e-07, "2.4489795918367347": 1.8765655577354275e-06, "1.836734693877551": 6.854903894600242e-07, "1.4285714285714286": 3.972959942889705e-07, "2.2448979591836737": 1.2732200533034762e-06, "2.6530612244897958": 3.132709324757517e-06, "2.857142857142857": 7.349314649207276e-06, "3.2653061224489797": 0.11495801721572023, "4.285714285714286": 0.44378867506909475, "3.4693877551020407": 0.19975263021948447, "3.8775510204081636": 0.33746899840457856, "3.0612244897959187": 0.016382651327821556, "3.673469387755102": 0.27326883916453576, "4.081632653061225": 0.39389914150745126, "4.6938775510204085": 0.5277251794593788, "4.8979591836734695": 0.5632391356830596, "5.3061224489795915": 0.6241204892906999, "4.4897959183673475": 0.48812893283077546, "5.1020408163265305": 0.5952188256923513, "6.326530612244898": 0.7340333114888259, "5.510204081632653": 0.6503284508882761, "5.918367346938775": 0.6959120391055671, "5.714285714285714": 0.674166834983184, "6.122448979591837": 0.7157998626528937, "6.530612244897959": 0.7507877266640498, "6.73469387755102": 0.76621458510413, "7.142857142857143": 0.793597204952681, "6.938775510204081": 0.7804461257361808, "7.959183673469388": 0.8372287128615248, "7.346938775510204": 0.8057685221090107, "7.551020408163265": 0.8170478487926456, "7.755102040816327": 0.8275121467178457, "8.16326530612245": 0.8462559812519772, "8.36734693877551": 0.8546449413475631, "8.979591836734695": 0.876389007966431, "8.571428571428571": 0.8624393681476811, "8.775510204081632": 0.8696768154188, "9.387755102040817": 0.888337304862093, "9.183673469387756": 0.8826020869423498, "9.591836734693878": 0.893611226065512, "10.0": 0.9028191744124641, "9.795918367346939": 0.8984358348579402}