{"0.20408163265306123": 1.199040866595169e-14, "1.836734693877551": 1.3927747843922589e-12, "3.673469387755102": 0.31071948386406967, "1.0204081632653061": 7.693845560652335e-14, "3.4693877551020407": 0.2784749365749173, "3.8775510204081636": 0.3407911640378397, "1.4285714285714286": 8.659739592076221e-15, "0.40816326530612246": 8.680167695729324e-12, "0.8163265306122449": 8.387068817228283e-12, "3.2653061224489797": 0.2437656969251666, "3.0612244897959187": 0.20623724358247175, "1.6326530612244898": 1.5480949855373183e-12, "1.2244897959183674": 1.5399903574575546e-12, "2.6530612244897958": 0.12087071899758972, "0.6122448979591837": 2.1604940059205546e-13, "2.857142857142857": 0.16545353858863965, "2.0408163265306123": 4.6069814629845496e-12, "2.4489795918367347": 0.07179946468691722, "2.2448979591836737": 0.017349732990742273, "0.0": 0.0, "5.714285714285714": 0.5438082915935921, "4.285714285714286": 0.3953486404827401, "6.326530612244898": 0.5930984246245831, "4.8979591836734695": 0.46585038691616887, "6.122448979591837": 0.5774200506860109, "5.918367346938775": 0.5610075586403416, "5.510204081632653": 0.5257633963287045, "6.938775510204081": 0.6361794488819028, "4.6938775510204085": 0.4436697508284342, "6.530612244897959": 0.6080899950534586, "4.4897959183673475": 0.42021162981751636, "5.3061224489795915": 0.5068067982749127, "4.081632653061225": 0.3689328438574404, "5.1020408163265305": 0.48686396270615917, "6.73469387755102": 0.6224374485635364, "7.142857142857143": 0.6493511461783575, "7.346938775510204": 0.6619846127451412, "7.551020408163265": 0.6741092152243917, "7.755102040816327": 0.6857519343818832, "7.959183673469388": 0.6969376408769554, "8.16326530612245": 0.7076893339084624, "8.775510204081632": 0.7375464182762415, "8.36734693877551": 0.7180283483669563, "8.571428571428571": 0.7279745351229069, "8.979591836734695": 0.7467613325430209, "9.183673469387756": 0.7556355434290751, "9.795918367346939": 0.7803626913588338, "9.387755102040817": 0.7641843524135781, "10.0": 0.78801877653518, "9.591836734693878": 0.7724221890186364}