{"0.20408163265306123": 3.930189507173054e-14, "1.836734693877551": 4.565348099561106e-12, "3.673469387755102": 0.7107189339867388, "1.0204081632653061": 2.537969834293108e-13, "3.4693877551020407": 0.6630971077902064, "3.8775510204081636": 0.7506878741665955, "1.4285714285714286": 2.8199664825478976e-14, "0.40816326530612246": 2.850175651047948e-11, "0.8163265306122449": 2.7561397608621974e-11, "3.2653061224489797": 0.6059772985033163, "3.0612244897959187": 0.5369416433696366, "1.6326530612244898": 5.119682455756447e-12, "1.2244897959183674": 5.076161713191141e-12, "2.6530612244897958": 0.34910767454461433, "0.6122448979591837": 7.095435350379375e-13, "2.857142857142857": 0.4527718875405983, "2.0408163265306123": 1.4928946967529555e-11, "2.4489795918367347": 0.21991957177434562, "2.2448979591836737": 0.056670849736915274, "0.0": 0.0, "5.714285714285714": 0.9269155218988893, "4.285714285714286": 0.8130680854242407, "6.326530612244898": 0.9500770672365443, "4.8979591836734695": 0.8763455399904965, "6.122448979591837": 0.9433720281569101, "5.918367346938775": 0.9357029565575692, "5.510204081632653": 0.9168267090002743, "6.938775510204081": 0.9656205821595428, "4.6938775510204085": 0.8583851013312866, "6.530612244897959": 0.955948784921554, "4.4897959183673475": 0.8374831676074131, "5.3061224489795915": 0.9052184539789264, "4.081632653061225": 0.7844315177832077, "5.1020408163265305": 0.891829586171897, "6.73469387755102": 0.9610983331157666, "7.142857142857143": 0.9695967819303627, "7.346938775510204": 0.9730967364422082, "7.551020408163265": 0.9761805902041748, "7.755102040816327": 0.978900303441689, "7.959183673469388": 0.9813008763711761, "8.16326530612245": 0.98342136992917, "8.775510204081632": 0.9884209159201196, "8.36734693877551": 0.9852957605182032, "8.571428571428571": 0.9869536587117, "8.979591836734695": 0.9897201383619662, "9.183673469387756": 0.9908711240083103, "9.795918367346939": 0.9935979739377733, "9.387755102040817": 0.991891235254419, "10.0": 0.9943097984162661, "9.591836734693878": 0.9927957177476328}