{"0.40816326530612246": 8.490564647940557e-08, "1.6326530612244898": 6.371669992437855e-07, "0.20408163265306123": 3.9387305656376116e-08, "2.2448979591836737": 1.5590446840934664e-06, "0.6122448979591837": 1.381073784804523e-07, "1.0204081632653061": 2.76922905460309e-07, "3.8775510204081636": 0.2300516700213839, "0.8163265306122449": 2.0111723291653042e-07, "1.2244897959183674": 3.698626874357918e-07, "1.4285714285714286": 4.864858777575176e-07, "0.0": 0.0, "2.4489795918367347": 2.29784341530982e-06, "2.0408163265306123": 1.124995448371034e-06, "3.4693877551020407": 0.1382672336042344, "1.836734693877551": 8.39376027332807e-07, "3.673469387755102": 0.18767740299574714, "2.6530612244897958": 3.83594864605352e-06, "3.2653061224489797": 0.0802352359906138, "2.857142857142857": 8.998685543346482e-06, "4.285714285714286": 0.2983812332469102, "4.8979591836734695": 0.37179124120593743, "4.4897959183673475": 0.3260933625997463, "4.081632653061225": 0.2666273145165669, "5.1020408163265305": 0.390709148886754, "5.714285714285714": 0.4357751125518069, "4.6938775510204085": 0.35039271085208545, "6.326530612244898": 0.4680834814124655, "5.918367346938775": 0.4477185786982491, "7.346938775510204": 0.5040233774173909, "5.510204081632653": 0.4224350776403328, "6.530612244897959": 0.4767788294615681, "5.3061224489795915": 0.407493952526419, "6.122448979591837": 0.4584388236210068, "3.0612244897959187": 0.01155747195224459, "6.938775510204081": 0.4917402420044095, "6.73469387755102": 0.48463328717139575, "8.36734693877551": 0.5261363047090967, "8.16326530612245": 0.5225187906519608, "7.755102040816327": 0.5141519685692503, "8.775510204081632": 0.5323841865004953, "9.183673469387756": 0.5374594630432923, "8.979591836734695": 0.5350595047936528, "7.551020408163265": 0.5093297931566195, "7.959183673469388": 0.5185352458184099, "8.571428571428571": 0.5294166183996101, "9.387755102040817": 0.5395976471878393, "9.591836734693878": 0.5414846016508296, "9.795918367346939": 0.5431280610449917, "10.0": 0.5445331591666367, "7.142857142857143": 0.49818034402269745}