{"1.4285714285714286": 1.8711199256671307e-10, "1.0204081632653061": 3.5631053663109924e-10, "0.6122448979591837": 2.6489921367556235e-13, "0.20408163265306123": 8.548717289613705e-15, "0.40816326530612246": 6.68165522910158e-12, "0.8163265306122449": 1.557398654483677e-11, "1.2244897959183674": 6.504463634371405e-12, "3.4693877551020407": 0.23620416087861884, "1.6326530612244898": 4.6345149939952535e-12, "2.0408163265306123": 2.3116205616346974e-09, "1.836734693877551": 2.2362556251209753e-10, "3.8775510204081636": 0.3317089083981526, "3.673469387755102": 0.28607055689985417, "2.2448979591836737": -1.3811891630410855e-09, "3.0612244897959187": 0.1212227681069834, "3.2653061224489797": 0.18150222510245873, "2.857142857142857": 0.0544476636792226, "0.0": 0.0, "2.4489795918367347": -2.9319418004547515e-09, "2.6530612244897958": 2.459048742409209e-09, "4.8979591836734695": 0.5115516285993267, "4.285714285714286": 0.412232667901662, "5.3061224489795915": 0.5665519085576793, "4.6938775510204085": 0.480914912382862, "6.122448979591837": 0.6562004687775399, "5.1020408163265305": 0.540031661622385, "4.081632653061225": 0.37362249383817125, "5.918367346938775": 0.6359816796592614, "4.4897959183673475": 0.44789558473081714, "5.714285714285714": 0.6143832866234751, "6.530612244897959": 0.6929188252347807, "5.510204081632653": 0.5912850276640631, "6.326530612244898": 0.6751472789322938, "6.73469387755102": 0.7096023554760118, "7.346938775510204": 0.7538793867921398, "6.938775510204081": 0.7252768579214159, "7.142857142857143": 0.7400140791920555, "7.551020408163265": 0.766932503830078, "7.755102040816327": 0.7792281380283737, "8.16326530612245": 0.8017438851894876, "7.959183673469388": 0.7908165228483305, "9.183673469387756": 0.8478499137257571, "8.36734693877551": 0.812052851466897, "8.979591836734695": 0.8396487644828654, "8.571428571428571": 0.8217828016356622, "9.591836734693878": 0.8629344705000184, "9.387755102040817": 0.8556027737191143, "8.775510204081632": 0.8309701793511145, "10.0": 0.8764337716509418, "9.795918367346939": 0.8698702784821295}