{"1.4285714285714286": 5.305902384122874e-10, "1.0204081632653061": 1.0546054030058372e-09, "0.6122448979591837": 8.232303727595536e-13, "0.20408163265306123": 2.7533531010703882e-14, "0.40816326530612246": 2.1218249379728604e-11, "0.8163265306122449": 4.7237991296356086e-11, "1.2244897959183674": 1.882261013719244e-11, "3.4693877551020407": 0.4901490637191379, "1.6326530612244898": 1.2889689315898067e-11, "2.0408163265306123": 6.224489923489784e-09, "1.836734693877551": 6.122931051066871e-10, "3.8775510204081636": 0.6348980245895233, "3.673469387755102": 0.5693363330102624, "2.2448979591836737": -3.659587743953807e-09, "3.0612244897959187": 0.2760693041011254, "3.2653061224489797": 0.3939007338668613, "2.857142857142857": 0.13061142192531372, "0.0": 0.0, "2.4489795918367347": -7.620813535780258e-09, "2.6530612244897958": 6.079520886714818e-09, "4.8979591836734695": 0.8332573442297828, "4.285714285714286": 0.7351416795612848, "5.3061224489795915": 0.876307641017668, "4.6938775510204085": 0.8058683209968333, "6.122448979591837": 0.9306950894458502, "5.1020408163265305": 0.8565105640722095, "4.081632653061225": 0.6894794199765308, "5.918367346938775": 0.9200518107059776, "4.4897959183673475": 0.7735078952755204, "5.714285714285714": 0.9076599803981389, "6.530612244897959": 0.9477441656286889, "5.510204081632653": 0.8932048366414479, "6.326530612244898": 0.9398525130274277, "6.73469387755102": 0.9545550776723591, "7.346938775510204": 0.9699477013065666, "6.938775510204081": 0.9604413069028422, "7.142857142857143": 0.9655348605051319, "7.551020408163265": 0.9737750253163802, "7.755102040816327": 0.9770979559601355, "8.16326530612245": 0.982497735063173, "7.959183673469388": 0.9799857686421615, "9.183673469387756": 0.9909678186324372, "8.36734693877551": 0.9846846581165022, "8.979591836734695": 0.9897016655704965, "8.571428571428571": 0.9865901537812181, "9.591836734693878": 0.9930416511194213, "9.387755102040817": 0.9920742219111951, "8.775510204081632": 0.9882517252340508, "10.0": 0.99462908616748, "9.795918367346939": 0.9938880825074515}