{"1.4285714285714286": 3.2450329090494277e-10, "1.0204081632653061": 6.356284831809944e-10, "0.6122448979591837": 4.882316773091589e-13, "0.20408163265306123": 1.6142642778049777e-14, "0.40816326530612246": 1.249629288935239e-11, "0.8163265306122449": 2.82395884454445e-11, "1.2244897959183674": 1.143172223549982e-11, "3.4693877551020407": 0.3377821220148265, "1.6326530612244898": 7.936584722756378e-12, "2.0408163265306123": 3.876768306376732e-09, "1.836734693877551": 3.7909257954993335e-10, "3.8775510204081636": 0.4529845548747009, "3.673469387755102": 0.39937686734401745, "2.2448979591836737": -2.292548595406174e-09, "3.0612244897959187": 0.1831613825046402, "3.2653061224489797": 0.26646162860821976, "2.857142857142857": 0.08491316697765905, "0.0": 0.0, "2.4489795918367347": -4.807490494584954e-09, "2.6530612244897958": 3.9072376001314525e-09, "4.8979591836734695": 0.6402339148515092, "4.285714285714286": 0.5413962725655111, "5.3061224489795915": 0.6904542015416748, "4.6938775510204085": 0.6108962758284505, "6.122448979591837": 0.7659983170448641, "5.1020408163265305": 0.6666232226023148, "4.081632653061225": 0.49996526429351507, "5.918367346938775": 0.749609732077948, "4.4897959183673475": 0.5781405089486984, "5.714285714285714": 0.7316939641333406, "6.530612244897959": 0.794848961392344, "5.510204081632653": 0.7120529512550171, "6.326530612244898": 0.7810293725703473, "6.73469387755102": 0.8075834443545508, "7.346938775510204": 0.8403067125979105, "6.938775510204081": 0.8193426375139865, "7.142857142857143": 0.8302223917172862, "7.551020408163265": 0.8496695124245989, "7.755102040816327": 0.8583760652010783, "8.16326530612245": 0.8740454251389618, "7.959183673469388": 0.8664842211658629, "9.183673469387756": 0.9050970756884291, "8.36734693877551": 0.8811055741267391, "8.979591836734695": 0.8996699249179179, "8.571428571428571": 0.8877057424938846, "9.591836734693878": 0.9149773427477796, "9.387755102040817": 0.9101913529959467, "8.775510204081632": 0.893882797704289, "10.0": 0.9237118974575571, "9.795918367346939": 0.9194774000922583}