{"0.0": 0.0, "0.20408163265306123": 0.0, "0.40816326530612246": 0.0, "0.6122448979591837": 0.0, "2.0408163265306123": 0.2545695680009924, "2.2448979591836737": 0.35592050293640537, "0.8163265306122449": 0.0, "1.836734693877551": 0.12916713333565313, "2.6530612244897958": 0.5085617240973699, "2.4489795918367347": 0.43919607360331586, "1.0204081632653061": 0.0, "3.0612244897959187": 0.6167277161845204, "2.857142857142857": 0.5670054813269926, "3.4693877551020407": 0.6962427690716347, "3.2653061224489797": 0.6593840364951273, "1.2244897959183674": 0.0, "3.8775510204081636": 0.7563142059263616, "3.673469387755102": 0.7282925398659558, "4.081632653061225": 0.7809332235336532, "4.285714285714286": 0.8026556095887957, "1.4285714285714286": 1.5e-323, "4.4897959183673475": 0.8218955679161514, "1.6326530612244898": -1e-323, "4.8979591836734695": 0.8542377398862638, "4.6938775510204085": 0.8389947545096188, "5.3061224489795915": 0.8800727693430519, "5.1020408163265305": 0.8678632851412804, "5.510204081632653": 0.8910376433896161, "5.714285714285714": 0.9009041960247829, "6.326530612244898": 0.9250887370101004, "5.918367346938775": 0.9097983175973151, "6.122448979591837": 0.9178284711058463, "6.73469387755102": 0.9376161634194115, "6.530612244897959": 0.9316609225803042, "7.142857142857143": 0.9479168108039435, "6.938775510204081": 0.9430167154418251, "7.346938775510204": 0.9523638933396457, "7.551020408163265": 0.9563991812696657, "7.755102040816327": 0.9600584690584348, "7.959183673469388": 0.9633725909208892, "8.16326530612245": 0.9663677539727122, "8.571428571428571": 0.9714854822758463, "8.775510204081632": 0.9736404758474053, "8.36734693877551": 0.9690660319116309, "9.183673469387756": 0.977196936993009, "8.979591836734695": 0.9755418365125781, "9.387755102040817": 0.9786099172317648, "9.591836734693878": 0.9797817647421705, "9.795918367346939": 0.9807103808298518, "10.0": 0.9813907945090217}