{"0.20408163265306123": 1.432187701766452e-14, "0.8163265306122449": 1.1304068792128419e-11, "0.6122448979591837": 2.552402733613235e-13, "0.40816326530612246": 8.942069307238398e-12, "1.0204081632653061": 1.716404796070492e-13, "1.4285714285714286": 6.672096208859557e-11, "3.4693877551020407": 0.2215646160087642, "1.836734693877551": -2.2990276349332817e-11, "2.0408163265306123": -2.6700863742235015e-12, "1.2244897959183674": 5.1697535141670414e-12, "3.0612244897959187": 0.14073280844494485, "3.2653061224489797": 0.18270379626601796, "3.673469387755102": 0.2577012466087556, "3.8775510204081636": 0.2914313774176541, "2.857142857142857": 0.09517688962112814, "2.2448979591836737": 5.4541926530760065e-11, "1.6326530612244898": 2.2641888364205442e-12, "2.6530612244897958": 0.04544385241537896, "0.0": 0.0, "2.4489795918367347": 6.338419789031491e-10, "4.285714285714286": 0.35268740441677626, "4.081632653061225": 0.32301937417603344, "4.6938775510204085": 0.40698970761352427, "4.4897959183673475": 0.3806238422060142, "4.8979591836734695": 0.4319236660252507, "6.122448979591837": 0.5572461874582842, "5.918367346938775": 0.538836476132226, "5.510204081632653": 0.49926241100314517, "5.1020408163265305": 0.4555459545003262, "6.530612244897959": 0.591600456097536, "5.714285714285714": 0.519530011732142, "7.551020408163265": 0.665218154719522, "6.73469387755102": 0.607643993934039, "5.3061224489795915": 0.4779614986362358, "7.142857142857143": 0.6376779582185221, "6.938775510204081": 0.6229901760795316, "6.326530612244898": 0.5748168572299301, "7.346938775510204": 0.6517430175900385, "7.959183673469388": 0.6905174943882804, "7.755102040816327": 0.6781336371243498, "8.16326530612245": 0.7023957716121603, "8.36734693877551": 0.7137927490981532, "8.775510204081632": 0.7352322099116178, "8.571428571428571": 0.7247311311080538, "10.0": 0.7901019176841546, "9.183673469387756": 0.7550014006729874, "8.979591836734695": 0.7453160078608001, "9.591836734693878": 0.773247368772871, "9.795918367346939": 0.7818408572089559, "9.387755102040817": 0.7643062244745851}