{"0.20408163265306123": 3.325117958752344e-14, "0.8163265306122449": 2.5763124966715626e-11, "0.6122448979591837": 5.845490758105144e-13, "0.40816326530612246": 2.0615892326603104e-11, "1.0204081632653061": 3.902433931557425e-13, "1.4285714285714286": 1.5133811981371538e-10, "3.4693877551020407": 0.4110486842996667, "1.836734693877551": -5.2282944640325016e-11, "1.2244897959183674": 1.1731321469810042e-11, "2.0408163265306123": -6.401723595672593e-12, "3.0612244897959187": 0.28159565890648436, "3.2653061224489797": 0.35148317263397316, "3.673469387755102": 0.46228083554170196, "3.8775510204081636": 0.5067082686969445, "2.857142857142857": 0.19875815089641116, "2.2448979591836737": 1.224736367877455e-10, "1.6326530612244898": 5.1327719852167784e-12, "2.6530612244897958": 0.09943522371835599, "0.0": 0.0, "2.4489795918367347": 1.4384519519961005e-09, "4.285714285714286": 0.5796638224844631, "4.081632653061225": 0.5455224907689404, "4.6938775510204085": 0.6367838773269249, "4.4897959183673475": 0.6098826599124048, "4.8979591836734695": 0.6608595039803867, "6.122448979591837": 0.7643771860540745, "5.918367346938775": 0.7508009535277197, "5.510204081632653": 0.7198323332252814, "5.1020408163265305": 0.6825131041069541, "6.530612244897959": 0.7884240504642204, "5.714285714285714": 0.7360079708589968, "7.551020408163265": 0.8350175371840847, "6.73469387755102": 0.7991194090865301, "5.3061224489795915": 0.7020781967164064, "7.142857142857143": 0.8183044674041275, "6.938775510204081": 0.8090536535690518, "6.326530612244898": 0.7768779320705627, "7.346938775510204": 0.8269394276737552, "7.959183673469388": 0.8497037615064871, "7.755102040816327": 0.8425904959526817, "8.16326530612245": 0.8563974367418714, "8.36734693877551": 0.8627070171984543, "8.775510204081632": 0.8742965254466399, "8.571428571428571": 0.8686640214331389, "10.0": 0.9025171549935107, "9.183673469387756": 0.884685782467431, "8.979591836734695": 0.8796296169142404, "9.591836734693878": 0.8940462163926233, "9.795918367346939": 0.8983852033286748, "9.387755102040817": 0.8894852387921932}