{"3.8775510204081636": 0.790905143750595, "0.20408163265306123": 5.87057378584615e-08, "3.0612244897959187": 0.6177736645834647, "3.4693877551020407": 0.719841325606578, "0.8163265306122449": 3.584326635943493e-07, "2.6530612244897958": 0.466045531155722, "0.40816326530612246": 1.3266142790899022e-07, "2.4489795918367347": 0.36173371560361567, "0.6122448979591837": 2.2869628269328894e-07, "1.0204081632653061": 5.433860976731101e-07, "3.2653061224489797": 0.6735997973359231, "2.857142857142857": 0.5497642907079742, "1.2244897959183674": 8.28337478104779e-07, "3.673469387755102": 0.7584478428090226, "1.836734693877551": 6.573841016463132e-06, "0.0": 0.0, "1.6326530612244898": 2.4044514812334182e-06, "1.4285714285714286": 1.3244304832557666e-06, "2.2448979591836737": 0.2299029068134349, "2.0408163265306123": 0.06046211570161131, "4.4897959183673475": 0.8616765674093966, "4.285714285714286": 0.8417149792515388, "5.3061224489795915": 0.9174516919350141, "4.081632653061225": 0.8183614088074647, "4.8979591836734695": 0.8935854929090181, "5.1020408163265305": 0.9063630532190087, "5.714285714285714": 0.9355251017527924, "5.510204081632653": 0.9271028409563463, "4.6938775510204085": 0.8788140934418097, "6.326530612244898": 0.9550232279584421, "6.530612244897959": 0.9600132023997004, "5.918367346938775": 0.9428924990289569, "6.938775510204081": 0.9682847794534574, "6.122448979591837": 0.9493509279302269, "7.346938775510204": 0.9747221044113062, "6.73469387755102": 0.9644088203539852, "7.755102040816327": 0.979726155030102, "7.142857142857143": 0.971704564346808, "7.959183673469388": 0.9817835398373157, "7.551020408163265": 0.9773831107431151, "8.16326530612245": 0.9835819999881092, "8.36734693877551": 0.985143267268045, "8.571428571428571": 0.9864845249996248, "9.387755102040817": 0.9898526528476158, "8.979591836734695": 0.9885551334422737, "8.775510204081632": 0.9876187746746745, "9.183673469387756": 0.9892990785722837, "9.591836734693878": 0.990214643030808, "10.0": 0.9903437036431469, "9.795918367346939": 0.9903807419872309}