{"3.8775510204081636": 1.456525105187836, "0.20408163265306123": 9.979975472125274e-08, "3.0612244897959187": 1.1077099555068364, "3.4693877551020407": 1.3094644774164774, "0.8163265306122449": 6.093355416001631e-07, "2.6530612244897958": 0.8215009553437724, "2.4489795918367347": 0.6314336615464095, "0.40816326530612246": 2.2552442929318407e-07, "0.6122448979591837": 3.887836860703006e-07, "1.0204081632653061": 9.237563970474819e-07, "3.2653061224489797": 1.2169058100649264, "2.857142857142857": 0.9777485815643548, "1.2244897959183674": 1.4081737848231622e-06, "3.673469387755102": 1.3885279862443787, "1.836734693877551": 1.1175534265615752e-05, "0.0": 0.0, "1.6326530612244898": 4.0875681251430706e-06, "1.4285714285714286": 2.2515320057171e-06, "2.2448979591836737": 0.3970240471166965, "2.0408163265306123": 0.10317986282943371, "4.285714285714286": 1.5665406848071552, "4.4897959183673475": 1.6112807902850546, "5.3061224489795915": 1.742992157797555, "4.081632653061225": 1.5153592770668571, "4.8979591836734695": 1.685184208249872, "5.1020408163265305": 1.7158114460792224, "5.714285714285714": 1.7887781853390776, "5.510204081632653": 1.7671856142478706, "4.6938775510204085": 1.6505611418134405, "6.326530612244898": 1.8409826833811969, "6.530612244897959": 1.8549907738018105, "5.918367346938775": 1.808096727015562, "6.938775510204081": 1.8790157058790504, "6.122448979591837": 1.8254191286012837, "7.346938775510204": 1.8986224337622652, "6.73469387755102": 1.8676182393841003, "7.755102040816327": 1.9146492711372658, "7.959183673469388": 1.921520206112988, "7.142857142857143": 1.8893130885297276, "7.551020408163265": 1.907040227489388, "8.16326530612245": 1.9277127519894348, "8.36734693877551": 1.9332767119295333, "8.571428571428571": 1.938252789865992, "9.387755102040817": 1.9528081089822238, "8.979591836734695": 1.9465624996711823, "8.775510204081632": 1.942673256992089, "9.183673469387756": 1.9499374765330664, "9.591836734693878": 1.9551776263586482, "10.0": 1.9583946731646567, "9.795918367346939": 1.9570428843846464}