{"0.40816326530612246": 1.8097102633206058e-07, "0.20408163265306123": 8.220092816954251e-08, "0.6122448979591837": 3.0188153548280826e-07, "1.2244897959183674": 9.09612510817168e-07, "3.0612244897959187": 0.38018910413702856, "0.8163265306122449": 4.533166842470188e-07, "1.0204081632653061": 6.485055547590276e-07, "3.2653061224489797": 0.46224564909951665, "3.8775510204081636": 0.6385580974055507, "1.6326530612244898": 1.8312585442340309e-06, "3.673469387755102": 0.589117598564205, "2.6530612244897958": 0.1611184672283065, "2.857142857142857": 0.28137461622549426, "1.836734693877551": 2.765175813965877e-06, "3.4693877551020407": 0.5310156239664526, "2.2448979591836737": 1.0708957303816198e-05, "1.4285714285714286": 1.2768137267322744e-06, "0.0": 0.0, "2.0408163265306123": 4.670806266965111e-06, "4.6938775510204085": 0.776369024097419, "4.081632653061225": 0.6808962513708641, "2.4489795918367347": 0.013083117573615858, "4.4897959183673475": 0.7489215362526243, "6.938775510204081": 0.929311170995746, "5.510204081632653": 0.8561318769234724, "4.8979591836734695": 0.8003374002280992, "5.1020408163265305": 0.8213469792458705, "4.285714285714286": 0.717358739906669, "5.3061224489795915": 0.8398265390148894, "6.122448979591837": 0.8947444430209944, "5.714285714285714": 0.8705601004493632, "6.326530612244898": 0.9048898900458872, "6.73469387755102": 0.9220525196945547, "7.142857142857143": 0.9358208812252816, "7.346938775510204": 0.9416639092220938, "6.530612244897959": 0.9139492377817747, "7.551020408163265": 0.9469109674906697, "5.918367346938775": 0.8833607366785691, "7.755102040816327": 0.9516227596755424, "7.959183673469388": 0.9558512372936678, "8.979591836734695": 0.9710648344529231, "8.36734693877551": 0.963028281944768, "8.775510204081632": 0.9687174080928915, "8.571428571428571": 0.9660453594224024, "9.795918367346939": 0.9774572192151536, "8.16326530612245": 0.9596406285556134, "9.591836734693878": 0.976294275164818, "10.0": 0.9783325812123717, "9.183673469387756": 0.9731033016258702, "9.387755102040817": 0.9748440669913161}