{"0.40816326530612246": 5.9588020865434576e-08, "0.20408163265306123": 2.7066159275337172e-08, "0.6122448979591837": 9.940001778092465e-08, "1.2244897959183674": 2.9950655843979917e-07, "3.0612244897959187": 0.12518421721585082, "0.8163265306122449": 1.4926281066670133e-07, "1.0204081632653061": 2.1353231681089933e-07, "3.2653061224489797": 0.1522028356791092, "3.8775510204081636": 0.2102569345115837, "1.6326530612244898": 6.029753743209614e-07, "3.673469387755102": 0.19397774586870162, "2.6530612244897958": 0.053051202623954574, "2.857142857142857": 0.09264773948888227, "1.836734693877551": 9.104847192326667e-07, "3.4693877551020407": 0.17484660789139297, "2.2448979591836737": 3.526120087841918e-06, "1.4285714285714286": 4.204142758752612e-07, "0.0": 0.0, "2.0408163265306123": 1.5379484049763177e-06, "4.6938775510204085": 0.2556337030564672, "4.081632653061225": 0.2241975461830894, "2.4489795918367347": 0.004307855786434491, "4.4897959183673475": 0.2465961155953763, "6.938775510204081": 0.30599270264494066, "5.510204081632653": 0.2818970814260213, "4.8979591836734695": 0.26352572934339846, "5.1020408163265305": 0.2704435175565671, "4.285714285714286": 0.23620348753024462, "5.3061224489795915": 0.2765282506512441, "6.122448979591837": 0.2946109751410592, "5.714285714285714": 0.28664783795283894, "6.326530612244898": 0.2979515491614506, "6.73469387755102": 0.30360265892381666, "7.142857142857143": 0.3081361438180805, "7.346938775510204": 0.3100600676706894, "6.530612244897959": 0.30093450512326725, "7.551020408163265": 0.3117877575883913, "5.918367346938775": 0.290862681589285, "7.755102040816327": 0.31333920135658094, "7.959183673469388": 0.31473150496254904, "8.979591836734695": 0.3197408601247429, "8.36734693877551": 0.31709467820132603, "8.775510204081632": 0.3189679270549765, "8.571428571428571": 0.31808810615127886, "9.795918367346939": 0.3218456697415749, "8.16326530612245": 0.3159792313536775, "9.591836734693878": 0.32146274913963513, "10.0": 0.32213389869187853, "9.183673469387756": 0.3204120627304694, "9.387755102040817": 0.3209852415703114}