{"3.4693877551020407": 0.6390244607105202, "0.40816326530612246": 2.224677895143157e-07, "0.20408163265306123": 9.972073523124537e-08, "0.6122448979591837": 3.772575801506577e-07, "1.6326530612244898": 2.895989313622906e-06, "1.2244897959183674": 1.240101998881847e-06, "0.8163265306122449": 5.785205932331675e-07, "3.2653061224489797": 0.5832897791473078, "1.0204081632653061": 8.508828779901884e-07, "2.857142857142857": 0.4356304085619843, "1.4285714285714286": 1.8419234163305486e-06, "3.673469387755102": 0.685886835664006, "0.0": 0.0, "2.4489795918367347": 0.21447855190943002, "3.8775510204081636": 0.7255681348764095, "3.0612244897959187": 0.5164711221802607, "2.6530612244897958": 0.3367942568320106, "2.2448979591836737": 0.060946470837984046, "5.918367346938775": 0.9175679831607149, "4.4897959183673475": 0.8133002893335344, "4.285714285714286": 0.7883513403990674, "5.1020408163265305": 0.8699690897547043, "5.3061224489795915": 0.8842629874585889, "4.081632653061225": 0.7593797665394331, "1.836734693877551": 5.218861284216313e-06, "4.6938775510204085": 0.8348821536472023, "4.8979591836734695": 0.8536274520341505, "6.73469387755102": 0.9465601950898296, "6.122448979591837": 0.9261701080016439, "5.510204081632653": 0.8968037841471745, "6.938775510204081": 0.9519074027777684, "6.530612244897959": 0.9405511047758569, "2.0408163265306123": 1.4563969930212523e-05, "6.326530612244898": 0.9337897081668216, "5.714285714285714": 0.9078369142185254, "7.142857142857143": 0.9566700564434557, "7.551020408163265": 0.9646967187654043, "7.346938775510204": 0.9609143133314034, "7.755102040816327": 0.9680654721711079, "7.959183673469388": 0.9710614557224477, "9.183673469387756": 0.9827578801631015, "8.36734693877551": 0.9760669161784956, "8.16326530612245": 0.9737190704550709, "9.795918367346939": 0.9852276541479958, "9.591836734693878": 0.984640010836964, "10.0": 0.985575259080177, "9.387755102040817": 0.9838164553432192, "8.571428571428571": 0.978128345009338, "8.979591836734695": 0.9814617530796121, "8.775510204081632": 0.9799219133312083}