{"3.4693877551020407": 0.21041049316078106, "0.40816326530612246": 7.325158923032346e-08, "0.20408163265306123": 3.2834876234678355e-08, "0.6122448979591837": 1.2421895931789945e-07, "1.6326530612244898": 9.53557456924615e-07, "1.2244897959183674": 4.0832626792451096e-07, "0.8163265306122449": 1.9048848801579902e-07, "3.2653061224489797": 0.19205882971923535, "1.0204081632653061": 2.801687525089645e-07, "2.857142857142857": 0.14343928086797045, "1.4285714285714286": 6.064869785478635e-07, "3.673469387755102": 0.22584078735278243, "0.0": 0.0, "2.4489795918367347": 0.07062098660432449, "3.8775510204081636": 0.23890658099589093, "3.0612244897959187": 0.17005756462032973, "2.6530612244897958": 0.11089566993249127, "2.2448979591836737": 0.020067740397872794, "5.918367346938775": 0.3021260432358451, "4.4897959183673475": 0.2677939977073832, "4.285714285714286": 0.2595790998874978, "5.1020408163265305": 0.2864532368704515, "5.3061224489795915": 0.2911597641631938, "4.081632653061225": 0.2500396792263988, "1.836734693877551": 1.7184055448029317e-06, "4.6938775510204085": 0.2749002213228592, "4.8979591836734695": 0.2810724537185617, "6.73469387755102": 0.3116722593588463, "6.122448979591837": 0.30495845019566303, "5.510204081632653": 0.29528905087772833, "6.938775510204081": 0.313432925304875, "6.530612244897959": 0.3096936564505869, "2.0408163265306123": 4.795453513606561e-06, "6.326530612244898": 0.3074673429329778, "5.714285714285714": 0.29892191077927066, "7.142857142857143": 0.3150011161460159, "7.551020408163265": 0.31764404154470627, "7.346938775510204": 0.3163986153652181, "7.755102040816327": 0.31875326522707215, "7.959183673469388": 0.3197397476159279, "9.183673469387756": 0.3235910093219967, "8.36734693877551": 0.3213878870343826, "8.16326530612245": 0.32061481588154767, "9.795918367346939": 0.3244042275853156, "9.591836734693878": 0.3242107352755857, "10.0": 0.3245186828678631, "9.387755102040817": 0.3239395645642307, "8.571428571428571": 0.3220666501860015, "8.979591836734695": 0.32316423577011627, "8.775510204081632": 0.3226572153651539}