{"3.4693877551020407": 0.42861396754973924, "0.20408163265306123": 6.688585899656704e-08, "0.40816326530612246": 1.492162002839923e-07, "0.6122448979591837": 2.5303862083275824e-07, "1.6326530612244898": 1.94243185669829e-06, "1.2244897959183674": 8.317757309573369e-07, "0.8163265306122449": 3.8803210521736843e-07, "3.2653061224489797": 0.391230949428072, "1.0204081632653061": 5.707141254812243e-07, "2.857142857142857": 0.292191127694014, "1.4285714285714286": 1.2354364377826851e-06, "3.673469387755102": 0.4600460483112234, "0.0": 0.0, "2.4489795918367347": 0.14385756530510552, "3.8775510204081636": 0.48666155388051846, "3.0612244897959187": 0.346413557559931, "2.6530612244897958": 0.22589858689951928, "2.2448979591836737": 0.04087873044011125, "5.918367346938775": 0.6154419399248697, "4.4897959183673475": 0.5455062916261512, "4.285714285714286": 0.5287722405115695, "5.1020408163265305": 0.583515852884253, "5.3061224489795915": 0.5931032232953951, "4.081632653061225": 0.5093400873130348, "1.836734693877551": 3.5004557394133803e-06, "4.6938775510204085": 0.5599819323243432, "4.8979591836734695": 0.5725549983155888, "6.73469387755102": 0.6348879357309832, "6.122448979591837": 0.6212116578059805, "5.510204081632653": 0.6015147332694466, "6.938775510204081": 0.6384744774728935, "6.530612244897959": 0.6308574483252698, "2.0408163265306123": 9.768516416605959e-06, "6.326530612244898": 0.6263223652338438, "5.714285714285714": 0.608915003439255, "7.142857142857143": 0.6416689402974396, "7.551020408163265": 0.6470526772206983, "7.346938775510204": 0.6445156979661855, "7.755102040816327": 0.6493122069440359, "7.959183673469388": 0.6513217081065197, "9.183673469387756": 0.6591668708411046, "8.36734693877551": 0.6546790291441129, "8.16326530612245": 0.6531042545735232, "9.795918367346939": 0.6608234265626801, "9.591836734693878": 0.6604292755613782, "10.0": 0.6610565762123137, "9.387755102040817": 0.6598768907789886, "8.571428571428571": 0.6560616948233364, "8.979591836734695": 0.6582975173094963, "8.775510204081632": 0.6572646979660545}