{"0.0": 0.0, "0.20408163265306123": 3.6618830014321935e-08, "0.40816326530612246": 7.993311356300281e-08, "0.6122448979591837": 1.3200260685238603e-07, "1.0204081632653061": 2.7597297746236024e-07, "0.8163265306122449": 1.9583042399482437e-07, "1.4285714285714286": 5.193226409830685e-07, "1.2244897959183674": 3.796936592972974e-07, "2.0408163265306123": 1.5477863078293291e-06, "1.6326530612244898": 7.176180779908364e-07, "2.4489795918367347": 6.903385767959728e-06, "1.836734693877551": 1.021721162351442e-06, "2.2448979591836737": 2.680240451528745e-06, "2.6530612244897958": 0.0340298204481125, "3.0612244897959187": 0.2391338672500391, "3.4693877551020407": 0.38289416074584437, "3.2653061224489797": 0.31700464916176696, "3.673469387755102": 0.4391380965966933, "3.8775510204081636": 0.48752774915034985, "2.857142857142857": 0.14619338684718622, "4.081632653061225": 0.5294584843363532, "4.285714285714286": 0.5660290240576858, "4.8979591836734695": 0.6515254196077324, "4.4897959183673475": 0.5981157470177472, "5.510204081632653": 0.7118964920250036, "5.3061224489795915": 0.6939072192966764, "4.6938775510204085": 0.6264235353609746, "5.714285714285714": 0.7281278775131556, "5.1020408163265305": 0.673890965710424, "5.918367346938775": 0.7428281806365469, "6.122448979591837": 0.7561888585741842, "6.530612244897959": 0.7795190336538431, "6.326530612244898": 0.768372797990553, "6.938775510204081": 0.7991569117721316, "6.73469387755102": 0.7897463096445984, "7.142857142857143": 0.8078385725581897, "7.551020408163265": 0.823307565832713, "7.346938775510204": 0.8158670908467355, "7.755102040816327": 0.8302161095139703, "8.16326530612245": 0.8426227274104313, "7.959183673469388": 0.8366408636550466, "8.36734693877551": 0.8481964564243827, "8.775510204081632": 0.8582299205826076, "8.571428571428571": 0.8533909320282642, "8.979591836734695": 0.8627324077325248, "9.183673469387756": 0.8669128087567184, "9.387755102040817": 0.8707814909716355, "9.591836734693878": 0.8743449429943073, "9.795918367346939": 0.8776058650154658, "10.0": 0.8805636555206122}