{"0.0": 0.0, "0.20408163265306123": 4.31935045275536e-08, "0.40816326530612246": 9.444870780585571e-08, "0.6122448979591837": 1.5625115354198844e-07, "1.0204081632653061": 3.278692033853645e-07, "0.8163265306122449": 2.3222499700250589e-07, "1.4285714285714286": 6.193493702521602e-07, "1.2244897959183674": 4.519500421363711e-07, "2.0408163265306123": 1.8571629902091998e-06, "1.6326530612244898": 8.575356104559507e-07, "2.4489795918367347": 8.318890854653649e-06, "1.836734693877551": 1.2234075363332287e-06, "2.2448979591836737": 3.222805248570854e-06, "2.6530612244897958": 0.04104493597516927, "3.0612244897959187": 0.28691143247695355, "3.4693877551020407": 0.456983329683491, "3.2653061224489797": 0.37934004730502247, "3.673469387755102": 0.5227376324090961, "3.8775510204081636": 0.5788230459872309, "2.857142857142857": 0.17586532683966646, "4.081632653061225": 0.6269678828923011, "4.285714285714286": 0.6685323570670397, "4.8979591836734695": 0.7635728017934373, "4.4897959183673475": 0.7046007578409127, "5.510204081632653": 0.827972893063442, "5.3061224489795915": 0.8090989014932873, "4.6938775510204085": 0.7360448141257526, "5.714285714285714": 0.8447189322443653, "5.1020408163265305": 0.7877648152180621, "5.918367346938775": 0.8596168007104938, "6.122448979591837": 0.8729027229660946, "6.530612244897959": 0.8954129335263589, "6.326530612244898": 0.884777608228918, "6.938775510204081": 0.9135308849718233, "6.73469387755102": 0.9049552853594024, "7.142857142857143": 0.9212481822986122, "7.551020408163265": 0.934469769582684, "7.346938775510204": 0.9282009032953893, "7.755102040816327": 0.9401244906809832, "8.16326530612245": 0.9498228495773592, "7.959183673469388": 0.9452250757192496, "8.36734693877551": 0.9539616529575232, "8.775510204081632": 0.9610037725176862, "8.571428571428571": 0.957678374663726, "8.979591836734695": 0.9639629467283218, "9.183673469387756": 0.9665757075926353, "9.387755102040817": 0.9688570975632168, "9.591836734693878": 0.9708176653092558, "9.795918367346939": 0.9724636895024213, "10.0": 0.9737975989328271}