{"0.0": 0.0, "0.20408163265306123": 1.0320131961395257e-08, "0.40816326530612246": 2.1870736591591315e-08, "0.6122448979591837": 3.500842009397635e-08, "1.0204081632653061": 6.838807377034247e-08, "0.8163265306122449": 5.025213196409804e-08, "1.4285714285714286": 1.1921572390670086e-07, "1.2244897959183674": 9.066812794100257e-08, "2.0408163265306123": 3.102795783098441e-07, "1.6326530612244898": 1.5794794813037883e-07, "2.4489795918367347": 1.2413654211840318e-06, "1.836734693877551": 2.1497566642429647e-07, "2.2448979591836737": 5.099812633603081e-07, "2.6530612244897958": 0.005969358339885398, "3.0612244897959187": 0.04802360634238097, "3.4693877551020407": 0.08653748499525742, "3.2653061224489797": 0.06766305658874444, "3.673469387755102": 0.1047399533470822, "3.8775510204081636": 0.12234656180282477, "2.857142857142857": 0.027505626877265443, "4.081632653061225": 0.13942089011256284, "4.285714285714286": 0.15601569202026921, "4.8979591836734695": 0.2033358908649121, "4.4897959183673475": 0.17217570372508553, "5.510204081632653": 0.24759088787125064, "5.3061224489795915": 0.2331404905102318, "4.6938775510204085": 0.1879384203018627, "5.714285714285714": 0.2617636585883159, "5.1020408163265305": 0.21839556767987076, "5.918367346938775": 0.27567370034075855, "6.122448979591837": 0.2893334010065427, "6.530612244897959": 0.31594343416377924, "6.326530612244898": 0.30275355703709245, "6.938775510204081": 0.3416610189733645, "6.73469387755102": 0.32891040678538064, "7.142857142857143": 0.35420013359649943, "7.551020408163265": 0.3786587508328296, "7.346938775510204": 0.36653184105212105, "7.755102040816327": 0.3905825848459178, "8.16326530612245": 0.41382223874271984, "7.959183673469388": 0.40230401539823596, "8.36734693877551": 0.42513567029182076, "8.775510204081632": 0.4471345128422921, "8.571428571428571": 0.4362411614864172, "8.979591836734695": 0.45781025174933515, "9.183673469387756": 0.4682612134130521, "9.387755102040817": 0.4784790646053093, "9.591836734693878": 0.48845405373451317, "9.795918367346939": 0.4981745670676433, "10.0": 0.5076278818717519}