{"0.20408163265306123": 3.4883717902197605e-08, "0.6122448979591837": 1.2616818054408956e-07, "0.40816326530612246": 7.627117127846933e-08, "0.8163265306122449": 1.8749989721686855e-07, "1.0204081632653061": 2.647056620702582e-07, "1.4285714285714286": 4.999990462988314e-07, "3.8775510204081636": 0.24777408824968472, "1.2244897959183674": 3.648644083181466e-07, "1.836734693877551": 9.877997983234427e-07, "3.4693877551020407": 0.19566746890859693, "3.2653061224489797": 0.16246970117378642, "2.0408163265306123": 1.4999850001954186e-06, "2.857142857142857": 0.07548965035705094, "1.6326530612244898": 6.923056010558467e-07, "2.2448979591836737": 2.6051965166937116e-06, "3.0612244897959187": 0.12295615070630593, "0.0": 0.0, "2.6530612244897958": 0.017873901848893255, "3.673469387755102": 0.2237860518857382, "4.081632653061225": 0.2683695144653748, "4.8979591836734695": 0.3268351012627892, "4.285714285714286": 0.28615356048817786, "2.4489795918367347": 6.74901433071708e-06, "5.1020408163265305": 0.33719552970172956, "5.3061224489795915": 0.34633449175446307, "5.714285714285714": 0.36159923214317063, "5.510204081632653": 0.3544217478812958, "6.326530612244898": 0.37877758397949507, "4.6938775510204085": 0.31504887259129805, "6.122448979591837": 0.37368385294637924, "5.918367346938775": 0.3679863011720316, "7.346938775510204": 0.3974115428010873, "6.938775510204081": 0.39111577356337945, "7.142857142857143": 0.3944278796703829, "6.73469387755102": 0.387435411001488, "6.530612244897959": 0.38334058326798837, "7.551020408163265": 0.40010108040288095, "4.4897959183673475": 0.3015891817179524, "7.755102040816327": 0.4025260493737621, "7.959183673469388": 0.4047118490167778, "8.36734693877551": 0.4084496339202442, "8.16326530612245": 0.4066802163605298, "8.571428571428571": 0.41003566626687044, "9.387755102040817": 0.41476949756652465, "8.775510204081632": 0.41145123889926477, "8.979591836734695": 0.41270687066876166, "9.591836734693878": 0.4155871184760165, "9.183673469387756": 0.41381086922994365, "9.795918367346939": 0.41626632292156424, "10.0": 0.4168080473209207}