{"0.20408163265306123": 4.65116238695968e-08, "0.6122448979591837": 1.682242407254527e-07, "0.40816326530612246": 1.0169489503795908e-07, "0.8163265306122449": 2.499998629558245e-07, "1.0204081632653061": 3.529408827603443e-07, "1.4285714285714286": 6.666653950651083e-07, "3.8775510204081636": 0.33036545099957965, "1.2244897959183674": 4.864858777575288e-07, "1.836734693877551": 1.3170663977645896e-06, "3.4693877551020407": 0.26088995854479585, "3.2653061224489797": 0.21662626823171513, "2.0408163265306123": 1.9999800002605577e-06, "2.857142857142857": 0.10065286714273458, "1.6326530612244898": 9.230741347411287e-07, "2.2448979591836737": 3.4735953555916147e-06, "3.0612244897959187": 0.16394153427507455, "0.0": 0.0, "2.6530612244897958": 0.02383186913185768, "3.673469387755102": 0.2983814025143175, "4.081632653061225": 0.35782601928716634, "4.8979591836734695": 0.4357801350170523, "4.285714285714286": 0.38153808065090367, "2.4489795918367347": 8.998685774289437e-06, "5.1020408163265305": 0.449594039602306, "5.3061224489795915": 0.4617793223392841, "5.714285714285714": 0.48213230952422753, "5.510204081632653": 0.47256233050839447, "6.326530612244898": 0.5050367786393267, "4.6938775510204085": 0.4200651634550641, "6.122448979591837": 0.498245137261839, "5.918367346938775": 0.49064840156270884, "7.346938775510204": 0.5298820570681162, "6.938775510204081": 0.5214876980845058, "7.142857142857143": 0.5259038395605105, "6.73469387755102": 0.5165805480019839, "6.530612244897959": 0.5111207776906512, "7.551020408163265": 0.5334681072038411, "4.4897959183673475": 0.4021189089572698, "7.755102040816327": 0.5367013991650161, "7.959183673469388": 0.5396157986890371, "8.36734693877551": 0.5445995118936592, "8.16326530612245": 0.5422402884807065, "8.571428571428571": 0.5467142216891607, "9.387755102040817": 0.553025996755366, "8.775510204081632": 0.5486016518656862, "8.979591836734695": 0.5502758275583487, "9.591836734693878": 0.554116157968022, "9.183673469387756": 0.551747825639925, "9.795918367346939": 0.555021763895419, "10.0": 0.5557440630945608}