{"0.20408163265306123": 8.139534177179439e-08, "0.6122448979591837": 2.9439242126954216e-07, "0.40816326530612246": 1.779660663164284e-07, "0.8163265306122449": 4.374997601726932e-07, "1.0204081632653061": 6.176465448306024e-07, "1.4285714285714286": 1.1666644413639396e-06, "3.8775510204081636": 0.5781395392492645, "1.2244897959183674": 8.513502860756752e-07, "1.836734693877551": 2.3048661960880316e-06, "3.4693877551020407": 0.4565574274533927, "3.2653061224489797": 0.3790959694055016, "2.0408163265306123": 3.4999650004559757e-06, "2.857142857142857": 0.17614251749978554, "1.6326530612244898": 1.6153797357969753e-06, "2.2448979591836737": 6.078791872285328e-06, "3.0612244897959187": 0.28689768498138046, "0.0": 0.0, "2.6530612244897958": 0.04170577098075095, "3.673469387755102": 0.5221674544000559, "4.081632653061225": 0.6261955337525412, "4.8979591836734695": 0.7626152362798416, "4.285714285714286": 0.6676916411390817, "2.4489795918367347": 1.574770010500652e-05, "5.1020408163265305": 0.7867895693040353, "5.3061224489795915": 0.8081138140937472, "5.714285714285714": 0.8437315416673984, "5.510204081632653": 0.8269840783896902, "6.326530612244898": 0.8838143626188216, "4.6938775510204085": 0.7351140360463624, "6.122448979591837": 0.8719289902082185, "5.918367346938775": 0.8586347027347405, "7.346938775510204": 0.9272935998692033, "6.938775510204081": 0.9126034716478854, "7.142857142857143": 0.9203317192308935, "6.73469387755102": 0.9040159590034718, "6.530612244897959": 0.8944613609586394, "7.551020408163265": 0.933569187606722, "4.4897959183673475": 0.7037080906752222, "7.755102040816327": 0.9392274485387783, "7.959183673469388": 0.9443276477058145, "8.36734693877551": 0.9530491458139032, "8.16326530612245": 0.9489205048412361, "8.571428571428571": 0.956749887956031, "9.387755102040817": 0.9677954943218907, "8.775510204081632": 0.960052890764951, "8.979591836734695": 0.9629826982271104, "9.591836734693878": 0.9697032764440383, "9.183673469387756": 0.9655586948698683, "9.795918367346939": 0.9712880868169833, "10.0": 0.9725521104154814}