{"0.20408163265306123": 2.721111969494952e-08, "0.40816326530612246": 5.76723507003782e-08, "0.6122448979591837": 9.200624525046985e-08, "1.2244897959183674": 2.2742191133836786e-07, "2.857142857142857": 1.4393034332476875e-06, "3.0612244897959187": 1.9637932692843504e-06, "1.0204081632653061": 1.7569429605302463e-07, "1.6326530612244898": 3.5992060375321703e-07, "0.8163265306122449": 1.3100531700237025e-07, "2.0408163265306123": 5.535206897730328e-07, "0.0": 0.0, "2.2448979591836737": 6.882060658782546e-07, "1.4285714285714286": 2.8799994174938957e-07, "1.836734693877551": 4.467090981849104e-07, "2.4489795918367347": 8.633378766683051e-07, "3.8775510204081636": 0.03493467635991807, "3.2653061224489797": 2.883913819606819e-06, "2.6530612244897958": 1.100389232853257e-06, "3.4693877551020407": 4.918825195165878e-06, "3.673469387755102": 1.3209852397736462e-05, "4.285714285714286": 0.2063420607899221, "6.530612244897959": 0.6821678883671375, "4.6938775510204085": 0.33989865278215853, "4.081632653061225": 0.12617409791594916, "4.8979591836734695": 0.3958044246177592, "4.4897959183673475": 0.2771229968253814, "5.510204081632653": 0.5309528729157074, "5.1020408163265305": 0.4457803687262092, "7.755102040816327": 0.7924491556623101, "5.918367346938775": 0.6003149107355084, "7.142857142857143": 0.7444245457304112, "5.714285714285714": 0.5673635938239923, "6.938775510204081": 0.7254736147438356, "7.551020408163265": 0.7777736233859596, "5.3061224489795915": 0.4906104570375225, "6.122448979591837": 0.63021009102945, "6.326530612244898": 0.6573950776283337, "6.73469387755102": 0.7047862169667463, "7.346938775510204": 0.761808540297219, "7.959183673469388": 0.8059481976376481, "10.0": 0.8926154155971029, "8.16326530612245": 0.8183694840557142, "9.183673469387756": 0.8669507731263838, "9.387755102040817": 0.8743560560684263, "8.36734693877551": 0.8297990796082271, "8.775510204081632": 0.8499722577915669, "8.571428571428571": 0.8403117732025179, "8.979591836734695": 0.8588361344945027, "9.795918367346939": 0.8871644699447453, "9.591836734693878": 0.8810850279060417}