{"0.20408163265306123": 2.8198957995768306e-08, "0.40816326530612246": 5.978299223216486e-08, "0.6122448979591837": 9.540093483113482e-08, "1.2244897959183674": 2.3602390151560387e-07, "2.857142857142857": 1.4976557043637383e-06, "3.0612244897959187": 2.0441310495317477e-06, "1.0204081632653061": 1.822845149693287e-07, "1.6326530612244898": 3.737662834532268e-07, "0.8163265306122449": 1.3587876840521945e-07, "2.0408163265306123": 5.751831894498842e-07, "0.0": 0.0, "2.2448979591836737": 7.15375179422502e-07, "1.4285714285714286": 2.989852942096699e-07, "1.836734693877551": 4.6404114660621136e-07, "2.4489795918367347": 8.977216271797035e-07, "3.8775510204081636": 0.03638004769712806, "3.2653061224489797": 3.0029723606882304e-06, "2.6530612244897958": 1.144604073432594e-06, "3.4693877551020407": 5.123766678248844e-06, "3.673469387755102": 1.3765362182989565e-05, "4.285714285714286": 0.21388461413625842, "6.530612244897959": 0.695832843102868, "4.6938775510204085": 0.35093887519017203, "4.081632653061225": 0.13107700928965615, "4.4897959183673475": 0.2866656949940365, "4.8979591836734695": 0.4079452569085644, "5.510204081632653": 0.5447525538883292, "5.1020408163265305": 0.4587072013122891, "7.755102040816327": 0.804282351265363, "5.918367346938775": 0.6143450786738917, "7.142857142857143": 0.7572712934011153, "5.714285714285714": 0.5813416168350107, "6.938775510204081": 0.7386244256727694, "7.551020408163265": 0.7899559755137734, "5.3061224489795915": 0.5040732436503509, "6.122448979591837": 0.6441921746957483, "6.326530612244898": 0.6712497785912162, "6.73469387755102": 0.7182128101491881, "7.346938775510204": 0.774330423509898, "7.959183673469388": 0.8174267615094769, "10.0": 0.9007736231049454, "8.16326530612245": 0.8294913635639809, "9.183673469387756": 0.8763420080053806, "9.387755102040817": 0.8834232864974831, "8.36734693877551": 0.8405650491482936, "8.775510204081632": 0.860037683539811, "8.571428571428571": 0.8507249457702671, "8.979591836734695": 0.8685604699782856, "9.795918367346939": 0.8956144932474145, "9.591836734693878": 0.8898382678441573}