{"0.20408163265306123": 2.900718933280187e-08, "0.40816326530612246": 6.150988075817214e-08, "0.6122448979591837": 9.81784081244062e-08, "1.2244897959183674": 2.4306189347879696e-07, "2.857142857142857": 1.545398471640507e-06, "3.0612244897959187": 2.1098619606432525e-06, "1.0204081632653061": 1.876765122644867e-07, "1.6326530612244898": 3.8509456684414404e-07, "0.8163265306122449": 1.3986613773482327e-07, "2.0408163265306123": 5.929070528218532e-07, "0.0": 0.0, "2.2448979591836737": 7.376044541405222e-07, "1.4285714285714286": 3.0797330985899026e-07, "1.836734693877551": 4.782219134963665e-07, "2.4489795918367347": 9.258537866890291e-07, "3.8775510204081636": 0.03756262424575439, "3.2653061224489797": 3.1003838943002933e-06, "2.6530612244897958": 1.1807798520884154e-06, "3.4693877551020407": 5.291446073498544e-06, "3.673469387755102": 1.4219870189105742e-05, "4.285714285714286": 0.22005579414689727, "6.530612244897959": 0.7070132606139204, "4.6938775510204085": 0.3599717844330921, "4.081632653061225": 0.13508848223178002, "4.8979591836734695": 0.4178786651464958, "4.4897959183673475": 0.29447335713202694, "5.510204081632653": 0.5560432019568381, "5.1020408163265305": 0.4692837007009001, "7.755102040816327": 0.8139640567587703, "5.918367346938775": 0.6258243069871147, "7.142857142857143": 0.7677822687680548, "5.714285714285714": 0.5927781811167532, "6.938775510204081": 0.7493841800691694, "7.551020408163265": 0.799923354527439, "5.3061224489795915": 0.5150882508790287, "6.122448979591837": 0.6556320613318102, "6.326530612244898": 0.6825854430153923, "6.73469387755102": 0.7291982045711864, "7.346938775510204": 0.7845756006839079, "7.959183673469388": 0.8268183137682461, "10.0": 0.9074485201568165, "8.16326530612245": 0.8385910831616535, "9.183673469387756": 0.8840257456336507, "9.387755102040817": 0.890841929575802, "8.36734693877551": 0.8493735696810747, "8.775510204081632": 0.8682730318792832, "8.571428571428571": 0.8592448142347888, "8.979591836734695": 0.8765167444650168, "9.795918367346939": 0.9025281486768713, "9.591836734693878": 0.8970000096117062}