{"0.0": 0.0, "0.20408163265306123": 0.0, "0.40816326530612246": 0.0, "0.6122448979591837": 0.0, "0.8163265306122449": 0.0, "2.2448979591836737": 0.11744416119873449, "2.4489795918367347": 0.20749107392385024, "1.0204081632653061": 0.0, "2.0408163265306123": 0.01170969441923485, "2.6530612244897958": 0.2850522336931719, "2.857142857142857": 0.35249179571919265, "3.0612244897959187": 0.41160106093252663, "3.2653061224489797": 0.46376454920309984, "1.2244897959183674": 0.0, "3.4693877551020407": 0.5100698232829607, "1.4285714285714286": 0.0, "3.673469387755102": 0.5513859832658331, "3.8775510204081636": 0.5884155055665398, "4.081632653061225": 0.6217343027387504, "1.6326530612244898": 0.0, "4.285714285714286": 0.6518184636862526, "4.4897959183673475": 0.6790663498217225, "4.6938775510204085": 0.7038133083620411, "1.836734693877551": -1.5e-323, "4.8979591836734695": 0.7263445102393685, "5.3061224489795915": 0.7657018022133741, "5.1020408163265305": 0.7469040813603649, "5.918367346938775": 0.81323096665576, "5.510204081632653": 0.7829199103296061, "5.714285714285714": 0.7987166760089618, "6.122448979591837": 0.8265844999272588, "6.326530612244898": 0.838884830850873, "6.530612244897959": 0.8502271853458871, "6.73469387755102": 0.8606957539635279, "6.938775510204081": 0.8703656624403897, "7.142857142857143": 0.8793034768308643, "7.346938775510204": 0.8875686305494765, "7.551020408163265": 0.8952137576197154, "7.755102040816327": 0.9022856318956279, "7.959183673469388": 0.9088255804271679, "8.16326530612245": 0.9148697316203653, "8.571428571428571": 0.9255924610190607, "8.36734693877551": 0.9204496810743171, "8.775510204081632": 0.9303210047748772, "8.979591836734695": 0.9346542650644982, "9.183673469387756": 0.9386072631912401, "9.387755102040817": 0.9421914320454413, "9.591836734693878": 0.9454146730086559, "9.795918367346939": 0.9482813755518582, "10.0": 0.9507927736236514}