{"0.0": 0.0, "0.20408163265306123": 0.0, "0.40816326530612246": 0.0, "0.6122448979591837": 0.0, "0.8163265306122449": 0.0, "2.2448979591836737": 0.22109519139794942, "2.4489795918367347": 0.3719296020905629, "1.0204081632653061": 0.0, "2.0408163265306123": 0.02328227189507868, "2.6530612244897958": 0.48884969145622476, "2.857142857142857": 0.5807331253979768, "3.0612244897959187": 0.6537866885220828, "3.2653061224489797": 0.7124515413289165, "1.2244897959183674": 0.0, "3.4693877551020407": 0.7599684219131487, "1.4285714285714286": 0.0, "3.673469387755102": 0.7987454637141241, "3.8775510204081636": 0.8305982028283104, "4.081632653061225": 0.8569150587870286, "1.6326530612244898": 0.0, "4.285714285714286": 0.878769608294579, "4.4897959183673475": 0.8970015688615443, "4.6938775510204085": 0.9122733904829188, "1.836734693877551": -3e-323, "4.8979591836734695": 0.9251125587728517, "5.3061224489795915": 0.9451039022498056, "5.1020408163265305": 0.9359422235527387, "5.918367346938775": 0.9651146628445385, "5.510204081632653": 0.9528753890458181, "5.714285714285714": 0.9594834978136247, "6.122448979591837": 0.9699225424962741, "6.326530612244898": 0.9740344339550916, "6.530612244897959": 0.9775560702032108, "6.73469387755102": 0.9805753747103411, "6.938775510204081": 0.9831657161672926, "7.142857142857143": 0.9853881727165911, "7.346938775510204": 0.9872936244014306, "7.551020408163265": 0.9889242082896251, "7.755102040816327": 0.9903146466940081, "7.959183673469388": 0.9914932216615562, "8.16326530612245": 0.9924825451050621, "8.571428571428571": 0.9939594802103144, "8.36734693877551": 0.9933002573492435, "8.775510204081632": 0.9944692627814203, "8.979591836734695": 0.9948348928372029, "9.183673469387756": 0.9950581465346511, "9.387755102040817": 0.9951375334057668, "9.591836734693878": 0.9950684712988775, "9.795918367346939": 0.99484344226809, "10.0": 0.9944521738149564}