{"0.0": 0.0, "0.20408163265306123": 0.0, "0.40816326530612246": 0.0, "0.6122448979591837": 0.0, "2.0408163265306123": 0.3427592911703699, "0.8163265306122449": 0.0, "2.2448979591836737": 0.46659584768340434, "1.836734693877551": 0.179284589713135, "2.6530612244897958": 0.6375555965484343, "2.4489795918367347": 0.5623180500747276, "1.0204081632653061": 0.0, "2.857142857142857": 0.6975252399591051, "3.0612244897959187": 0.7458965320599441, "3.2653061224489797": 0.7853123114938575, "3.4693877551020407": 0.817714416870545, "1.4285714285714286": 1.5e-323, "3.8775510204081636": 0.866941334080528, "3.673469387755102": 0.8445561077024933, "1.2244897959183674": 0.0, "4.081632653061225": 0.88572099048565, "4.285714285714286": 0.9015584813574661, "1.6326530612244898": -2.5e-323, "4.4897959183673475": 0.9149771948636815, "4.6938775510204085": 0.9263937676341724, "4.8979591836734695": 0.9361430874504844, "5.3061224489795915": 0.9516750365164369, "5.1020408163265305": 0.9444964497193572, "5.510204081632653": 0.9578606742535947, "5.714285714285714": 0.9632034266096606, "6.122448979591837": 0.9718384582967351, "6.326530612244898": 0.975321837780661, "5.918367346938775": 0.967828031354966, "6.73469387755102": 0.9809886256603569, "6.530612244897959": 0.9783513754554191, "6.938775510204081": 0.9832855231232842, "7.142857142857143": 0.9852857337818206, "7.755102040816327": 0.9898437174500153, "7.346938775510204": 0.987025968175958, "7.551020408163265": 0.9885368447309588, "7.959183673469388": 0.9909672579253082, "8.16326530612245": 0.991923905285407, "8.571428571428571": 0.9933835173342505, "8.36734693877551": 0.9927262980701405, "8.775510204081632": 0.9939013554325684, "8.979591836734695": 0.9942824854174566, "9.387755102040817": 0.9946305260808715, "9.183673469387756": 0.9945265931768277, "9.795918367346939": 0.9943916354228823, "9.591836734693878": 0.9945883891852909, "10.0": 0.9940291945612629}