{"0.0": 0.0, "0.40816326530612246": 0.0, "0.6122448979591837": 0.0, "0.20408163265306123": 0.0, "1.836734693877551": 0.1092576193525976, "2.0408163265306123": 0.2690022956992904, "0.8163265306122449": 0.0, "3.2653061224489797": 0.7255215003506337, "2.4489795918367347": 0.48951773038681173, "2.6530612244897958": 0.567334105172866, "2.857142857142857": 0.6305177277563376, "2.2448979591836737": 0.3923532906475226, "1.0204081632653061": 0.0, "3.673469387755102": 0.7920467188593551, "3.0612244897959187": 0.6824334227734302, "3.4693877551020407": 0.7616024097996784, "1.2244897959183674": 0.0, "3.8775510204081636": 0.8179119959935777, "1.4285714285714286": 5e-324, "1.6326530612244898": 1e-323, "4.081632653061225": 0.8400177758728944, "4.285714285714286": 0.8590133846264988, "4.4897959183673475": 0.8754137196192524, "4.6938775510204085": 0.8896348689009862, "5.1020408163265305": 0.9128299984411308, "5.3061224489795915": 0.9223082731628395, "4.8979591836734695": 0.9020152804608859, "5.510204081632653": 0.9306386841861966, "5.714285714285714": 0.9379803808928233, "6.122448979591837": 0.9502082339058634, "5.918367346938775": 0.9444659596155881, "6.530612244897959": 0.9598318027792498, "6.326530612244898": 0.9553031743604715, "7.142857142857143": 0.9706735053879995, "6.73469387755102": 0.9638644980230553, "6.938775510204081": 0.9674610397929105, "7.346938775510204": 0.97354707941824, "7.551020408163265": 0.9761205168521216, "7.755102040816327": 0.9784280303951148, "7.959183673469388": 0.9804995757768172, "8.16326530612245": 0.9823609434618316, "8.571428571428571": 0.9855426064622257, "8.36734693877551": 0.9840352923442282, "8.775510204081632": 0.9869007621255248, "8.979591836734695": 0.988125584584187, "9.387755102040817": 0.9902289468326242, "9.183673469387756": 0.9892308377097513, "9.591836734693878": 0.991130969814602, "9.795918367346939": 0.9919465345598486, "10.0": 0.9926844567277516}