{"0.0": 0.0, "0.40816326530612246": 0.0, "0.6122448979591837": 0.0, "0.20408163265306123": 0.0, "1.836734693877551": 0.1254000615341028, "2.0408163265306123": 0.3050806543595868, "0.8163265306122449": 0.0, "3.2653061224489797": 0.7823343528806802, "2.4489795918367347": 0.5440287459872037, "2.6530612244897958": 0.6250683354483764, "2.857142857142857": 0.6892441189612518, "2.2448979591836737": 0.44024972534660434, "1.0204081632653061": 0.0, "3.673469387755102": 0.8443827490541732, "3.0612244897959187": 0.7406828244581459, "3.4693877551020407": 0.8163649554818108, "1.2244897959183674": 0.0, "3.8775510204081636": 0.8676091682068052, "1.4285714285714286": 1e-323, "1.6326530612244898": 1.5e-323, "4.081632653061225": 0.8869776874125467, "4.285714285714286": 0.9032161849872498, "4.4897959183673475": 0.9168939098581879, "4.6938775510204085": 0.9284636161656129, "5.1020408163265305": 0.9466573435875633, "5.3061224489795915": 0.9538100429265277, "4.8979591836734695": 0.9382878579701474, "5.510204081632653": 0.9599391393341427, "5.714285714285714": 0.9652046876884268, "6.122448979591837": 0.9736496323950244, "5.918367346938775": 0.9697382208588038, "6.530612244897959": 0.9799582459271402, "6.326530612244898": 0.9770308046784224, "7.142857142857143": 0.9866185492544239, "6.73469387755102": 0.9824970128375159, "6.938775510204081": 0.9847016092955333, "7.346938775510204": 0.9882874328432344, "7.551020408163265": 0.9897417452822714, "7.755102040816327": 0.9910103763919402, "7.959183673469388": 0.9921181162639731, "8.16326530612245": 0.9930860217519886, "8.571428571428571": 0.9946731752183398, "8.36734693877551": 0.9939324875882609, "8.775510204081632": 0.9953217417794435, "8.979591836734695": 0.9958900151016973, "9.387755102040817": 0.9968249899270316, "9.183673469387756": 0.9963881319472534, "9.591836734693878": 0.997208326176492, "9.795918367346939": 0.9975447829144488, "10.0": 0.9978402434314604}