{"0.0": 0.0, "0.40816326530612246": 0.0, "0.6122448979591837": 0.0, "0.20408163265306123": 0.0, "1.836734693877551": 0.08952796779742453, "2.0408163265306123": 0.2249065240033723, "0.8163265306122449": 0.0, "3.2653061224489797": 0.6560835694805768, "2.4489795918367347": 0.4228931557641105, "2.6530612244897958": 0.49677004594724217, "2.857142857142857": 0.5587410273947759, "2.2448979591836737": 0.33381320379308904, "1.0204081632653061": 0.0, "3.673469387755102": 0.7280804597323547, "3.0612244897959187": 0.6112397096032216, "3.4693877551020407": 0.6946704095215168, "1.2244897959183674": 0.0, "3.8775510204081636": 0.7571710077329661, "1.4285714285714286": 0.0, "1.6326530612244898": 1e-323, "4.081632653061225": 0.7826223284355412, "4.285714285714286": 0.8049877397411368, "4.4897959183673475": 0.8247157093272204, "4.6938775510204085": 0.8421775111331091, "5.1020408163265305": 0.8714854654843793, "5.3061224489795915": 0.8838061101183308, "4.8979591836734695": 0.857682130171789, "5.510204081632653": 0.894827016783151, "5.714285714285714": 0.9047062281426406, "6.122448979591837": 0.9215576357524445, "5.918367346938775": 0.9135776403183243, "6.530612244897959": 0.9352328167096066, "6.326530612244898": 0.9287471817496423, "7.142857142857143": 0.9511851184401476, "6.73469387755102": 0.9410914243609363, "6.938775510204081": 0.9463892326230385, "7.346938775510204": 0.9555310918988027, "7.551020408163265": 0.9594723487708272, "7.755102040816327": 0.9630496075101062, "7.959183673469388": 0.9662991374036268, "8.16326530612245": 0.9692525144405283, "8.571428571428571": 0.9743830224269754, "8.36734693877551": 0.9719387203792993, "8.775510204081632": 0.9766084536596242, "8.979591836734695": 0.9786357250627857, "9.387755102040817": 0.9821671163839051, "9.183673469387756": 0.9804830336416929, "9.591836734693878": 0.9837030898167359, "9.795918367346939": 0.9851042310153377, "10.0": 0.9863829396454397}