{"1.2244897959183674": 1.4318700266024244e-07, "0.40816326530612246": 3.947558129424268e-08, "2.4489795918367347": 4.2224486044023145e-07, "0.20408163265306123": 1.8927552773172738e-08, "3.4693877551020407": 1.0177552134297683e-06, "1.0204081632653061": 1.1335905929814458e-07, "0.6122448979591837": 6.187166666973302e-08, "1.4285714285714286": 1.7637485893389044e-07, "2.2448979591836737": 3.582734445623562e-07, "2.6530612244897958": 4.977269031817072e-07, "3.673469387755102": 1.2600694357466286e-06, "2.0408163265306123": 3.033055060140359e-07, "0.8163265306122449": 8.638909531084595e-08, "1.836734693877551": 2.5551771660089896e-07, "1.6326530612244898": 2.1355181945912998e-07, "3.2653061224489797": 8.379852150450393e-07, "3.0612244897959187": 6.990494512524639e-07, "2.857142857142857": 5.882657850382098e-07, "3.8775510204081636": 1.6054521058940229e-06, "0.0": 0.0, "7.346938775510204": 0.5132398287369708, "6.122448979591837": 0.31781513831175756, "4.081632653061225": 2.1392864632687607e-06, "5.714285714285714": 0.23281338292624182, "5.918367346938775": 0.2767729617739964, "4.285714285714286": 3.0776974785426044e-06, "6.326530612244898": 0.35614062113008826, "6.530612244897959": 0.3919392317572626, "5.1020408163265305": 0.08130377848162035, "7.959183673469388": 0.5851888746686978, "5.510204081632653": 0.18572651743503368, "7.142857142857143": 0.4858919830461769, "4.4897959183673475": 5.173181379775049e-06, "6.73469387755102": 0.42538893633843444, "4.6938775510204085": 1.4098398584970886e-05, "6.938775510204081": 0.45665541100743173, "5.3061224489795915": 0.1352960599871204, "7.551020408163265": 0.5388283394667119, "4.8979591836734695": 0.023545100419666294, "7.755102040816327": 0.5627755916652358, "8.16326530612245": 0.6061652446288054, "8.979591836734695": 0.6773155190316006, "8.571428571428571": 0.6441476462994344, "9.183673469387756": 0.6922433975818013, "8.36734693877551": 0.6257920830568939, "9.591836734693878": 0.719021782310921, "9.795918367346939": 0.7309463864778618, "8.775510204081632": 0.6613015978055439, "9.387755102040817": 0.7061320930588187, "10.0": 0.7419339826579846}