{"1.2244897959183674": 1.646698784785351e-07, "0.40816326530612246": 4.48517970423384e-08, "2.4489795918367347": 4.969920390521726e-07, "0.20408163265306123": 2.1447195223087173e-08, "3.4693877551020407": 1.2296927374397006e-06, "1.0204081632653061": 1.2994527261143954e-07, "0.6122448979591837": 7.04969783811608e-08, "1.4285714285714286": 2.0352698357049036e-07, "2.2448979591836737": 4.19850022476028e-07, "2.6530612244897958": 5.885594741827093e-07, "3.673469387755102": 1.5320591698796184e-06, "2.0408163265306123": 3.539602196643489e-07, "0.8163265306122449": 9.872352036505937e-08, "1.836734693877551": 2.9701759570390784e-07, "1.6326530612244898": 2.473072824935435e-07, "3.2653061224489797": 1.006542626330321e-06, "3.0612244897959187": 8.350280813584537e-07, "2.857142857142857": 6.990452391754863e-07, "3.8775510204081636": 1.965143147103563e-06, "0.0": 0.0, "7.346938775510204": 0.5741939720356195, "6.122448979591837": 0.371854259203344, "4.081632653061225": 2.6374833524609866e-06, "5.714285714285714": 0.27811990378561363, "5.918367346938775": 0.3270620102528241, "4.285714285714286": 3.8238601397422815e-06, "6.326530612244898": 0.4129279780788713, "6.530612244897959": 0.45065985928907604, "5.1020408163265305": 0.10104864164903933, "7.959183673469388": 0.6444602864941595, "5.510204081632653": 0.22453250572713776, "7.142857142857143": 0.5469072869275086, "4.4897959183673475": 6.481075188126474e-06, "6.73469387755102": 0.48537979068298037, "4.6938775510204085": 1.7822163950773893e-05, "6.938775510204081": 0.5173773604082841, "5.3061224489795915": 0.165728799359757, "7.551020408163265": 0.5994353339885976, "4.8979591836734695": 0.029737848958901202, "7.755102040816327": 0.6228060466528887, "8.16326530612245": 0.664534070429396, "8.979591836734695": 0.7312136294615675, "8.571428571428571": 0.7004052374754896, "9.183673469387756": 0.7449149077889029, "8.36734693877551": 0.6831472527427369, "9.591836734693878": 0.7692151238894264, "9.795918367346939": 0.7799096164111066, "8.775510204081632": 0.7164004532036833, "9.387755102040817": 0.757564815235551, "10.0": 0.7896847746071753}