{"1.2244897959183674": 1.8224677687531994e-07, "0.40816326530612246": 4.9250519018053115e-08, "2.4489795918367347": 5.581488215528513e-07, "0.20408163265306123": 2.350872086392625e-08, "3.4693877551020407": 1.4030961661750995e-06, "1.0204081632653061": 1.435158107768627e-07, "0.6122448979591837": 7.755405159960167e-08, "1.4285714285714286": 2.257423582731631e-07, "2.2448979591836737": 4.702308589508504e-07, "2.6530612244897958": 6.628770322744381e-07, "3.673469387755102": 1.7545962250793366e-06, "2.0408163265306123": 3.9540498537824144e-07, "0.8163265306122449": 1.088153226821431e-07, "1.836734693877551": 3.3097204224273323e-07, "1.6326530612244898": 2.7492538861260915e-07, "3.2653061224489797": 1.144453235563733e-06, "3.0612244897959187": 9.462833241724451e-07, "2.857142857142857": 7.896829743787122e-07, "3.8775510204081636": 2.2594358171840947e-06, "0.0": 0.0, "7.346938775510204": 0.6240655438254231, "6.122448979591837": 0.41606808538736917, "4.081632653061225": 3.0450989890728075e-06, "5.714285714285714": 0.315188875397827, "5.918367346938775": 0.36820759537186487, "4.285714285714286": 4.434356862542017e-06, "6.326530612244898": 0.4593903610369668, "6.530612244897959": 0.4987040090878327, "5.1020408163265305": 0.11720352969510937, "7.959183673469388": 0.6929550779877189, "5.510204081632653": 0.25628285978431387, "7.142857142857143": 0.5968288991940526, "4.4897959183673475": 7.551170122232182e-06, "6.73469387755102": 0.5344632169648815, "4.6938775510204085": 2.086888106824908e-05, "6.938775510204081": 0.5670589553726179, "5.3061224489795915": 0.19062831339191422, "7.551020408163265": 0.6490228749610496, "4.8979591836734695": 0.03480464321827522, "7.755102040816327": 0.6719218734609681, "8.16326530612245": 0.7122903824480612, "8.979591836734695": 0.7753120834497222, "8.571428571428571": 0.7464341757104433, "9.183673469387756": 0.7880097797765311, "8.36734693877551": 0.7300742097584264, "9.591836734693878": 0.8102824033627488, "9.795918367346939": 0.8199704409019429, "8.775510204081632": 0.7614813348930698, "9.387755102040817": 0.79964613338015, "10.0": 0.8287536043837859}