{"0.0": 0.0, "0.40816326530612246": 3.39805680044692e-08, "0.6122448979591837": 5.3127844565305826e-08, "0.20408163265306123": 1.6327394054104558e-08, "0.8163265306122449": 7.396729817207985e-08, "1.2244897959183674": 1.2170700788758628e-07, "1.0204081632653061": 9.673362151607166e-08, "1.4285714285714286": 1.4922462084450348e-07, "1.6326530612244898": 1.7969645694250924e-07, "2.0408163265306123": 2.516336026273239e-07, "1.836734693877551": 2.1362500026505668e-07, "2.2448979591836737": 2.945059199877694e-07, "2.4489795918367347": 3.432384301403752e-07, "2.6530612244897958": 3.991221243951364e-07, "3.0612244897959187": 5.397183034372401e-07, "2.857142857142857": 4.638547206519133e-07, "3.2653061224489797": 6.298554522724396e-07, "3.4693877551020407": 7.387107248773522e-07, "3.8775510204081636": 1.0420173097773549e-06, "3.673469387755102": 8.72793029932094e-07, "4.285714285714286": 1.5607970232651241e-06, "4.081632653061225": 1.2622880706645622e-06, "4.4897959183673475": 1.9882412883105834e-06, "4.6938775510204085": 2.6511473112269245e-06, "4.8979591836734695": 3.818034831343939e-06, "5.1020408163265305": 6.416149543097085e-06, "5.714285714285714": 0.07884925610634412, "6.122448979591837": 0.1794138246254954, "5.3061224489795915": 1.724989026909815e-05, "6.326530612244898": 0.22415313485100372, "5.918367346938775": 0.13111059711916492, "5.510204081632653": 0.02219398087848542, "6.530612244897959": 0.26567416068893307, "6.73469387755102": 0.30427794166276856, "7.142857142857143": 0.3737706913882662, "6.938775510204081": 0.3402320426049982, "7.346938775510204": 0.40510287097312975, "7.551020408163265": 0.4344126917333156, "7.755102040816327": 0.4618645775666744, "7.959183673469388": 0.48760497125196917, "8.16326530612245": 0.5117633167286412, "8.571428571428571": 0.5557852015095256, "8.775510204081632": 0.5758428663618977, "8.36734693877551": 0.5344558746043697, "8.979591836734695": 0.5947100347203954, "9.183673469387756": 0.6124576941479714, "9.387755102040817": 0.629148639007929, "9.591836734693878": 0.6448376879913005, "10.0": 0.6733911298361198, "9.795918367346939": 0.659571636309572}