{"0.0": 0.0, "0.40816326530612246": 4.854366822433996e-08, "0.6122448979591837": 7.589691994352838e-08, "0.20408163265306123": 2.3324848567113526e-08, "0.8163265306122449": 1.0566756714241168e-07, "1.2244897959183674": 1.7386714959065517e-07, "1.0204081632653061": 1.381908850155941e-07, "1.4285714285714286": 2.1317802296113115e-07, "1.6326530612244898": 2.5670921431864044e-07, "2.0408163265306123": 3.594765557983793e-07, "1.836734693877551": 3.0517855783712927e-07, "2.2448979591836737": 4.207227162885252e-07, "2.4489795918367347": 4.9034057842116e-07, "2.6530612244897958": 5.70174414656782e-07, "3.0612244897959187": 7.710260585952793e-07, "2.857142857142857": 6.626495350656251e-07, "3.2653061224489797": 8.997933818020764e-07, "3.4693877551020407": 1.0553008684900133e-06, "3.8775510204081636": 1.4885958244369817e-06, "3.673469387755102": 1.2468469524230639e-06, "4.285714285714286": 2.229709287494917e-06, "4.081632653061225": 1.8032681846112363e-06, "4.4897959183673475": 2.8403434874532025e-06, "4.6938775510204085": 3.787351150147461e-06, "4.8979591836734695": 5.454331010887958e-06, "5.1020408163265305": 9.16591531660168e-06, "5.714285714285714": 0.11070908017008316, "6.122448979591837": 0.24608880635202038, "5.3061224489795915": 2.464260929521242e-05, "6.326530612244898": 0.3041157926389358, "5.918367346938775": 0.1818999981321538, "5.510204081632653": 0.0315542575006246, "6.530612244897959": 0.3567018740648273, "6.73469387755102": 0.40446429743662105, "7.142857142857143": 0.4875888222064954, "6.938775510204081": 0.4479392177473002, "7.346938775510204": 0.5238169191367184, "7.551020408163265": 0.5569741414984651, "7.755102040816327": 0.5873679679186931, "7.959183673469388": 0.615267934170307, "8.16326530612245": 0.640909583249008, "8.571428571428571": 0.6862241051907639, "8.775510204081632": 0.7062395234707121, "8.36734693877551": 0.6645009689112067, "8.979591836734695": 0.7246882996759494, "9.183673469387756": 0.7416935622466839, "9.387755102040817": 0.7573635182104531, "9.591836734693878": 0.7717925650273487, "10.0": 0.7972428414445432, "9.795918367346939": 0.7850620780458492}