{"0.0": 0.0, "0.20408163265306123": 3.075169716775785e-08, "0.40816326530612246": 6.958753315440155e-08, "0.6122448979591837": 1.2017779589410114e-07, "0.8163265306122449": 1.8881075905456608e-07, "1.0204081632653061": 2.872333455199471e-07, "1.4285714285714286": 7.105186792254158e-07, "1.2244897959183674": 4.4021611057639213e-07, "1.6326530612244898": 1.3170525066895496e-06, "2.0408163265306123": 0.04066749282876042, "1.836734693877551": 3.9190643448211024e-06, "2.4489795918367347": 0.2124092394334278, "2.2448979591836737": 0.1331637915602351, "2.6530612244897958": 0.28109896266852225, "3.0612244897959187": 0.39429356547428634, "2.857142857142857": 0.3412243746855232, "3.4693877551020407": 0.48367256116997714, "3.8775510204081636": 0.5559250331504528, "3.2653061224489797": 0.44147146482613303, "3.673469387755102": 0.5216271376640438, "4.081632653061225": 0.5870494744211459, "4.285714285714286": 0.6153996162696747, "4.4897959183673475": 0.641309232105031, "4.8979591836734695": 0.686887800364705, "4.6938775510204085": 0.6650590845114621, "5.3061224489795915": 0.7255697593849477, "5.1020408163265305": 0.7069995740941133, "5.510204081632653": 0.7427507052105471, "5.714285714285714": 0.7586746628825523, "6.122448979591837": 0.7872016557009285, "5.918367346938775": 0.7734577312021668, "6.326530612244898": 0.7999964135622908, "6.73469387755102": 0.8230481033585537, "6.530612244897959": 0.8119217324507495, "6.938775510204081": 0.8334385401332258, "7.142857142857143": 0.8431488723946263, "7.551020408163265": 0.8607232230022843, "7.346938775510204": 0.8522290324421047, "7.755102040816327": 0.8686707567238012, "7.959183673469388": 0.8761063604280428, "8.16326530612245": 0.8830603095459362, "8.775510204081632": 0.9012772901900665, "8.36734693877551": 0.8895590514410103, "8.571428571428571": 0.8956250642980464, "9.183673469387756": 0.9113987151405348, "8.979591836734695": 0.9065311891416682, "9.387755102040817": 0.9158886504396292, "9.795918367346939": 0.923754997934024, "9.591836734693878": 0.9200066101283737, "10.0": 0.9271333808741903}