{"0.20408163265306123": 5.4612704829568305e-09, "0.40816326530612246": 1.134779911469023e-08, "1.2244897959183674": 3.9748860634635766e-08, "0.6122448979591837": 1.7687225079832733e-08, "1.0204081632653061": 3.185141811969046e-08, "0.8163265306122449": 2.4510323688250662e-08, "1.6326530612244898": 5.738983188872426e-08, "1.836734693877551": 6.723581455470363e-08, "1.4285714285714286": 4.8245597093288954e-08, "2.6530612244897958": 1.1499158570058957e-07, "2.2448979591836737": 8.92860382446874e-08, "3.0612244897959187": 1.451274745105818e-07, "3.4693877551020407": 1.807200398468698e-07, "2.857142857142857": 1.2944853118671425e-07, "2.0408163265306123": 7.784477463182113e-08, "2.4489795918367347": 1.01638368772998e-07, "3.8775510204081636": 2.2315597839514965e-07, "3.673469387755102": 2.0097774154424474e-07, "3.2653061224489797": 1.6216507226472153e-07, "0.0": 0.0, "4.081632653061225": 2.47512354145349e-07, "5.3061224489795915": 4.619620853837323e-07, "4.285714285714286": 2.743537438177617e-07, "4.8979591836734695": 3.7388283644539303e-07, "5.714285714285714": 5.760582947976035e-07, "4.4897959183673475": 3.040485980671018e-07, "4.6938775510204085": 3.3704312328055156e-07, "5.1020408163265305": 4.152416940560173e-07, "6.938775510204081": 1.267871891794831e-06, "5.918367346938775": 6.465956087485866e-07, "6.122448979591837": 7.291072062127019e-07, "6.530612244897959": 9.443227668933203e-07, "5.510204081632653": 5.151107207445538e-07, "6.326530612244898": 8.26838723144317e-07, "7.142857142857143": 1.4989132084097319e-06, "7.346938775510204": 1.8064021521101936e-06, "6.73469387755102": 1.0880849909348798e-06, "7.551020408163265": 2.235225150107674e-06, "7.755102040816327": 2.873857866856709e-06, "7.959183673469388": 3.924196675410647e-06, "8.16326530612245": 5.9688624423957275e-06, "8.979591836734695": 0.016991388565790258, "8.36734693877551": 1.1666862693292748e-05, "9.387755102040817": 0.032768113177726765, "9.183673469387756": 0.02515596070544587, "9.795918367346939": 0.0464523177235692, "10.0": 0.052574887737109194, "8.571428571428571": 0.0001036660131027836, "9.591836734693878": 0.03985794131569075, "8.775510204081632": 0.00824368290141905}