{"0.20408163265306123": 4.148639157868525e-08, "0.40816326530612246": 8.46629204471161e-08, "1.2244897959183674": 2.7735979911562286e-07, "0.6122448979591837": 1.2967257509930902e-07, "1.0204081632653061": 2.258376554426574e-07, "0.8163265306122449": 1.7667283388067811e-07, "1.6326530612244898": 3.883578701643238e-07, "1.836734693877551": 4.4834025858512124e-07, "1.4285714285714286": 3.314535413775738e-07, "2.6530612244897958": 7.256736619042528e-07, "2.2448979591836737": 5.787792792246741e-07, "3.0612244897959187": 8.927793097805861e-07, "3.4693877551020407": 1.0850472134343325e-06, "2.857142857142857": 8.064236639946599e-07, "2.0408163265306123": 5.117011450043093e-07, "2.4489795918367347": 6.499581371202642e-07, "3.8775510204081636": 1.309144259684128e-06, "3.673469387755102": 1.1926138053582346e-06, "3.2653061224489797": 9.85399261900236e-07, "0.0": 0.0, "4.081632653061225": 1.4358735433633665e-06, "5.3061224489795915": 2.5184288692117475e-06, "4.285714285714286": 1.5742715661970913e-06, "4.8979591836734695": 2.0790712870535874e-06, "5.714285714285714": 3.0813010823696125e-06, "4.4897959183673475": 1.7261019117712645e-06, "4.6938775510204085": 1.8934990645472182e-06, "5.1020408163265305": 2.2860396430144022e-06, "6.938775510204081": 6.434422962338429e-06, "5.918367346938775": 3.4268803218409994e-06, "6.122448979591837": 3.829455796751108e-06, "6.530612244897959": 4.87371068735221e-06, "5.510204081632653": 2.7813341044203104e-06, "6.326530612244898": 4.30452085123773e-06, "7.142857142857143": 7.54514969152929e-06, "7.346938775510204": 9.020588742906091e-06, "6.73469387755102": 5.568172075037526e-06, "7.551020408163265": 1.1074961624010888e-05, "7.755102040816327": 1.4130517901330462e-05, "7.959183673469388": 1.9150803818625178e-05, "8.16326530612245": 2.891636174769604e-05, "8.979591836734695": 0.08109136266834967, "8.36734693877551": 5.6117228190969326e-05, "9.387755102040817": 0.1563853309405319, "9.183673469387756": 0.1200565503305207, "9.795918367346939": 0.22169280711134243, "10.0": 0.2509125981066325, "8.571428571428571": 0.0004951876843829969, "9.591836734693878": 0.19022133362060123, "8.775510204081632": 0.03934318693986402}