{"0.20408163265306123": 3.6025121095728403e-08, "0.40816326530612246": 7.331512133242587e-08, "1.2244897959183674": 2.3761093848098714e-07, "0.6122448979591837": 1.1198535001947631e-07, "1.0204081632653061": 1.93986237322967e-07, "0.8163265306122449": 1.5216251019242747e-07, "1.6326530612244898": 3.309680382755995e-07, "1.836734693877551": 3.8110444403041755e-07, "1.4285714285714286": 2.8320794428428486e-07, "2.6530612244897958": 6.106820762036636e-07, "2.2448979591836737": 4.894932409799867e-07, "3.0612244897959187": 7.476518352700044e-07, "3.4693877551020407": 9.043271735874622e-07, "2.857142857142857": 6.769751328079459e-07, "2.0408163265306123": 4.3385637037248815e-07, "2.4489795918367347": 5.483197683472662e-07, "3.8775510204081636": 1.0859882812889782e-06, "3.673469387755102": 9.916360638139898e-07, "3.2653061224489797": 8.232341896355146e-07, "0.0": 0.0, "4.081632653061225": 1.1883611892180172e-06, "5.3061224489795915": 2.0564667838280154e-06, "4.285714285714286": 1.29991782237933e-06, "4.8979591836734695": 1.7051884506081949e-06, "5.714285714285714": 2.505242787572009e-06, "4.4897959183673475": 1.422053313704163e-06, "4.6938775510204085": 1.5564559412666674e-06, "5.1020408163265305": 1.8707979489583853e-06, "6.938775510204081": 5.1665510705435965e-06, "5.918367346938775": 2.780284713092413e-06, "6.122448979591837": 3.100348590538406e-06, "6.530612244897959": 3.9293879204588905e-06, "5.510204081632653": 2.2662233836757563e-06, "6.326530612244898": 3.477682128093412e-06, "7.142857142857143": 6.046236483119559e-06, "7.346938775510204": 7.2141865907958994e-06, "6.73469387755102": 4.480087084102645e-06, "7.551020408163265": 8.839736473903212e-06, "7.755102040816327": 1.1256660034473754e-05, "7.959183673469388": 1.5226607143214532e-05, "8.16326530612245": 2.2947499305300318e-05, "8.979591836734695": 0.06409997410255941, "8.36734693877551": 4.445036549767658e-05, "9.387755102040817": 0.12361721776280515, "9.183673469387756": 0.09490058962507485, "9.795918367346939": 0.1752404893877732, "10.0": 0.1983377103695233, "8.571428571428571": 0.00039152167128021325, "9.591836734693878": 0.15036339230491053, "8.775510204081632": 0.031099504038444973}