{"1.4285714285714286": 1.1556855472605321e-10, "3.4693877551020407": 0.2515701990101874, "0.40816326530612246": 1.3490653039127665e-11, "0.8163265306122449": 1.9712564913731967e-11, "3.2653061224489797": 0.213400703838171, "0.20408163265306123": 2.1094237467877974e-14, "0.6122448979591837": 4.5430326167661406e-13, "1.2244897959183674": 1.0548784068475925e-11, "1.0204081632653061": 3.9757086511826856e-13, "2.6530612244897958": 0.07852810553612188, "3.673469387755102": 0.2870545527837962, "1.836734693877551": -5.118061530140494e-11, "3.8775510204081636": 0.3201656823805126, "3.0612244897959187": 0.17216712526615585, "1.6326530612244898": 1.9115820037995945e-12, "0.0": 0.0, "2.857142857142857": 0.12740337535011825, "2.0408163265306123": 1.2562595408383004e-10, "2.2448979591836737": 1.5158696520245485e-10, "2.4489795918367347": 0.024804506830619633, "4.081632653061225": 0.3511631734894307, "5.714285714285714": 0.5436064359909994, "5.3061224489795915": 0.5029761401679302, "4.4897959183673475": 0.407656799162181, "4.6938775510204085": 0.4334961485045715, "4.285714285714286": 0.38026520469587155, "5.510204081632653": 0.523803221858516, "4.8979591836734695": 0.4579195217033436, "5.1020408163265305": 0.48104512057203364, "5.918367346938775": 0.5624568998831037, "6.938775510204081": 0.6444297994044065, "6.73469387755102": 0.6295084699580433, "7.346938775510204": 0.6723472023640882, "6.326530612244898": 0.5975470119164217, "6.122448979591837": 0.5804181044283885, "6.530612244897959": 0.6138949689302076, "7.551020408163265": 0.6854112771234523, "7.142857142857143": 0.6586975738792715, "7.959183673469388": 0.7099010165797495, "7.755102040816327": 0.6979199096711501, "8.36734693877551": 0.7323827915307579, "8.571428571428571": 0.7429303725680908, "8.775510204081632": 0.7530445959076967, "8.16326530612245": 0.7213805663004731, "9.183673469387756": 0.7720519526717268, "8.979591836734695": 0.7627454916444997, "9.795918367346939": 0.7977786794568612, "10.0": 0.8056769381427252, "9.387755102040817": 0.7809818382027252, "9.591836734693878": 0.7895520637597193}