{"1.4285714285714286": 2.4854895919190767e-10, "3.4693877551020407": 0.4354698546497134, "0.40816326530612246": 2.9365065934428e-11, "0.8163265306122449": 4.250710894382337e-11, "3.2653061224489797": 0.3820630627807962, "0.20408163265306123": 4.657385588302532e-14, "0.6122448979591837": 9.834355552129637e-13, "1.2244897959183674": 2.2684798484107205e-11, "1.0204081632653061": 8.553158181712206e-13, "2.6530612244897958": 0.15856921957163295, "3.673469387755102": 0.48166051687726236, "1.836734693877551": -1.1066059180109278e-10, "3.8775510204081636": 0.5219446961827006, "3.0612244897959187": 0.3197379373752244, "1.6326530612244898": 4.110822793279567e-12, "0.0": 0.0, "2.857142857142857": 0.2462469836430844, "2.0408163265306123": 2.7081653586336074e-10, "2.2448979591836737": 3.2626706891747403e-10, "2.4489795918367347": 0.0525599137502869, "4.081632653061225": 0.5573441565464148, "5.714285714285714": 0.735207043864651, "5.3061224489795915": 0.7028591793099734, "4.4897959183673475": 0.616555101806237, "4.6938775510204085": 0.6415316061293628, "4.285714285714286": 0.5886660389223224, "5.510204081632653": 0.7197392192605856, "4.8979591836734695": 0.6640192092147033, "5.1020408163265305": 0.6843657878117628, "5.918367346938775": 0.7494323511455293, "6.938775510204081": 0.8062904979796737, "6.73469387755102": 0.7964913200540378, "7.346938775510204": 0.8240480642269645, "6.326530612244898": 0.7747101389497831, "6.122448979591837": 0.7625591176537094, "6.530612244897959": 0.7859906631697936, "7.551020408163265": 0.8321178288500661, "7.142857142857143": 0.8154562851493191, "7.959183673469388": 0.8468687248292195, "7.755102040816327": 0.839711277534464, "8.36734693877551": 0.8600144153321045, "8.571428571428571": 0.8660626563748477, "8.775510204081632": 0.8717958932499712, "8.16326530612245": 0.8536258651987176, "9.183673469387756": 0.8824059772925527, "8.979591836734695": 0.8772368449741784, "9.795918367346939": 0.8964590056545854, "10.0": 0.9007095866843451, "9.387755102040817": 0.8873217869009233, "9.591836734693878": 0.8920010448813801}