{"0.20408163265306123": 1.9483985689182808e-08, "1.836734693877551": 2.6308396723569103e-07, "0.40816326530612246": 4.065257986850521e-08, "0.6122448979591837": 6.373859109299027e-08, "1.0204081632653061": 1.168317086154599e-07, "1.4285714285714286": 1.817655929185917e-07, "0.8163265306122449": 8.902003954142083e-08, "2.0408163265306123": 3.1198920419464415e-07, "2.4489795918367347": 4.328364936707896e-07, "1.6326530612244898": 2.2000707762044148e-07, "3.2653061224489797": 8.418386750826386e-07, "3.0612244897959187": 7.077537487386977e-07, "1.2244897959183674": 1.4758043034485983e-07, "2.857142857142857": 5.989068214177035e-07, "3.673469387755102": 1.2318408183177422e-06, "2.6530612244897958": 5.087543990163859e-07, "2.2448979591836737": 3.680084315628087e-07, "3.4693877551020407": 1.0111663974978912e-06, "3.8775510204081636": 1.5315488202967541e-06, "0.0": 0.0, "4.081632653061225": 1.9622582492827768e-06, "6.326530612244898": 0.34210324280767246, "4.285714285714286": 2.63431101775597e-06, "7.755102040816327": 0.5585520662062224, "7.551020408163265": 0.5340244998022584, "5.918367346938775": 0.2554103404953242, "4.4897959183673475": 3.830389419642186e-06, "5.714285714285714": 0.20632617214365606, "7.959183673469388": 0.5814011319047756, "6.73469387755102": 0.41596809488922065, "6.122448979591837": 0.3005326167812103, "6.530612244897959": 0.38047831140031585, "7.346938775510204": 0.5076756127705109, "7.142857142857143": 0.4793433651636331, "5.510204081632653": 0.15280551281825785, "4.6938775510204085": 6.557498692737653e-06, "6.938775510204081": 0.4488438443346405, "5.1020408163265305": 0.03016769396569029, "5.3061224489795915": 0.09429722798192282, "4.8979591836734695": 1.899849511036676e-05, "8.16326530612245": 0.6026975277269041, "9.183673469387756": 0.6893199506104648, "8.571428571428571": 0.6410617214550506, "8.36734693877551": 0.6225519814907585, "9.795918367346939": 0.7279344883559451, "8.775510204081632": 0.6583118478298922, "9.387755102040817": 0.7031973640079733, "9.591836734693878": 0.7160557272148143, "8.979591836734695": 0.6743765138475758, "10.0": 0.738866209679754}