{"1.836734693877551": 3.09185348404745e-07, "0.20408163265306123": 2.255280126213995e-08, "0.40816326530612246": 4.7137562111994916e-08, "0.6122448979591837": 7.403823227173948e-08, "1.0204081632653061": 1.3621375313566597e-07, "1.4285714285714286": 2.1274535916967623e-07, "0.8163265306122449": 1.0359406418807444e-07, "2.0408163265306123": 3.6744072665469204e-07, "2.4489795918367347": 5.120272449856529e-07, "1.6326530612244898": 2.5802495337522855e-07, "3.2653061224489797": 1.0054755332859937e-06, "3.0612244897959187": 8.432128525607859e-07, "1.2244897959183674": 1.7239414860193095e-07, "2.857142857142857": 7.117984190386032e-07, "3.673469387755102": 1.479001911965275e-06, "2.6530612244897958": 6.032227590242032e-07, "2.2448979591836737": 4.343635604035188e-07, "3.4693877551020407": 1.2108336898535164e-06, "3.8775510204081636": 1.8438763674141838e-06, "0.0": 0.0, "4.081632653061225": 2.3690816662286774e-06, "6.326530612244898": 0.4007734763762137, "4.285714285714286": 3.1897129982450408e-06, "7.755102040816327": 0.6316688548575867, "7.551020408163265": 0.606584433225083, "5.918367346938775": 0.3029206087946099, "4.4897959183673475": 4.651871591231487e-06, "5.714285714285714": 0.24632625101185746, "7.959183673469388": 0.6547581949947999, "6.73469387755102": 0.48186097581037435, "6.122448979591837": 0.3541979145732382, "6.530612244897959": 0.4431758741558923, "7.346938775510204": 0.5793058247903412, "7.142857142857143": 0.5496055417250416, "5.510204081632653": 0.1836955417277506, "4.6938775510204085": 7.988488057739926e-06, "6.938775510204081": 0.5172233406918568, "5.1020408163265305": 0.03680858663632703, "5.3061224489795915": 0.11418429563925579, "4.8979591836734695": 2.3218275901724244e-05, "8.16326530612245": 0.6760268370231304, "9.183673469387756": 0.7597829222815847, "8.571428571428571": 0.7136939375169216, "8.36734693877551": 0.6956275200116405, "9.795918367346939": 0.7954535069850653, "8.775510204081632": 0.7303429420614377, "9.387755102040817": 0.7727390107477644, "9.591836734693878": 0.7846105035554305, "8.979591836734695": 0.7456764241409793, "10.0": 0.8053153475097871}