{"0.20408163265306123": 7.042252683137493e-08, "0.40816326530612246": 1.601164020765191e-07, "3.8775510204081636": 0.5417358435274692, "3.673469387755102": 0.5216602214328402, "0.6122448979591837": 2.78246054414456e-07, "3.4693877551020407": 0.49778405548058746, "2.857142857142857": 0.39264737004245803, "3.0612244897959187": 0.434679139762433, "0.8163265306122449": 4.4088134334239323e-07, "1.0204081632653061": 6.790112091302804e-07, "2.4489795918367347": 0.27650330557490166, "2.6530612244897958": 0.3409241009191414, "2.2448979591836737": 0.1951241477092434, "1.4285714285714286": 1.7741813968617662e-06, "3.2653061224489797": 0.4691909773167357, "0.0": 0.0, "1.6326530612244898": 3.5771569792106572e-06, "1.836734693877551": 1.7062168668588445e-05, "1.2244897959183674": 1.0610899240202184e-06, "4.081632653061225": 0.5587193912758872, "4.6938775510204085": 0.5961125731648861, "4.8979591836734695": 0.6052476189432818, "4.285714285714286": 0.5731654215152834, "5.1020408163265305": 0.6131481856727653, "5.3061224489795915": 0.6200028792383435, "2.0408163265306123": 0.09057881888747209, "5.714285714285714": 0.6311704874636205, "5.918367346938775": 0.6357202584337461, "5.510204081632653": 0.6259672751475364, "6.122448979591837": 0.639706934932596, "6.326530612244898": 0.6432065982686802, "6.530612244897959": 0.6462835435659908, "6.73469387755102": 0.6489922546725286, "6.938775510204081": 0.6513789842514602, "7.346938775510204": 0.655337716524832, "4.4897959183673475": 0.5855128549388502, "7.551020408163265": 0.6569712949073151, "7.959183673469388": 0.659666259505982, "7.755102040816327": 0.6584075274739081, "8.36734693877551": 0.6617134642100182, "8.571428571428571": 0.6625254512437692, "8.775510204081632": 0.6632074630944704, "9.183673469387756": 0.6641999684734802, "8.979591836734695": 0.6637646843824759, "9.591836734693878": 0.6647052033598349, "9.387755102040817": 0.6645139602963729, "10.0": 0.6647036946906855, "9.795918367346939": 0.6647702377098944, "7.142857142857143": 0.6534830222536251, "8.16326530612245": 0.6607638397862499}