{"0.20408163265306123": 3.457105862631132e-08, "0.40816326530612246": 7.860259738301846e-08, "3.8775510204081636": 0.2659430504589394, "3.673469387755102": 0.2560877450670306, "0.6122448979591837": 1.3659351762164204e-07, "3.4693877551020407": 0.24436671814501562, "2.857142857142857": 0.19275416347538843, "3.0612244897959187": 0.21338794133792166, "0.8163265306122449": 2.16432659458993e-07, "1.0204081632653061": 3.3333277539122847e-07, "2.4489795918367347": 0.13573798637313358, "2.6530612244897958": 0.16736274045121483, "2.2448979591836737": 0.09578821796635582, "1.4285714285714286": 8.709617766412304e-07, "3.2653061224489797": 0.23033011613730658, "0.0": 0.0, "1.6326530612244898": 1.7560588807034127e-06, "1.836734693877551": 8.375973710034321e-06, "1.2244897959183674": 5.208986899735614e-07, "4.081632653061225": 0.27428042844452644, "4.6938775510204085": 0.2926370813718531, "4.8979591836734695": 0.2971215583903382, "4.285714285714286": 0.2813721160165936, "5.1020408163265305": 0.30100001842117574, "5.3061224489795915": 0.30436504980791396, "2.0408163265306123": 0.0444659656356681, "5.714285714285714": 0.30984733020941363, "5.918367346938775": 0.31208085414020253, "5.510204081632653": 0.3072930259815178, "6.122448979591837": 0.3140379498760016, "6.326530612244898": 0.3157559664228067, "6.530612244897959": 0.31726646684148624, "6.73469387755102": 0.31859619774833203, "6.938775510204081": 0.31976786499617144, "7.346938775510204": 0.3217112426576448, "4.4897959183673475": 0.28743358333361735, "7.551020408163265": 0.3225131811363182, "7.959183673469388": 0.323836163757482, "7.755102040816327": 0.32321824075991856, "8.36734693877551": 0.32484115515764533, "8.571428571428571": 0.3252397669742138, "8.775510204081632": 0.3255745727918309, "9.183673469387756": 0.3260618027051629, "8.979591836734695": 0.32584811778776085, "9.591836734693878": 0.32630982710391887, "9.387755102040817": 0.3262159441454922, "10.0": 0.32630908648451823, "9.795918367346939": 0.3263417530575845, "7.142857142857143": 0.32080075637905237, "8.16326530612245": 0.324374975895068}