{"0.20408163265306123": 1.0499358545768626e-07, "0.40816326530612246": 2.387189994595375e-07, "3.8775510204081636": 0.8076788939864086, "3.673469387755102": 0.7777479664998708, "0.6122448979591837": 4.1483957203609817e-07, "3.4693877551020407": 0.742150773625603, "2.857142857142857": 0.5854015335178464, "3.0612244897959187": 0.6480670811003548, "0.8163265306122449": 6.573140028013862e-07, "1.0204081632653061": 1.0123439845215088e-06, "2.4489795918367347": 0.4122412919480355, "2.6530612244897958": 0.508286841370356, "2.2448979591836737": 0.29091236567559925, "1.4285714285714286": 2.6451431735029962e-06, "3.2653061224489797": 0.6995210934540421, "0.0": 0.0, "1.6326530612244898": 5.333215859914069e-06, "1.836734693877551": 2.543814237862275e-05, "1.2244897959183674": 1.5819886139937799e-06, "4.081632653061225": 0.8329998197204135, "4.6938775510204085": 0.8887496545367394, "4.8979591836734695": 0.9023691773336199, "4.285714285714286": 0.8545375375318769, "5.1020408163265305": 0.9141482040939412, "5.3061224489795915": 0.9243679290462578, "2.0408163265306123": 0.13504478452314017, "5.714285714285714": 0.9410178176730345, "5.918367346938775": 0.9478011125739488, "5.510204081632653": 0.9332603011290546, "6.122448979591837": 0.9537448848085975, "6.326530612244898": 0.9589625646914867, "6.530612244897959": 0.963550010407477, "6.73469387755102": 0.9675884524208603, "6.938775510204081": 0.9711468492476314, "7.346938775510204": 0.977048959182477, "4.4897959183673475": 0.8729464382724681, "7.551020408163265": 0.9794844760436332, "7.959183673469388": 0.9835024232634638, "7.755102040816327": 0.981625768233827, "8.36734693877551": 0.9865546193676636, "8.571428571428571": 0.9877652182179829, "8.775510204081632": 0.9887820358863012, "9.183673469387756": 0.9902617711786433, "8.979591836734695": 0.989612802170237, "9.591836734693878": 0.9910150304637537, "9.387755102040817": 0.990729904441865, "10.0": 0.9910127811752037, "9.795918367346939": 0.991111990767479, "7.142857142857143": 0.9742837786326777, "8.16326530612245": 0.985138815681318}