{"0.20408163265306123": 2.328556699009524e-08, "0.40816326530612246": 4.8758702082786874e-08, "0.8163265306122449": 1.0762859730439389e-07, "1.2244897959183674": 1.801186857061262e-07, "0.6122448979591837": 7.674286628763643e-08, "1.836734693877551": 3.269023347911025e-07, "1.6326530612244898": 2.715740545450127e-07, "1.0204081632653061": 1.418918474689716e-07, "2.4489795918367347": 5.517000031043451e-07, "2.6530612244897958": 6.557636017834458e-07, "1.4285714285714286": 2.2303909833103646e-07, "2.2448979591836737": 4.6457241258252367e-07, "2.857142857142857": 7.822328677659408e-07, "3.0612244897959187": 9.392169052460087e-07, "2.0408163265306123": 3.905575320094521e-07, "3.4693877551020407": 1.4029533762824188e-06, "3.2653061224489797": 1.1392747919647e-06, "3.673469387755102": 1.766338261616159e-06, "3.8775510204081636": 2.2991673212322224e-06, "0.0": 0.0, "4.081632653061225": 3.1559843504197295e-06, "5.510204081632653": 0.13402211711286593, "6.122448979591837": 0.21061228944750152, "6.326530612244898": 0.23165101797107446, "5.714285714285714": 0.16208477021095108, "7.142857142857143": 0.29930324133840225, "5.1020408163265305": 0.06847412479429792, "4.4897959183673475": 8.856755500878363e-06, "5.918367346938775": 0.18751177768171914, "5.3061224489795915": 0.1029610746948866, "7.346938775510204": 0.3128938575394872, "4.285714285714286": 4.761351466329807e-06, "7.551020408163265": 0.32540708404306057, "6.938775510204081": 0.2845225303228645, "7.755102040816327": 0.33694151076399914, "7.959183673469388": 0.347583464890362, "6.73469387755102": 0.26842267986228363, "4.8979591836734695": 0.030058604412060656, "6.530612244897959": 0.25085562282840695, "4.6938775510204085": 4.1166644411624694e-05, "8.16326530612245": 0.357408560570447, "9.795918367346939": 0.4130102583619099, "8.979591836734695": 0.38974520786121986, "8.571428571428571": 0.3748646781387281, "9.183673469387756": 0.39632601582883836, "8.775510204081632": 0.3826041042134022, "9.591836734693878": 0.40793280147886807, "10.0": 0.4176312276357999, "9.387755102040817": 0.4023792422530978, "8.36734693877551": 0.36648300109521204}