{"0.20408163265306123": 2.2176730466757377e-08, "0.40816326530612246": 4.643685912646368e-08, "0.8163265306122449": 1.0250342600418463e-07, "1.2244897959183674": 1.7154160543440594e-07, "0.6122448979591837": 7.308844408346329e-08, "1.836734693877551": 3.1133555694390716e-07, "1.6326530612244898": 2.5864195670953583e-07, "1.0204081632653061": 1.3513509282759207e-07, "2.4489795918367347": 5.254285743850908e-07, "2.6530612244897958": 6.245367636032817e-07, "1.4285714285714286": 2.1241818888670142e-07, "2.2448979591836737": 4.424499167452608e-07, "2.857142857142857": 7.449836835866105e-07, "3.0612244897959187": 8.944922907104849e-07, "2.0408163265306123": 3.719595542947164e-07, "3.4693877551020407": 1.3361460726499227e-06, "3.2653061224489797": 1.085023611394952e-06, "3.673469387755102": 1.6822269158249138e-06, "3.8775510204081636": 2.189683163078308e-06, "0.0": 0.0, "4.081632653061225": 3.005699381352124e-06, "5.510204081632653": 0.12764011153606286, "6.122448979591837": 0.20058313280714432, "6.326530612244898": 0.220620017115309, "5.714285714285714": 0.15436644781995348, "7.142857142857143": 0.28505070603657373, "5.1020408163265305": 0.06521345218504566, "4.4897959183673475": 8.435005238931774e-06, "5.918367346938775": 0.17858264541116114, "5.3061224489795915": 0.09805816637608254, "7.346938775510204": 0.29799415003760693, "4.285714285714286": 4.534620444123625e-06, "7.551020408163265": 0.30991150861243877, "6.938775510204081": 0.2709738384027283, "7.755102040816327": 0.32089667691809437, "7.959183673469388": 0.3310318713241544, "6.73469387755102": 0.25564064748788917, "4.8979591836734695": 0.028627242297200633, "6.530612244897959": 0.23891011697943518, "4.6938775510204085": 3.9206328011071155e-05, "8.16326530612245": 0.34038910530518773, "9.795918367346939": 0.39334310320181903, "8.979591836734695": 0.3711859122487809, "8.571428571428571": 0.3570139791797411, "9.183673469387756": 0.37745334840841754, "8.775510204081632": 0.36438486115562113, "9.591836734693878": 0.38850742997987453, "10.0": 0.39774402631980954, "9.387755102040817": 0.38321832595533134, "8.36734693877551": 0.34903142961448774}