{"0.20408163265306123": 4.5462297456852606e-08, "0.40816326530612246": 9.519556120925055e-08, "0.8163265306122449": 2.1013202330857855e-07, "1.2244897959183674": 3.516602911405323e-07, "0.6122448979591837": 1.498313103710997e-07, "1.836734693877551": 6.382378917350095e-07, "1.6326530612244898": 5.302160112545487e-07, "1.0204081632653061": 2.770269402965636e-07, "2.4489795918367347": 1.0771285774894358e-06, "2.6530612244897958": 1.2803003653867273e-06, "1.4285714285714286": 4.3545728721773783e-07, "2.2448979591836737": 9.070223293277843e-07, "2.857142857142857": 1.5272165513525512e-06, "3.0612244897959187": 1.8337091959564928e-06, "2.0408163265306123": 7.625170863041684e-07, "3.4693877551020407": 2.739099448932342e-06, "3.2653061224489797": 2.2242984033596513e-06, "3.673469387755102": 3.448565177441074e-06, "3.8775510204081636": 4.48885048431053e-06, "0.0": 0.0, "4.081632653061225": 6.161683731771855e-06, "5.510204081632653": 0.2616622286489289, "6.122448979591837": 0.4111954222546459, "6.326530612244898": 0.4522710350863834, "5.714285714285714": 0.3164512180309045, "7.142857142857143": 0.5843539473749757, "5.1020408163265305": 0.1336875769793436, "4.4897959183673475": 1.7291760739810136e-05, "5.918367346938775": 0.36609442309288026, "5.3061224489795915": 0.20101924107096913, "7.346938775510204": 0.6108880075770942, "4.285714285714286": 9.295971910453429e-06, "7.551020408163265": 0.6353185926554996, "6.938775510204081": 0.5554963687255926, "7.755102040816327": 0.6578381876820935, "7.959183673469388": 0.6786153362145162, "6.73469387755102": 0.5240633273501729, "4.8979591836734695": 0.05868584670926128, "6.530612244897959": 0.4897657398078421, "4.6938775510204085": 8.037297242269588e-05, "8.16326530612245": 0.6977976658756346, "9.795918367346939": 0.806353361563729, "8.979591836734695": 0.7609311201100006, "8.571428571428571": 0.7318786573184692, "9.183673469387756": 0.7737793642372558, "8.775510204081632": 0.7469889653690234, "9.591836734693878": 0.7964402314587424, "10.0": 0.8153752539556095, "9.387755102040817": 0.7855975682084291, "8.36734693877551": 0.7155144307096997}