{"0.40816326530612246": 1.3532891011656333e-07, "0.0": 0.0, "0.20408163265306123": 5.998907055455473e-08, "0.6122448979591837": 2.3277638920934144e-07, "0.8163265306122449": 3.63735737899819e-07, "1.4285714285714286": 1.3147277337982695e-06, "1.0204081632653061": 5.490835188671705e-07, "1.2244897959183674": 8.315809513368853e-07, "1.6326530612244898": 2.330065142832896e-06, "1.836734693877551": 5.834706566582146e-06, "2.0408163265306123": 0.03862317529976537, "3.0612244897959187": 0.6204903674715172, "2.2448979591836737": 0.21737146589665868, "2.6530612244897958": 0.4640088421196656, "2.4489795918367347": 0.35546472237197124, "3.2653061224489797": 0.6775548071340546, "2.857142857142857": 0.5505799341023024, "3.4693877551020407": 0.7245684309410692, "3.673469387755102": 0.7636183484390698, "3.8775510204081636": 0.7962866199303942, "4.285714285714286": 0.8470776930590572, "4.081632653061225": 0.823790544865091, "4.8979591836734695": 0.8983767800548518, "4.6938775510204085": 0.8838354645133445, "4.4897959183673475": 0.8668947459452266, "5.1020408163265305": 0.9109048895383162, "5.3061224489795915": 0.9217345737617971, "5.714285714285714": 0.939288875180111, "5.510204081632653": 0.9311246689682222, "5.918367346938775": 0.9464049988700624, "6.122448979591837": 0.9526214220558006, "6.326530612244898": 0.9580627348565434, "6.530612244897959": 0.9628338862674851, "6.73469387755102": 0.9670234146856971, "7.142857142857143": 0.9739462912288409, "6.938775510204081": 0.9707063832993025, "7.551020408163265": 0.9793039161406011, "7.755102040816327": 0.9815053220388865, "7.346938775510204": 0.9767969894015476, "7.959183673469388": 0.983433129743508, "8.16326530612245": 0.9851136058831741, "8.571428571428571": 0.9878130864182434, "8.36734693877551": 0.9865680333969262, "8.775510204081632": 0.9888612676782973, "8.979591836734695": 0.9897211882968937, "9.183673469387756": 0.9903977894998108, "9.387755102040817": 0.9908925978558651, "9.591836734693878": 0.9912038862560283, "9.795918367346939": 0.9913268166652873, "10.0": 0.9912536439875017}