{"0.40816326530612246": 1.2179601992903318e-07, "0.0": 0.0, "0.20408163265306123": 5.3990163661040266e-08, "0.6122448979591837": 2.0949875272672564e-07, "0.8163265306122449": 3.2736217006350383e-07, "1.4285714285714286": 1.1832550382013856e-06, "1.0204081632653061": 4.941751805476285e-07, "1.2244897959183674": 7.484228873219157e-07, "1.6326530612244898": 2.097058872863975e-06, "1.836734693877551": 5.25123744189824e-06, "2.0408163265306123": 0.03482895692170292, "3.0612244897959187": 0.5818804030511142, "2.2448979591836737": 0.19795246179300036, "2.6530612244897958": 0.4295181093249649, "2.4489795918367347": 0.3265241555693255, "2.857142857142857": 0.5131589244969714, "3.2653061224489797": 0.6389142779441089, "3.4693877551020407": 0.6866625212896602, "3.673469387755102": 0.7269435835946353, "3.8775510204081636": 0.7611542055710763, "4.285714285714286": 0.8154883677987249, "4.081632653061225": 0.7903831041383498, "4.8979591836734695": 0.8722698141493708, "4.6938775510204085": 0.8559324540216754, "4.4897959183673475": 0.8371545377290848, "5.1020408163265305": 0.8865333532015437, "5.3061224489795915": 0.8990253468096732, "5.714285714285714": 0.9196587070380388, "5.510204081632653": 0.9099971916683978, "5.918367346938775": 0.9281864228278773, "6.122448979591837": 0.935729231875787, "6.326530612244898": 0.9424135243817817, "6.530612244897959": 0.9483469222281433, "6.73469387755102": 0.9536211794607519, "7.142857142857143": 0.9624955410585587, "6.938775510204081": 0.9583149623529001, "7.551020408163265": 0.9695395516157147, "7.755102040816327": 0.9724943237149296, "7.346938775510204": 0.9662206409983538, "7.959183673469388": 0.9751205772559266, "8.16326530612245": 0.9774481269592704, "8.571428571428571": 0.9813011139356439, "8.36734693877551": 0.9795016692783985, "8.775510204081632": 0.9828620396016716, "8.979591836734695": 0.9841959642393461, "9.183673469387756": 0.9853105563818265, "9.387755102040817": 0.9862099138342683, "9.591836734693878": 0.9868947214704518, "9.795918367346939": 0.9873623887852432, "10.0": 0.9876072822984411}