{"0.40816326530612246": 1.2720917600404526e-07, "0.0": 0.0, "0.20408163265306123": 5.6389726418446044e-08, "0.6122448979591837": 2.1880980731977198e-07, "0.8163265306122449": 3.4191159719802984e-07, "1.4285714285714286": 1.2358441164401395e-06, "1.0204081632653061": 5.161385158754454e-07, "1.2244897959183674": 7.816861129279037e-07, "1.6326530612244898": 2.1902613808515427e-06, "1.836734693877551": 5.4846250917718025e-06, "2.0408163265306123": 0.036346644272927914, "3.0612244897959187": 0.5973243888192755, "2.2448979591836737": 0.20572006343446375, "2.6530612244897958": 0.4433144024428453, "2.4489795918367347": 0.3381003822903838, "3.2653061224489797": 0.654370489620087, "2.857142857142857": 0.5281273283391037, "3.4693877551020407": 0.7018248851502238, "3.673469387755102": 0.741613489532409, "3.8775510204081636": 0.7752071713148034, "4.285714285714286": 0.8281240979028579, "4.081632653061225": 0.8037460804290462, "4.8979591836734695": 0.8827126005115631, "4.6938775510204085": 0.867093658218343, "4.4897959183673475": 0.8490506210155419, "5.1020408163265305": 0.8962819677362525, "5.3061224489795915": 0.9081090375905229, "5.714285714285714": 0.9275107742948678, "5.510204081632653": 0.9184481825883273, "5.918367346938775": 0.9354738532447514, "6.122448979591837": 0.9424861079477925, "6.326530612244898": 0.9486732085716866, "6.530612244897959": 0.95414170784388, "6.73469387755102": 0.9589820735507301, "7.142857142857143": 0.9670758411266714, "6.938775510204081": 0.9632715307314611, "7.551020408163265": 0.973445297425669, "7.755102040816327": 0.9760987230445125, "7.346938775510204": 0.9704511803596314, "7.959183673469388": 0.9784455982509594, "8.16326530612245": 0.9805143185288319, "8.571428571428571": 0.9839059029286835, "8.36734693877551": 0.9823282149258095, "8.775510204081632": 0.985261730832322, "8.979591836734695": 0.9864060538623655, "9.183673469387756": 0.9873454496290204, "9.387755102040817": 0.9880829874429071, "9.591836734693878": 0.9886183873846826, "9.795918367346939": 0.9889481599372612, "10.0": 0.9890658269740652}