{"2.2448979591836737": 2.0563661884409612e-11, "1.4285714285714286": -6.815326081266448e-11, "0.6122448979591837": -3.7192471324942744e-13, "0.20408163265306123": 0.0, "1.6326530612244898": -1.4782686186265437e-10, "2.0408163265306123": -1.8307388938154645e-09, "0.40816326530612246": -5.329070518200751e-15, "0.0": 0.0, "1.2244897959183674": -6.368630067754566e-10, "2.4489795918367347": 1.4388923386121633e-10, "3.673469387755102": 6.929304485758792e-08, "0.8163265306122449": -8.213874025386758e-12, "1.0204081632653061": -8.877898416415064e-11, "3.0612244897959187": 2.1863618693274134e-09, "1.836734693877551": -5.161773231066036e-10, "3.8775510204081636": 1.4232757439280874e-07, "4.081632653061225": 4.2660713472919554e-07, "2.857142857142857": 1.6056303397959937e-08, "2.6530612244897958": 1.071755018067222e-09, "3.4693877551020407": 2.2248169750938018e-08, "4.4897959183673475": 2.9371335460437464e-06, "3.2653061224489797": 7.181498062891478e-09, "4.285714285714286": 1.1570213893641323e-06, "4.8979591836734695": 1.9890883419471095e-05, "4.6938775510204085": 7.4850297047124315e-06, "5.1020408163265305": 5.966692116421424e-05, "5.510204081632653": 0.04062505472861333, "5.714285714285714": 0.13955568098837778, "5.3061224489795915": 0.0002769004591411939, "5.918367346938775": 0.2277204108544416, "6.530612244897959": 0.43849975738231406, "6.326530612244898": 0.376091255871164, "7.142857142857143": 0.5889855064831299, "6.73469387755102": 0.49428830955916125, "7.346938775510204": 0.6291467219976479, "8.36734693877551": 0.7768160944140605, "7.755102040816327": 0.6976544060034211, "8.571428571428571": 0.7981813716224965, "9.387755102040817": 0.8648123210242774, "8.979591836734695": 0.8348709047575049, "7.959183673469388": 0.7268408077519095, "8.16326530612245": 0.7531261127228546, "7.551020408163265": 0.6652206839538248, "8.775510204081632": 0.8174619160874919, "9.183673469387756": 0.8505980250929449, "6.122448979591837": 0.30617385410088493, "9.591836734693878": 0.877664652653497, "6.938775510204081": 0.5442271321353662, "9.795918367346939": 0.8892898291218911, "10.0": 0.8998084644789303}