{"2.2448979591836737": 2.7092772469927695e-11, "1.4285714285714286": -8.859912803416137e-11, "0.6122448979591837": -4.836131495267182e-13, "0.20408163265306123": 0.0, "1.6326530612244898": -1.9217383240288655e-10, "2.0408163265306123": -2.3798956139131633e-09, "0.40816326530612246": -6.8833827526759706e-15, "3.673469387755102": 9.185021010438277e-08, "1.2244897959183674": -8.279217311724096e-10, "0.0": 0.0, "0.8163265306122449": -1.0678569140054606e-11, "2.4489795918367347": 1.887492384611278e-10, "1.0204081632653061": -1.1541256839109337e-10, "3.0612244897959187": 2.924546271820816e-09, "1.836734693877551": -6.710210165294939e-10, "3.8775510204081636": 1.8932921397318836e-07, "4.081632653061225": 5.644926969194941e-07, "2.857142857142857": 2.0898302421912263e-08, "2.6530612244897958": 1.4001994008694396e-09, "3.4693877551020407": 2.9606487705891027e-08, "4.4897959183673475": 3.863636555911931e-06, "3.2653061224489797": 9.582605819957735e-09, "4.285714285714286": 1.5258085342972905e-06, "4.8979591836734695": 2.6034279546283123e-05, "4.6938775510204085": 9.82162039298018e-06, "5.1020408163265305": 7.789624095566605e-05, "5.510204081632653": 0.052990995141313, "5.714285714285714": 0.1836477398945594, "5.3061224489795915": 0.0003605735428665602, "7.142857142857143": 0.823136393830824, "6.530612244897959": 0.597491103268285, "6.326530612244898": 0.5080640793767444, "5.918367346938775": 0.3023169257704589, "6.73469387755102": 0.6792759165251228, "7.346938775510204": 0.8865706175663548, "8.36734693877551": 1.1392768296447846, "7.755102040816327": 0.9992397037602835, "9.387755102040817": 1.3166026236874329, "8.979591836734695": 1.2525769712497998, "7.959183673469388": 1.0493967582063894, "8.16326530612245": 1.0959625028375, "8.571428571428571": 1.1796422270336104, "8.775510204081632": 1.2173285287518338, "7.551020408163265": 0.9451084664433486, "9.591836734693878": 1.3457482689145726, "9.795918367346939": 1.3731977384695255, "9.183673469387756": 1.285603672593218, "6.122448979591837": 0.4100392467519879, "6.938775510204081": 0.7542494600071277, "10.0": 1.3990927858004722}