{"0.20408163265306123": 3.432102272673904e-08, "0.40816326530612246": 7.411958890088305e-08, "0.6122448979591837": 1.208207601609335e-07, "0.0": 0.0, "0.8163265306122449": 1.7639086449696619e-07, "1.0204081632653061": 2.4362137551957156e-07, "1.2244897959183674": 3.2661253611851756e-07, "1.4285714285714286": 4.3164131517739233e-07, "1.6326530612244898": 5.688324094988047e-07, "1.836734693877551": 7.556273208571407e-07, "2.0408163265306123": 1.0248624139598737e-06, "2.2448979591836737": 1.4465803615562578e-06, "2.4489795918367347": 2.201459553749263e-06, "2.6530612244897958": 3.942169077247815e-06, "3.0612244897959187": 0.057434835823659595, "3.4693877551020407": 0.25836164242517573, "3.673469387755102": 0.33774647989947565, "2.857142857142857": 1.223189383513552e-05, "3.2653061224489797": 0.16591908559342128, "4.6938775510204085": 0.6048355683498843, "3.8775510204081636": 0.40638773508073267, "4.081632653061225": 0.46610596407403176, "4.8979591836734695": 0.6408007579441051, "4.285714285714286": 0.5183473053454513, "4.4897959183673475": 0.5642758008652221, "5.1020408163265305": 0.6728110410261415, "5.3061224489795915": 0.701397899076006, "5.510204081632653": 0.7270076388988432, "5.714285714285714": 0.7500158219576684, "6.122448979591837": 0.7894565275413814, "5.918367346938775": 0.7707415938350467, "6.326530612244898": 0.8063935800947735, "6.530612244897959": 0.8217532531102829, "6.938775510204081": 0.8484088115864058, "6.73469387755102": 0.8357082900433137, "7.142857142857143": 0.8599848592531448, "7.551020408163265": 0.8802026755598618, "7.755102040816327": 0.8890292516517037, "7.346938775510204": 0.8705499279192646, "7.959183673469388": 0.8971047177664153, "8.16326530612245": 0.9044941188421987, "8.36734693877551": 0.9112539669314692, "8.775510204081632": 0.9230718596042464, "8.571428571428571": 0.9174327287304237, "9.387755102040817": 0.937071320280271, "8.979591836734695": 0.9282063267720262, "9.183673469387756": 0.9328649957676716, "9.795918367346939": 0.9441953953608008, "9.591836734693878": 0.9408436387671523, "10.0": 0.9471357222221113}