{"0.20408163265306123": 3.8134469623664804e-08, "0.40816326530612246": 8.235509843964083e-08, "0.6122448979591837": 1.3424528816661398e-07, "0.0": 0.0, "0.8163265306122449": 1.9598984752047236e-07, "1.0204081632653061": 2.70690413580303e-07, "1.2244897959183674": 3.629028113245405e-07, "1.4285714285714286": 4.79601449807334e-07, "1.6326530612244898": 6.320359905807481e-07, "1.836734693877551": 8.395858768182565e-07, "2.0408163265306123": 1.1387359506749652e-06, "2.2448979591836737": 1.6073113836677152e-06, "2.4489795918367347": 2.4460658716703327e-06, "2.6530612244897958": 4.3801869043052765e-06, "3.0612244897959187": 0.06360929456875714, "3.4693877551020407": 0.2825872468131997, "3.673469387755102": 0.36738704161822633, "2.857142857142857": 1.3590983914362367e-05, "3.2653061224489797": 0.18256441925588648, "4.6938775510204085": 0.6435690679227242, "3.8775510204081636": 0.43980849703136093, "4.081632653061225": 0.502065406978962, "4.8979591836734695": 0.6794260420267131, "4.285714285714286": 0.5558985251482601, "4.4897959183673475": 0.6026949467500251, "5.1020408163265305": 0.7110069536917178, "5.3061224489795915": 0.7389222344221971, "5.510204081632653": 0.7636799010121457, "5.714285714285714": 0.7857039490329607, "6.122448979591837": 0.8229244222920807, "5.918367346938775": 0.8053515949956818, "6.326530612244898": 0.8386790217794085, "6.530612244897959": 0.8528344941879467, "6.938775510204081": 0.8770717693384227, "6.73469387755102": 0.8655782273158821, "7.142857142857143": 0.8874540859715939, "7.551020408163265": 0.9053500147146768, "7.755102040816327": 0.9130576111403392, "7.346938775510204": 0.8968455305249977, "7.959183673469388": 0.9200462435807294, "8.16326530612245": 0.9263829954547004, "8.36734693877551": 0.9321257041881945, "8.775510204081632": 0.9420186023071351, "8.571428571428571": 0.9373236390649787, "9.387755102040817": 0.9534041807319884, "8.979591836734695": 0.9462455541376251, "9.183673469387756": 0.9500330962322566, "9.795918367346939": 0.9589626243721665, "9.591836734693878": 0.9563764703117679, "10.0": 0.9611708646622302}