{"0.20408163265306123": 3.5846401485509354e-08, "0.40816326530612246": 7.741379271638617e-08, "0.6122448979591837": 1.2619057136320572e-07, "0.0": 0.0, "0.8163265306122449": 1.8423045770636872e-07, "1.0204081632653061": 2.5444899074386417e-07, "1.2244897959183674": 3.4112864620092685e-07, "1.4285714285714286": 4.5082536902936907e-07, "1.6326530612244898": 5.941138419315822e-07, "1.836734693877551": 7.892107432415872e-07, "2.0408163265306123": 1.0704118286459103e-06, "2.2448979591836737": 1.5108727704008407e-06, "2.4489795918367347": 2.29930208091769e-06, "2.6530612244897958": 4.117376208070799e-06, "3.0612244897959187": 0.05990461932169861, "3.4693877551020407": 0.26805188418038534, "3.673469387755102": 0.34960270458697595, "2.857142857142857": 1.277552986682626e-05, "3.2653061224489797": 0.17257721905840734, "4.6938775510204085": 0.6203289681790204, "3.8775510204081636": 0.41975603986098403, "4.081632653061225": 0.48048974123600374, "4.8979591836734695": 0.6562508715771481, "4.285714285714286": 0.5333677932665747, "4.4897959183673475": 0.5796434592191435, "5.1020408163265305": 0.6880894060923721, "5.3061224489795915": 0.7164076332144826, "5.510204081632653": 0.7416765437441644, "5.714285714285714": 0.7642910727877851, "6.122448979591837": 0.8028436854416608, "5.918367346938775": 0.7845855942993007, "6.326530612244898": 0.8193077567686275, "6.530612244897959": 0.8341857495413484, "6.938775510204081": 0.8598739946872127, "6.73469387755102": 0.8476562649523413, "7.142857142857143": 0.8709725499405243, "7.551020408163265": 0.8902616112217879, "7.755102040816327": 0.8986405954471579, "7.346938775510204": 0.8810681689615578, "7.959183673469388": 0.9062813280921408, "8.16326530612245": 0.9132496694871994, "8.36734693877551": 0.9196026618341593, "8.775510204081632": 0.9306505566854016, "8.571428571428571": 0.9253890928642459, "9.387755102040817": 0.943604464460958, "8.979591836734695": 0.9354220177182657, "9.183673469387756": 0.9397322359535056, "9.795918367346939": 0.9501022869653469, "9.591836734693878": 0.9470567713849986, "10.0": 0.9527497791981591}