{"0.20408163265306123": 1.1102230246251565e-16, "1.0204081632653061": -2.3791191239297405e-11, "1.6326530612244898": -6.343814362708144e-13, "0.0": 0.0, "0.8163265306122449": -7.900347043232614e-13, "0.6122448979591837": -8.43769498715119e-15, "0.40816326530612246": 2.0528023725319144e-13, "1.2244897959183674": 7.149836278586008e-13, "1.836734693877551": -2.4730439918130287e-11, "4.081632653061225": 0.4125818974676818, "1.4285714285714286": 1.0097700453570724e-11, "3.0612244897959187": 0.16438426884359503, "2.0408163265306123": 9.872325179571817e-12, "2.6530612244897958": 0.019879166086040123, "4.285714285714286": 0.44942789997977195, "2.2448979591836737": 1.5950685217092087e-11, "4.4897959183673475": 0.48321021632579186, "2.4489795918367347": 1.9816348562073927e-10, "4.6938775510204085": 0.5142804018854531, "2.857142857142857": 0.09655020740982989, "4.8979591836734695": 0.5429369238605333, "5.1020408163265305": 0.5694350087147801, "6.122448979591837": 0.6763040462334262, "5.510204081632653": 0.6168052216208673, "5.714285714285714": 0.6380333216647025, "5.3061224489795915": 0.5939943527402546, "5.918367346938775": 0.65782372300856, "3.673469387755102": 0.32794695001018304, "6.938775510204081": 0.7392000639661828, "7.346938775510204": 0.7651930814747236, "6.73469387755102": 0.7249506255870788, "7.551020408163265": 0.7770592622331416, "6.530612244897959": 0.7097728730275332, "6.326530612244898": 0.6935870689090696, "3.8775510204081636": 0.3722548465130333, "3.2653061224489797": 0.22483740435407595, "7.755102040816327": 0.7882439818762513, "8.16326530612245": 0.8087562184697068, "8.571428571428571": 0.8270642174462531, "8.36734693877551": 0.8181671175938201, "8.775510204081632": 0.8354809173076964, "7.959183673469388": 0.798795104482968, "10.0": 0.8774548450330771, "9.795918367346939": 0.8713528683538587, "9.183673469387756": 0.850993485758903, "9.387755102040817": 0.8581437181969072, "3.4693877551020407": 0.2790539352226137, "7.142857142857143": 0.752592742086136, "8.979591836734695": 0.8434479156008194, "9.591836734693878": 0.8649227331458822}