{"0.20408163265306123": 1.1102230246251565e-16, "1.0204081632653061": -4.758238247859481e-11, "1.6326530612244898": -1.2703171847761041e-12, "0.0": 0.0, "0.8163265306122449": -1.5791812302268227e-12, "0.6122448979591837": -1.6653345369377348e-14, "0.40816326530612246": 4.1033842990145786e-13, "1.2244897959183674": 1.429412144204889e-12, "1.836734693877551": -4.94753127355807e-11, "1.4285714285714286": 2.0194956817931597e-11, "4.081632653061225": 0.6549399718616934, "3.0612244897959187": 0.3017463497953895, "2.0408163265306123": 1.9651724691982508e-11, "2.6530612244897958": 0.03936315091844944, "4.285714285714286": 0.6968703610792543, "2.4489795918367347": 3.9390946060535725e-10, "4.4897959183673475": 0.7329283168671885, "2.2448979591836737": 3.138700410687534e-11, "4.6938775510204085": 0.7640764677943028, "2.857142857142857": 0.18377847224564003, "4.8979591836734695": 0.7910933377917609, "5.1020408163265305": 0.8146137780128282, "5.510204081632653": 0.8531617385258445, "6.122448979591837": 0.8952208589963251, "5.714285714285714": 0.8689800895460683, "5.3061224489795915": 0.8351593987947664, "5.918367346938775": 0.8829153459608554, "3.673469387755102": 0.5483446976813424, "6.938775510204081": 0.9319831408103315, "6.73469387755102": 0.9243476543715485, "7.346938775510204": 0.9448652681392692, "7.551020408163265": 0.9502968510562051, "6.530612244897959": 0.9157680776915804, "6.326530612244898": 0.9061110166535149, "3.8775510204081636": 0.6059360217155731, "3.2653061224489797": 0.3991229502168361, "7.755102040816327": 0.9551586468107092, "8.16326530612245": 0.9634246242667839, "8.571428571428571": 0.9700913741976612, "8.775510204081632": 0.9729312146487391, "8.36734693877551": 0.9669353147139139, "7.959183673469388": 0.9595156448918435, "10.0": 0.9849762387397881, "9.795918367346939": 0.9834443993722721, "9.183673469387756": 0.9777937536172912, "9.387755102040817": 0.979872844472733, "8.979591836734695": 0.9754887022807954, "3.4693877551020407": 0.48023677150563204, "7.142857142857143": 0.9387893123025306, "9.591836734693878": 0.9817494459964794}