{"0.20408163265306123": 1.1102230246251565e-16, "1.0204081632653061": -7.137357371789221e-11, "1.6326530612244898": -1.9046986210469186e-12, "0.0": 0.0, "0.8163265306122449": -2.369215934550084e-12, "0.6122448979591837": -2.5091040356528538e-14, "0.40816326530612246": 6.156186671546493e-13, "1.2244897959183674": 2.1445067943659524e-12, "1.836734693877551": -7.420575265371099e-11, "1.4285714285714286": 3.029265727150232e-11, "4.081632653061225": 1.0675218693293753, "3.0612244897959187": 0.46613061863898464, "2.0408163265306123": 2.952416089385679e-11, "2.6530612244897958": 0.059242317004489675, "4.285714285714286": 1.1462982610590262, "2.4489795918367347": 5.920728352037941e-10, "4.4897959183673475": 1.2161385331929804, "2.2448979591836737": 4.733757830166496e-11, "4.6938775510204085": 1.2783568696797558, "2.857142857142857": 0.28032867965547004, "4.8979591836734695": 1.334030261652294, "5.1020408163265305": 1.3840487867276083, "5.510204081632653": 1.4699669601467118, "6.122448979591837": 1.5715249052297513, "5.714285714285714": 1.507013411210771, "5.3061224489795915": 1.4291537515350208, "5.918367346938775": 1.5407390689694154, "3.673469387755102": 0.8762916476915255, "6.73469387755102": 1.6492982799586273, "6.938775510204081": 1.671183204776514, "7.346938775510204": 1.7100583496139927, "7.551020408163265": 1.7273561132893467, "6.530612244897959": 1.6255409507191136, "6.326530612244898": 1.5996980855625846, "3.8775510204081636": 0.9781908682286065, "3.2653061224489797": 0.623960354570912, "7.755102040816327": 1.7434026286869604, "8.775510204081632": 1.8084121319564355, "8.16326530612245": 1.7721808427364907, "8.571428571428571": 1.7971555916439141, "8.36734693877551": 1.785102432307734, "7.959183673469388": 1.7583107493748116, "10.0": 1.8624310837728655, "9.795918367346939": 1.8547972677261308, "9.387755102040817": 1.83801656266964, "9.183673469387756": 1.8287872393761941, "8.979591836734695": 1.8189366178816149, "7.142857142857143": 1.6913820543886666, "3.4693877551020407": 0.7592907067282456, "9.591836734693878": 1.8466721791423615}