{"0.20408163265306123": 1.4855624733304967e-08, "0.40816326530612246": 3.0626641615085616e-08, "0.0": 0.0, "1.2244897959183674": 1.0479450334438392e-07, "0.8163265306122449": 6.527549016354716e-08, "1.0204081632653061": 8.436423676732652e-08, "0.6122448979591837": 4.7400344504335154e-08, "1.4285714285714286": 1.2671276699959036e-07, "1.6326530612244898": 1.502879130116084e-07, "1.836734693877551": 1.7571504380381204e-07, "2.4489795918367347": 2.6558170178092123e-07, "2.2448979591836737": 2.330724659026398e-07, "2.0408163265306123": 2.0322117896292376e-07, "2.6530612244897958": 3.0112102612536903e-07, "3.0612244897959187": 3.831568851831075e-07, "3.4693877551020407": 4.839863754675117e-07, "2.857142857142857": 3.401343049672012e-07, "3.2653061224489797": 4.3084084686462144e-07, "3.673469387755102": 5.435896711859103e-07, "3.8775510204081636": 6.109027454564282e-07, "4.081632653061225": 6.87526228487939e-07, "4.285714285714286": 7.755336043536538e-07, "4.4897959183673475": 8.776672274186659e-07, "4.8979591836734695": 1.1405107863594713e-06, "4.6938775510204085": 9.976225874767485e-07, "5.3061224489795915": 1.5276150931156933e-06, "5.1020408163265305": 1.3136072255280046e-06, "5.510204081632653": 1.7989921394170706e-06, "5.714285714285714": 2.15436336718696e-06, "6.326530612244898": 4.452473961470021e-06, "5.918367346938775": 2.6398813072065075e-06, "6.122448979591837": 3.3430409715208135e-06, "6.530612244897959": 6.463411258342311e-06, "6.73469387755102": 1.1226092881303501e-05, "7.142857142857143": 0.030489298670944857, "7.346938775510204": 0.08378663338241145, "7.755102040816327": 0.17927980092448786, "6.938775510204081": 3.660607166736383e-05, "7.551020408163265": 0.1332720256037038, "7.959183673469388": 0.22211642337481402, "8.16326530612245": 0.2620520895729656, "8.36734693877551": 0.29932937787988906, "8.571428571428571": 0.3341617919486764, "8.775510204081632": 0.36674037278671323, "8.979591836734695": 0.3972350946667071, "9.183673469387756": 0.42579562384589503, "9.387755102040817": 0.4525559017501761, "9.591836734693878": 0.4776347079213257, "10.0": 0.5231517824740239, "9.795918367346939": 0.5011357706654065}