{"0.20408163265306123": 1.5132894082624345e-08, "0.40816326530612246": 3.1197915059698904e-08, "0.0": 0.0, "1.2244897959183674": 1.0674443617051948e-07, "0.8163265306122449": 6.649157177305456e-08, "0.6122448979591837": 4.828395331329208e-08, "1.0204081632653061": 8.593497987808545e-08, "1.4285714285714286": 1.2906909667608958e-07, "1.6326530612244898": 1.530809354141734e-07, "1.836734693877551": 1.7897862303342227e-07, "2.4489795918367347": 2.7050537124144997e-07, "2.2448979591836737": 2.373960745143473e-07, "2.0408163265306123": 2.0699333107590158e-07, "2.6530612244897958": 3.0670016682322384e-07, "3.0612244897959187": 3.9024734396874707e-07, "3.4693877551020407": 4.929318410263566e-07, "2.857142857142857": 3.46432445131874e-07, "3.2653061224489797": 4.388088692707696e-07, "3.673469387755102": 5.536306788528672e-07, "3.8775510204081636": 6.221802921187431e-07, "4.081632653061225": 7.002105848124071e-07, "4.285714285714286": 7.898329627621844e-07, "4.4897959183673475": 8.938399349761313e-07, "4.8979591836734695": 1.1615014690642565e-06, "4.6938775510204085": 1.0159945776744631e-06, "5.3061224489795915": 1.555696316625497e-06, "5.1020408163265305": 1.3377690695730454e-06, "5.510204081632653": 1.8320419541504658e-06, "5.714285714285714": 2.1939179258438934e-06, "6.326530612244898": 4.534074519599517e-06, "5.918367346938775": 2.688320839095255e-06, "6.122448979591837": 3.4043458875079067e-06, "6.530612244897959": 6.581794881926505e-06, "6.73469387755102": 1.1431585462805737e-05, "7.142857142857143": 0.03103835006794344, "7.346938775510204": 0.08525309429950169, "7.755102040816327": 0.18224601525444278, "6.938775510204081": 3.727573126982412e-05, "7.551020408163265": 0.13553964759685386, "7.959183673469388": 0.22569072132118892, "8.16326530612245": 0.26615444107069897, "8.36734693877551": 0.30388893414389817, "8.571428571428571": 0.339115708245827, "8.775510204081632": 0.37203283582024704, "8.979591836734695": 0.4028164671955071, "9.183673469387756": 0.4316216908544089, "9.387755102040817": 0.4585872392352134, "9.591836734693878": 0.48383612202413984, "10.0": 0.5296022796369994, "9.795918367346939": 0.507475799958771}