{"0.20408163265306123": 1.5021986342896598e-08, "0.40816326530612246": 3.0969405681853586e-08, "0.0": 0.0, "1.2244897959183674": 1.0596446304006525e-07, "0.8163265306122449": 6.600513912925162e-08, "1.0204081632653061": 8.530668263378186e-08, "0.6122448979591837": 4.793050978970931e-08, "1.4285714285714286": 1.2812656480548992e-07, "1.6326530612244898": 1.5196372645314736e-07, "1.836734693877551": 1.7767319134157812e-07, "2.4489795918367347": 2.6853590345723835e-07, "2.2448979591836737": 2.3566663106966428e-07, "2.0408163265306123": 2.054844702307104e-07, "2.6530612244897958": 3.0446851054408205e-07, "3.0612244897959187": 3.8741116045449133e-07, "3.4693877551020407": 4.893536548028187e-07, "2.857142857142857": 3.439131890660048e-07, "3.2653061224489797": 4.3562166030831027e-07, "3.673469387755102": 5.496142757860843e-07, "3.8775510204081636": 6.176692734538172e-07, "4.081632653061225": 6.951368422826197e-07, "4.285714285714286": 7.841132193987723e-07, "4.4897959183673475": 8.87370851953145e-07, "4.8979591836734695": 1.1531051959823424e-06, "4.6938775510204085": 1.0086457815953773e-06, "5.3061224489795915": 1.5444638272215755e-06, "5.1020408163265305": 1.3281043319550292e-06, "5.510204081632653": 1.8188220282571077e-06, "5.714285714285714": 2.1780961023811204e-06, "6.326530612244898": 4.501434296347718e-06, "5.918367346938775": 2.668945026339756e-06, "6.122448979591837": 3.379823921113069e-06, "6.530612244897959": 6.5344414324928275e-06, "6.73469387755102": 1.1349388430204843e-05, "7.142857142857143": 0.03081872950914401, "7.346938775510204": 0.0846665099326656, "7.755102040816327": 0.18105952952246082, "6.938775510204081": 3.700786742884e-05, "7.551020408163265": 0.13463259879959386, "7.959183673469388": 0.22426100214263894, "8.16326530612245": 0.26451350047160554, "8.36734693877551": 0.30206511163829447, "8.571428571428571": 0.3371341417269668, "8.775510204081632": 0.3699158506068336, "8.979591836734695": 0.40058391818398703, "9.183673469387756": 0.4292912640510033, "9.387755102040817": 0.45617470424119866, "9.591836734693878": 0.48135555638301425, "10.0": 0.5270220807718091, "9.795918367346939": 0.5049397882414253}