{"0.20408163265306123": 1.6666663237312247e-07, "2.2448979591836737": 0.769840258236471, "2.4489795918367347": 0.8177147544804374, "3.8775510204081636": 0.9573807677811152, "3.0612244897959187": 0.9051222331039986, "3.2653061224489797": 0.9227887891612373, "3.673469387755102": 0.9482211230003635, "0.6122448979591837": 8.617008860151929e-07, "0.40816326530612246": 4.218747516748401e-07, "2.0408163265306123": 0.7063111422626479, "2.6530612244897958": 0.8543713525274237, "3.4693877551020407": 0.936889564018433, "2.857142857142857": 0.8828115183377642, "1.836734693877551": 0.6203508058143993, "1.6326530612244898": 0.5011895407030086, "0.8163265306122449": 1.7999926680450708e-06, "1.0204081632653061": 5.192189103448775e-06, "1.4285714285714286": 0.33085058270527873, "1.2244897959183674": 0.077410724812056, "0.0": 0.0, "5.714285714285714": 0.9919131668243012, "5.1020408163265305": 0.9861081189018694, "4.081632653061225": 0.9648223095601978, "4.6938775510204085": 0.9799558262718958, "4.8979591836734695": 0.9833246604556026, "5.510204081632653": 0.9903247685161163, "6.938775510204081": 0.9971680253111233, "5.3061224489795915": 0.9884128777049389, "6.326530612244898": 0.9952497344475625, "6.122448979591837": 0.9943341117677673, "6.73469387755102": 0.996644381226109, "6.530612244897959": 0.9960115975394245, "5.918367346938775": 0.9932343540621155, "4.4897959183673475": 0.9758683198757291, "7.142857142857143": 0.9975984719380795, "7.551020408163265": 0.9982268617025338, "4.285714285714286": 0.9708945483508031, "8.571428571428571": 0.9987123877703298, "9.183673469387756": 0.9982469135598417, "7.959183673469388": 0.998595773190972, "8.36734693877551": 0.9987322758492031, "9.591836734693878": 0.997514413985041, "8.16326530612245": 0.9986927573284968, "10.0": 0.9963289750968375, "8.775510204081632": 0.9986291475165276, "8.979591836734695": 0.9984766252284489, "7.755102040816327": 0.998441217266102, "9.387755102040817": 0.9979301288729394, "9.795918367346939": 0.9969859488854454, "7.346938775510204": 0.9979482395477264}