{"0.20408163265306123": 1.4814811766499777e-07, "2.2448979591836737": 0.684302451765752, "2.4489795918367347": 0.7268575595381666, "3.8775510204081636": 0.8510051269165468, "3.0612244897959187": 0.8045530960924435, "3.2653061224489797": 0.8202567014766552, "3.673469387755102": 0.8428632204447675, "0.6122448979591837": 7.659563431246161e-07, "0.40816326530612246": 3.749997792665247e-07, "2.0408163265306123": 0.627832126455687, "2.6530612244897958": 0.7594412022465987, "3.4693877551020407": 0.8327907235719407, "2.857142857142857": 0.7847213496335682, "1.836734693877551": 0.5514229385016882, "1.6326530612244898": 0.4455018139582299, "0.8163265306122449": 1.5999934827067298e-06, "1.0204081632653061": 4.6152792030655796e-06, "1.4285714285714286": 0.2940894068491366, "1.2244897959183674": 0.06880953316627202, "0.0": 0.0, "5.714285714285714": 0.8817005927327123, "5.1020408163265305": 0.876540550134995, "4.081632653061225": 0.8576198307201757, "4.6938775510204085": 0.8710718455750185, "4.8979591836734695": 0.8740663648494246, "5.510204081632653": 0.8802886831254367, "6.938775510204081": 0.886371578054332, "5.3061224489795915": 0.8785892246266123, "6.326530612244898": 0.8846664306200556, "6.122448979591837": 0.883852543793571, "6.73469387755102": 0.8859061166454306, "6.530612244897959": 0.8853436422572663, "5.918367346938775": 0.882874981388547, "4.4897959183673475": 0.8674385065562035, "7.142857142857143": 0.8867541972782929, "7.551020408163265": 0.8873127659578078, "4.285714285714286": 0.8630173763118251, "8.571428571428571": 0.8877443446847376, "9.183673469387756": 0.8873305898309708, "7.959183673469388": 0.8876406872808641, "8.36734693877551": 0.8877620229770692, "9.591836734693878": 0.8866794790978141, "8.16326530612245": 0.8877268954031078, "10.0": 0.8856257556416334, "8.775510204081632": 0.8876703533480246, "8.979591836734695": 0.8875347779808433, "7.755102040816327": 0.8875033042365351, "9.387755102040817": 0.887049003442613, "9.795918367346939": 0.886209732342618, "7.346938775510204": 0.8870651018202013}