{"0.0": 0.0, "0.20408163265306123": 2.8777848971534958e-08, "0.40816326530612246": 6.164455547594393e-08, "0.6122448979591837": 9.953823423526107e-08, "1.0204081632653061": 1.9585288831698947e-07, "0.8163265306122449": 1.4370773758684963e-07, "1.4285714285714286": 3.3461445170275227e-07, "1.6326530612244898": 4.2976830527085346e-07, "1.2244897959183674": 2.583482857159572e-07, "1.836734693877551": 5.51816360931432e-07, "2.0408163265306123": 7.140355434113871e-07, "2.4489795918367347": 1.2772569741378087e-06, "2.2448979591836737": 9.401716438201084e-07, "2.6530612244897958": 1.8335117116589515e-06, "2.857142857142857": 2.9256072834286896e-06, "3.0612244897959187": 6.047120207028566e-06, "4.081632653061225": 0.31214543950922574, "3.8775510204081636": 0.2473354963474769, "3.4693877551020407": 0.08929667748449453, "3.673469387755102": 0.1736354132290325, "4.285714285714286": 0.3694593411454429, "3.2653061224489797": 9.015064711574116e-05, "4.6938775510204085": 0.4658965519277359, "4.4897959183673475": 0.420404056131022, "5.3061224489795915": 0.5765922244532933, "4.8979591836734695": 0.5066918413820645, "5.1020408163265305": 0.5434163114598115, "5.510204081632653": 0.6066602985230556, "5.714285714285714": 0.6339927184213023, "5.918367346938775": 0.6589073584680328, "6.122448979591837": 0.6816757499626303, "6.326530612244898": 0.7025319881017124, "6.73469387755102": 0.7392905122906043, "6.530612244897959": 0.7216785320472558, "6.938775510204081": 0.7555210354887857, "7.142857142857143": 0.7705032795679889, "7.755102040816327": 0.8090582884145919, "7.346938775510204": 0.7843542023336928, "7.551020408163265": 0.7971759478268439, "8.16326530612245": 0.8303095458067413, "7.959183673469388": 0.8200799491274132, "8.571428571428571": 0.8486249623006283, "8.36734693877551": 0.8398072272303443, "8.775510204081632": 0.8568076955388968, "8.979591836734695": 0.8643938171161387, "9.387755102040817": 0.8778993414062982, "9.183673469387756": 0.871415466710401, "9.795918367346939": 0.889334711347235, "9.591836734693878": 0.8838669415767137, "10.0": 0.8943147694582064}