{"0.0": 0.0, "0.20408163265306123": 3.7865590616185716e-08, "0.40816326530612246": 8.111125658191226e-08, "0.6122448979591837": 1.3097135921080156e-07, "1.0204081632653061": 2.577011625466801e-07, "0.8163265306122449": 1.890891250164621e-07, "1.4285714285714286": 4.4028215492850836e-07, "1.6326530612244898": 5.65484581904217e-07, "1.2244897959183674": 3.3993194394222056e-07, "1.836734693877551": 7.260741091765776e-07, "2.0408163265306123": 9.39520368232981e-07, "2.4489795918367347": 1.6806010141834546e-06, "2.2448979591836737": 1.2370678074155234e-06, "2.6530612244897958": 2.412514858686931e-06, "2.857142857142857": 3.849481863807905e-06, "3.0612244897959187": 7.956731116740279e-06, "4.081632653061225": 0.3925744077222201, "3.8775510204081636": 0.3143735203400215, "3.4693877551020407": 0.11614319267568521, "3.673469387755102": 0.2231796498025254, "4.285714285714286": 0.4600225983061468, "3.2653061224489797": 0.00011861793947914105, "4.6938775510204085": 0.5694469536307166, "4.4897959183673475": 0.5185026424184009, "5.3061224489795915": 0.6876773267334375, "4.8979591836734695": 0.6140182033559598, "5.1020408163265305": 0.6531674807732966, "5.510204081632653": 0.7181984647773655, "5.714285714285714": 0.7452733243707619, "5.918367346938775": 0.7693584637728257, "6.122448979591837": 0.7908388552012635, "6.326530612244898": 0.810041693197246, "6.73469387755102": 0.8426903572654143, "6.530612244897959": 0.8272460555279976, "6.938775510204081": 0.8565799662161933, "7.142857142857143": 0.8690913980029805, "7.755102040816327": 0.8997836764012958, "7.346938775510204": 0.8803774637239529, "7.551020408163265": 0.8905700858784457, "8.16326530612245": 0.9156565885132567, "7.959183673469388": 0.9081173388075601, "8.571428571428571": 0.9286372449995496, "8.36734693877551": 0.9224754248861047, "8.775510204081632": 0.93419628072727, "8.979591836734695": 0.9391984332418686, "9.387755102040817": 0.9476782373577115, "9.183673469387756": 0.9436819281348515, "9.795918367346939": 0.9543042270468436, "9.591836734693878": 0.9512125633076758, "10.0": 0.9569673836121899}