{"0.0": 0.0, "0.20408163265306123": 2.2719354541767786e-08, "0.40816326530612246": 4.866675473863171e-08, "0.6122448979591837": 7.85828175849007e-08, "1.0204081632653061": 1.5462070549719567e-07, "0.8163265306122449": 1.1345347930044128e-07, "1.4285714285714286": 2.641693162189149e-07, "1.6326530612244898": 3.392907875152778e-07, "1.2244897959183674": 2.0395918023178167e-07, "1.836734693877551": 4.3564452876800135e-07, "2.0408163265306123": 5.637123268636578e-07, "2.4489795918367347": 1.0083609474407113e-06, "2.2448979591836737": 7.422408680898312e-07, "2.6530612244897958": 1.4475096136402986e-06, "2.857142857142857": 2.3096908965092113e-06, "3.0612244897959187": 4.7740462672207586e-06, "4.081632653061225": 0.2585261273672296, "3.8775510204081636": 0.20264348035244711, "3.4693877551020407": 0.07139900069036748, "3.673469387755102": 0.14060592218003717, "4.285714285714286": 0.30908383637164033, "3.2653061224489797": 7.117245220680785e-05, "4.6938775510204085": 0.39686295079241524, "4.4897959183673475": 0.35500499860610313, "5.3061224489795915": 0.5025354895998639, "4.8979591836734695": 0.43514093339946763, "5.1020408163265305": 0.47024886525082155, "5.510204081632653": 0.5323015210201821, "5.714285714285714": 0.5598056477883299, "5.918367346938775": 0.5852732882648376, "6.122448979591837": 0.6089003464702082, "6.326530612244898": 0.6308588513713571, "6.73469387755102": 0.6703572823073973, "6.530612244897959": 0.6513001830600947, "6.938775510204081": 0.6881484150038475, "7.142857142857143": 0.7047778672779947, "7.755102040816327": 0.7485746964234561, "7.346938775510204": 0.7203386947401861, "7.551020408163265": 0.734913189125776, "8.16326530612245": 0.7734115173357307, "7.959183673469388": 0.7613883560073154, "8.571428571428571": 0.7952834405013476, "8.36734693877551": 0.7846950954598376, "8.775510204081632": 0.8052153054133145, "8.979591836734695": 0.8145240730323187, "9.387755102040817": 0.8313800774386894, "9.183673469387756": 0.8232378257607676, "9.795918367346939": 0.8460217008808291, "9.591836734693878": 0.8389698604227392, "10.0": 0.8525463600222174}