{"0.20408163265306123": 1.3178347302300608e-13, "0.40816326530612246": 9.218825702816957e-11, "1.0204081632653061": 1.1148526546378434e-11, "1.2244897959183674": 4.319303803512753e-10, "0.6122448979591837": 7.685740932572571e-12, "3.8775510204081636": 0.5233760237288152, "0.8163265306122449": 3.7265357466509386e-10, "3.673469387755102": 0.48297200817274977, "1.6326530612244898": 7.582708905218283e-10, "3.2653061224489797": 0.38781026509823824, "3.0612244897959187": 0.3313989325184439, "1.836734693877551": -2.8094881976414854e-10, "1.4285714285714286": 3.263866954483774e-11, "2.6530612244897958": 0.19510919914429692, "3.4693877551020407": 0.43802992921910344, "2.857142857142857": 0.26765079238759704, "2.4489795918367347": 0.11188867498687749, "2.0408163265306123": 1.006434824368796e-09, "0.0": 0.0, "2.2448979591836737": 0.015498951340282896, "4.081632653061225": 0.5598474633589995, "5.1020408163265305": 0.6981915580088063, "4.285714285714286": 0.5928873953917078, "4.8979591836734695": 0.6752884449875114, "4.6938775510204085": 0.6502815792548208, "5.918367346938775": 0.7727703643047215, "6.122448979591837": 0.7879458540118293, "5.3061224489795915": 0.719211820359869, "6.530612244897959": 0.8149881864548666, "6.938775510204081": 0.8382373828243487, "4.4897959183673475": 0.6229144810073438, "5.510204081632653": 0.7385406421348353, "5.714285714285714": 0.7563448024147876, "6.73469387755102": 0.8270456097454113, "6.326530612244898": 0.8019848621121631, "7.142857142857143": 0.8486354696879304, "7.346938775510204": 0.8583045982560615, "7.551020408163265": 0.8673031517968193, "7.755102040816327": 0.8756839288876147, "7.959183673469388": 0.8834947943211706, "8.571428571428571": 0.9039237998211311, "8.36734693877551": 0.8975768640781779, "8.16326530612245": 0.8907792390750053, "9.387755102040817": 0.9254250170983872, "9.183673469387756": 0.9205770763895335, "8.979591836734695": 0.9153949193206555, "9.591836734693878": 0.9299621734748161, "8.775510204081632": 0.9098530717073325, "9.795918367346939": 0.9342101278256881, "10.0": 0.9381887835737409}