{"0.20408163265306123": 2.509104035652854e-13, "0.40816326530612246": 1.754398848419214e-10, "1.0204081632653061": 2.1373236513966276e-11, "1.2244897959183674": 8.328334688556538e-10, "0.6122448979591837": 1.463562604442359e-11, "3.8775510204081636": 0.7728295850563567, "0.8163265306122449": 7.113550859472184e-10, "3.673469387755102": 0.7326820555211667, "1.6326530612244898": 1.483166256477375e-09, "3.2653061224489797": 0.6252237284388289, "3.0612244897959187": 0.5529726125243886, "1.836734693877551": -5.539220193639949e-10, "1.4285714285714286": 6.336742242041282e-11, "2.6530612244897958": 0.3521507986929845, "3.4693877551020407": 0.6841896394787957, "2.857142857142857": 0.46366463802746105, "2.4489795918367347": 0.21125827437904654, "2.0408163265306123": 1.9982112631211635e-09, "0.0": 0.0, "2.2448979591836737": 0.03075768518549804, "4.081632653061225": 0.8062657442023988, "5.1020408163265305": 0.9089116621010933, "4.285714285714286": 0.8342593267249955, "4.8979591836734695": 0.894562404481897, "4.6938775510204085": 0.8776970251640973, "5.918367346938775": 0.9483666838901129, "6.122448979591837": 0.9550330272433861, "5.3061224489795915": 0.9211579949612106, "6.530612244897959": 0.9657706075932426, "6.938775510204081": 0.9738328195635384, "4.4897959183673475": 0.8578065106851911, "5.510204081632653": 0.9316389996328666, "5.714285714285714": 0.9406321383283149, "6.73469387755102": 0.9700867510239574, "7.142857142857143": 0.977088732656612, "6.326530612244898": 0.9607899891473873, "7.346938775510204": 0.9799223543832136, "7.551020408163265": 0.9823914727148374, "7.755102040816327": 0.9845454227403337, "7.959183673469388": 0.9864264240610874, "8.571428571428571": 0.9907691634736494, "8.36734693877551": 0.9895093343182558, "8.16326530612245": 0.9880706874540832, "9.387755102040817": 0.994438188013486, "9.183673469387756": 0.9936916692420842, "8.979591836734695": 0.9928416987952747, "9.591836734693878": 0.9950942593228844, "8.775510204081632": 0.9918732929290747, "9.795918367346939": 0.9956711837996157, "10.0": 0.9961787934300022}