{"0.20408163265306123": 1.973032848212597e-13, "0.40816326530612246": 1.379766523257331e-10, "1.0204081632653061": 1.677211702855175e-11, "1.2244897959183674": 6.524270790286836e-10, "0.6122448979591837": 1.1508177744090632e-11, "3.8775510204081636": 0.660575482458963, "0.8163265306122449": 5.589394058702623e-10, "3.673469387755102": 0.6203125342143792, "1.6326530612244898": 1.156963341797379e-09, "3.2653061224489797": 0.5183876699355632, "3.0612244897959187": 0.45326445652171354, "1.836734693877551": -4.3108407954406405e-10, "1.4285714285714286": 4.9539483626404035e-11, "2.6530612244897958": 0.2814820788960751, "3.4693877551020407": 0.5734177698619343, "2.857142857142857": 0.37545840748952225, "2.4489795918367347": 0.1665419546525705, "2.0408163265306123": 1.5519118656825983e-09, "0.0": 0.0, "2.2448979591836737": 0.023891254955151226, "4.081632653061225": 0.6953775178228692, "5.1020408163265305": 0.8140876152595642, "4.285714285714286": 0.725641957625016, "4.8979591836734695": 0.7958891227094236, "4.6938775510204085": 0.775360074504923, "5.918367346938775": 0.8693483400766868, "6.122448979591837": 0.8798437992891857, "5.3061224489795915": 0.830282216390607, "6.530612244897959": 0.8979185180809734, "6.938775510204081": 0.912814873030903, "4.4897959183673475": 0.7521050973301598, "5.510204081632653": 0.8447447387587526, "5.714285714285714": 0.8577028371672277, "6.73469387755102": 0.9057182374486117, "7.142857142857143": 0.9192847643207053, "6.326530612244898": 0.8893276819815366, "7.346938775510204": 0.9251943641259952, "7.551020408163265": 0.9306017283017293, "7.755102040816327": 0.9355577505066102, "7.959183673469388": 0.9401071906781249, "8.571428571428571": 0.9516887498300162, "8.36734693877551": 0.9481397227102208, "8.16326530612245": 0.9442895356834982, "9.387755102040817": 0.9633822611016916, "9.183673469387756": 0.9607901024584364, "8.979591836734695": 0.9579906480316962, "9.591836734693878": 0.9657848206912538, "8.775510204081632": 0.9549641933792907, "9.795918367346939": 0.9680137086113483, "10.0": 0.9700832889946847}