{"0.40816326530612246": 8.12469178071122e-08, "1.0204081632653061": 2.2658099310336453e-07, "0.8163265306122449": 1.7453538206901442e-07, "0.20408163265306123": 3.9271439369233685e-08, "1.836734693877551": 4.824941351143848e-07, "1.6326530612244898": 4.100841087236979e-07, "2.4489795918367347": 7.461987012751198e-07, "2.2448979591836737": 6.49361288294426e-07, "2.6530612244897958": 8.540112532758433e-07, "1.4285714285714286": 3.437733294518581e-07, "0.6122448979591837": 1.262216608973252e-07, "1.2244897959183674": 2.828154445462366e-07, "2.0408163265306123": 5.618951114437333e-07, "2.857142857142857": 9.747907716378754e-07, "3.4693877551020407": 1.4436770261547423e-06, "3.2653061224489797": 1.2659581551942407e-06, "3.8775510204081636": 1.8912432089332736e-06, "3.673469387755102": 1.6496556786379302e-06, "3.0612244897959187": 1.1110418409524978e-06, "0.0": 0.0, "4.285714285714286": 2.526050586887747e-06, "4.081632653061225": 2.1785781543963178e-06, "4.4897959183673475": 2.954791432064447e-06, "4.8979591836734695": 4.20522784788229e-06, "5.1020408163265305": 5.1688050609835955e-06, "4.6938775510204085": 3.4971426008068157e-06, "5.3061224489795915": 6.556707840664938e-06, "6.530612244897959": 0.08973647623385467, "5.510204081632653": 8.728509064922784e-06, "5.714285714285714": 1.26098453564617e-05, "7.551020408163265": 0.32667504380677953, "6.938775510204081": 0.19604565074762623, "5.918367346938775": 2.1528754575890762e-05, "7.142857142857143": 0.24305712747200453, "6.73469387755102": 0.14508103085177906, "7.755102040816327": 0.3638992773385971, "7.346938775510204": 0.28649059434032165, "6.122448979591837": 6.337010732633133e-05, "7.959183673469388": 0.39841710649830836, "6.326530612244898": 0.029554241381357774, "8.16326530612245": 0.4304517787376296, "8.775510204081632": 0.513505838971505, "8.36734693877551": 0.46019973083981425, "8.571428571428571": 0.48783377877522505, "8.979591836734695": 0.537349260517807, "9.183673469387756": 0.5594808341254186, "9.387755102040817": 0.5800025322342209, "10.0": 0.6327363910216974, "9.795918367346939": 0.6165590114398549, "9.591836734693878": 0.5990030252756942}