{"0.40816326530612246": 5.174319225219821e-08, "1.0204081632653061": 1.4395979308335266e-07, "0.8163265306122449": 1.1097926016233164e-07, "0.20408163265306123": 2.5030559764053966e-08, "1.836734693877551": 3.0561128983211104e-07, "1.6326530612244898": 2.599453946333293e-07, "2.4489795918367347": 4.71573189784565e-07, "2.2448979591836737": 4.1068277253653673e-07, "2.6530612244897958": 5.393054592554961e-07, "1.4285714285714286": 2.1807976042997474e-07, "0.6122448979591837": 8.032210647173501e-08, "1.2244897959183674": 1.7954878885092674e-07, "2.0408163265306123": 3.5563370707376314e-07, "2.857142857142857": 6.151220523411879e-07, "3.4693877551020407": 9.090087967804974e-07, "3.2653061224489797": 7.976872797621377e-07, "3.8775510204081636": 1.1891066259278875e-06, "3.673469387755102": 1.0379538729002874e-06, "3.0612244897959187": 7.005852771153305e-07, "0.0": 0.0, "4.285714285714286": 1.5859833349339113e-06, "4.081632653061225": 1.368791114780816e-06, "4.4897959183673475": 1.8538639562839388e-06, "4.8979591836734695": 2.6347240597640136e-06, "5.1020408163265305": 3.2362037217080262e-06, "4.6938775510204085": 2.192606612441482e-06, "5.3061224489795915": 4.102357290124105e-06, "6.530612244897959": 0.05597404300018802, "5.510204081632653": 5.457471994358902e-06, "5.714285714285714": 7.878923005267765e-06, "7.551020408163265": 0.20376685475309514, "6.938775510204081": 0.12228545855938376, "5.918367346938775": 1.3442607381625363e-05, "7.142857142857143": 0.15160933943244062, "6.73469387755102": 0.09049576492103079, "7.755102040816327": 0.22698584436549496, "7.346938775510204": 0.17870140071423193, "6.122448979591837": 3.9541993136493114e-05, "7.959183673469388": 0.2485166870633565, "6.326530612244898": 0.018434769434776097, "8.16326530612245": 0.26849863568745097, "8.775510204081632": 0.3203044401100573, "8.36734693877551": 0.2870542196547709, "8.571428571428571": 0.30429123466298763, "8.979591836734695": 0.3351770138300374, "9.183673469387756": 0.3489818052024582, "9.387755102040817": 0.3617824205612038, "10.0": 0.3946756947616034, "9.795918367346939": 0.384584891721879, "9.591836734693878": 0.3736341689787965}