{"0.20408163265306123": 2.609024107869118e-14, "0.8163265306122449": 7.238654120556021e-14, "3.0612244897959187": 0.6949776817586278, "1.0204081632653061": 5.713540751628443e-12, "1.4285714285714286": 3.967048911590609e-12, "1.2244897959183674": -3.725464381432175e-12, "0.40816326530612246": -2.220446049250313e-16, "3.8775510204081636": 0.8387744990992534, "2.4489795918367347": 0.4784910456508419, "3.2653061224489797": 0.741675876074978, "3.673469387755102": 0.8120836378024888, "2.857142857142857": 0.6377924365356222, "1.6326530612244898": -1.8901324949638365e-11, "0.6122448979591837": -1.0815792705898275e-12, "2.6530612244897958": 0.567049590880562, "3.4693877551020407": 0.7801468608411829, "2.2448979591836737": 0.36607049722188534, "0.0": 0.0, "2.0408163265306123": 0.22096093245273163, "4.081632653061225": 0.8612133972103784, "6.530612244897959": 0.9730267097754116, "1.836734693877551": 0.029843618399228333, "4.285714285714286": 0.8801766728153437, "5.510204081632653": 0.9480237593694956, "7.142857142857143": 0.9816058013180307, "5.3061224489795915": 0.9405234258978484, "6.326530612244898": 0.9693078587974046, "5.714285714285714": 0.9545161569930756, "4.4897959183673475": 0.8962774001319549, "4.8979591836734695": 0.9217515183849021, "6.122448979591837": 0.9650443706891864, "6.73469387755102": 0.9762753293488684, "5.918367346938775": 0.9601484626611207, "7.346938775510204": 0.983787949559048, "5.1020408163265305": 0.931837539703755, "4.6938775510204085": 0.9100045308057505, "6.938775510204081": 0.9791170160729542, "7.551020408163265": 0.9857031884382742, "7.755102040816327": 0.9873857225182059, "8.775510204081632": 0.9932131931404861, "7.959183673469388": 0.9888650728183678, "8.36734693877551": 0.9913129643620933, "8.16326530612245": 0.9901667752798927, "8.979591836734695": 0.9939985277801956, "9.183673469387756": 0.9946915829290188, "9.387755102040817": 0.9953034708011964, "8.571428571428571": 0.9923228626440919, "9.591836734693878": 0.9958439139841678, "10.0": 0.9967434838062527, "9.795918367346939": 0.9963214290029075}