{"0.20408163265306123": 2.425837308805967e-14, "0.8163265306122449": 6.73239242132695e-14, "3.0612244897959187": 0.6554474369170102, "1.0204081632653061": 5.314215734131267e-12, "1.4285714285714286": 3.689570871046044e-12, "1.2244897959183674": -3.4650060598551136e-12, "0.40816326530612246": -2.220446049250313e-16, "3.8775510204081636": 0.7970568046758209, "2.4489795918367347": 0.44838386817721937, "3.2653061224489797": 0.7008814064856418, "3.673469387755102": 0.7703147842417186, "2.857142857142857": 0.6002758889401908, "1.6326530612244898": -1.7578694055941926e-11, "0.6122448979591837": -1.0060396959943319e-12, "2.6530612244897958": 0.5325532570810747, "3.4693877551020407": 0.7386517533259358, "2.2448979591836737": 0.3422442092716524, "0.0": 0.0, "2.0408163265306123": 0.20608197582195778, "4.081632653061225": 0.8197947146423478, "6.530612244897959": 0.9418957842205291, "1.836734693877551": 0.027764078256360267, "4.285714285714286": 0.8392460023744706, "5.510204081632653": 0.9120361615149695, "7.142857142857143": 0.9532872469192859, "5.3061224489795915": 0.9035862471097511, "6.326530612244898": 0.9372123026340569, "5.714285714285714": 0.9194953602583257, "4.4897959183673475": 0.8559783636798823, "4.8979591836734695": 0.8830131720919638, "6.122448979591837": 0.9319758320392245, "6.73469387755102": 0.9460971853853939, "5.918367346938775": 0.9261029983413409, "7.346938775510204": 0.9563723862923783, "5.1020408163265305": 0.8939788885336218, "4.6938775510204085": 0.870445474124293, "6.938775510204081": 0.9498770473798636, "7.551020408163265": 0.9591709344928905, "7.755102040816327": 0.9617161688710114, "8.775510204081632": 0.9715321836440579, "7.959183673469388": 0.9640369559518615, "8.36734693877551": 0.9681023967284961, "8.16326530612245": 0.9661584019003727, "8.979591836734695": 0.9730494436157295, "9.183673469387756": 0.9744527915392589, "9.387755102040817": 0.9757536334007132, "8.571428571428571": 0.9698880714599708, "9.591836734693878": 0.9769620426234211, "10.0": 0.9791362059609937, "9.795918367346939": 0.9780869327859627}