{"0.20408163265306123": 4.1094016862791237e-08, "0.8163265306122449": 2.509028780058138e-07, "0.40816326530612246": 9.286300138419393e-08, "3.8775510204081636": 0.6656199614372407, "3.4693877551020407": 0.589623151809899, "3.2653061224489797": 0.5433060127290026, "1.0204081632653061": 3.8037029937437166e-07, "0.6122448979591837": 1.6008740337701172e-07, "2.4489795918367347": 0.2696999459427937, "3.673469387755102": 0.6300801434353558, "3.0612244897959187": 0.48993629092337143, "1.6326530612244898": 1.6831166439096521e-06, "2.857142857142857": 0.4279842908563811, "2.6530612244897958": 0.3554554241880505, "1.4285714285714286": 9.271015224613334e-07, "1.2244897959183674": 5.798363067183836e-07, "2.2448979591836737": 0.16712114030326142, "0.0": 0.0, "1.836734693877551": 4.601693249152619e-06, "2.0408163265306123": 0.04271774712782239, "5.1020408163265305": 0.809448392860214, "4.081632653061225": 0.6969978682593926, "4.8979591836734695": 0.7915987153408536, "4.6938775510204085": 0.7717470483716309, "4.4897959183673475": 0.7496042228756581, "5.510204081632653": 0.8400827732915244, "6.326530612244898": 0.8859594554227546, "6.122448979591837": 0.8760682006710562, "5.918367346938775": 0.865204227986605, "4.285714285714286": 0.7248257055556159, "5.714285714285714": 0.8532530835862853, "5.3061224489795915": 0.8255404658625408, "6.530612244897959": 0.8949775714021104, "6.73469387755102": 0.903209419030115, "7.346938775510204": 0.9239003293509596, "7.959183673469388": 0.9397366662756718, "7.142857142857143": 0.9176085241829197, "6.938775510204081": 0.9107309264255923, "7.551020408163265": 0.9296571167462727, "7.755102040816327": 0.9349231161071632, "8.571428571428571": 0.9517682648663667, "8.775510204081632": 0.9550544823174144, "8.16326530612245": 0.9441307520013257, "8.36734693877551": 0.9481334446614887, "8.979591836734695": 0.9580073662289083, "9.795918367346939": 0.9666621423974152, "10.0": 0.9680509695215098, "9.387755102040817": 0.9629554561346082, "9.183673469387756": 0.9606383979607827, "9.591836734693878": 0.9649629833278401}