{"0.20408163265306123": 7.005507285384738e-14, "1.2244897959183674": 2.142819255368522e-11, "3.2653061224489797": 0.4521471848523274, "1.836734693877551": 1.8634704890274634e-10, "1.4285714285714286": 3.329971853816005e-10, "1.0204081632653061": 6.745715097622451e-13, "0.8163265306122449": 5.996503293914657e-11, "0.40816326530612246": 4.318190249819054e-11, "3.4693877551020407": 0.5285020257822659, "1.6326530612244898": 1.2345791056134203e-11, "3.8775510204081636": 0.6461573873276492, "0.6122448979591837": 1.3857803793371204e-12, "3.673469387755102": 0.5923663797687313, "2.0408163265306123": 4.592737301578609e-11, "2.2448979591836737": 9.884415508309985e-11, "3.0612244897959187": 0.36013403839521296, "2.6530612244897958": 0.11076696447411238, "2.857142857142857": 0.24824551331941835, "2.4489795918367347": 8.525118389002273e-10, "0.0": 0.0, "4.285714285714286": 0.7305943974283147, "5.714285714285714": 0.8877478508592399, "4.6938775510204085": 0.7924859629731839, "5.3061224489795915": 0.8572694903868388, "4.081632653061225": 0.6917451255682543, "6.326530612244898": 0.9208385489292474, "6.530612244897959": 0.9293617275177064, "5.918367346938775": 0.9002193366673159, "5.510204081632653": 0.8735267305001502, "7.142857142857143": 0.9494944714714489, "4.4897959183673475": 0.7638653318099723, "5.1020408163265305": 0.838633275706492, "6.938775510204081": 0.9435731436548276, "4.8979591836734695": 0.8172053941105848, "7.551020408163265": 0.9594341107718879, "7.755102040816327": 0.9636018238913366, "6.122448979591837": 0.9111818485103695, "6.73469387755102": 0.9368981103447849, "7.346938775510204": 0.9547547762193715, "7.959183673469388": 0.9673181573177834, "9.183673469387756": 0.9826574496314233, "9.795918367346939": 0.9872840051918703, "8.16326530612245": 0.9706355767203146, "8.979591836734695": 0.980750918068506, "8.36734693877551": 0.97359988570301, "8.775510204081632": 0.9786245478190377, "9.591836734693878": 0.9859040505964675, "10.0": 0.9885245531775486, "9.387755102040817": 0.9843681057268352, "8.571428571428571": 0.976251162075771}