{"0.40816326530612246": 4.210405546269267e-08, "1.0204081632653061": 1.1592191387069656e-07, "2.2448979591836737": 3.199377456237584e-07, "0.6122448979591837": 6.515287024044206e-08, "0.20408163265306123": 2.0426219379764983e-08, "1.2244897959183674": 1.4397043785295605e-07, "2.857142857142857": 4.6666963611628395e-07, "2.0408163265306123": 2.7900729182574767e-07, "1.836734693877551": 2.412833354053286e-07, "1.4285714285714286": 1.7405367632387204e-07, "1.6326530612244898": 2.0640232813727307e-07, "2.4489795918367347": 3.6450298755652256e-07, "3.4693877551020407": 6.637090636909786e-07, "2.6530612244897958": 4.132111345133552e-07, "3.0612244897959187": 5.256107950889874e-07, "3.2653061224489797": 5.909255813180254e-07, "0.8163265306122449": 8.970769968706725e-08, "0.0": 0.0, "3.673469387755102": 7.453223984390715e-07, "3.8775510204081636": 8.374788664719253e-07, "4.4897959183673475": 1.202587888569119e-06, "4.081632653061225": 9.423655938325136e-07, "4.285714285714286": 1.0628194972833104e-06, "5.3061224489795915": 2.091713908280102e-06, "4.6938775510204085": 1.3667253891582968e-06, "5.1020408163265305": 1.7990041407403403e-06, "5.714285714285714": 2.948645110808044e-06, "5.918367346938775": 3.61212550249247e-06, "5.510204081632653": 2.4628117264564003e-06, "6.530612244897959": 8.823050889554035e-06, "6.122448979591837": 4.572411211096172e-06, "7.142857142857143": 0.01803265132070592, "6.326530612244898": 6.085840990568102e-06, "7.551020408163265": 0.08015718354850228, "7.755102040816327": 0.1078955026310657, "6.73469387755102": 1.5272869425522406e-05, "7.959183673469388": 0.1336612345565793, "4.8979591836734695": 1.5622182561552834e-06, "6.938775510204081": 4.8807011713027645e-05, "8.16326530612245": 0.15761482481401312, "8.36734693877551": 0.17989797518500716, "8.775510204081632": 0.21993811569162464, "8.571428571428571": 0.2006356813714959, "9.183673469387756": 0.25461343738633474, "8.979591836734695": 0.23790227907323908, "9.795918367346939": 0.2979306679572283, "9.591836734693878": 0.2845664651633749, "9.387755102040817": 0.27014637090877486, "10.0": 0.3102883337870587, "7.346938775510204": 0.05026565707486561}