{"0.0": 0.0, "2.4489795918367347": 0.11188867499810795, "0.20408163265306123": 0.0, "4.285714285714286": 0.5928873953894522, "0.40816326530612246": -2.0450308113595383e-13, "0.8163265306122449": 1.6631140908884845e-13, "1.2244897959183674": 6.328271240363392e-14, "0.6122448979591837": 2.886579864025407e-15, "4.4897959183673475": 0.6229144810069089, "1.4285714285714286": -4.440892098500626e-15, "4.6938775510204085": 0.6502815792243466, "5.3061224489795915": 0.7192118203370926, "2.0408163265306123": 6.907363570007874e-12, "1.836734693877551": 1.6001644453922381e-12, "3.673469387755102": 0.482972007872172, "5.510204081632653": 0.7385406421277004, "6.326530612244898": 0.8019848621314578, "5.918367346938775": 0.7727703642956187, "1.0204081632653061": 3.3306690738754696e-16, "1.6326530612244898": 1.6260326418660043e-12, "2.6530612244897958": 0.19510919923338055, "6.122448979591837": 0.787945854034421, "3.4693877551020407": 0.43802992923447903, "4.8979591836734695": 0.6752884447919856, "5.1020408163265305": 0.6981915579409542, "5.714285714285714": 0.7563448024129134, "4.081632653061225": 0.5598474633473867, "3.8775510204081636": 0.5233760236693883, "3.0612244897959187": 0.3313989323044815, "2.857142857142857": 0.26765079105914036, "3.2653061224489797": 0.38781026507906846, "2.2448979591836737": 0.015498951337424627, "6.530612244897959": 0.8149881864662489, "7.346938775510204": 0.858304598256779, "7.551020408163265": 0.8673031517970681, "7.959183673469388": 0.8834947943211888, "7.142857142857143": 0.8486354696898162, "7.755102040816327": 0.8756839288876902, "8.571428571428571": 0.9039237998211307, "6.73469387755102": 0.8270456097559581, "8.16326530612245": 0.8907792390750077, "8.775510204081632": 0.9098530717073327, "6.938775510204081": 0.8382373828289552, "8.36734693877551": 0.8975768640781774, "9.387755102040817": 0.9254250170983871, "8.979591836734695": 0.9153949193206556, "9.183673469387756": 0.9205770763895335, "9.591836734693878": 0.929962173474816, "10.0": 0.9381887835737408, "9.795918367346939": 0.934210127825688}