{"0.0": 0.0, "2.4489795918367347": 0.2112582744021141, "0.20408163265306123": -2.220446049250313e-16, "4.285714285714286": 0.8342593269512412, "0.40816326530612246": -4.0900616227190767e-13, "0.8163265306122449": 3.325117958752344e-13, "1.2244897959183674": 1.2645440250480533e-13, "0.6122448979591837": 5.773159728050814e-15, "4.4897959183673475": 0.8578065110215939, "1.4285714285714286": -9.103828801926284e-15, "4.6938775510204085": 0.8776970256317349, "5.3061224489795915": 0.9211579963035116, "2.0408163265306123": 1.3722467606669397e-11, "1.836734693877551": 3.187117236791437e-12, "5.510204081632653": 0.9316390014648828, "3.673469387755102": 0.7326820553084912, "6.326530612244898": 0.9607899945193684, "5.918367346938775": 0.9483666871181159, "1.6326530612244898": 3.2509550607073834e-12, "1.0204081632653061": 7.771561172376096e-16, "2.6530612244897958": 0.3521507988386886, "6.122448979591837": 0.9550330314415802, "3.4693877551020407": 0.6841896395359632, "4.8979591836734695": 0.8945624050866745, "5.1020408163265305": 0.9089116630512936, "5.714285714285714": 0.9406321407803273, "3.8775510204081636": 0.7728295851063112, "4.081632653061225": 0.8062657443451933, "3.0612244897959187": 0.5529726122674974, "2.857142857142857": 0.4636646361588158, "3.2653061224489797": 0.62522372844153, "2.2448979591836737": 0.030757685181797334, "6.530612244897959": 0.9657706143762097, "7.346938775510204": 0.9799223696297089, "7.755102040816327": 0.9845454440950133, "7.142857142857143": 0.9770887453302032, "7.959183673469388": 0.9864264489435247, "7.551020408163265": 0.9823914908550535, "8.571428571428571": 0.9907692006268068, "6.73469387755102": 0.9700867594822437, "8.16326530612245": 0.9880707161623105, "6.938775510204081": 0.9738328299784655, "8.775510204081632": 0.9918733346318476, "9.387755102040817": 0.9944382441172408, "8.979591836734695": 0.9928417452077619, "8.36734693877551": 0.9895093671270762, "9.183673469387756": 0.9936917204734284, "9.591836734693878": 0.9950943202936859, "10.0": 0.9961788638750346, "9.795918367346939": 0.9956712495712685}