{"0.0": 0.0, "2.4489795918367347": 0.32314694940022204, "0.20408163265306123": -2.220446049250313e-16, "4.285714285714286": 1.4271467223406933, "0.40816326530612246": -6.135092434078615e-13, "0.8163265306122449": 4.989342272665453e-13, "1.2244897959183674": 1.8984813721090177e-13, "4.4897959183673475": 1.480720992028503, "0.6122448979591837": 8.659739592076221e-15, "1.4285714285714286": -1.354472090042691e-14, "4.6938775510204085": 1.5279786048560815, "5.3061224489795915": 1.6403698166406042, "2.0408163265306123": 2.062972015437481e-11, "1.836734693877551": 4.7873927044861375e-12, "5.510204081632653": 1.6701796435925833, "3.673469387755102": 1.2156540631806632, "6.326530612244898": 1.7627748566508263, "5.918367346938775": 1.7211370514137345, "1.6326530612244898": 4.876987702573388e-12, "1.0204081632653061": 1.2212453270876722e-15, "2.6530612244897958": 0.547259998072069, "6.122448979591837": 1.742978885476001, "3.4693877551020407": 1.1222195687704422, "4.8979591836734695": 1.56985084987866, "3.8775510204081636": 1.2962056087756995, "5.1020408163265305": 1.607103220992248, "5.714285714285714": 1.6969769431932407, "4.081632653061225": 1.36611320769258, "3.0612244897959187": 0.8843715445719789, "2.857142857142857": 0.7313154272179563, "3.2653061224489797": 1.0130339935205983, "2.2448979591836737": 0.04625663651922207, "6.530612244897959": 1.7807588008424586, "7.346938775510204": 1.8382269678864878, "7.755102040816327": 1.8602293729827035, "7.142857142857143": 1.8257242150200192, "7.959183673469388": 1.8699212432647134, "8.571428571428571": 1.8946930004479376, "6.73469387755102": 1.7971323692382017, "7.551020408163265": 1.8496946426521217, "6.938775510204081": 1.8120702128074206, "8.16326530612245": 1.8788499552373181, "8.775510204081632": 1.90172640633918, "9.387755102040817": 1.919863261215628, "8.979591836734695": 1.9082366645284177, "8.36734693877551": 1.8870862312052534, "9.183673469387756": 1.914268796862962, "9.591836734693878": 1.925056493768502, "10.0": 1.9343676474487754, "9.795918367346939": 1.9298813773969565}