{"0.8163265306122449": 1.7391003529563554e-07, "0.6122448979591837": 1.1803514828209217e-07, "0.40816326530612246": 7.185996428929444e-08, "0.20408163265306123": 3.306041983165034e-08, "0.0": 0.0, "1.0204081632653061": 2.4289961820658506e-07, "1.4285714285714286": 4.443554569919215e-07, "1.2244897959183674": 3.302351109821854e-07, "1.6326530612244898": 5.998180094642105e-07, "1.836734693877551": 8.240539789734013e-07, "2.0408163265306123": 1.1756555291593754e-06, "2.2448979591836737": 1.8062017053384984e-06, "2.4489795918367347": 3.265805996385936e-06, "2.6530612244897958": 1.0327290583195999e-05, "3.0612244897959187": 0.14884778296794784, "3.4693877551020407": 0.30113968634717425, "3.2653061224489797": 0.23080867097047977, "2.857142857142857": 0.052411374509010934, "3.8775510204081636": 0.4150996717130993, "3.673469387755102": 0.3620114092881948, "4.081632653061225": 0.46171933246119545, "4.4897959183673475": 0.539517265174031, "4.285714285714286": 0.5029126982502637, "4.8979591836734695": 0.6015503317404861, "4.6938775510204085": 0.5722113023086665, "5.3061224489795915": 0.6519200023464485, "5.1020408163265305": 0.6279929865862462, "5.510204081632653": 0.6736510397998365, "6.122448979591837": 0.7281612775589552, "5.714285714285714": 0.6934549398023027, "6.326530612244898": 0.7434249387658255, "5.918367346938775": 0.7115602205882685, "6.530612244897959": 0.7574948443177297, "6.73469387755102": 0.7704946894870721, "7.142857142857143": 0.7937001037724599, "6.938775510204081": 0.782532073525356, "7.346938775510204": 0.8040800679266986, "7.551020408163265": 0.8137424756663046, "7.755102040816327": 0.822748807662773, "8.16326530612245": 0.8389994150043273, "7.959183673469388": 0.8311524640413723, "8.571428571428571": 0.8531759337999256, "8.36734693877551": 0.8463293676336854, "8.979591836734695": 0.8655272471187057, "8.775510204081632": 0.8595674426090755, "9.387755102040817": 0.8762217325427742, "9.183673469387756": 0.8710739011447597, "9.591836734693878": 0.8809809924705998, "9.795918367346939": 0.8853579210484075, "10.0": 0.8893552936233955}