{"0.8163265306122449": 9.529317515627361e-08, "0.6122448979591837": 6.467679594295975e-08, "0.40816326530612246": 3.937532377433482e-08, "0.20408163265306123": 1.8115298723325753e-08, "0.0": 0.0, "1.0204081632653061": 1.3309569121897248e-07, "1.4285714285714286": 2.434824756867129e-07, "1.2244897959183674": 1.8095076424580153e-07, "1.6326530612244898": 3.286674634861385e-07, "1.836734693877551": 4.51536542043862e-07, "2.0408163265306123": 6.441950449944862e-07, "2.2448979591836737": 9.897001180571114e-07, "2.4489795918367347": 1.7894845472385551e-06, "2.6530612244897958": 5.658807455319091e-06, "3.0612244897959187": 0.08564547462133265, "3.4693877551020407": 0.18342413249073675, "3.2653061224489797": 0.13679991004339853, "2.857142857142857": 0.029197940518103507, "3.8775510204081636": 0.26544088531520166, "3.673469387755102": 0.2261365619557862, "4.081632653061225": 0.3017540724345931, "4.4897959183673475": 0.3667406237012018, "4.285714285714286": 0.3354230429426478, "4.8979591836734695": 0.4232777889007778, "4.6938775510204085": 0.3959547255016302, "5.3061224489795915": 0.4729582503298046, "5.1020408163265305": 0.44889295314642697, "5.510204081632653": 0.49561219376271126, "6.122448979591837": 0.5562445330921586, "5.714285714285714": 0.5169754832135948, "6.326530612244898": 0.5743279067077566, "5.918367346938775": 0.5371549473104805, "6.530612244897959": 0.591479645612441, "6.73469387755102": 0.6077658319685721, "7.142857142857143": 0.637973206655288, "6.938775510204081": 0.6232460613522697, "7.346938775510204": 0.6519949553301212, "7.551020408163265": 0.6653535907050399, "7.755102040816327": 0.678086997013316, "8.16326530612245": 0.7018085207221578, "7.959183673469388": 0.690228843139493, "8.571428571428571": 0.723381418510941, "8.36734693877551": 0.7128520072779448, "8.979591836734695": 0.7429702298456916, "8.775510204081632": 0.7334156265763401, "9.387755102040817": 0.7606863166741988, "9.183673469387756": 0.7520573819761404, "9.591836734693878": 0.7688632627995705, "9.795918367346939": 0.7765912447112496, "10.0": 0.7838707131605647}