{"0.20408163265306123": 1.7936225278945163e-08, "0.8163265306122449": 9.631386262187407e-08, "0.40816326530612246": 3.920618820710924e-08, "1.0204081632653061": 1.3590593490136185e-07, "3.8775510204081636": 0.14192267494033092, "1.4285714285714286": 2.5632866304147866e-07, "0.6122448979591837": 6.48345573342176e-08, "1.6326530612244898": 3.544847959209167e-07, "3.2653061224489797": 0.09260884159414856, "2.2448979591836737": 1.3180176854170208e-06, "2.0408163265306123": 7.641440858013252e-07, "1.836734693877551": 5.048452875461886e-07, "3.4693877551020407": 0.11179857981998695, "3.673469387755102": 0.12805388482827293, "1.2244897959183674": 1.872108767692377e-07, "3.0612244897959187": 0.06977045686699046, "2.857142857142857": 0.04233788476485146, "0.0": 0.0, "2.4489795918367347": 3.3283638895790427e-06, "2.6530612244897958": 0.009043247379384096, "4.081632653061225": 0.15383118737681595, "4.6938775510204085": 0.1808269431217726, "4.285714285714286": 0.16411515832197912, "4.8979591836734695": 0.18764467640770174, "5.1020408163265305": 0.19363829764204743, "5.918367346938775": 0.21145572000200957, "5.3061224489795915": 0.19892586181862437, "6.938775510204081": 0.22484678004852915, "5.714285714285714": 0.20775908329694615, "5.510204081632653": 0.20360545344990819, "6.73469387755102": 0.22271540969720618, "7.346938775510204": 0.22849349546906514, "7.142857142857143": 0.22676513671476034, "6.530612244897959": 0.22034431510425154, "7.551020408163265": 0.23005169684775342, "6.326530612244898": 0.2177024540140254, "4.4897959183673475": 0.17304201613506875, "7.755102040816327": 0.23145683113826973, "7.959183673469388": 0.23272358682623526, "6.122448979591837": 0.21475366902733709, "8.36734693877551": 0.23489037444937455, "8.16326530612245": 0.23386453687773381, "8.775510204081632": 0.2366312199357381, "9.183673469387756": 0.23800068441101183, "8.571428571428571": 0.23581010747716621, "8.979591836734695": 0.23735980626194003, "9.795918367346939": 0.2394280392851906, "9.387755102040817": 0.23855749219027575, "9.591836734693878": 0.2390327708421727, "10.0": 0.23974386193718136}