{"0.20408163265306123": 7.274135807572208e-08, "0.8163265306122449": 3.906062206331561e-07, "0.40816326530612246": 1.590028743954986e-07, "1.0204081632653061": 5.511740693221897e-07, "3.8775510204081636": 0.5755752928135645, "1.4285714285714286": 1.0395551334459973e-06, "0.6122448979591837": 2.6294014918877136e-07, "1.6326530612244898": 1.4376327834570514e-06, "3.2653061224489797": 0.3755803020207135, "2.2448979591836737": 5.345293946413475e-06, "2.0408163265306123": 3.0990287924164846e-06, "1.836734693877551": 2.047428110603987e-06, "3.4693877551020407": 0.4534053514921694, "3.673469387755102": 0.5193296440257738, "1.2244897959183674": 7.592441113419089e-07, "3.0612244897959187": 0.28295796396057243, "2.857142857142857": 0.17170364376856428, "0.0": 0.0, "2.4489795918367347": 1.349836466329279e-05, "2.6530612244897958": 0.036675392149724394, "4.081632653061225": 0.6238709265837538, "4.6938775510204085": 0.7333537137716334, "4.285714285714286": 0.6655781420835821, "4.8979591836734695": 0.7610034098756793, "5.918367346938775": 0.85757042000815, "5.1020408163265305": 0.7853108737705259, "5.3061224489795915": 0.8067548840421991, "6.938775510204081": 0.9118786079745906, "5.714285714285714": 0.8425785044820595, "5.510204081632653": 0.8257332278801832, "6.73469387755102": 0.9032347171053362, "7.346938775510204": 0.9266680649578753, "7.142857142857143": 0.919658610009861, "6.530612244897959": 0.8936186112561314, "7.551020408163265": 0.932987437215889, "6.326530612244898": 0.8829043968346586, "4.4897959183673475": 0.7017815098811125, "7.755102040816327": 0.9386860373940937, "7.959183673469388": 0.9438234354619541, "6.122448979591837": 0.870945435499756, "8.36734693877551": 0.9526109630446856, "8.16326530612245": 0.9484506217819207, "8.775510204081632": 0.9596710586282711, "9.183673469387756": 0.9652249978891032, "8.571428571428571": 0.9563409914351741, "8.979591836734695": 0.9626258809512009, "9.795918367346939": 0.9710137148788286, "9.387755102040817": 0.9674831627716739, "9.591836734693878": 0.9694106817488115, "10.0": 0.9722945511896797}