{"0.40816326530612246": 1.928457393773897e-13, "1.4285714285714286": 8.453759914317516e-11, "0.6122448979591837": 8.78019879024805e-12, "1.0204081632653061": 8.745226764972358e-13, "0.20408163265306123": 1.0029754804463664e-12, "3.2653061224489797": 7.719989980614628e-09, "1.6326530612244898": 5.121468804603069e-10, "2.4489795918367347": 5.485327747578594e-10, "2.0408163265306123": 1.3619994021496495e-11, "1.836734693877551": 1.5091261573729753e-12, "1.2244897959183674": 1.0452527732240924e-11, "0.8163265306122449": 1.35811806245556e-10, "3.0612244897959187": 2.1310669895413525e-09, "2.2448979591836737": 9.655631849625479e-11, "2.857142857142857": 5.367849498227883e-10, "3.8775510204081636": 2.2885163486474625e-07, "2.6530612244897958": 2.5340537446183475e-09, "3.673469387755102": 7.194492612772052e-08, "0.0": 0.0, "3.4693877551020407": 2.4617038407726e-08, "5.918367346938775": 0.47724014345420274, "5.3061224489795915": 0.3097452663274568, "6.122448979591837": 0.5219194326521241, "6.938775510204081": 0.6609664040799672, "7.142857142857143": 0.6879461693977815, "6.326530612244898": 0.5621401921931835, "6.530612244897959": 0.5984294771633194, "5.510204081632653": 0.3719390182057558, "5.1020408163265305": 0.23989785601574565, "4.081632653061225": 7.720702461799789e-07, "4.6938775510204085": 0.07219847871197593, "6.73469387755102": 0.6312408789055264, "4.285714285714286": 3.0454486581454887e-06, "5.714285714285714": 0.4274871556402533, "7.959183673469388": 0.773802742855393, "4.8979591836734695": 0.1611951088317486, "7.755102040816327": 0.7551914114963939, "7.551020408163265": 0.7348158026330216, "7.346938775510204": 0.7124763605269249, "4.4897959183673475": 2.9935198180508493e-05, "8.571428571428571": 0.820712095671235, "8.36734693877551": 0.806416243502074, "8.775510204081632": 0.8338360453122449, "9.795918367346939": 0.885322320004748, "9.387755102040817": 0.8672125100627721, "9.183673469387756": 0.8569937781053074, "10.0": 0.8933470475035805, "8.16326530612245": 0.7908258005401091, "8.979591836734695": 0.8458974034734922, "9.591836734693878": 0.8766319089180609}