{"0.40816326530612246": 0.0, "0.0": 0.0, "0.20408163265306123": 0.0, "0.8163265306122449": 0.0, "1.4285714285714286": 0.0, "0.6122448979591837": 0.0, "1.0204081632653061": 0.0, "1.2244897959183674": 0.0, "2.0408163265306123": 0.0, "1.836734693877551": 0.0, "1.6326530612244898": 0.0, "2.857142857142857": 0.0, "2.2448979591836737": 0.0, "2.6530612244897958": 0.0, "2.4489795918367347": 0.0, "3.0612244897959187": 0.0, "3.2653061224489797": 0.0, "3.4693877551020407": 0.0, "3.8775510204081636": 0.0, "5.1020408163265305": 0.13124637199235964, "4.8979591836734695": 0.06137397909184872, "3.673469387755102": 0.0, "5.3061224489795915": 0.1943541118539042, "5.510204081632653": 0.2515202105958922, "5.918367346938775": 0.3507997204474562, "6.122448979591837": 0.39403477154985206, "5.714285714285714": 0.3034696844767777, "6.326530612244898": 0.4336283772339806, "6.530612244897959": 0.4699600802043724, "6.938775510204081": 0.5341603810228991, "6.73469387755102": 0.5033742924473393, "7.142857142857143": 0.5625788760216252, "4.081632653061225": -1.5e-323, "7.346938775510204": 0.5888599090389122, "4.4897959183673475": 0.0, "7.755102040816327": 0.6357765351820116, "7.551020408163265": 0.6131992343489527, "4.6938775510204085": 6.4e-323, "8.16326530612245": 0.6762625463300532, "7.959183673469388": 0.6567522381921601, "4.285714285714286": 0.0, "8.36734693877551": 0.6944366549144515, "8.775510204081632": 0.7272075410304699, "8.571428571428571": 0.7113842435357425, "9.183673469387756": 0.7558380941086077, "9.387755102040817": 0.7688000572657919, "8.979591836734695": 0.7419990088166538, "9.591836734693878": 0.7809534555613876, "9.795918367346939": 0.7923569247791026, "10.0": 0.8030678433994767}