{"0.40816326530612246": 0.0, "0.0": 0.0, "0.20408163265306123": 0.0, "0.8163265306122449": 0.0, "1.4285714285714286": 0.0, "0.6122448979591837": 0.0, "1.0204081632653061": 0.0, "1.2244897959183674": 0.0, "2.0408163265306123": 0.0, "1.836734693877551": 0.0, "1.6326530612244898": 0.0, "2.857142857142857": 0.0, "2.2448979591836737": 0.0, "2.6530612244897958": 0.0, "2.4489795918367347": 0.0, "3.0612244897959187": 0.0, "3.2653061224489797": 0.0, "3.4693877551020407": 0.0, "3.8775510204081636": 0.0, "5.1020408163265305": 0.17546624980780376, "4.8979591836734695": 0.08314515189582708, "3.673469387755102": 0.0, "5.3061224489795915": 0.25659835368695844, "5.510204081632653": 0.3281462556913356, "5.918367346938775": 0.44770052109722525, "6.122448979591837": 0.4977714148929635, "5.714285714285714": 0.391475619262763, "6.326530612244898": 0.5424920802956087, "6.530612244897959": 0.5825297218115619, "6.938775510204081": 0.6507981539238394, "6.73469387755102": 0.6184689978906814, "7.142857142857143": 0.6799442991642689, "4.081632653061225": -2.5e-323, "7.346938775510204": 0.7062768199585646, "4.4897959183673475": 0.0, "7.755102040816327": 0.7517168133673886, "7.551020408163265": 0.7301083195670571, "4.6938775510204085": 9.4e-323, "8.16326530612245": 0.789200353223172, "7.959183673469388": 0.7713453673224301, "4.285714285714286": 0.0, "8.36734693877551": 0.8054697428060899, "8.775510204081632": 0.8338759269477047, "8.571428571428571": 0.8203134652869708, "9.183673469387756": 0.8576512666658768, "9.387755102040817": 0.8680750642442833, "8.979591836734695": 0.8462851375068638, "9.591836734693878": 0.8776464794199939, "9.795918367346939": 0.8864429583402982, "10.0": 0.8945368845290389}