{"0.40816326530612246": 0.0, "0.0": 0.0, "0.20408163265306123": 0.0, "0.8163265306122449": 0.0, "1.4285714285714286": 0.0, "0.6122448979591837": 0.0, "1.0204081632653061": 0.0, "1.2244897959183674": 0.0, "2.0408163265306123": 0.0, "1.836734693877551": 0.0, "1.6326530612244898": 0.0, "2.857142857142857": 0.0, "2.2448979591836737": 0.0, "2.6530612244897958": 0.0, "2.4489795918367347": 0.0, "3.0612244897959187": 0.0, "3.2653061224489797": 0.0, "3.4693877551020407": 0.0, "3.8775510204081636": 0.0, "5.1020408163265305": 0.12633305223508806, "4.8979591836734695": 0.05895495989140667, "3.673469387755102": 0.0, "5.3061224489795915": 0.18743808498356476, "5.510204081632653": 0.24300620558528754, "5.918367346938775": 0.3400329648197041, "6.122448979591837": 0.3825084778450616, "5.714285714285714": 0.29369124727833495, "6.326530612244898": 0.42153241022713306, "6.530612244897959": 0.45745234224801806, "6.938775510204081": 0.5212006284783497, "6.73469387755102": 0.4905859918425233, "7.142857142857143": 0.54953827345022, "4.081632653061225": -1.5e-323, "7.346938775510204": 0.575813585603395, "4.4897959183673475": 0.0, "7.755102040816327": 0.622894282050303, "7.551020408163265": 0.6002093359913856, "4.6938775510204085": 6e-323, "8.16326530612245": 0.6637139011197069, "7.959183673469388": 0.6440196682887966, "4.285714285714286": 0.0, "8.36734693877551": 0.6820996451487141, "8.775510204081632": 0.715355498150777, "8.571428571428571": 0.6992809966744946, "9.183673469387756": 0.7445255193800223, "9.387755102040817": 0.7577695009348483, "8.979591836734695": 0.7304116611844085, "9.591836734693878": 0.7702097862437649, "9.795918367346939": 0.781902921050081, "10.0": 0.7929046166073034}