{"0.40816326530612246": 1.904143509534606e-12, "0.20408163265306123": 4.440892098500626e-16, "2.4489795918367347": -1.1069989369616451e-10, "1.2244897959183674": 5.551115123125783e-16, "2.0408163265306123": 1.3958834088612093e-12, "0.8163265306122449": 3.934630399271555e-13, "2.2448979591836737": 3.1564750813117826e-11, "0.6122448979591837": 7.087751496825945e-10, "0.0": 0.0, "1.0204081632653061": 1.185751496990406e-11, "2.6530612244897958": 1.4591505781424985e-10, "1.6326530612244898": 3.5420555377640994e-12, "3.0612244897959187": 2.356784767343356e-09, "2.857142857142857": 6.876713642967047e-10, "3.2653061224489797": 9.61613211281076e-09, "1.836734693877551": 1.4099832412739488e-13, "1.4285714285714286": 9.681144774731365e-14, "4.285714285714286": 0.12299959699432494, "4.081632653061225": 0.05473239499390281, "3.4693877551020407": 3.768526513070469e-08, "3.673469387755102": 1.7291965959120859e-07, "3.8775510204081636": 2.0094119720370784e-06, "4.6938775510204085": 0.24223061664059875, "4.4897959183673475": 0.18528346712951727, "4.8979591836734695": 0.29440044220530026, "5.1020408163265305": 0.3422797767824608, "5.510204081632653": 0.42681935192943576, "5.714285714285714": 0.46418483388184284, "5.3061224489795915": 0.38629456516991123, "5.918367346938775": 0.4986841443674911, "6.122448979591837": 0.5305780068551702, "6.530612244897959": 0.5874553448482066, "7.346938775510204": 0.6786972230090454, "6.73469387755102": 0.6128336075599193, "6.326530612244898": 0.5600990351517772, "6.938775510204081": 0.6364016511274118, "7.755102040816327": 0.7153850727425496, "7.142857142857143": 0.6583106863302096, "7.551020408163265": 0.6976847296083638, "7.959183673469388": 0.7318997743029592, "8.36734693877551": 0.7617330827549356, "9.387755102040817": 0.8211122068151627, "8.571428571428571": 0.7752122591295569, "8.16326530612245": 0.7473211112016691, "8.775510204081632": 0.7878285347401197, "8.979591836734695": 0.7996457926858898, "10.0": 0.8486310742287848, "9.795918367346939": 0.8400231923071754, "9.591836734693878": 0.830864064628985, "9.183673469387756": 0.8107224949038117}