{"0.40816326530612246": 4.760414284987746e-12, "0.20408163265306123": 1.2212453270876722e-15, "2.4489795918367347": -2.8037772104028136e-10, "1.2244897959183674": 1.7763568394002505e-15, "2.0408163265306123": 3.35098615522611e-12, "0.8163265306122449": 9.832135106080386e-13, "2.2448979591836737": 7.814016100837762e-11, "0.6122448979591837": 1.7719373746061251e-09, "0.0": 0.0, "1.0204081632653061": 2.9644064980516305e-11, "3.0612244897959187": 5.715655948534959e-09, "2.6530612244897958": 3.4996450182234184e-10, "2.857142857142857": 1.6653747270112262e-09, "3.2653061224489797": 2.3511776636730986e-08, "1.6326530612244898": 8.852807376058536e-12, "1.836734693877551": 3.326228181776969e-13, "1.4285714285714286": 2.4213964167074664e-13, "4.285714285714286": 0.27972307959810394, "4.081632653061225": 0.13126574755160514, "3.4693877551020407": 9.274773238310274e-08, "3.673469387755102": 4.2850784298664735e-07, "3.8775510204081636": 5.01430090804611e-06, "4.6938775510204085": 0.5001465599250523, "4.4897959183673475": 0.4008765021795282, "4.8979591836734695": 0.581788634235549, "6.530612244897959": 0.8906850112449667, "5.1020408163265305": 0.6491648331073926, "7.346938775510204": 0.9414812022407573, "5.510204081632653": 0.7512694582587431, "5.918367346938775": 0.8220576465902754, "5.714285714285714": 0.7898458408574205, "5.3061224489795915": 0.704946936101776, "6.122448979591837": 0.8490233918600095, "6.73469387755102": 0.9067288279788176, "7.959183673469388": 0.9627808455797516, "8.36734693877551": 0.9722858456901877, "6.326530612244898": 0.871652068689948, "6.938775510204081": 0.9202814390951843, "7.755102040816327": 0.9567823098967235, "7.142857142857143": 0.931752759894554, "9.387755102040817": 0.986460224447149, "8.775510204081632": 0.9792608500091149, "8.16326530612245": 0.9679037661976734, "7.551020408163265": 0.9497468943770001, "8.571428571428571": 0.9760399616194305, "8.979591836734695": 0.982028180523896, "10.0": 0.9910788980620097, "9.795918367346939": 0.9897576043171643, "9.591836734693878": 0.988229531386805, "9.183673469387756": 0.9844090824308399}