{"0.40816326530612246": 6.664557794522352e-12, "0.20408163265306123": 1.7763568394002505e-15, "2.4489795918367347": -3.9107761473644587e-10, "1.2244897959183674": 2.3314683517128287e-15, "0.8163265306122449": 1.3766765505351941e-12, "2.0408163265306123": 4.746980586389782e-12, "0.6122448979591837": 2.480712413266417e-09, "2.2448979591836737": 1.0970491182149544e-10, "0.0": 0.0, "1.0204081632653061": 4.1501579950420364e-11, "2.6530612244897958": 4.958795596365917e-10, "3.0612244897959187": 8.072440715878315e-09, "2.857142857142857": 2.353046091307931e-09, "3.2653061224489797": 3.312790863851944e-08, "1.6326530612244898": 1.2394973936125098e-11, "1.836734693877551": 4.736211423050918e-13, "1.4285714285714286": 3.388400671155978e-13, "4.285714285714286": 0.4027226765924288, "4.081632653061225": 0.18599814254550784, "3.4693877551020407": 1.3043299751380744e-07, "3.673469387755102": 6.014275025778559e-07, "3.8775510204081636": 7.023712880083188e-06, "4.6938775510204085": 0.742377176565651, "4.4897959183673475": 0.5861599693090455, "4.8979591836734695": 0.8761890764408492, "6.530612244897959": 1.4781403560931734, "5.1020408163265305": 0.9914446098898535, "7.346938775510204": 1.6201784252498026, "5.510204081632653": 1.178088810188179, "5.918367346938775": 1.3207417909577663, "5.714285714285714": 1.2540306747392633, "5.3061224489795915": 1.0912415012716872, "6.122448979591837": 1.3796013987151798, "6.73469387755102": 1.5195624355387372, "7.959183673469388": 1.694680619882711, "8.36734693877551": 1.7340189284451233, "6.938775510204081": 1.556683090222596, "6.326530612244898": 1.4317511038417252, "7.755102040816327": 1.6721673826392731, "9.387755102040817": 1.8075724312623116, "8.775510204081632": 1.7670893847492346, "7.142857142857143": 1.5900634462247636, "8.16326530612245": 1.7152248773993424, "7.551020408163265": 1.647431623985364, "8.571428571428571": 1.7512522207489873, "8.979591836734695": 1.7816739732097857, "10.0": 1.8397099722907946, "9.795918367346939": 1.8297807966243398, "9.591836734693878": 1.81909359601579, "9.183673469387756": 1.7951315773346517}