{"0.20408163265306123": 5.175781156951402e-07, "3.0612244897959187": 1.1040843906474068e-06, "0.40816326530612246": 5.36630664243879e-07, "1.4285714285714286": 6.622255750071869e-07, "0.8163265306122449": 5.799690428569297e-07, "0.6122448979591837": 5.57351277067205e-07, "1.2244897959183674": 6.32043278674439e-07, "2.4489795918367347": 8.785426268492249e-07, "1.6326530612244898": 6.957907957733175e-07, "1.0204081632653061": 6.047570129963004e-07, "1.836734693877551": 7.333414595169664e-07, "0.0": 5e-07, "2.2448979591836737": 8.236209946939121e-07, "3.2653061224489797": 1.2098139921142177e-06, "2.6530612244897958": 9.42016420381077e-07, "2.0408163265306123": 7.756321981912701e-07, "3.673469387755102": 1.5021479647232991e-06, "2.857142857142857": 1.016208587995199e-06, "3.4693877551020407": 1.3394536522521497e-06, "3.8775510204081636": 1.7123860395325196e-06, "5.918367346938775": 0.17717132829389756, "4.081632653061225": 1.9945739903322396e-06, "6.530612244897959": 0.30897952646593096, "6.938775510204081": 0.38182543690250903, "6.73469387755102": 0.34672121993091337, "4.285714285714286": 2.3932707544631547e-06, "5.714285714285714": 0.12592253006165324, "4.6938775510204085": 4.031747757772327e-06, "6.122448979591837": 0.22451772987794955, "7.551020408163265": 0.47345779793950205, "7.346938775510204": 0.4450044082657752, "4.4897959183673475": 2.999399280816885e-06, "7.142857142857143": 0.4145195322440966, "6.326530612244898": 0.268342628889788, "7.755102040816327": 0.5000370258727705, "5.510204081632653": 0.0703359393459113, "4.8979591836734695": 6.1835900103595955e-06, "7.959183673469388": 0.5248813402470224, "5.1020408163265305": 1.3431480294349274e-05, "8.16326530612245": 0.5481138916372198, "8.571428571428571": 0.5901657043700285, "5.3061224489795915": 0.009962409796631622, "8.775510204081632": 0.6091648062363577, "9.795918367346939": 0.6865609846269776, "8.36734693877551": 0.5698434205119157, "8.979591836734695": 0.6269141602964681, "9.387755102040817": 0.6589097991673206, "9.591836734693878": 0.6732578194982795, "10.0": 0.6988518950221119, "9.183673469387756": 0.6434775199015912}