{"0.20408163265306123": 5.187499900576501e-07, "3.0612244897959187": 1.144356663084003e-06, "0.40816326530612246": 5.390727084522594e-07, "1.4285714285714286": 6.730406118789355e-07, "0.8163265306122449": 5.853003120254443e-07, "0.6122448979591837": 5.611746953556204e-07, "1.2244897959183674": 6.408461629507662e-07, "2.4489795918367347": 9.037787940116956e-07, "1.6326530612244898": 7.08843513361869e-07, "1.0204081632653061": 6.117408132530517e-07, "1.836734693877551": 7.488975537931938e-07, "0.0": 5e-07, "2.2448979591836737": 8.451957218551393e-07, "3.2653061224489797": 1.2571348969309328e-06, "2.6530612244897958": 9.714841708854475e-07, "2.0408163265306123": 7.940076738499577e-07, "3.673469387755102": 1.5689577732436795e-06, "2.857142857142857": 1.0506224790575759e-06, "3.4693877551020407": 1.3954171899199131e-06, "3.8775510204081636": 1.7932116938413153e-06, "5.918367346938775": 0.187202329309628, "4.081632653061225": 2.0942121322570294e-06, "6.530612244897959": 0.3240702937165081, "6.938775510204081": 0.39878369005070013, "6.73469387755102": 0.36286435212436047, "4.285714285714286": 2.519488605623177e-06, "5.714285714285714": 0.1334235549459484, "4.6938775510204085": 4.267196915332785e-06, "6.122448979591837": 0.23660941541016203, "7.551020408163265": 0.4917776478266068, "7.346938775510204": 0.46302233900854317, "4.4897959183673475": 3.1660255524825977e-06, "7.142857142857143": 0.4320923728200042, "6.326530612244898": 0.2821002151289356, "7.755102040816327": 0.5185380267825201, "5.510204081632653": 0.07474793292087549, "4.8979591836734695": 6.562494216429871e-06, "7.959183673469388": 0.5434618483576467, "5.1020408163265305": 1.4293569690475492e-05, "8.16326530612245": 0.5666886393290644, "5.3061224489795915": 0.010621017705615885, "8.571428571428571": 0.6085274455978753, "8.775510204081632": 0.6273418929098986, "9.795918367346939": 0.7033652564571581, "8.36734693877551": 0.5883412063012707, "8.979591836734695": 0.6448670594177376, "9.387755102040817": 0.6763262712561747, "9.591836734693878": 0.69037493840086, "10.0": 0.7153344435763052, "9.183673469387756": 0.6611745884881463}