{"0.20408163265306123": 5.292968593202391e-07, "3.0612244897959187": 1.506807115013369e-06, "0.40816326530612246": 5.610511063276839e-07, "1.4285714285714286": 7.703759437246722e-07, "0.8163265306122449": 6.332817345420767e-07, "0.6122448979591837": 5.955854599513579e-07, "1.2244897959183674": 7.200721214377113e-07, "2.4489795918367347": 1.1309042984739316e-06, "1.6326530612244898": 8.263179716588315e-07, "1.0204081632653061": 6.745950155638133e-07, "1.836734693877551": 8.88902402279241e-07, "0.0": 5e-07, "2.2448979591836737": 1.0393682663061844e-06, "3.2653061224489797": 1.6830230402813678e-06, "2.6530612244897958": 1.2366939254247818e-06, "2.0408163265306123": 9.593869547781452e-07, "3.673469387755102": 2.170246049927102e-06, "2.857142857142857": 1.3603474986189681e-06, "3.4693877551020407": 1.8990890289297832e-06, "3.8775510204081636": 2.520642582620476e-06, "5.918367346938775": 0.2774813384512017, "4.081632653061225": 2.990955409580135e-06, "6.530612244897959": 0.45988719897170166, "6.938775510204081": 0.5514079683844201, "6.73469387755102": 0.5081525418653843, "4.285714285714286": 3.6554492660633754e-06, "5.714285714285714": 0.20093277890460487, "4.6938775510204085": 6.3862393333769045e-06, "6.122448979591837": 0.34543458520007425, "7.551020408163265": 0.65665629681055, "7.346938775510204": 0.6251837156934549, "4.4897959183673475": 4.665661997474013e-06, "7.142857142857143": 0.5902479380031723, "6.326530612244898": 0.4059184912812646, "7.755102040816327": 0.6850470349702664, "5.510204081632653": 0.1144558750955532, "4.8979591836734695": 9.972632071062355e-06, "7.959183673469388": 0.7106864213532652, "5.1020408163265305": 2.2052374255611465e-05, "8.16326530612245": 0.7338613685556656, "8.571428571428571": 0.7737831166484973, "5.3061224489795915": 0.016548488886474255, "8.775510204081632": 0.790935672971766, "9.795918367346939": 0.8546037029287821, "8.36734693877551": 0.7548212784054653, "8.979591836734695": 0.8064431515091632, "9.387755102040817": 0.8330745200558619, "9.591836734693878": 0.8444290085240852, "10.0": 0.8636773805640442, "9.183673469387756": 0.8204482057671415}