{"0.20408163265306123": 5.551115123125783e-16, "0.6122448979591837": 1.4666490244508168e-11, "0.40816326530612246": 3.355093980417223e-13, "1.2244897959183674": 1.3410272892144803e-11, "1.0204081632653061": 1.2633227797209656e-12, "1.4285714285714286": 9.821410351662507e-11, "0.8163265306122449": 6.905587213168474e-14, "1.836734693877551": 4.084399485293488e-12, "1.6326530612244898": 4.96269692007445e-13, "2.2448979591836737": 1.0851641807363421e-10, "2.0408163265306123": 2.4117374763932276e-11, "2.857142857142857": 9.265409550707204e-10, "2.4489795918367347": 4.0991932070966186e-10, "2.6530612244897958": 2.102322760322295e-10, "3.2653061224489797": 1.521608627985671e-08, "3.0612244897959187": 3.756763788942408e-09, "3.673469387755102": 3.3093147411289436e-07, "3.4693877551020407": 6.358389259553121e-08, "0.0": 0.0, "4.8979591836734695": 0.4223442973033418, "6.122448979591837": 0.6798746532180693, "5.714285714285714": 0.6127143855769244, "5.1020408163265305": 0.4787125657591873, "4.6938775510204085": 0.3585315257399242, "4.4897959183673475": 0.2860192343422875, "6.530612244897959": 0.7340531736333674, "5.510204081632653": 0.5731004288050572, "4.285714285714286": 0.20328038787307567, "3.8775510204081636": 0.00010386004322449072, "4.081632653061225": 0.10844153889347818, "5.918367346938775": 0.6481319114959512, "6.938775510204081": 0.7781115226619837, "5.3061224489795915": 0.5286756785810265, "6.73469387755102": 0.7571995923877082, "6.326530612244898": 0.7083878132555768, "7.142857142857143": 0.7970359696037842, "7.346938775510204": 0.8141882054578018, "7.551020408163265": 0.829756490703466, "7.755102040816327": 0.8439059945957393, "7.959183673469388": 0.8567820670152164, "8.979591836734695": 0.9060727565966489, "9.183673469387756": 0.9135477234498761, "8.16326530612245": 0.868512981758974, "8.36734693877551": 0.8792122468713344, "8.571428571428571": 0.8889805585431302, "9.387755102040817": 0.9203961461076614, "8.775510204081632": 0.8979074601869961, "10.0": 0.9377255947723898, "9.591836734693878": 0.9266752137833758, "9.795918367346939": 0.9324362924650247}