{"0.8163265306122449": 9.878880165215173e-08, "0.40816326530612246": 4.5108705331465154e-08, "0.20408163265306123": 2.1615908879136714e-08, "3.673469387755102": 1.3157173971674987e-06, "1.4285714285714286": 2.0156977895417387e-07, "1.0204081632653061": 1.2963974779675413e-07, "0.6122448979591837": 7.073236403319228e-08, "2.6530612244897958": 5.596209607286477e-07, "3.8775510204081636": 1.6136324866538908e-06, "2.2448979591836737": 4.0653329260767224e-07, "1.836734693877551": 2.913509050404091e-07, "1.6326530612244898": 2.4383941091153183e-07, "2.0408163265306123": 3.451397552347873e-07, "1.2244897959183674": 1.637223269159947e-07, "3.2653061224489797": 9.144552951058045e-07, "2.4489795918367347": 4.772612852937674e-07, "2.857142857142857": 6.567304841347437e-07, "3.0612244897959187": 7.729316368328118e-07, "0.0": 0.0, "3.4693877551020407": 1.0905742259528479e-06, "6.73469387755102": 0.4435653114529872, "6.938775510204081": 0.48046142652041385, "4.4897959183673475": 3.62764005458243e-06, "5.918367346938775": 0.2578585091733881, "4.8979591836734695": 1.0595975256634174e-05, "4.285714285714286": 2.636025216383946e-06, "6.530612244897959": 0.40328391754191, "4.081632653061225": 2.026357110170842e-06, "5.714285714285714": 0.1994139544527628, "5.1020408163265305": 6.779678751433972e-05, "6.122448979591837": 0.31092294431350015, "5.3061224489795915": 0.06339335386128896, "6.326530612244898": 0.3592218969230142, "7.755102040816327": 0.600440012109073, "4.6938775510204085": 5.523526569348296e-06, "7.142857142857143": 0.5143158854256463, "5.510204081632653": 0.13487170748455232, "7.551020408163265": 0.5740599018925405, "7.346938775510204": 0.5454281729770377, "7.959183673469388": 0.6247691052492085, "8.16326530612245": 0.6472230745078773, "9.795918367346939": 0.7743442407568026, "8.36734693877551": 0.6679561582501948, "9.591836734693878": 0.7627010196889974, "10.0": 0.7849636192027659, "9.183673469387756": 0.7361406164977818, "8.775510204081632": 0.7047834415233192, "9.387755102040817": 0.7499855577023433, "8.571428571428571": 0.6871035204299347, "8.979591836734695": 0.7210991880474807}