{"0.8163265306122449": 6.406630851377628e-08, "0.40816326530612246": 2.945152961685005e-08, "0.20408163265306123": 1.4159547665310448e-08, "3.673469387755102": 8.084220404087564e-07, "1.4285714285714286": 1.2935364953421492e-07, "1.0204081632653061": 8.378415783553694e-08, "0.6122448979591837": 4.602719967828461e-08, "2.6530612244897958": 3.5107287467775117e-07, "3.8775510204081636": 9.871319356279368e-07, "2.2448979591836737": 2.570364416813825e-07, "1.836734693877551": 1.8560786217562818e-07, "1.6326530612244898": 1.5591349543367073e-07, "2.0408163265306123": 2.1905246420375863e-07, "1.2244897959183674": 1.0544085973095415e-07, "3.2653061224489797": 5.666903429351904e-07, "2.4489795918367347": 3.005880811058501e-07, "2.857142857142857": 4.1034414183825583e-07, "3.0612244897959187": 4.809823078555766e-07, "0.0": 0.0, "3.4693877551020407": 6.729787732867336e-07, "6.73469387755102": 0.29950267574474754, "6.938775510204081": 0.32871263873333945, "4.4897959183673475": 2.1890919692854915e-06, "5.918367346938775": 0.1640890476142672, "4.8979591836734695": 6.33340239080692e-06, "4.285714285714286": 1.598097561654422e-06, "6.530612244897959": 0.2685771404114331, "4.081632653061225": 1.2340884589391654e-06, "5.714285714285714": 0.12479402681992123, "5.1020408163265305": 4.032551886437572e-05, "6.122448979591837": 0.20102901501817175, "5.3061224489795915": 0.03826471013531492, "6.326530612244898": 0.23580245314267256, "7.755102040816327": 0.430601051115608, "4.6938775510204085": 3.3174471469369983e-06, "7.142857142857143": 0.3563263966146401, "5.510204081632653": 0.08293176208704409, "7.551020408163265": 0.407180541703715, "7.346938775510204": 0.3824506176384542, "7.959183673469388": 0.45278757716898455, "8.16326530612245": 0.47380687238416663, "9.795918367346939": 0.6055439831063779, "8.36734693877551": 0.4937176735528485, "9.591836734693878": 0.5923152986064527, "10.0": 0.6179031806902584, "9.183673469387756": 0.5632004802795496, "8.775510204081632": 0.5304120420632542, "9.387755102040817": 0.5782060475161529, "8.571428571428571": 0.512571276705579, "8.979591836734695": 0.5472778441886766}