{"0.8163265306122449": 8.316367973988277e-08, "0.40816326530612246": 3.806297625988835e-08, "0.20408163265306123": 1.8260546332914893e-08, "3.673469387755102": 1.0874344866260648e-06, "1.4285714285714286": 1.6907252071519235e-07, "1.0204081632653061": 1.090047323142064e-07, "0.6122448979591837": 5.961504007348385e-08, "2.6530612244897958": 4.657743220057442e-07, "3.8775510204081636": 1.3317072386922117e-06, "2.2448979591836737": 3.392597096908419e-07, "1.836734693877551": 2.4376653575125766e-07, "1.6326530612244898": 2.042727489464944e-07, "2.0408163265306123": 2.8840047427082453e-07, "1.2244897959183674": 1.3749566668272643e-07, "3.2653061224489797": 7.57961066629028e-07, "2.4489795918367347": 3.9775834340920464e-07, "2.857142857142857": 5.458566301013242e-07, "3.0612244897959187": 6.415544387930558e-07, "0.0": 0.0, "3.4693877551020407": 9.02656272253097e-07, "6.73469387755102": 0.3787371253842794, "6.938775510204081": 0.41217447201623036, "4.4897959183673475": 2.980293416198809e-06, "5.918367346938775": 0.2156622514717837, "4.8979591836734695": 8.677817467011914e-06, "4.285714285714286": 2.16895777175566e-06, "6.530612244897959": 0.3426658678331955, "4.081632653061225": 1.6698362171165872e-06, "5.714285714285714": 0.1658349870179841, "5.1020408163265305": 5.543471662185594e-05, "6.122448979591837": 0.2614706761306024, "5.3061224489795915": 0.05208546418460065, "6.326530612244898": 0.3036831472218606, "7.755102040816327": 0.5240124796620138, "4.6938775510204085": 4.530790829263213e-06, "7.142857142857143": 0.4432206154606935, "5.510204081632653": 0.11149873205567364, "7.551020408163265": 0.49896418980756907, "7.346938775510204": 0.4720882730746751, "7.959183673469388": 0.5473774176131078, "8.16326530612245": 0.5691857835522075, "9.795918367346939": 0.6983841248141117, "8.36734693877551": 0.5895488401363892, "9.591836734693878": 0.6860274452018523, "10.0": 0.7097864218721378, "9.183673469387756": 0.6583175551995774, "8.775510204081632": 0.6263163117662901, "9.387755102040817": 0.6726847781185576, "8.571428571428571": 0.6085640107539747, "8.979591836734695": 0.642879583311019}