{"0.40816326530612246": 7.877665186839522e-11, "0.20408163265306123": 9.00390872971002e-14, "0.6122448979591837": 1.3199441539768486e-12, "0.8163265306122449": 3.949285343196607e-11, "3.2653061224489797": 0.6887860590253584, "1.2244897959183674": 1.2493261980495163e-10, "3.8775510204081636": 0.8041667255341534, "1.4285714285714286": -7.267275670130857e-11, "1.0204081632653061": 1.7541523789077473e-13, "3.673469387755102": 0.7723827469844888, "2.6530612244897958": 0.482410869296926, "3.0612244897959187": 0.6334876029092398, "3.4693877551020407": 0.7344248446213844, "2.857142857142857": 0.5658902614446759, "1.6326530612244898": 2.2804313992708103e-11, "2.2448979591836737": 0.24586666754895992, "2.4489795918367347": 0.37808444254357, "1.836734693877551": 6.8941519160148346e-12, "2.0408163265306123": 0.07548206276755465, "0.0": 0.0, "4.4897959183673475": 0.872904278807803, "4.285714285714286": 0.8536132633983085, "4.081632653061225": 0.8309403723780778, "5.918367346938775": 0.9500372301643234, "6.122448979591837": 0.9560188604143115, "5.1020408163265305": 0.9156906149023906, "6.326530612244898": 0.9612424123503948, "4.8979591836734695": 0.9035242718382522, "4.6938775510204085": 0.8893872351946841, "5.510204081632653": 0.9352846898934988, "5.3061224489795915": 0.9261931773803794, "7.142857142857143": 0.9764140936253254, "5.714285714285714": 0.9431745495511521, "6.530612244897959": 0.9658118248485252, "6.73469387755102": 0.9698153047639239, "7.346938775510204": 0.9791286907083833, "6.938775510204081": 0.9733279873184778, "7.551020408163265": 0.9815191351875174, "7.755102040816327": 0.9836262636315193, "7.959183673469388": 0.9854853788223545, "9.591836734693878": 0.9943828981828335, "9.387755102040817": 0.9936825147440789, "8.16326530612245": 0.987127070675094, "10.0": 0.9955559442615777, "8.775510204081632": 0.9909964714980524, "9.183673469387756": 0.9928928045028078, "8.36734693877551": 0.9885779024882769, "8.571428571428571": 0.9898609869546264, "9.795918367346939": 0.9950043332780372, "8.979591836734695": 0.9920019486911497}