{"1.0204081632653061": 1.8310908345142707e-12, "0.40816326530612246": 2.0661250488274163e-13, "1.6326530612244898": 1.7925660955597778e-12, "0.6122448979591837": 9.337641770912342e-12, "0.8163265306122449": 7.716050021144838e-14, "0.20408163265306123": 3.3306690738754696e-16, "3.0612244897959187": 1.398617888170861e-09, "1.2244897959183674": 2.4030555323406588e-11, "2.2448979591836737": 1.1664694765656236e-09, "3.4693877551020407": 4.133184627885811e-08, "1.836734693877551": 2.3255841696823154e-11, "2.4489795918367347": 6.771461169563509e-11, "1.4285714285714286": 2.0468926553718347e-10, "2.857142857142857": 4.5257597669490224e-10, "2.0408163265306123": 2.0161250446903978e-10, "3.2653061224489797": 3.790854519181153e-09, "2.6530612244897958": 3.981939222796882e-10, "3.673469387755102": 4.940344479065217e-07, "3.8775510204081636": 0.03041804587135255, "0.0": 0.0, "4.285714285714286": 0.10701126469689859, "5.714285714285714": 0.3179256461359026, "6.530612244897959": 0.41056927838690394, "4.4897959183673475": 0.1420669764874336, "5.918367346938775": 0.342628684326473, "5.1020408163265305": 0.2365549795277997, "4.6938775510204085": 0.17523429207309693, "6.326530612244898": 0.3888848258247878, "6.122448979591837": 0.3662586793018454, "5.3061224489795915": 0.2649813491739561, "4.8979591836734695": 0.2066816675511941, "7.142857142857143": 0.47050757861308234, "6.73469387755102": 0.4313681116153377, "4.081632653061225": 0.06987136072673328, "6.938775510204081": 0.4513321349879409, "5.510204081632653": 0.2920721825835352, "7.346938775510204": 0.48893668002177637, "7.551020408163265": 0.5066581850793552, "7.755102040816327": 0.5237077775500716, "7.959183673469388": 0.5401184484310568, "8.16326530612245": 0.5559208141176755, "8.571428571428571": 0.5858128321863956, "8.979591836734695": 0.6135907980782107, "9.183673469387756": 0.6267450151234017, "9.387755102040817": 0.639437761074249, "10.0": 0.674941185443049, "8.36734693877551": 0.5711433908374368, "8.775510204081632": 0.5999541304942874, "9.591836734693878": 0.651688926175369, "9.795918367346939": 0.6635174066306451}