{"1.0204081632653061": 9.157452574015679e-12, "0.40816326530612246": 1.131650329000422e-12, "1.6326530612244898": 8.17201861735839e-12, "0.6122448979591837": 4.973066403124449e-11, "0.8163265306122449": 3.984590435379687e-13, "0.20408163265306123": 1.7763568394002505e-15, "3.0612244897959187": 3.42977835021685e-09, "1.2244897959183674": 1.1642831143632293e-10, "2.2448979591836737": 4.971699718581135e-09, "3.4693877551020407": 1.3068808768501583e-07, "1.836734693877551": 1.0347434020729906e-10, "2.4489795918367347": 2.4615109950332226e-10, "1.4285714285714286": 9.61896340356816e-10, "2.857142857142857": 1.2249551373244572e-09, "2.0408163265306123": 8.77301675750175e-10, "3.2653061224489797": 7.709840432745807e-09, "2.6530612244897958": 1.4794704350507004e-09, "3.673469387755102": 1.628596170810681e-06, "3.8775510204081636": 0.09784374810138508, "0.0": 0.0, "4.285714285714286": 0.3142697095240795, "5.714285714285714": 0.7206759620459384, "6.530612244897959": 0.8282924127343829, "4.4897959183673475": 0.3999629493373993, "5.918367346938775": 0.7529945672730245, "5.1020408163265305": 0.5933134282747308, "4.6938775510204085": 0.47385894150139407, "6.326530612244898": 0.8063194172870272, "6.122448979591837": 0.7813684331767407, "5.3061224489795915": 0.6416322898837548, "4.8979591836734695": 0.5378049089283437, "7.142857142857143": 0.8798917488179826, "6.73469387755102": 0.8476682225712822, "4.081632653061225": 0.21450500277239237, "6.938775510204081": 0.8647739982306256, "5.510204081632653": 0.6837978000705194, "7.346938775510204": 0.8932653260964689, "7.551020408163265": 0.9051061877423686, "7.755102040816327": 0.9155981785785082, "7.959183673469388": 0.9249015171771899, "8.16326530612245": 0.9331561358132301, "8.571428571428571": 0.9469939411739504, "8.979591836734695": 0.9579218519700786, "9.387755102040817": 0.9665662714536865, "10.0": 0.9762862788212723, "9.183673469387756": 0.9624962318135705, "8.36734693877551": 0.9404844913457467, "8.775510204081632": 0.9527787586369028, "9.591836734693878": 0.9701887912187188, "9.795918367346939": 0.9734139946253755}