{"0.20408163265306123": 6.979184377214052e-08, "0.8163265306122449": 3.552190793930714e-07, "0.6122448979591837": 2.442358024578825e-07, "0.40816326530612246": 1.5031076840857696e-07, "1.0204081632653061": 4.883717922724169e-07, "1.4285714285714286": 8.543886645359215e-07, "1.6326530612244898": 1.1156918444894417e-06, "1.2244897959183674": 6.510736755237702e-07, "2.2448979591836737": 2.681106883805944e-06, "2.0408163265306123": 1.9510925972980306e-06, "1.836734693877551": 1.4639179572454006e-06, "3.8775510204081636": 0.3881178398014618, "2.4489795918367347": 3.895804702544816e-06, "3.673469387755102": 0.31250547174365045, "3.2653061224489797": 0.12088718689017214, "2.6530612244897958": 6.3177356764306645e-06, "0.0": 0.0, "2.857142857142857": 1.3523973639871932e-05, "3.4693877551020407": 0.22436820411207342, "4.6938775510204085": 0.6030266361652308, "5.1020408163265305": 0.6751054121502877, "4.4897959183673475": 0.5596066408282799, "4.8979591836734695": 0.6412769526187456, "4.081632653061225": 0.4534055025542249, "5.918367346938775": 0.7771379566832296, "5.714285714285714": 0.7557487853358248, "6.530612244897959": 0.8292206934141348, "6.122448979591837": 0.7963440006757478, "6.73469387755102": 0.8433095461611546, "5.510204081632653": 0.7318677348852134, "6.326530612244898": 0.8136299153013644, "4.285714285714286": 0.5101059644717175, "6.938775510204081": 0.8560629306441743, "7.142857142857143": 0.8676246327324197, "7.346938775510204": 0.8781190978806964, "3.0612244897959187": 0.0008021669424178789, "5.3061224489795915": 0.7051305893942437, "7.755102040816327": 0.8963232819049051, "8.571428571428571": 0.9238018526786191, "8.36734693877551": 0.9178907892244468, "7.551020408163265": 0.8876541595034709, "8.775510204081632": 0.9291534890726758, "7.959183673469388": 0.904207410117718, "9.183673469387756": 0.938319139781498, "8.979591836734695": 0.9339824638153552, "9.795918367346939": 0.9485938233951153, "8.16326530612245": 0.9113765002133528, "9.387755102040817": 0.9421880173061034, "10.0": 0.9511543986423229, "9.591836734693878": 0.9456082029406689}