{"0.20408163265306123": 3.6732549353758156e-08, "0.8163265306122449": 1.8695741020687962e-07, "0.6122448979591837": 1.2854515918835923e-07, "0.40816326530612246": 7.911093074135629e-08, "1.0204081632653061": 2.570377854065354e-07, "1.4285714285714286": 4.496782444925903e-07, "1.6326530612244898": 5.872062339418116e-07, "1.2244897959183674": 3.4267035553882646e-07, "2.2448979591836737": 1.4111088862136551e-06, "2.0408163265306123": 1.0268908406831735e-06, "1.836734693877551": 7.704831353923162e-07, "3.8775510204081636": 0.2042725472639273, "2.4489795918367347": 2.0504235276551654e-06, "3.673469387755102": 0.16447656407560549, "3.2653061224489797": 0.06362483520535375, "2.6530612244897958": 3.325124040226666e-06, "0.0": 0.0, "2.857142857142857": 7.1178808630904875e-06, "3.4693877551020407": 0.11808852848003865, "4.6938775510204085": 0.31738244008696354, "5.1020408163265305": 0.3553186379738356, "4.4897959183673475": 0.2945298109622527, "4.8979591836734695": 0.3375141855888134, "4.081632653061225": 0.2386344750285394, "5.918367346938775": 0.4090199772016998, "5.714285714285714": 0.3977625185978025, "6.530612244897959": 0.43643194390217616, "6.122448979591837": 0.41912842140828815, "6.73469387755102": 0.4438471295585025, "5.510204081632653": 0.3851935446764281, "6.326530612244898": 0.42822627121124446, "4.285714285714286": 0.26847682340616724, "6.938775510204081": 0.4505594371811444, "7.142857142857143": 0.45664454354337874, "7.346938775510204": 0.46216794625299806, "3.0612244897959187": 0.0004221931275883572, "5.3061224489795915": 0.37112136283907554, "7.755102040816327": 0.4717490957394237, "8.571428571428571": 0.48621150140979963, "8.36734693877551": 0.4831004153812879, "7.551020408163265": 0.4671863997386689, "8.775510204081632": 0.4890281521435136, "7.959183673469388": 0.4758986369040622, "9.183673469387756": 0.4938521788323674, "8.979591836734695": 0.4915697177975553, "9.795918367346939": 0.4992599070500608, "8.16326530612245": 0.4796718422175542, "9.387755102040817": 0.49588843016110706, "10.0": 0.5006075782328016, "9.591836734693878": 0.49768852786351003}