{"0.20408163265306123": 3.305929441838236e-08, "0.8163265306122449": 1.6826166918619162e-07, "0.6122448979591837": 1.1569064326952328e-07, "0.40816326530612246": 7.11998376672207e-08, "1.0204081632653061": 2.3133400686588178e-07, "1.4285714285714286": 4.047104200433313e-07, "1.6326530612244898": 5.284856105476305e-07, "1.2244897959183674": 3.084033199849438e-07, "2.2448979591836737": 1.2699979975922892e-06, "2.0408163265306123": 9.242017566148564e-07, "1.836734693877551": 6.934348218530847e-07, "3.8775510204081636": 0.1838452925375346, "2.4489795918367347": 1.8453811748896498e-06, "3.673469387755102": 0.148028907668045, "3.2653061224489797": 0.057262351684818386, "2.6530612244897958": 2.9926116362039984e-06, "0.0": 0.0, "2.857142857142857": 6.406092776781438e-06, "3.4693877551020407": 0.10627967563203479, "4.6938775510204085": 0.2856441960782673, "5.1020408163265305": 0.31978677417645207, "4.4897959183673475": 0.26507682986602743, "4.8979591836734695": 0.3037627670299321, "4.081632653061225": 0.2147710275256855, "5.918367346938775": 0.36811797948152974, "5.714285714285714": 0.3579862667380223, "6.530612244897959": 0.3927887495119586, "6.122448979591837": 0.3772155792674595, "6.73469387755102": 0.39946241660265225, "5.510204081632653": 0.3466741902087853, "6.326530612244898": 0.38540364409012, "4.285714285714286": 0.24162914106555042, "6.938775510204081": 0.40550349346302994, "7.142857142857143": 0.4109800891890409, "7.346938775510204": 0.41595115162769825, "3.0612244897959187": 0.0003799738148295216, "5.3061224489795915": 0.334009226555168, "7.755102040816327": 0.4245741861654813, "8.571428571428571": 0.43759035126881957, "8.36734693877551": 0.434790373843159, "7.551020408163265": 0.42046775976480205, "8.775510204081632": 0.4401253369291623, "7.959183673469388": 0.4283087732136559, "9.183673469387756": 0.4444669609491307, "8.979591836734695": 0.4424127460177998, "9.795918367346939": 0.44933391634505476, "8.16326530612245": 0.43170465799579877, "9.387755102040817": 0.4462995871449963, "10.0": 0.4505468204095213, "9.591836734693878": 0.44791967507715896}