{"0.0": 0.0, "0.20408163265306123": 0.0, "0.40816326530612246": 0.0, "0.6122448979591837": 0.0, "0.8163265306122449": 0.0, "1.0204081632653061": 0.0, "1.4285714285714286": 0.0, "1.2244897959183674": 0.0, "3.4693877551020407": 0.275839764295069, "3.2653061224489797": 0.16118516094748964, "3.0612244897959187": 0.023284020432395615, "3.8775510204081636": 0.45303068285435943, "3.673469387755102": 0.37193078913455974, "1.6326530612244898": 0.0, "1.836734693877551": 0.0, "4.285714285714286": 0.580732918837973, "2.0408163265306123": 0.0, "4.081632653061225": 0.5219085093562421, "4.4897959183673475": 0.6312245650261157, "4.8979591836734695": 0.712451049207966, "4.6938775510204085": 0.6747597394591247, "2.2448979591836737": 0.0, "2.4489795918367347": 0.0, "5.1020408163265305": 0.7452049334248997, "5.3061224489795915": 0.7737642864784346, "5.510204081632653": 0.7987439550447426, "2.6530612244897958": 4e-323, "5.714285714285714": 0.8206543158725487, "6.326530612244898": 0.8719135633252642, "5.918367346938775": 0.8399227877338545, "6.122448979591837": 0.856908111720749, "6.530612244897959": 0.885196418263533, "6.73469387755102": 0.8969753173131948, "2.857142857142857": 1.14e-322, "6.938775510204081": 0.9074373979291177, "7.142857142857143": 0.9167425784291355, "7.346938775510204": 0.9250283278802867, "7.551020408163265": 0.9324125287188089, "7.755102040816327": 0.938996600221922, "7.959183673469388": 0.9448676385020132, "8.16326530612245": 0.9501001164682206, "8.36734693877551": 0.9547577384902423, "8.571428571428571": 0.9588944130975177, "8.775510204081632": 0.9625555279324789, "8.979591836734695": 0.9657787584417475, "9.183673469387756": 0.9685947205275074, "9.387755102040817": 0.9710277637485896, "9.591836734693878": 0.9730964470210095, "9.795918367346939": 0.9748139372649918, "10.0": 0.976188597811578}