{"0.20408163265306123": 2.2628175470706425e-08, "0.40816326530612246": 4.727119242188763e-08, "0.6122448979591837": 7.420843285286813e-08, "1.0204081632653061": 1.3636737002369451e-07, "1.4285714285714286": 2.1270242787282765e-07, "0.8163265306122449": 1.0377337848380761e-07, "2.4489795918367347": 5.096839163987946e-07, "1.2244897959183674": 1.7247779071679586e-07, "2.0408163265306123": 3.664863470833437e-07, "2.2448979591836737": 4.328261386445488e-07, "3.4693877551020407": 1.1959639886842687e-06, "1.6326530612244898": 2.5778260821453074e-07, "2.857142857142857": 7.06797122496526e-07, "1.836734693877551": 3.086490289939967e-07, "3.2653061224489797": 9.951903085883438e-07, "3.0612244897959187": 8.360396702471386e-07, "2.6530612244897958": 5.997666546475324e-07, "3.673469387755102": 1.4571118814025878e-06, "0.0": 0.0, "3.8775510204081636": 1.8106372064309517e-06, "4.081632653061225": 2.3160142578394807e-06, "6.73469387755102": 0.2955559816799179, "6.122448979591837": 0.21489445675793817, "5.3061224489795915": 0.06528040432056272, "6.326530612244898": 0.2442186520831468, "4.285714285714286": 3.097716897026383e-06, "5.714285714285714": 0.14736905644173937, "7.755102040816327": 0.3915837824419484, "6.938775510204081": 0.318071672221037, "7.346938775510204": 0.3578164080284551, "5.510204081632653": 0.10838334439899862, "6.530612244897959": 0.27101610120911246, "4.6938775510204085": 7.487566378060357e-06, "7.142857142857143": 0.3387661468834104, "4.4897959183673475": 4.467393368611277e-06, "7.959183673469388": 0.40655499082772656, "5.918367346938775": 0.18273194398070114, "5.1020408163265305": 0.017497327329932307, "7.551020408163265": 0.3753771471530164, "4.8979591836734695": 1.9655079128473062e-05, "8.571428571428571": 0.4450339346362133, "8.775510204081632": 0.455982930522403, "8.36734693877551": 0.43319451338968895, "9.387755102040817": 0.48405689735824503, "9.183673469387756": 0.4754451529984179, "8.979591836734695": 0.46610238241543955, "8.16326530612245": 0.4203948282845445, "9.591836734693878": 0.4919767691352286, "10.0": 0.505868650746621, "9.795918367346939": 0.4992380403886385}