{"0.20408163265306123": 1.3742191523109517e-08, "0.40816326530612246": 2.861020167059335e-08, "0.6122448979591837": 4.475841181168134e-08, "1.0204081632653061": 8.166981503750993e-08, "1.4285714285714286": 1.2646321552559122e-07, "0.8163265306122449": 6.237105653833202e-08, "2.4489795918367347": 2.9728833042448856e-07, "1.2244897959183674": 1.0292384341594985e-07, "2.0408163265306123": 2.154441861458008e-07, "2.2448979591836737": 2.534563437809381e-07, "3.4693877551020407": 6.83325935449278e-07, "1.6326530612244898": 1.5269720445394262e-07, "2.857142857142857": 4.089473763429341e-07, "1.836734693877551": 1.8213956848450826e-07, "3.2653061224489797": 5.710383729593364e-07, "3.0612244897959187": 4.817334087039014e-07, "2.6530612244897958": 3.484339329694982e-07, "3.673469387755102": 8.289417686053592e-07, "0.0": 0.0, "3.8775510204081636": 1.0255429260249403e-06, "4.081632653061225": 1.3059427122550984e-06, "6.73469387755102": 0.16306312853831006, "6.122448979591837": 0.11856083950650206, "5.3061224489795915": 0.03601630776117404, "6.326530612244898": 0.134739480032174, "4.285714285714286": 1.7388157680005817e-06, "5.714285714285714": 0.08130596632289831, "7.755102040816327": 0.21604324451623605, "6.938775510204081": 0.17548540507269159, "7.346938775510204": 0.19741322905483857, "5.510204081632653": 0.059796908230493884, "6.530612244897959": 0.14952407315102495, "4.6938775510204085": 4.1640187604746185e-06, "7.142857142857143": 0.18690288687418266, "4.4897959183673475": 2.49610392005451e-06, "7.959183673469388": 0.22430310624975214, "5.918367346938775": 0.10081625259290132, "5.1020408163265305": 0.009653598835225855, "7.551020408163265": 0.20710177745605374, "4.8979591836734695": 1.0878692053035707e-05, "8.571428571428571": 0.24553257199888645, "8.775510204081632": 0.2515733129940662, "8.36734693877551": 0.23900056869937847, "9.387755102040817": 0.2670621819568363, "9.183673469387756": 0.2623109410362978, "8.979591836734695": 0.2571563809360784, "8.16326530612245": 0.23193877204795385, "9.591836734693878": 0.27143170540487416, "10.0": 0.2790960848626225, "9.795918367346939": 0.27543786812267623}