{"0.20408163265306123": 3.637036699381594e-08, "0.40816326530612246": 7.588139409248097e-08, "0.6122448979591837": 1.1896684466454947e-07, "1.0204081632653061": 2.1803718506120447e-07, "1.4285714285714286": 3.3916564339841884e-07, "0.8163265306122449": 1.6614443502213964e-07, "2.4489795918367347": 8.069722468232834e-07, "1.2244897959183674": 2.754016341327458e-07, "2.0408163265306123": 5.819305332291446e-07, "2.2448979591836737": 6.862824824254865e-07, "3.4693877551020407": 1.8792899241335473e-06, "1.6326530612244898": 4.1047981266847344e-07, "2.857142857142857": 1.1157444988394607e-06, "1.836734693877551": 4.90788597478505e-07, "3.2653061224489797": 1.5662286815476804e-06, "3.0612244897959187": 1.3177730789510398e-06, "2.6530612244897958": 9.482005876170306e-07, "3.673469387755102": 2.2860536500079462e-06, "0.0": 0.0, "3.8775510204081636": 2.8361801324558926e-06, "4.081632653061225": 3.621956970094579e-06, "6.73469387755102": 0.458619110218228, "6.122448979591837": 0.33345529626444026, "5.3061224489795915": 0.10129671208173674, "6.326530612244898": 0.37895813211532087, "4.285714285714286": 4.836532665026965e-06, "5.714285714285714": 0.2286750227646377, "7.755102040816327": 0.6076270269581847, "6.938775510204081": 0.49355707729372855, "7.346938775510204": 0.5552296370832938, "5.510204081632653": 0.1681802526294925, "6.530612244897959": 0.42054017436013746, "4.6938775510204085": 1.1651585138534974e-05, "7.142857142857143": 0.5256690337575931, "4.4897959183673475": 6.963497288665787e-06, "7.959183673469388": 0.6308580970774786, "5.918367346938775": 0.2835481965736024, "5.1020408163265305": 0.027150926165158164, "7.551020408163265": 0.5824789246090704, "4.8979591836734695": 3.053377118150877e-05, "8.571428571428571": 0.6905665066350997, "8.775510204081632": 0.7075562435164691, "8.36734693877551": 0.6721950820890676, "9.387755102040817": 0.7511190793150814, "9.183673469387756": 0.7377560940347158, "8.979591836734695": 0.7232587633515178, "8.16326530612245": 0.6523336003324982, "9.591836734693878": 0.7634084745401029, "10.0": 0.7849647356092437, "9.795918367346939": 0.7746759085113145}