{"0.20408163265306123": 3.2662761384472105e-13, "0.8163265306122449": 2.4531265907512534e-11, "0.40816326530612246": 3.241851231905457e-14, "1.0204081632653061": 1.7792955997464333e-10, "0.6122448979591837": 1.6178169914837781e-12, "1.2244897959183674": 2.0017321133991572e-12, "2.2448979591836737": 2.0282997503784372e-11, "1.4285714285714286": 1.0005996031736686e-11, "1.6326530612244898": -8.461942258009003e-11, "1.836734693877551": -1.643123415107084e-09, "2.857142857142857": 3.040109275431746e-10, "2.0408163265306123": 2.4661384045998602e-12, "3.0612244897959187": 1.0782352788396565e-09, "2.4489795918367347": 1.7787327166729483e-11, "2.6530612244897958": 7.783229616364906e-11, "3.673469387755102": 3.235787293665027e-08, "3.8775510204081636": 9.265883949005627e-08, "3.2653061224489797": 3.5826765998336896e-09, "3.4693877551020407": 1.1047395553909212e-08, "0.0": 0.0, "4.081632653061225": 2.460957451155821e-07, "4.285714285714286": 6.614022582951407e-07, "5.918367346938775": 0.20339072041655504, "4.4897959183673475": 1.8113647939355104e-06, "4.6938775510204085": 5.27003730976805e-06, "6.938775510204081": 0.3938846850954092, "7.142857142857143": 0.42483796030162657, "7.551020408163265": 0.48108548130865725, "6.530612244897959": 0.3254694467587864, "5.714285714285714": 0.15646970360114187, "7.346938775510204": 0.4538540422485101, "5.3061224489795915": 0.05131455129938345, "5.510204081632653": 0.10590229193243772, "4.8979591836734695": 1.90055024510416e-05, "6.122448979591837": 0.24700350836154195, "6.326530612244898": 0.28760782222382697, "7.755102040816327": 0.5066699857159765, "6.73469387755102": 0.3608247672911049, "7.959183673469388": 0.5307321834605112, "5.1020408163265305": 0.0002973608655431059, "8.16326530612245": 0.5533851381080346, "8.571428571428571": 0.5948654216275269, "9.183673469387756": 0.6488099903569973, "8.979591836734695": 0.6318295897915598, "9.591836734693878": 0.6800973218550368, "8.36734693877551": 0.5747316564420167, "9.795918367346939": 0.694520613735723, "8.775510204081632": 0.6138719791339602, "10.0": 0.7082003779553516, "9.387755102040817": 0.6648790439644814}