{"0.40816326530612246": 4.779699975357791e-08, "0.8163265306122449": 1.2020769116846565e-07, "0.6122448979591837": 7.987287354065427e-08, "3.8775510204081636": 0.16020977586594234, "3.673469387755102": 0.14832191930794988, "1.0204081632653061": 1.724625709486199e-07, "1.6326530612244898": 4.95663394501368e-07, "0.20408163265306123": 2.1679005891842307e-08, "2.857142857142857": 0.07421959793990283, "3.2653061224489797": 0.11779074377946144, "2.6530612244897958": 0.04522888501689541, "3.0612244897959187": 0.09802916310231735, "1.2244897959183674": 2.4283773763848366e-07, "3.4693877551020407": 0.13434393444332707, "1.836734693877551": 7.591052169215572e-07, "1.4285714285714286": 3.42735408687072e-07, "2.0408163265306123": 1.3206248930345614e-06, "0.0": 0.0, "2.4489795918367347": 0.009502903104679366, "4.081632653061225": 0.17038433797204294, "4.4897959183673475": 0.1867185981376648, "2.2448979591836737": 3.3450599441512364e-06, "4.6938775510204085": 0.19330352306392312, "5.714285714285714": 0.21586385443601663, "4.285714285714286": 0.17914201931958953, "6.938775510204081": 0.2298869109408155, "6.73469387755102": 0.2281577472189302, "6.530612244897959": 0.22622599599660204, "4.8979591836734695": 0.19905041483148944, "5.510204081632653": 0.2124128425336548, "5.918367346938775": 0.21892361865061233, "7.142857142857143": 0.23143651608009722, "5.1020408163265305": 0.20408488159766364, "7.346938775510204": 0.23282634945960407, "5.3061224489795915": 0.20851040788659925, "7.551020408163265": 0.23407341045589697, "6.326530612244898": 0.22406482747359974, "6.122448979591837": 0.22164292216091527, "7.755102040816327": 0.2351922817556669, "8.16326530612245": 0.23709346463841974, "7.959183673469388": 0.23619543222009193, "8.36734693877551": 0.23789531869706662, "8.775510204081632": 0.23923890537240888, "9.183673469387756": 0.24027009149442, "8.979591836734695": 0.2397915605584403, "8.571428571428571": 0.23860843760658842, "10.0": 0.24148073568807793, "9.387755102040817": 0.2406771171557515, "9.795918367346939": 0.2412821953567931, "9.591836734693878": 0.24101425735160628}