{"0.40816326530612246": 1.4604638813593255e-07, "0.8163265306122449": 3.673012785703118e-07, "0.6122448979591837": 2.440560024853326e-07, "3.8775510204081636": 0.48952987070149057, "3.673469387755102": 0.45320586455206935, "1.0204081632653061": 5.269689667874497e-07, "1.6326530612244898": 1.5145270387541805e-06, "0.20408163265306123": 6.624140689174037e-08, "2.857142857142857": 0.2267821048163698, "3.2653061224489797": 0.3599161615483545, "2.6530612244897958": 0.1381993708849582, "3.0612244897959187": 0.29953355392374736, "1.2244897959183674": 7.420041983398111e-07, "3.4693877551020407": 0.4104953552434994, "1.836734693877551": 2.3194881628158694e-06, "1.4285714285714286": 1.0472470820993866e-06, "2.0408163265306123": 4.035242728716713e-06, "0.0": 0.0, "2.4489795918367347": 0.029036648375409178, "4.081632653061225": 0.5206188104701314, "4.4897959183673475": 0.5705290498650871, "2.2448979591836737": 1.0221016496017667e-05, "4.6938775510204085": 0.5906496538064319, "5.714285714285714": 0.6595839996656063, "4.285714285714286": 0.5473783923654124, "6.938775510204081": 0.7024322278747142, "6.73469387755102": 0.6971486720578421, "6.530612244897959": 0.6912460988785063, "4.8979591836734695": 0.6082096008739954, "5.510204081632653": 0.6490392410750565, "5.918367346938775": 0.6689332792102045, "7.142857142857143": 0.7071671324669635, "5.1020408163265305": 0.6235926937706386, "7.346938775510204": 0.7114138455710124, "5.3061224489795915": 0.637115135209053, "7.551020408163265": 0.7152243097263522, "6.326530612244898": 0.6846425283915544, "6.122448979591837": 0.677242262158352, "7.755102040816327": 0.7186430831423157, "8.16326530612245": 0.7244522530618381, "7.959183673469388": 0.7217082651169473, "8.36734693877551": 0.7269023626854815, "8.775510204081632": 0.7310077664156938, "9.183673469387756": 0.7341586128996167, "8.979591836734695": 0.7326964350396786, "8.571428571428571": 0.7290813371312425, "10.0": 0.7378578034913494, "9.387755102040817": 0.7354023024203519, "9.795918367346939": 0.7372511524790901, "9.591836734693878": 0.736432453018797}