{"0.40816326530612246": 1.9384338788951038e-07, "0.8163265306122449": 4.875089697387772e-07, "0.6122448979591837": 3.2392887602598683e-07, "3.8775510204081636": 0.6497396465674328, "3.673469387755102": 0.6015277838600193, "1.0204081632653061": 6.994315377360695e-07, "1.6326530612244898": 2.0101904332555466e-06, "0.20408163265306123": 8.79204127835827e-08, "2.857142857142857": 0.3010017027562726, "3.2653061224489797": 0.4777069053278158, "2.6530612244897958": 0.18342825590185366, "3.0612244897959187": 0.3975627170260647, "1.2244897959183674": 9.848419359782945e-07, "3.4693877551020407": 0.5448392896868265, "1.836734693877551": 3.0785933797374284e-06, "1.4285714285714286": 1.3899824907864591e-06, "2.0408163265306123": 5.355867621751276e-06, "0.0": 0.0, "2.4489795918367347": 0.03853955148008856, "4.081632653061225": 0.6910031484421741, "4.4897959183673475": 0.7572476480027519, "2.2448979591836737": 1.3566076440168899e-05, "4.6938775510204085": 0.783953176870355, "5.714285714285714": 0.8754478541016228, "4.285714285714286": 0.7265204116850017, "6.938775510204081": 0.9323191388155299, "6.73469387755102": 0.9253064192767724, "6.530612244897959": 0.9174720948751078, "4.8979591836734695": 0.8072600157054851, "5.510204081632653": 0.8614520836087111, "5.918367346938775": 0.8878568978608167, "7.142857142857143": 0.9386036485470608, "5.1020408163265305": 0.8276775753683021, "7.346938775510204": 0.9442401950306165, "5.3061224489795915": 0.8456255430956522, "7.551020408163265": 0.9492977201822491, "6.326530612244898": 0.9087073558651545, "6.122448979591837": 0.8988851843192676, "7.755102040816327": 0.9538353648979827, "8.16326530612245": 0.9615457177002579, "7.959183673469388": 0.9579036973370394, "8.36734693877551": 0.9647976813825483, "8.775510204081632": 0.9702466717881025, "9.183673469387756": 0.9744287043940368, "8.979591836734695": 0.972487995598119, "8.571428571428571": 0.967689774737831, "9.387755102040817": 0.9760794195761037, "10.0": 0.9793385391794277, "9.795918367346939": 0.9785333478358833, "9.591836734693878": 0.9774467103704031}