{"0.6122448979591837": 1.0866397147113663e-07, "1.6326530612244898": 4.75957967351011e-07, "2.2448979591836737": 1.0725847903149764e-06, "1.0204081632653061": 2.1455145536179563e-07, "0.20408163265306123": 3.135550836823066e-08, "3.8775510204081636": 0.3036029251463662, "0.40816326530612246": 6.722127645838945e-08, "1.836734693877551": 6.151437774178604e-07, "0.8163265306122449": 1.5711673044841148e-07, "1.2244897959183674": 2.8375841630774874e-07, "2.4489795918367347": 1.48935533250285e-06, "2.6530612244897958": 2.2218616231640903e-06, "1.4285714285714286": 3.6882016795355143e-07, "2.0408163265306123": 8.034291536364539e-07, "0.0": 0.0, "2.857142857142857": 3.849901556183571e-06, "3.2653061224489797": 0.04064003274412842, "3.673469387755102": 0.22779502599047338, "3.4693877551020407": 0.1408759442561913, "3.0612244897959187": 1.0613661049163901e-05, "6.122448979591837": 0.739817944545075, "4.081632653061225": 0.3700709299788552, "5.918367346938775": 0.7178651342414099, "4.8979591836734695": 0.5675336771201976, "5.714285714285714": 0.6936510510043875, "6.326530612244898": 0.7597617757291123, "7.346938775510204": 0.836052951861091, "5.1020408163265305": 0.6042594344770637, "7.142857142857143": 0.8234008385979044, "6.938775510204081": 0.8095802868255679, "5.510204081632653": 0.6668827924444871, "5.3061224489795915": 0.6372188926241351, "4.285714285714286": 0.428630392385247, "4.4897959183673475": 0.4804483796636181, "7.551020408163265": 0.8476460457597371, "4.6938775510204085": 0.526484459186683, "6.73469387755102": 0.7944660707108032, "6.530612244897959": 0.777914752288368, "7.755102040816327": 0.8582757302682187, "7.959183673469388": 0.8680254699064608, "8.16326530612245": 0.876967973586849, "8.775510204081632": 0.8995410197712895, "8.36734693877551": 0.8851663592641631, "9.183673469387756": 0.9114962257289353, "8.979591836734695": 0.9058036613980993, "8.571428571428571": 0.8926751335921614, "10.0": 0.9290299725276321, "9.591836734693878": 0.9212744812375929, "9.795918367346939": 0.9253985235094316, "9.387755102040817": 0.9166459262152757}