{"0.6122448979591837": 1.2386736965061122e-07, "1.6326530612244898": 5.485170197420276e-07, "2.2448979591836737": 1.2453887747768966e-06, "1.0204081632653061": 2.455907803371221e-07, "0.20408163265306123": 3.560281270184483e-08, "3.8775510204081636": 0.3444201526546491, "0.40816326530612246": 7.647416246198252e-08, "1.836734693877551": 7.106326851890063e-07, "0.8163265306122449": 1.794668400605731e-07, "1.2244897959183674": 3.255201721037244e-07, "2.4489795918367347": 1.7339371152013729e-06, "2.6530612244897958": 2.5939175226443258e-06, "1.4285714285714286": 4.240563755500777e-07, "2.0408163265306123": 9.304636815830685e-07, "0.0": 0.0, "2.857142857142857": 4.507520265267334e-06, "3.2653061224489797": 0.04759499175282752, "3.673469387755102": 0.2608908703345157, "3.4693877551020407": 0.16305521974556758, "3.0612244897959187": 1.2463765016558808e-05, "6.122448979591837": 0.7873806473574894, "4.081632653061225": 0.41622216321576927, "5.918367346938775": 0.7669221419066298, "4.8979591836734695": 0.6209604659626085, "5.714285714285714": 0.74408230111151, "6.326530612244898": 0.805750973147095, "7.346938775510204": 0.8738856537932467, "5.1020408163265305": 0.6574896656747234, "7.142857142857143": 0.8628447485941082, "6.938775510204081": 0.8506588361530947, "5.510204081632653": 0.7185158001632279, "5.3061224489795915": 0.6898138153930535, "4.285714285714286": 0.47832141217635465, "4.4897959183673475": 0.5323253060820098, "7.551020408163265": 0.8838998634016894, "4.6938775510204085": 0.5795234752680967, "6.73469387755102": 0.8371911037006775, "6.530612244897959": 0.8222831123360475, "7.755102040816327": 0.8929897516644153, "7.959183673469388": 0.9012438660852825, "8.16326530612245": 0.9087386709218895, "8.775510204081632": 0.9272793081205783, "8.36734693877551": 0.9155399920745907, "9.183673469387756": 0.936816666034044, "8.979591836734695": 0.9323056268879363, "8.571428571428571": 0.9217042189057745, "10.0": 0.9501691137153212, "9.591836734693878": 0.9443960589307121, "9.795918367346939": 0.9475021002695918, "9.387755102040817": 0.9408396490943701}