{"0.40816326530612246": 2.92466051377005e-12, "0.20408163265306123": 4.440892098500626e-15, "0.6122448979591837": 5.5289106626332796e-14, "1.0204081632653061": 3.980993312779901e-11, "1.4285714285714286": 6.243672245886955e-12, "1.6326530612244898": 5.196998387191343e-11, "0.8163265306122449": 2.2551960299210805e-12, "1.2244897959183674": 5.055955654142963e-13, "1.836734693877551": 1.6014967130217883e-12, "3.673469387755102": 0.2091895233829425, "3.4693877551020407": 0.17410054188914914, "2.0408163265306123": 7.42063077652233e-11, "2.2448979591836737": 3.6758707189221695e-11, "3.8775510204081636": 0.24194227755722597, "3.0612244897959187": 0.09558411291968127, "3.2653061224489797": 0.13635984442872862, "2.4489795918367347": 1.0154022067609958e-10, "2.857142857142857": 0.051301842930977504, "0.0": 0.0, "4.081632653061225": 0.2726213224276731, "4.285714285714286": 0.30144724629042385, "2.6530612244897958": 0.0029248918006504754, "4.4897959183673475": 0.32860704553432685, "5.918367346938775": 0.48312179497016805, "4.6938775510204085": 0.3542605093390361, "5.3061224489795915": 0.42346953734339676, "4.8979591836734695": 0.378545174871196, "5.1020408163265305": 0.40158021737567406, "6.122448979591837": 0.5012390963933728, "6.326530612244898": 0.5185731034771882, "6.530612244897959": 0.5351746149557226, "6.938775510204081": 0.5663589259144145, "5.714285714285714": 0.46416460972968154, "6.73469387755102": 0.5510894145783153, "5.510204081632653": 0.4443042346942654, "7.142857142857143": 0.5810207677060707, "7.346938775510204": 0.5951092273390433, "7.755102040816327": 0.6216888695308793, "7.551020408163265": 0.6086556663977498, "8.16326530612245": 0.6463195893398941, "7.959183673469388": 0.6342353459647585, "8.36734693877551": 0.6579643064940075, "8.571428571428571": 0.669190613401372, "8.979591836734695": 0.69046552028939, "9.591836734693878": 0.7196936956448284, "8.775510204081632": 0.6800182079340961, "9.387755102040817": 0.7102874525634316, "9.183673469387756": 0.7005498443827174, "10.0": 0.7375693928272081, "9.795918367346939": 0.7287830899484101}