{"0.40816326530612246": 6.6183170055467144e-12, "0.20408163265306123": 1.0486056467584604e-14, "0.6122448979591837": 1.2483902800397573e-13, "1.0204081632653061": 8.976778209657255e-11, "1.4285714285714286": 1.4097378819855067e-11, "1.6326530612244898": 1.174609742804478e-10, "0.8163265306122449": 5.08695863210562e-12, "1.2244897959183674": 1.1407041977662401e-12, "3.673469387755102": 0.39259701406418, "1.836734693877551": 3.5904168527167715e-12, "3.4693877551020407": 0.33763971318076236, "2.0408163265306123": 1.6804258540226158e-10, "2.2448979591836737": 8.218390412650934e-11, "3.8775510204081636": 0.44041485375649253, "3.0612244897959187": 0.19953227490709943, "3.2653061224489797": 0.27396682319055843, "2.4489795918367347": 2.2493478746277164e-10, "2.857142857142857": 0.11163771106628115, "0.0": 0.0, "4.081632653061225": 0.4823244653001417, "4.285714285714286": 0.5192997548264014, "2.6530612244897958": 0.006660228520849037, "4.4897959183673475": 0.5521197838255706, "5.918367346938775": 0.7064522942520177, "4.6938775510204085": 0.5814141035867484, "5.3061224489795915": 0.6528402266440707, "4.8979591836734695": 0.6076961533717252, "5.1020408163265305": 0.6313882046051564, "6.122448979591837": 0.7214398362118399, "6.326530612244898": 0.7352590910508231, "6.530612244897959": 0.7480393362595518, "6.938775510204081": 0.7709138255804926, "5.714285714285714": 0.6901458773526653, "6.73469387755102": 0.7598920608428066, "5.510204081632653": 0.6723443202454061, "7.142857142857143": 0.7811886006015252, "7.346938775510204": 0.7907896873324168, "7.755102040816327": 0.8082199248521292, "7.551020408163265": 0.7997813076514888, "8.16326530612245": 0.8236316539354525, "7.959183673469388": 0.8161553472954335, "8.36734693877551": 0.8306879761367303, "8.571428571428571": 0.837359157622223, "8.979591836734695": 0.8496673222440756, "9.591836734693878": 0.8659216196664268, "8.775510204081632": 0.8436763161658519, "9.387755102040817": 0.8607685205374598, "9.183673469387756": 0.8553572084258312, "10.0": 0.8755252260973786, "9.795918367346939": 0.8708349424847905}