{"1.0204081632653061": 1.6019535704761602e-07, "0.8163265306122449": 1.2070660214333768e-07, "1.2244897959183674": 2.048633365548758e-07, "0.6122448979591837": 8.555134938899012e-08, "1.4285714285714286": 2.5579104175215833e-07, "0.40816326530612246": 5.4058197429457636e-08, "0.20408163265306123": 2.5687373450530135e-08, "1.836734693877551": 3.8248872709857994e-07, "2.2448979591836737": 5.582363909553807e-07, "2.0408163265306123": 4.626182437657108e-07, "3.2653061224489797": 1.5691250125686185e-06, "2.4489795918367347": 6.742821894738583e-07, "3.0612244897959187": 1.240544372483643e-06, "2.6530612244897958": 8.180414694910031e-07, "1.6326530612244898": 3.1438124132641536e-07, "0.0": 0.0, "3.4693877551020407": 2.0467351197934283e-06, "2.857142857142857": 1.0007283019757164e-06, "3.8775510204081636": 4.1881317825655115e-06, "3.673469387755102": 2.8041228637119875e-06, "5.1020408163265305": 0.2853581098187019, "5.510204081632653": 0.3994722188732491, "5.918367346938775": 0.49131230540794674, "7.551020408163265": 0.7214611236766193, "4.4897959183673475": 0.055320517720271745, "4.6938775510204085": 0.1415480102393078, "6.326530612244898": 0.5661190377385616, "6.938775510204081": 0.6543849518903363, "5.3061224489795915": 0.345601179237046, "4.8979591836734695": 0.21774206272984636, "6.530612244897959": 0.5983603523002058, "4.285714285714286": 2.6720650500498145e-05, "4.081632653061225": 7.522432975715727e-06, "5.714285714285714": 0.4478079879149797, "6.122448979591837": 0.5305805558174856, "7.142857142857143": 0.6787644330634048, "6.73469387755102": 0.6276757273303804, "7.346938775510204": 0.7010537666206476, "7.959183673469388": 0.7573313296177285, "7.755102040816327": 0.7401676882170967, "8.16326530612245": 0.773089655527185, "8.36734693877551": 0.7875625607345935, "8.571428571428571": 0.8008543648668331, "8.775510204081632": 0.813055613531787, "9.387755102040817": 0.8438453707191063, "8.979591836734695": 0.8242446039386291, "9.591836734693878": 0.8523633074926256, "9.183673469387756": 0.8344886846826721, "9.795918367346939": 0.8600831124161317, "10.0": 0.8670381174702858}