{"1.0204081632653061": 1.3727749859248785e-07, "0.8163265306122449": 1.0369276815080898e-07, "1.2244897959183674": 1.7510979829664067e-07, "0.6122448979591837": 7.366798085967615e-08, "1.4285714285714286": 2.1806768896708687e-07, "0.40816326530612246": 4.665690526106292e-08, "0.20408163265306123": 2.2220099828610045e-08, "1.836734693877551": 3.242839944387012e-07, "2.2448979591836737": 4.7049325486993505e-07, "2.0408163265306123": 3.910808303003553e-07, "3.2653061224489797": 1.3003927902961477e-06, "2.4489795918367347": 5.665268725815029e-07, "3.0612244897959187": 1.0318259072718462e-06, "2.6530612244897958": 6.850891882906512e-07, "1.6326530612244898": 2.6729049390244224e-07, "0.0": 0.0, "3.4693877551020407": 1.6898101716929348e-06, "2.857142857142857": 8.352710859376259e-07, "3.8775510204081636": 3.4301118625690334e-06, "3.673469387755102": 2.3060304874531603e-06, "5.1020408163265305": 0.24105964409352776, "5.510204081632653": 0.3436681656662123, "5.918367346938775": 0.42931415796901157, "7.551020408163265": 0.6590173379475285, "4.4897959183673475": 0.04517392011243108, "4.6938775510204085": 0.1170208209442682, "6.326530612244898": 0.5013727706575616, "6.938775510204081": 0.589460971457245, "5.3061224489795915": 0.29473360786866415, "4.8979591836734695": 0.18205143235617988, "6.530612244897959": 0.5331377569865005, "4.285714285714286": 2.1694114923130006e-05, "4.081632653061225": 6.134651334214108e-06, "5.714285714285714": 0.3883789186859913, "6.122448979591837": 0.46686481753445463, "7.142857142857143": 0.6144556826575565, "6.73469387755102": 0.5624231800364796, "7.346938775510204": 0.637587935214995, "7.959183673469388": 0.6973154295861925, "7.755102040816327": 0.6788849594544409, "8.16326530612245": 0.714418730816577, "8.36734693877551": 0.7302917303303172, "8.571428571428571": 0.745019495532733, "8.775510204081632": 0.7586764286335965, "9.387755102040817": 0.7938260923499456, "8.979591836734695": 0.7713272507229408, "9.591836734693878": 0.803762383757248, "9.183673469387756": 0.7830278609096752, "9.795918367346939": 0.8128703821902725, "10.0": 0.8211774907962391}