{"1.0204081632653061": 1.498823207428083e-07, "0.8163265306122449": 1.1305037684669981e-07, "1.2244897959183674": 1.9147424433867008e-07, "0.6122448979591837": 8.020383355079883e-08, "1.4285714285714286": 2.388155329988763e-07, "0.40816326530612246": 5.072761595368001e-08, "0.20408163265306123": 2.4127100320666094e-08, "1.836734693877551": 3.562965974016345e-07, "2.2448979591836737": 5.187519797169303e-07, "2.0408163265306123": 4.3042640770630087e-07, "3.2653061224489797": 1.4481955125460067e-06, "2.4489795918367347": 6.257922968722983e-07, "3.0612244897959187": 1.1466210631383345e-06, "2.6530612244897958": 7.582129429508449e-07, "1.6326530612244898": 2.931904049856276e-07, "0.0": 0.0, "3.4693877551020407": 1.8861188931482063e-06, "2.857142857142857": 9.262725547585754e-07, "3.8775510204081636": 3.847022818567098e-06, "3.673469387755102": 2.5799812943955152e-06, "5.1020408163265305": 0.26542380024237355, "5.510204081632653": 0.3743603949300825, "5.918367346938775": 0.4634131390604259, "7.551020408163265": 0.6933614200985285, "4.4897959183673475": 0.05075454879674345, "4.6938775510204085": 0.13051077505653996, "6.326530612244898": 0.536983217552112, "6.938775510204081": 0.6251691606954453, "5.3061224489795915": 0.3227107721212742, "4.8979591836734695": 0.20168127906169642, "6.530612244897959": 0.5690101844090384, "4.285714285714286": 2.4458709490682488e-05, "4.081632653061225": 6.89793123704e-06, "5.714285714285714": 0.421064906761935, "6.122448979591837": 0.5019084735901216, "7.142857142857143": 0.6498254953807732, "6.73469387755102": 0.5983120810481254, "7.346938775510204": 0.6724941424881037, "7.959183673469388": 0.7303241746035372, "7.755102040816327": 0.7125904602739018, "8.16326530612245": 0.7466877394074118, "8.36734693877551": 0.7617906870526694, "8.571428571428571": 0.7757286736664879, "8.775510204081632": 0.7885849803276015, "9.387755102040817": 0.821336695452984, "8.979591836734695": 0.8004317949915696, "9.591836734693878": 0.8304928918117055, "9.183673469387756": 0.8113313139848235, "9.795918367346939": 0.8388373838144952, "10.0": 0.846400835466965}