{"0.20408163265306123": 5.424704591766523e-07, "0.40816326530612246": 5.935016547347682e-07, "0.8163265306122449": 7.342135383773071e-07, "3.0612244897959187": 0.3445343712255784, "1.4285714285714286": 1.1596872043477998e-06, "1.2244897959183674": 9.699664166080284e-07, "3.673469387755102": 0.5414999776259871, "3.4693877551020407": 0.485934318756786, "2.857142857142857": 0.25361712021263294, "3.8775510204081636": 0.5893995381932615, "0.6122448979591837": 6.559720626640553e-07, "1.0204081632653061": 8.350611178948839e-07, "3.2653061224489797": 0.4210103949545493, "1.6326530612244898": 1.446150908569512e-06, "1.836734693877551": 1.928676903454409e-06, "2.0408163265306123": 2.913263553071424e-06, "0.0": 5e-07, "2.6530612244897958": 0.14438610731084606, "4.081632653061225": 0.6309565038244728, "2.2448979591836737": 6.033120197004366e-06, "4.285714285714286": 0.6672189829759372, "2.4489795918367347": 0.011602215885490067, "4.8979591836734695": 0.7518667552499947, "6.122448979591837": 0.853941924826398, "5.510204081632653": 0.8111525247789919, "4.4897959183673475": 0.6990263170540212, "6.938775510204081": 0.8942137002495674, "5.714285714285714": 0.8269327421788678, "5.918367346938775": 0.8411322529047867, "5.1020408163265305": 0.7739104350631534, "6.73469387755102": 0.8855487236294608, "5.3061224489795915": 0.7935669883332426, "6.326530612244898": 0.8655247032351123, "7.142857142857143": 0.9021047102782022, "7.346938775510204": 0.9092991800674295, "4.6938775510204085": 0.7270574777922634, "7.755102040816327": 0.9218571674962542, "8.16326530612245": 0.9323198605265073, "7.551020408163265": 0.9158640633279476, "6.530612244897959": 0.876020259304207, "7.959183673469388": 0.9273282401808185, "8.36734693877551": 0.9368681719236596, "8.571428571428571": 0.9410034860044065, "8.979591836734695": 0.948130128205226, "8.775510204081632": 0.9447507828290473, "9.387755102040817": 0.9538427201706834, "9.183673469387756": 0.9511570259280657, "9.591836734693878": 0.9561944611327722, "10.0": 0.9599065396785067, "9.795918367346939": 0.9582157452491031}