{"0.20408163265306123": 5.517932427217013e-07, "0.40816326530612246": 6.140264073569009e-07, "0.8163265306122449": 7.856262609412888e-07, "3.0612244897959187": 0.4065131628547121, "1.4285714285714286": 1.3044965480465558e-06, "1.2244897959183674": 1.073129754719778e-06, "3.673469387755102": 0.6224422649707292, "3.4693877551020407": 0.5631372503457692, "2.857142857142857": 0.3022307449917656, "3.8775510204081636": 0.6723441719153724, "0.6122448979591837": 6.902098301345684e-07, "1.0204081632653061": 9.086111083888704e-07, "3.2653061224489797": 0.4921556347202078, "1.6326530612244898": 1.6538424837517115e-06, "1.836734693877551": 2.2422887067480694e-06, "2.0408163265306123": 3.44300376263647e-06, "0.0": 5e-07, "2.6530612244897958": 0.17390804852762645, "4.081632653061225": 0.7145992213264226, "2.2448979591836737": 7.247704558894495e-06, "4.285714285714286": 0.7505810158444468, "2.4489795918367347": 0.014135688667079054, "4.8979591836734695": 0.8307076994414765, "6.122448979591837": 0.9175216677372812, "5.510204081632653": 0.8827496448799053, "4.4897959183673475": 0.7813758852423214, "6.938775510204081": 0.9474035958210021, "5.714285714285714": 0.895883843883185, "5.918367346938775": 0.9074002736404259, "5.1020408163265305": 0.8505126702724792, "6.73469387755102": 0.9412520063622997, "5.3061224489795915": 0.8677320514374143, "6.326530612244898": 0.9264356451517439, "7.142857142857143": 0.9528533075299553, "7.346938775510204": 0.9576844766771387, "4.6938775510204085": 0.8078516106717498, "7.755102040816327": 0.9657650308713435, "8.16326530612245": 0.972095584556485, "7.551020408163265": 0.9619681993698604, "6.530612244897959": 0.934300876933147, "7.959183673469388": 0.96912636929269, "8.36734693877551": 0.9747089407600736, "8.571428571428571": 0.9769963511145779, "8.979591836734695": 0.9806848431357458, "8.775510204081632": 0.9789819977295579, "9.387755102040817": 0.9832943716917449, "9.183673469387756": 0.9821190562001028, "9.591836734693878": 0.9842163999786967, "10.0": 0.9853040346603954, "9.795918367346939": 0.9848869010024274}