{"1.2244897959183674": 1.1102230246251565e-16, "0.40816326530612246": 0.0, "0.6122448979591837": 4.440892098500626e-15, "2.4489795918367347": 3.127631487132021e-11, "1.836734693877551": 7.700062809590236e-12, "1.6326530612244898": 2.927658115936538e-13, "2.2448979591836737": 5.912159650733884e-12, "0.20408163265306123": 0.0, "3.2653061224489797": 8.241600513159142e-09, "1.0204081632653061": 0.0, "1.4285714285714286": 7.882583474838611e-15, "2.857142857142857": 5.879245978945846e-10, "0.8163265306122449": 4.015676680069191e-13, "2.6530612244897958": 1.6649781553468301e-10, "2.0408163265306123": 9.71001057337162e-13, "3.0612244897959187": 2.262617759818397e-09, "3.4693877551020407": 2.9271191137603125e-08, "3.8775510204081636": 4.361208337799738e-07, "0.0": 0.0, "3.673469387755102": 1.0608460887517879e-07, "6.938775510204081": 0.6751127909449299, "4.4897959183673475": 0.14040250179012026, "6.73469387755102": 0.6506400892953461, "4.6938775510204085": 0.21589648530488692, "6.326530612244898": 0.5945402596105387, "6.122448979591837": 0.562321505382007, "7.551020408163265": 0.7370206710495886, "4.081632653061225": 3.380502926919604e-06, "4.8979591836734695": 0.2829556368775006, "7.959183673469388": 0.7704960756247101, "5.3061224489795915": 0.3962965244026303, "5.1020408163265305": 0.34276186139390097, "6.530612244897959": 0.6238742011543343, "5.714285714285714": 0.48770355680903776, "5.510204081632653": 0.4443802117700115, "4.285714285714286": 0.05504027673718692, "5.918367346938775": 0.5268513416289493, "7.142857142857143": 0.6975317781418189, "7.755102040816327": 0.7544362159083721, "7.346938775510204": 0.7181064732787719, "8.16326530612245": 0.7853269221982999, "8.775510204081632": 0.8235111077801004, "8.571428571428571": 0.8117395135341205, "8.36734693877551": 0.7990413087749622, "9.591836734693878": 0.8628178998114009, "9.387755102040817": 0.8540281368597278, "9.795918367346939": 0.8710090563940147, "9.183673469387756": 0.8445870555120081, "8.979591836734695": 0.8344362945571735, "10.0": 0.8786493080128569}