{"0.6122448979591837": 6.207455197284482e-07, "0.40816326530612246": 5.733904659614594e-07, "0.20408163265306123": 5.3373271607403e-07, "1.4285714285714286": 9.64066867967192e-07, "3.8775510204081636": 0.47163485062693145, "1.0204081632653061": 7.500770043544246e-07, "3.2653061224489797": 0.2854411911941836, "3.4693877551020407": 0.3557684626666934, "0.8163265306122449": 6.783593034704115e-07, "1.836734693877551": 1.3902002221447664e-06, "3.673469387755102": 0.4173792229072572, "3.0612244897959187": 0.20469551233266475, "1.2244897959183674": 8.419475166165933e-07, "1.6326530612244898": 1.1346439692560975e-06, "2.0408163265306123": 1.8163257373818962e-06, "2.2448979591836737": 2.6717754966203128e-06, "2.857142857142857": 0.11137742528086624, "0.0": 5e-07, "2.4489795918367347": 5.274605901638091e-06, "4.081632653061225": 0.5196365810801667, "2.6530612244897958": 0.00291253496162663, "5.918367346938775": 0.7786843589664931, "5.1020408163265305": 0.6924355477462334, "6.122448979591837": 0.7955627403577746, "5.714285714285714": 0.7601499661917854, "6.938775510204081": 0.8496913105408457, "6.73469387755102": 0.8378994702885326, "7.346938775510204": 0.8704307728883658, "5.510204081632653": 0.7397583479417799, "4.6938775510204085": 0.6343591082948234, "7.755102040816327": 0.887920691657726, "4.285714285714286": 0.562284187310436, "6.326530612244898": 0.8109598124884078, "4.4897959183673475": 0.6003194938510529, "6.530612244897959": 0.8250277509761899, "4.8979591836734695": 0.6649193634624975, "7.142857142857143": 0.8605052560495959, "5.3061224489795915": 0.717276889836153, "7.551020408163265": 0.8795463345945465, "7.959183673469388": 0.8956139298572442, "8.16326530612245": 0.9026783543523502, "8.36734693877551": 0.9091592300873548, "8.775510204081632": 0.9205198306144865, "9.183673469387756": 0.929938419987234, "10.0": 0.9435239013281708, "8.979591836734695": 0.9254600194618227, "9.591836734693878": 0.9375763338362866, "8.571428571428571": 0.9150954039956269, "9.795918367346939": 0.9407582974530525, "9.387755102040817": 0.9339727577689114}