{"0.6122448979591837": 6.409390300109648e-07, "0.40816326530612246": 5.854717313025378e-07, "0.20408163265306123": 5.391998912883025e-07, "1.4285714285714286": 1.0469629340171421e-06, "3.8775510204081636": 0.5277685177659095, "1.0204081632653061": 7.932771546782589e-07, "3.2653061224489797": 0.3287256317039785, "3.4693877551020407": 0.4054099277190305, "0.8163265306122449": 7.086713274130036e-07, "1.836734693877551": 1.5548217651202365e-06, "3.673469387755102": 0.47110528097414206, "3.0612244897959187": 0.23852760484170127, "1.2244897959183674": 9.020069217829291e-07, "1.6326530612244898": 1.249973675606819e-06, "2.0408163265306123": 2.064116522654625e-06, "2.2448979591836737": 3.0880685493344428e-06, "2.857142857142857": 0.13150873725096374, "0.0": 5e-07, "2.4489795918367347": 6.2068474759278416e-06, "4.081632653061225": 0.5769369441663585, "2.6530612244897958": 0.0034902551947334007, "5.918367346938775": 0.8246756140709268, "5.1020408163265305": 0.7458055190784959, "6.122448979591837": 0.8396151683775398, "5.714285714285714": 0.8080739191408646, "6.938775510204081": 0.8862686419815854, "6.73469387755102": 0.8762799196715543, "7.346938775510204": 0.9035742335603087, "5.510204081632653": 0.7895818046408203, "4.6938775510204085": 0.690553616716064, "7.755102040816327": 0.9178815113659895, "4.285714285714286": 0.6198329891758365, "6.326530612244898": 0.8530878292013802, "4.4897959183673475": 0.6574393141835924, "6.530612244897959": 0.8652612578211761, "4.8979591836734695": 0.7198292164690965, "7.142857142857143": 0.8953355099255372, "5.3061224489795915": 0.7689311631966891, "7.551020408163265": 0.9110660884880097, "7.959183673469388": 0.9240814147179759, "8.16326530612245": 0.9297182727967288, "8.36734693877551": 0.9348370205167424, "8.775510204081632": 0.9436665823754001, "9.183673469387756": 0.9508042461038475, "10.0": 0.9605331638027337, "8.979591836734695": 0.947435691657277, "9.591836734693878": 0.9564003721427639, "8.571428571428571": 0.9394757998610324, "9.795918367346939": 0.9586473516534759, "9.387755102040817": 0.953788539195715}