{"0.20408163265306123": 3.558874939732694e-08, "0.40816326530612246": 7.706944397202329e-08, "0.6122448979591837": 1.260373060284439e-07, "1.0204081632653061": 2.5632893580864146e-07, "0.8163265306122449": 1.8472055158196327e-07, "1.2244897959183674": 3.4566110282508184e-07, "2.0408163265306123": 1.1408389318148394e-06, "3.673469387755102": 0.19010779078640927, "1.6326530612244898": 6.124750506612605e-07, "1.836734693877551": 8.246579135477645e-07, "1.4285714285714286": 4.6022660061790025e-07, "3.4693877551020407": 0.15280659634279573, "2.2448979591836737": 1.662297132483968e-06, "3.8775510204081636": 0.22204295427787177, "2.4489795918367347": 2.685023623452345e-06, "3.2653061224489797": 0.10892204560600703, "3.0612244897959187": 0.05687105856481637, "0.0": 0.0, "2.6530612244897958": 5.600598618934569e-06, "2.857142857142857": 7.981610680536677e-05, "4.285714285714286": 0.27340908405173686, "4.4897959183673475": 0.29418530099092816, "4.081632653061225": 0.24956062151824907, "4.6938775510204085": 0.3123703445851073, "5.510204081632653": 0.3660528086165709, "5.918367346938775": 0.3847814125114168, "5.1020408163265305": 0.3424615583523476, "4.8979591836734695": 0.32835547101685547, "5.714285714285714": 0.37594345747146835, "6.326530612244898": 0.3998069673860249, "6.530612244897959": 0.4062026319182039, "6.73469387755102": 0.41196774870920305, "6.122448979591837": 0.3926985189320891, "6.938775510204081": 0.4171730781267669, "7.755102040816327": 0.43349969868038096, "7.142857142857143": 0.4218796585751176, "7.346938775510204": 0.4261402354958997, "5.3061224489795915": 0.35495378013201034, "7.551020408163265": 0.4300004301423957, "7.959183673469388": 0.4366721215281955, "8.16326530612245": 0.4395470547466244, "8.36734693877551": 0.4421496690800462, "8.571428571428571": 0.44450139746060635, "8.775510204081632": 0.4466203080658855, "8.979591836734695": 0.44852141710502913, "9.183673469387756": 0.45021695320119176, "9.387755102040817": 0.451716583388937, "9.591836734693878": 0.4530276092393816, "10.0": 0.4551022515786334, "9.795918367346939": 0.45415514037556254}