{"0.20408163265306123": 3.954305488591881e-08, "0.40816326530612246": 8.563271552447033e-08, "0.6122448979591837": 1.4004145114271544e-07, "1.0204081632653061": 2.848099286762683e-07, "0.8163265306122449": 2.0524505731329248e-07, "1.2244897959183674": 3.8406789202786865e-07, "2.0408163265306123": 1.267598813127599e-06, "3.673469387755102": 0.21123087865156587, "1.6326530612244898": 6.805278340680672e-07, "1.836734693877551": 9.162865706086273e-07, "1.4285714285714286": 5.113628895754447e-07, "3.4693877551020407": 0.1697851070475507, "2.2448979591836737": 1.8469968138710752e-06, "3.8775510204081636": 0.2467143936420797, "2.4489795918367347": 2.983359581613716e-06, "3.2653061224489797": 0.12102449511778557, "3.0612244897959187": 0.06319006507201819, "0.0": 0.0, "2.6530612244897958": 6.222887354371745e-06, "2.857142857142857": 8.868456311707416e-05, "4.285714285714286": 0.3037878711685964, "4.4897959183673475": 0.32687255665658677, "4.081632653061225": 0.2772895794647211, "4.6938775510204085": 0.34707816065011926, "5.510204081632653": 0.40672534290730095, "5.918367346938775": 0.427534902790463, "5.1020408163265305": 0.3805128426137195, "4.8979591836734695": 0.3648394122409504, "5.714285714285714": 0.4177149527460759, "6.326530612244898": 0.4442299637622498, "6.530612244897959": 0.4513362576868931, "6.73469387755102": 0.4577419430102256, "6.122448979591837": 0.43633168770232106, "6.938775510204081": 0.46352564236307425, "7.755102040816327": 0.48166633186708985, "7.142857142857143": 0.468755176194575, "7.346938775510204": 0.4734891505509996, "5.3061224489795915": 0.39439308903556697, "7.551020408163265": 0.4777782557137731, "7.959183673469388": 0.48519124614243936, "8.16326530612245": 0.48838561638513817, "8.36734693877551": 0.49127741008894016, "8.571428571428571": 0.4938904416228958, "8.775510204081632": 0.49624478673987277, "8.979591836734695": 0.4983571301166992, "9.183673469387756": 0.5002410591124353, "9.387755102040817": 0.5019073148765965, "9.591836734693878": 0.5033640102659795, "10.0": 0.5056691684207036, "9.795918367346939": 0.5046168226395138}