{"0.6122448979591837": 1.0325074129013956e-14, "0.40816326530612246": 0.0, "0.8163265306122449": 9.411360579747452e-13, "0.20408163265306123": 0.0, "1.2244897959183674": 5.551115123125783e-16, "1.6326530612244898": 9.066081219089028e-13, "1.836734693877551": 1.3167245072054357e-13, "1.4285714285714286": 2.398081733190338e-14, "1.0204081632653061": 0.0, "2.4489795918367347": 3.300137940698278e-11, "2.2448979591836737": 5.943912029238163e-12, "3.0612244897959187": 2.2653969811159413e-09, "2.0408163265306123": 9.71445146547012e-13, "2.857142857142857": 5.879379205708801e-10, "2.6530612244897958": 1.413942296579762e-10, "3.4693877551020407": 2.927426112631082e-08, "3.2653061224489797": 8.241602178493679e-09, "3.673469387755102": 1.06084708795251e-07, "3.8775510204081636": 4.36121226243813e-07, "0.0": 0.0, "5.510204081632653": 0.44438021177173304, "4.8979591836734695": 0.28295563688859016, "6.326530612244898": 0.5945402596172669, "5.918367346938775": 0.5268513416289509, "5.3061224489795915": 0.3962965244623228, "6.122448979591837": 0.5623215054510843, "4.4897959183673475": 0.14040250179019143, "6.938775510204081": 0.6751127909449441, "5.714285714285714": 0.4877035568090884, "6.73469387755102": 0.6506400892954555, "6.530612244897959": 0.6238742011551873, "4.6938775510204085": 0.2158964853050056, "5.1020408163265305": 0.34276186139392884, "4.081632653061225": 3.3805643389062112e-06, "7.346938775510204": 0.7181064732787721, "7.142857142857143": 0.697531778141821, "4.285714285714286": 0.055040276737231, "7.551020408163265": 0.7370206710495886, "7.755102040816327": 0.7544362159236125, "7.959183673469388": 0.7704960756280878, "8.571428571428571": 0.8117395135342089, "8.16326530612245": 0.7853269221993, "8.775510204081632": 0.8235111077801268, "8.979591836734695": 0.8344362945571813, "9.183673469387756": 0.8445870555120103, "8.36734693877551": 0.7990413087752593, "10.0": 0.8786493080128569, "9.387755102040817": 0.8540281368597284, "9.591836734693878": 0.8628178998114011, "9.795918367346939": 0.8710090563940147}