{"0.40816326530612246": 4.0531723526159585e-08, "0.20408163265306123": 1.9419324082175908e-08, "1.4285714285714286": 1.8160756665501633e-07, "1.2244897959183674": 1.4738133646572888e-07, "2.6530612244897958": 5.102864899443843e-07, "0.6122448979591837": 6.357253119534128e-08, "3.2653061224489797": 8.470084505724512e-07, "0.8163265306122449": 8.882296133296942e-08, "1.836734693877551": 2.631379810063266e-07, "1.0204081632653061": 1.1662187115680551e-07, "3.4693877551020407": 1.0188017499002395e-06, "1.6326530612244898": 2.1992942401826691e-07, "2.0408163265306123": 3.122424432453544e-07, "2.857142857142857": 6.012534971281756e-07, "2.2448979591836737": 3.6855092278051954e-07, "3.0612244897959187": 7.112564340280046e-07, "3.673469387755102": 1.2432596631344704e-06, "3.8775510204081636": 1.549089618803228e-06, "2.4489795918367347": 4.3378997503919183e-07, "0.0": 0.0, "4.4897959183673475": 3.930161898199089e-06, "4.081632653061225": 1.9905024097325255e-06, "6.326530612244898": 0.34789789194738413, "6.122448979591837": 0.30632599108361547, "5.3061224489795915": 0.09925701424315331, "5.714285714285714": 0.21190621607990281, "5.1020408163265305": 0.03459968949001824, "7.346938775510204": 0.5128991506483095, "4.285714285714286": 2.6836189905967196e-06, "6.938775510204081": 0.4543759213811248, "6.73469387755102": 0.4216219897393904, "5.918367346938775": 0.26113758330183434, "7.551020408163265": 0.5390726426152515, "7.142857142857143": 0.48472991861970727, "7.959183673469388": 0.5860773813047587, "6.530612244897959": 0.3862227772652751, "5.510204081632653": 0.15813767331124062, "7.755102040816327": 0.5634166329542731, "4.6938775510204085": 6.835019495621979e-06, "4.8979591836734695": 2.129042671841828e-05, "8.16326530612245": 0.6071835281402767, "9.795918367346939": 0.7310280434733947, "9.591836734693878": 0.7193013943884456, "9.183673469387756": 0.6928919808301778, "8.571428571428571": 0.6451701391501805, "8.775510204081632": 0.6622362727536796, "9.387755102040817": 0.706602659476968, "10.0": 0.7418154577834255, "8.36734693877551": 0.6268480875610585, "8.979591836734695": 0.678121830270409}