{"0.8163265306122449": 2.385223474471228e-08, "0.40816326530612246": 1.1460483056859082e-08, "0.6122448979591837": 1.753490655386541e-08, "1.0204081632653061": 3.0423460352335565e-08, "0.20408163265306123": 5.6187066160237885e-09, "1.6326530612244898": 5.178278929719872e-08, "2.4489795918367347": 8.46400697420247e-08, "1.4285714285714286": 4.437561896298762e-08, "1.2244897959183674": 3.726037158777591e-08, "2.0408163265306123": 6.753242935484437e-08, "3.673469387755102": 1.4576521861824694e-07, "2.2448979591836737": 7.590753989964759e-08, "3.2653061224489797": 1.2356325672620945e-07, "3.8775510204081636": 1.5765275697374564e-07, "1.836734693877551": 5.9496487813595017e-08, "3.0612244897959187": 1.1318730486619403e-07, "2.857142857142857": 1.0325778360429548e-07, "2.6530612244897958": 9.374971990487487e-08, "3.4693877551020407": 1.344127418223876e-07, "0.0": 0.0, "4.4897959183673475": 1.9689195766503266e-07, "4.081632653061225": 1.701103273091724e-07, "4.8979591836734695": 2.2646147671088565e-07, "5.1020408163265305": 2.42420841656516e-07, "5.714285714285714": 2.9575070950514156e-07, "4.6938775510204085": 2.1130363466511274e-07, "4.285714285714286": 1.8317612817748515e-07, "5.3061224489795915": 2.592427411136535e-07, "5.918367346938775": 3.1559376738501993e-07, "6.122448979591837": 3.366152070600419e-07, "7.551020408163265": 5.26906611718257e-07, "6.73469387755102": 4.0782389920875483e-07, "6.530612244897959": 3.826109835888831e-07, "5.510204081632653": 2.7699453406111505e-07, "6.326530612244898": 3.58916632596986e-07, "7.346938775510204": 4.94053478714446e-07, "7.142857142857143": 4.633806400522636e-07, "6.938775510204081": 4.3469522138832556e-07, "7.755102040816327": 5.621544939453773e-07, "7.959183673469388": 6.000352684965678e-07, "8.571428571428571": 7.322558086766927e-07, "8.36734693877551": 6.84779215275334e-07, "8.16326530612245": 6.408128957087222e-07, "8.979591836734695": 8.391829839990594e-07, "8.775510204081632": 7.835954670283501e-07, "9.795918367346939": 1.11276029617458e-06, "9.591836734693878": 1.0357427056110842e-06, "9.183673469387756": 8.994348774740198e-07, "9.387755102040817": 9.647974887819034e-07, "10.0": 1.1963455237084926e-06}