{"0.8163265306122449": 2.6725593831198884e-08, "0.40816326530612246": 1.287813152667765e-08, "0.6122448979591837": 1.9675225963377437e-08, "1.0204081632653061": 3.404113364646159e-08, "0.20408163265306123": 6.3231899630263244e-09, "1.6326530612244898": 5.771084794585372e-08, "2.4489795918367347": 9.387094409477281e-08, "1.4285714285714286": 4.951960837896486e-08, "1.2244897959183674": 4.163458664693299e-08, "2.0408163265306123": 7.507608170543217e-08, "3.673469387755102": 1.606084916419674e-07, "2.2448979591836737": 8.428518254905462e-08, "3.2653061224489797": 1.3643004519925586e-07, "3.8775510204081636": 1.7353109174843257e-07, "1.836734693877551": 6.622403587543346e-08, "3.0612244897959187": 1.2510833040918464e-07, "2.857142857142857": 1.1425874164507543e-07, "2.6530612244897958": 1.0385451571817611e-07, "3.4693877551020407": 1.4825291809424935e-07, "0.0": 0.0, "4.4897959183673475": 2.160928368206697e-07, "4.081632653061225": 1.8705813640794112e-07, "4.8979591836734695": 2.480882888604957e-07, "5.1020408163265305": 2.6533433357193465e-07, "5.714285714285714": 3.2287066209952044e-07, "4.6938775510204085": 2.3169417664270355e-07, "4.285714285714286": 2.0123048541210924e-07, "5.3061224489795915": 2.8349750168343976e-07, "5.918367346938775": 3.4424833703318006e-07, "6.122448979591837": 3.668804954107243e-07, "7.551020408163265": 5.712644939600345e-07, "6.73469387755102": 4.4345075333800685e-07, "6.530612244897959": 4.1635433958078276e-07, "5.510204081632653": 3.0264975513155834e-07, "6.326530612244898": 3.908756330955691e-07, "7.346938775510204": 5.360255947425066e-07, "7.142857142857143": 5.031107753466394e-07, "6.938775510204081": 4.723141655496272e-07, "7.755102040816327": 6.090563666917323e-07, "7.959183673469388": 6.496553784877267e-07, "8.571428571428571": 7.912630326364536e-07, "8.36734693877551": 7.404313958368993e-07, "8.16326530612245": 6.933432378426567e-07, "8.979591836734695": 9.056967808581113e-07, "8.775510204081632": 8.462146228891017e-07, "9.795918367346939": 1.198266380414914e-06, "9.591836734693878": 1.1159257147152605e-06, "9.183673469387756": 9.701539623691782e-07, "9.387755102040817": 1.0400624353855751e-06, "10.0": 1.2876128595825352e-06}