{"1.2244897959183674": 9.523768719659916e-07, "0.6122448979591837": 6.616920742139418e-07, "0.20408163265306123": 5.452882325543672e-07, "3.4693877551020407": 0.3974532637916301, "0.40816326530612246": 5.984383347560718e-07, "3.673469387755102": 0.47318216240035177, "0.8163265306122449": 7.382330394984731e-07, "3.2653061224489797": 0.3077255948263312, "1.6326530612244898": 1.3216695248448349e-06, "3.8775510204081636": 0.537548279540242, "2.2448979591836737": 2.9742552467623107e-06, "1.836734693877551": 1.6288416893339613e-06, "2.4489795918367347": 4.9737705636358166e-06, "1.0204081632653061": 8.327392872137208e-07, "0.0": 5e-07, "3.0612244897959187": 0.200560187539156, "1.4285714285714286": 1.1087075262733334e-06, "2.0408163265306123": 2.1104936926254597e-06, "2.857142857142857": 0.07140527757561331, "2.6530612244897958": 1.4647247005022314e-05, "4.081632653061225": 0.5926002034556883, "4.4897959183673475": 0.6808798320655404, "5.1020408163265305": 0.7745279504556847, "4.285714285714286": 0.6399498689816504, "6.530612244897959": 0.8933033259720622, "5.714285714285714": 0.8378417723077569, "4.6938775510204085": 0.7164208790665971, "5.918367346938775": 0.8542473931454264, "7.142857142857143": 0.9210607253740303, "5.3061224489795915": 0.7983409904356595, "5.510204081632653": 0.8193155258255188, "6.938775510204081": 0.9128171178874421, "4.8979591836734695": 0.7474090251255564, "6.326530612244898": 0.8817610269231824, "6.73469387755102": 0.9036065727906808, "7.346938775510204": 0.9284456455816257, "7.551020408163265": 0.9350651242166076, "6.122448979591837": 0.8688089621536652, "7.959183673469388": 0.9463176820137587, "7.755102040816327": 0.9409994578116984, "8.16326530612245": 0.9510789615927472, "8.36734693877551": 0.9553337375617352, "8.571428571428571": 0.9591246764131754, "9.183673469387756": 0.9680401860522581, "9.387755102040817": 0.9702719831086676, "8.979591836734695": 0.9654514357816605, "8.775510204081632": 0.9624874584339281, "10.0": 0.9749370525049963, "9.591836734693878": 0.9721602037220293, "9.795918367346939": 0.973713685900909}