{"0.6122448979591837": 7.154607415658021e-08, "0.20408163265306123": 2.1052078691518198e-08, "0.8163265306122449": 1.0226424786843538e-07, "2.0408163265306123": 4.6051840563113175e-07, "1.836734693877551": 3.6467928560257067e-07, "1.2244897959183674": 1.7956779045360021e-07, "1.0204081632653061": 1.3783404867498957e-07, "2.4489795918367347": 7.643945147295655e-07, "0.40816326530612246": 4.471634112874091e-08, "3.8775510204081636": 0.1285928178925519, "1.6326530612244898": 2.896821876064887e-07, "3.0612244897959187": 2.33019289323407e-06, "2.857142857142857": 1.4647397984410097e-06, "3.673469387755102": 0.06651409045530665, "2.6530612244897958": 1.0281021566930844e-06, "0.0": 0.0, "2.2448979591836737": 5.87557249283734e-07, "1.4285714285714286": 2.2930099626378362e-07, "3.2653061224489797": 4.876933902587549e-06, "3.4693877551020407": 0.0001799491556113601, "6.530612244897959": 0.5997183659771226, "4.6938775510204085": 0.3276336574494439, "6.326530612244898": 0.5773771152253567, "6.122448979591837": 0.5534695992036069, "6.73469387755102": 0.6206197968391043, "4.081632653061225": 0.18512265028295105, "6.938775510204081": 0.6401940109576156, "4.4897959183673475": 0.28411904565612867, "7.142857142857143": 0.6585413664377662, "5.918367346938775": 0.527853614438157, "4.8979591836734695": 0.3677311749768002, "7.755102040816327": 0.7070687564989335, "5.510204081632653": 0.4708343201191326, "5.714285714285714": 0.500368893650263, "5.3061224489795915": 0.43904454691163497, "7.346938775510204": 0.6757513117437411, "4.285714285714286": 0.236775791717266, "7.551020408163265": 0.6919035052532977, "5.1020408163265305": 0.4047658720439258, "7.959183673469388": 0.7213098200910476, "8.775510204081632": 0.7700403809823037, "8.36734693877551": 0.7472340633022758, "8.16326530612245": 0.7346820681879394, "8.979591836734695": 0.780361892142612, "10.0": 0.8220401381528145, "9.387755102040817": 0.7989701896437104, "8.571428571428571": 0.7590080499523184, "9.795918367346939": 0.8149813174985756, "9.183673469387756": 0.7899982366284248, "9.591836734693878": 0.8072939316265783}