{"0.6122448979591837": 1.1159879406943583e-07, "0.20408163265306123": 3.253381318784006e-08, "0.8163265306122449": 1.6028051154889022e-07, "2.0408163265306123": 7.446150404338641e-07, "1.836734693877551": 5.864217825278853e-07, "1.2244897959183674": 2.8424443839481917e-07, "1.0204081632653061": 2.1709150280606992e-07, "2.4489795918367347": 1.2501060440086768e-06, "0.40816326530612246": 6.942269462713427e-08, "3.8775510204081636": 0.20579640343499853, "1.6326530612244898": 4.6332943938531305e-07, "3.0612244897959187": 3.880636989195886e-06, "2.857142857142857": 2.4242601875053415e-06, "3.673469387755102": 0.10922935271484473, "2.6530612244897958": 1.6913306908559403e-06, "0.0": 0.0, "2.2448979591836737": 9.553834923253085e-07, "1.4285714285714286": 3.648347223468971e-07, "3.2653061224489797": 8.173698752862733e-06, "3.4693877551020407": 0.00030354032080156287, "6.530612244897959": 0.77206922706699, "4.6938775510204085": 0.48081523367387835, "6.326530612244898": 0.7518735863313352, "6.122448979591837": 0.7295138960007855, "6.73469387755102": 0.7903466361455151, "4.081632653061225": 0.2892474684522841, "6.938775510204081": 0.8069177243306962, "4.4897959183673475": 0.42516685229475776, "7.142857142857143": 0.82196569683714, "5.918367346938775": 0.7047040335497518, "4.8979591836734695": 0.5298858108942743, "7.755102040816327": 0.8594564610163798, "5.510204081632653": 0.6463383803578696, "5.714285714285714": 0.677109660606803, "5.3061224489795915": 0.611927410481543, "7.346938775510204": 0.8356493036288696, "4.285714285714286": 0.361784306317674, "7.551020408163265": 0.848106327914818, "5.1020408163265305": 0.5733280315994015, "7.959183673469388": 0.8698036804278548, "8.775510204081632": 0.9027947838412782, "8.36734693877551": 0.8878382343300437, "8.16326530612245": 0.8792382239456525, "8.979591836734695": 0.9092584515777049, "10.0": 0.9328956417820901, "9.387755102040817": 0.9203648345879517, "8.571428571428571": 0.8956711347109956, "9.795918367346939": 0.9292413994917832, "9.183673469387756": 0.915103648066391, "9.591836734693878": 0.9250700395547338}