{"0.6122448979591837": 1.8314486822601604e-07, "0.20408163265306123": 5.358589187935826e-08, "0.8163265306122449": 2.625447594173257e-07, "2.0408163265306123": 1.2051334460649961e-06, "1.836734693877551": 9.511010681304558e-07, "1.2244897959183674": 4.638122288484194e-07, "2.4489795918367347": 2.014500558738242e-06, "1.0204081632653061": 3.5492555148105973e-07, "0.40816326530612246": 1.1413903575587518e-07, "3.8775510204081636": 0.33438922132755056, "1.6326530612244898": 7.530116269918015e-07, "3.0612244897959187": 6.210829882429953e-06, "2.857142857142857": 3.8889999859463524e-06, "3.673469387755102": 0.1757434431701514, "2.6530612244897958": 2.7194328475490247e-06, "0.0": 0.0, "2.2448979591836737": 1.5429407416090427e-06, "1.4285714285714286": 5.941357186106806e-07, "3.2653061224489797": 1.3050632655450282e-05, "3.4693877551020407": 0.000483489476412923, "6.530612244897959": 1.3717875930441124, "4.6938775510204085": 0.808448891123322, "6.326530612244898": 1.3292507015566917, "6.122448979591837": 1.2829834952043928, "6.73469387755102": 1.4109664329846199, "4.081632653061225": 0.4743701187352352, "6.938775510204081": 1.4471117352883118, "4.4897959183673475": 0.7092858979508865, "7.142857142857143": 1.4805070632749062, "5.918367346938775": 1.2325576479879086, "4.8979591836734695": 0.8976169858710744, "7.755102040816327": 1.5665252175153133, "5.510204081632653": 1.1171727004770022, "5.714285714285714": 1.1774785542570658, "5.3061224489795915": 1.050971957393178, "7.346938775510204": 1.511400615372611, "4.285714285714286": 0.59856009803494, "7.551020408163265": 1.5400098331681158, "5.1020408163265305": 0.9780939036433275, "7.959183673469388": 1.5911135005189023, "8.775510204081632": 1.6728351648235815, "8.36734693877551": 1.6350722976323195, "8.16326530612245": 1.6139202921335918, "8.979591836734695": 1.689620343720317, "10.0": 1.7549357799349046, "9.387755102040817": 1.7193350242316618, "8.571428571428571": 1.6546791846633142, "9.795918367346939": 1.744222716990359, "9.183673469387756": 1.7051018846948158, "9.591836734693878": 1.732363971181312}