{"0.20408163265306123": 4.710676293484539e-13, "0.6122448979591837": 1.6651124923328098e-12, "3.673469387755102": 3.510825052899236e-08, "1.4285714285714286": 9.534395495336412e-11, "0.40816326530612246": 5.617728504603292e-14, "1.6326530612244898": 8.105647264500249e-10, "1.836734693877551": 9.504619313815965e-13, "0.8163265306122449": 8.983924715266767e-13, "2.4489795918367347": 1.752065159621452e-11, "1.2244897959183674": 8.372191828698305e-12, "3.2653061224489797": 3.5584644120234543e-09, "1.0204081632653061": -2.4627100358998177e-10, "2.6530612244897958": 8.045530908162846e-11, "2.2448979591836737": 3.44058115331336e-12, "2.0408163265306123": 1.0805911720979111e-11, "3.4693877551020407": 1.1158907464725587e-08, "3.0612244897959187": 1.0767682301349168e-09, "2.857142857142857": 3.4507896540247884e-10, "0.0": 0.0, "3.8775510204081636": 9.72446527747195e-08, "5.714285714285714": 0.15698088361639306, "7.142857142857143": 0.3812425416173112, "7.346938775510204": 0.4076459736521655, "6.530612244897959": 0.2941847034345547, "4.081632653061225": 2.659567553964237e-07, "6.122448979591837": 0.22888331399910367, "6.326530612244898": 0.262313231346911, "6.73469387755102": 0.32458025042849037, "4.4897959183673475": 2.2596933265672803e-06, "6.938775510204081": 0.353575965214984, "5.510204081632653": 0.11830169134142787, "7.755102040816327": 0.4569073222646789, "4.285714285714286": 7.538634617665352e-07, "4.6938775510204085": 8.149444516214466e-06, "7.959183673469388": 0.4798785437712375, "7.551020408163265": 0.4328481461600039, "5.1020408163265305": 0.034894383304360344, "5.3061224489795915": 0.07764833176541253, "5.918367346938775": 0.1938053208947318, "4.8979591836734695": 8.510403127437449e-05, "8.16326530612245": 0.5018139592928879, "9.795918367346939": 0.6454862113231319, "8.571428571428571": 0.5427730672295865, "8.36734693877551": 0.5227630934498313, "9.387755102040817": 0.6142889671533114, "9.183673469387756": 0.5976067736797394, "8.775510204081632": 0.5618887813432776, "8.979591836734695": 0.5801530560850965, "10.0": 0.6600708462245962, "9.591836734693878": 0.6302369136049844}