{"0.20408163265306123": -7.638334409421077e-14, "0.6122448979591837": 4.268807529683727e-13, "3.673469387755102": 9.118696842058682e-08, "1.4285714285714286": 9.484513174840004e-11, "0.40816326530612246": 3.1086244689504383e-15, "1.6326530612244898": 9.443746895598792e-10, "1.836734693877551": 1.284083950281456e-12, "0.8163265306122449": 4.051203816857196e-13, "2.4489795918367347": 3.342293108943295e-11, "1.2244897959183674": 6.857181489294817e-12, "3.2653061224489797": 8.416179086978559e-09, "1.0204081632653061": -1.5708478962039862e-10, "2.6530612244897958": 1.6234602551179478e-10, "2.2448979591836737": 6.180944644995634e-12, "2.0408163265306123": 1.6207146735780498e-11, "3.4693877551020407": 2.7679176617390056e-08, "3.0612244897959187": 2.422643308186423e-09, "2.857142857142857": 7.345021257876283e-10, "0.0": 0.0, "3.8775510204081636": 2.638831969603572e-07, "5.714285714285714": 0.43402459132220306, "7.142857142857143": 0.7980983249360641, "7.346938775510204": 0.8254038196630513, "6.530612244897959": 0.6869136877253134, "4.081632653061225": 7.52727200126202e-07, "6.122448979591837": 0.5795183883672447, "6.326530612244898": 0.6372624545838858, "6.73469387755102": 0.7296349454335678, "4.4897959183673475": 6.930293273477162e-06, "6.938775510204081": 0.7664153998313762, "5.510204081632653": 0.34273966190132055, "7.755102040816327": 0.8692571603585553, "4.285714285714286": 2.2225637156259026e-06, "4.6938775510204085": 2.5966789822695624e-05, "7.959183673469388": 0.8867841335285354, "7.551020408163265": 0.8489476833109756, "5.1020408163265305": 0.11164924118493269, "5.3061224489795915": 0.23617988033926285, "5.918367346938775": 0.5123118238064919, "4.8979591836734695": 0.0002813581726278658, "8.16326530612245": 0.901916224574003, "9.795918367346939": 0.9683351585827011, "8.571428571428571": 0.9262797595403567, "8.36734693877551": 0.9149861692017692, "9.387755102040817": 0.9581144521793612, "9.183673469387756": 0.9517910189528318, "8.775510204081632": 0.9360425923435833, "8.979591836734695": 0.9444858122582818, "10.0": 0.9724478856582977, "9.591836734693878": 0.9635905778524142}