{"0.40816326530612246": -1.3722356584366935e-13, "1.836734693877551": -6.553979581269687e-11, "0.0": 0.0, "0.6122448979591837": -1.6358470134036907e-11, "1.6326530612244898": -6.5070171473280425e-12, "0.8163265306122449": -1.3167245072054357e-13, "2.0408163265306123": 1.4908074774666602e-12, "0.20408163265306123": 0.0, "1.0204081632653061": -3.319344799024293e-12, "1.2244897959183674": -4.8374859673572246e-11, "2.2448979591836737": -1.2479128841391685e-11, "1.4285714285714286": -5.944134073843088e-13, "4.081632653061225": 0.6565152368560997, "2.4489795918367347": 1.384893311140445e-10, "2.857142857142857": 4.753421878334052e-09, "3.0612244897959187": 4.542912990235237e-08, "3.8775510204081636": 0.5432271598766443, "3.4693877551020407": 0.264732309460184, "3.673469387755102": 0.4137566067654651, "2.6530612244897958": 7.014339109545631e-10, "4.285714285714286": 0.7562894120837741, "3.2653061224489797": 0.09184207492685592, "5.510204081632653": 1.1666399954550042, "4.6938775510204085": 0.923431229852827, "5.1020408163265305": 1.0573568865541936, "4.4897959183673475": 0.8446857212244594, "5.714285714285714": 1.2139780483768878, "4.8979591836734695": 0.993935139509206, "5.3061224489795915": 1.1146576861469235, "6.122448979591837": 1.296915297695311, "6.73469387755102": 1.3982491801756254, "7.346938775510204": 1.4791226624573661, "7.142857142857143": 1.4540506326771094, "5.918367346938775": 1.2572417125086996, "6.326530612244898": 1.3334125090295048, "8.979591836734695": 1.6315215300710535, "8.571428571428571": 1.599874609303448, "6.530612244897959": 1.3670884276473543, "9.387755102040817": 1.6599571946363405, "9.183673469387756": 1.64610933238732, "8.36734693877551": 1.58267166308912, "7.551020408163265": 1.5025518448938584, "6.938775510204081": 1.4271597959981352, "7.755102040816327": 1.5244927642470194, "8.16326530612245": 1.5644390242126833, "7.959183673469388": 1.5450816690447438, "8.775510204081632": 1.6161326248638206, "10.0": 1.697586794266308, "9.591836734693878": 1.6731202675156314, "9.795918367346939": 1.6856484070682243}