{"0.20408163265306123": 6.294821273055108e-09, "0.40816326530612246": 1.2983640881381588e-08, "1.4285714285714286": 5.79749122701076e-08, "0.8163265306122449": 2.7969745665074276e-08, "3.673469387755102": 0.017947570733434264, "0.6122448979591837": 2.0162376720756984e-08, "3.4693877551020407": 0.015689129674592517, "1.2244897959183674": 4.6429516185551525e-08, "3.8775510204081636": 0.019874278531354473, "3.2653061224489797": 0.013022770088419174, "1.6326530612244898": 7.228414976635777e-08, "3.0612244897959187": 0.00984917791916146, "2.857142857142857": 0.006036851759104591, "0.0": 0.0, "1.0204081632653061": 3.661487473261686e-08, "2.2448979591836737": 1.7779827523004063e-07, "2.4489795918367347": 3.74731595456285e-07, "1.836734693877551": 9.149412933029891e-08, "2.0408163265306123": 1.2086537960311596e-07, "2.6530612244897958": 0.0014090217765841456, "4.081632653061225": 0.02152851646824203, "4.285714285714286": 0.022956962910905522, "5.714285714285714": 0.029017214083178408, "5.510204081632653": 0.028440643414965088, "4.8979591836734695": 0.026224669336301392, "4.6938775510204085": 0.02527793608814746, "5.3061224489795915": 0.027791000912677923, "6.530612244897959": 0.030763776426575542, "4.4897959183673475": 0.024196797748084153, "5.1020408163265305": 0.027056887489225866, "5.918367346938775": 0.029530298817906805, "6.938775510204081": 0.031388420274079294, "6.122448979591837": 0.02998800110512785, "6.326530612244898": 0.03039720359650758, "6.73469387755102": 0.031092744152694845, "7.142857142857143": 0.03165451614399189, "7.755102040816327": 0.03230515180287397, "7.346938775510204": 0.03189422950707836, "7.551020408163265": 0.032110316716521654, "7.959183673469388": 0.03248077489996627, "8.16326530612245": 0.032638932027004186, "8.36734693877551": 0.03278110783895132, "8.571428571428571": 0.03290855265958868, "9.795918367346939": 0.03340931081041699, "9.387755102040817": 0.033288982805344855, "9.183673469387756": 0.03321193448064545, "8.775510204081632": 0.03302230488095059, "9.591836734693878": 0.03335470540580651, "8.979591836734695": 0.033123209632479375, "10.0": 0.033452874697544835}