{"0.20408163265306123": -2.220446049250313e-16, "0.0": 0.0, "0.40816326530612246": -7.045475314271243e-13, "0.8163265306122449": 3.455014052633487e-13, "1.6326530612244898": 8.880673973976627e-13, "1.0204081632653061": -1.3322676295501878e-15, "1.2244897959183674": 4.6074255521943996e-14, "1.4285714285714286": 2.0813462064950272e-11, "0.6122448979591837": 3.552713678800501e-15, "1.836734693877551": 7.66275931596283e-13, "2.2448979591836737": 1.4847723051047979e-10, "2.0408163265306123": 8.58024762351306e-12, "2.4489795918367347": 0.10029819538077345, "3.2653061224489797": 0.5665964125414035, "2.6530612244897958": 0.2580770134672429, "3.0612244897959187": 0.48454744334935207, "2.857142857142857": 0.38357277141573587, "3.4693877551020407": 0.6338355092406266, "3.673469387755102": 0.6893458614463412, "4.285714285714286": 0.8063810717312233, "4.081632653061225": 0.7740122504384128, "4.4897959183673475": 0.8336861097215049, "3.8775510204081636": 0.7354697782381785, "4.6938775510204085": 0.8568108211305967, "5.1020408163265305": 0.8932213278996863, "5.3061224489795915": 0.9075489411272113, "6.530612244897959": 0.9599486662755302, "4.8979591836734695": 0.8764645544189985, "5.510204081632653": 0.9198310790121311, "5.918367346938775": 0.9394710385229613, "5.714285714285714": 0.9303842726121044, "7.346938775510204": 0.9766146703449402, "6.122448979591837": 0.9473101489987373, "6.326530612244898": 0.9540847255777526, "7.755102040816327": 0.9820536824027596, "6.938775510204081": 0.969443953118157, "8.571428571428571": 0.9893577211711022, "9.591836734693878": 0.9944035997251193, "6.73469387755102": 0.9650317857189514, "9.387755102040817": 0.9936410657558675, "7.551020408163265": 0.9795204171493261, "7.959183673469388": 0.9842641991269986, "8.979591836734695": 0.9917805659834374, "8.775510204081632": 0.9906493563233818, "7.142857142857143": 0.9732784439541045, "8.36734693877551": 0.9878819668495091, "9.795918367346939": 0.9950728996200318, "8.16326530612245": 0.9861946991446158, "9.183673469387756": 0.9927718708434102, "10.0": 0.9956606465705473}