{"0.0": 0.0, "0.20408163265306123": 1.7143399140867262e-08, "0.40816326530612246": 3.55925359564464e-08, "0.6122448979591837": 5.5502504559006155e-08, "0.8163265306122449": 7.705397284598062e-08, "1.0204081632653061": 1.0045866986070557e-07, "1.2244897959183674": 1.259663705820023e-07, "1.836734693877551": 2.183833962725661e-07, "1.6326530612244898": 1.8453640035672012e-07, "1.4285714285714286": 1.5387373054610765e-07, "2.0408163265306123": 2.5593773427921074e-07, "2.6530612244897958": 3.9813606077064184e-07, "2.2448979591836737": 2.9784437134686634e-07, "2.4489795918367347": 3.449056339572682e-07, "3.0612244897959187": 5.286852569187478e-07, "2.857142857142857": 4.588329102191579e-07, "3.2653061224489797": 6.099348630339553e-07, "3.673469387755102": 8.199550335631635e-07, "3.4693877551020407": 7.056172231884586e-07, "3.8775510204081636": 9.589906494859315e-07, "4.285714285714286": 1.35199365855885e-06, "4.081632653061225": 1.1316991965514226e-06, "4.4897959183673475": 1.642690157314102e-06, "4.8979591836734695": 2.633643794141235e-06, "4.6938775510204085": 2.0439451500693857e-06, "5.1020408163265305": 3.585304022323665e-06, "5.3061224489795915": 5.3796292504585075e-06, "6.122448979591837": 0.1039766978191371, "6.326530612244898": 0.1571615339659396, "5.510204081632653": 1.0025142885950367e-05, "6.530612244897959": 0.20621041077896918, "6.73469387755102": 0.2515348778361399, "5.918367346938775": 0.04618498858384397, "5.714285714285714": 5.048345219127062e-05, "7.142857142857143": 0.3324190473525915, "6.938775510204081": 0.2934988105788073, "7.551020408163265": 0.4022180328971013, "7.346938775510204": 0.3685766497995573, "7.755102040816327": 0.43356218071964103, "8.16326530612245": 0.49011246503270955, "7.959183673469388": 0.46280328537072263, "8.571428571428571": 0.5395294122588817, "8.36734693877551": 0.5156428720502035, "8.775510204081632": 0.561892358544543, "9.183673469387756": 0.6024607412963378, "8.979591836734695": 0.5828383143416774, "9.387755102040817": 0.6208425173180663, "9.591836734693878": 0.6380563654870917, "9.795918367346939": 0.6541649741118681, "10.0": 0.669223299046035}