{"0.0": 0.0, "0.20408163265306123": 2.348410834075368e-08, "0.40816326530612246": 4.875689826273652e-08, "0.6122448979591837": 7.60308274147003e-08, "0.8163265306122449": 1.0555338601795505e-07, "1.0204081632653061": 1.3761461379600684e-07, "1.2244897959183674": 1.7255666817560072e-07, "1.836734693877551": 2.9915532577450757e-07, "1.6326530612244898": 2.5278958125743337e-07, "1.4285714285714286": 2.10785926503295e-07, "2.0408163265306123": 3.5059962008665774e-07, "2.6530612244897958": 5.453918255635593e-07, "2.2448979591836737": 4.080059665966511e-07, "2.4489795918367347": 4.724734422766025e-07, "3.0612244897959187": 7.24226311442641e-07, "2.857142857142857": 6.285381820355539e-07, "3.2653061224489797": 8.355271192643231e-07, "3.673469387755102": 1.1232259100526944e-06, "3.4693877551020407": 9.6659881492578e-07, "3.8775510204081636": 1.3136855978090454e-06, "4.285714285714286": 1.8520456635846517e-06, "4.081632653061225": 1.55027256087015e-06, "4.4897959183673475": 2.2502598339687755e-06, "4.8979591836734695": 3.6077295399410654e-06, "4.6938775510204085": 2.7999238482598136e-06, "5.1020408163265305": 4.911372250462157e-06, "5.3061224489795915": 7.369348107439137e-06, "6.122448979591837": 0.13973943479084197, "6.326530612244898": 0.20904861448000156, "5.510204081632653": 1.373304803234732e-05, "6.530612244897959": 0.2715931084711604, "6.73469387755102": 0.3281648544717962, "5.918367346938775": 0.06274312528989523, "5.714285714285714": 6.915479486027394e-05, "7.142857142857143": 0.42603772708855125, "6.938775510204081": 0.3794499557843467, "7.551020408163265": 0.5071050098078873, "7.346938775510204": 0.4684413719711029, "7.755102040816327": 0.5424169320789719, "8.16326530612245": 0.6042996986295059, "7.959183673469388": 0.5747165427776366, "8.571428571428571": 0.6563266980783314, "8.36734693877551": 0.6314271665437737, "8.775510204081632": 0.6791989261094784, "9.183673469387756": 0.7195439927960834, "8.979591836734695": 0.7002200694848905, "9.387755102040817": 0.7373060581593827, "9.591836734693878": 0.7536246181180395, "9.795918367346939": 0.7686021139797827, "10.0": 0.7823280903702609}