{"0.0": 0.0, "0.20408163265306123": 1.6438875896435435e-08, "0.40816326530612246": 3.4129829033525276e-08, "0.6122448979591837": 5.3221579797262357e-08, "0.8163265306122449": 7.388737138242794e-08, "1.0204081632653061": 9.633023164567206e-08, "1.2244897959183674": 1.207896708493802e-07, "1.836734693877551": 2.09408737439017e-07, "1.6326530612244898": 1.7695271358997422e-07, "1.4285714285714286": 1.4755015321753116e-07, "2.0408163265306123": 2.4541974696727225e-07, "2.6530612244897958": 3.817743091269844e-07, "2.2448979591836737": 2.856041940968902e-07, "2.4489795918367347": 3.307314330328978e-07, "3.0612244897959187": 5.069584730827599e-07, "2.857142857142857": 4.39976768906225e-07, "3.2653061224489797": 5.848690567861369e-07, "3.673469387755102": 7.862582695087714e-07, "3.4693877551020407": 6.766192685509784e-07, "3.8775510204081636": 9.195800996722518e-07, "4.285714285714286": 1.2964323246670943e-06, "4.081632653061225": 1.0851910449604527e-06, "4.4897959183673475": 1.5751824154635835e-06, "4.8979591836734695": 2.5254120446079194e-06, "4.6938775510204085": 1.959947516937115e-06, "5.1020408163265305": 3.4379631080860555e-06, "5.3061224489795915": 5.158549377460661e-06, "6.122448979591837": 0.10000306037783654, "6.326530612244898": 0.15139630279771044, "5.510204081632653": 9.613153425239599e-06, "6.530612244897959": 0.19894566659094792, "6.73469387755102": 0.24302043598773368, "5.918367346938775": 0.04434519561650495, "5.714285714285714": 4.840885856138135e-05, "7.142857142857143": 0.3220169718263738, "6.938775510204081": 0.2839486833337473, "7.551020408163265": 0.3905639243514583, "7.346938775510204": 0.3574805695582745, "7.755102040816327": 0.42146720834638196, "8.16326530612245": 0.4774249946330655, "7.959183673469388": 0.45036847899217664, "8.571428571428571": 0.5265519360567207, "8.36734693877551": 0.5027779504398068, "8.775510204081632": 0.5488582954817725, "9.183673469387756": 0.5894514911296995, "8.979591836734695": 0.5697958971035428, "9.387755102040817": 0.6079021238912534, "9.591836734693878": 0.6252154485280974, "9.795918367346939": 0.6414497363487667, "10.0": 0.6566561000100101}