{"0.20408163265306123": 1.3211653993039363e-14, "0.40816326530612246": 8.783418437019463e-12, "0.6122448979591837": 4.2193404325985284e-10, "0.8163265306122449": 1.0450418308494136e-11, "1.0204081632653061": 2.1472990052728846e-10, "1.2244897959183674": 1.3962164757685969e-12, "1.6326530612244898": 5.216970189181325e-10, "1.4285714285714286": 3.519173841226575e-11, "2.0408163265306123": 2.243379926269995e-10, "2.2448979591836737": 1.7277831387829679e-09, "2.4489795918367347": -1.3059775483270641e-11, "1.836734693877551": 1.0078382572942246e-11, "3.8775510204081636": 0.4530312335229759, "3.4693877551020407": 0.2758407101464905, "3.673469387755102": 0.3719311165016884, "2.6530612244897958": 4.4065284754424283e-10, "3.2653061224489797": 0.161185747568953, "2.857142857142857": 6.011093955926583e-09, "0.0": 0.0, "3.0612244897959187": 0.02328597804882493, "4.081632653061225": 0.5219087279452628, "4.285714285714286": 0.580733291245695, "4.4897959183673475": 0.631224771161996, "5.1020408163265305": 0.7452055768864272, "5.510204081632653": 0.7987455999415494, "4.8979591836734695": 0.7124516731506132, "5.3061224489795915": 0.7737654052468962, "4.6938775510204085": 0.6747601005534627, "5.918367346938775": 0.8399271994078574, "5.714285714285714": 0.8206570895677223, "6.326530612244898": 0.8719248767925736, "6.122448979591837": 0.8569152495080414, "6.73469387755102": 0.8970019073316706, "6.530612244897959": 0.8852138446329915, "6.938775510204081": 0.9074771603660623, "7.142857142857143": 0.9168011962456366, "7.346938775510204": 0.9251133184752995, "7.551020408163265": 0.9325340033442746, "7.755102040816327": 0.9391677588728585, "7.959183673469388": 0.9451054974834754, "8.36734693877551": 0.9552001428400599, "8.16326530612245": 0.9504265141090001, "8.979591836734695": 0.9668083956001743, "9.183673469387756": 0.9699310403227187, "8.775510204081632": 0.9633409080807664, "9.387755102040817": 0.9727454436072283, "8.571428571428571": 0.9594871496280235, "9.591836734693878": 0.9752839983067678, "10.0": 0.979645201028164, "9.795918367346939": 0.9775754194477964}