{"3.4693877551020407": 0.4460256718527609, "1.0204081632653061": 8.286227322159415e-07, "3.8775510204081636": 0.5736960636068915, "0.40816326530612246": 5.953564029452383e-07, "1.6326530612244898": 1.3443343444392275e-06, "2.857142857142857": 0.14797981068104352, "1.4285714285714286": 1.1147869880580105e-06, "0.20408163265306123": 5.436730346454345e-07, "1.2244897959183674": 9.5114643510084e-07, "0.6122448979591837": 6.574609929693874e-07, "0.8163265306122449": 7.334720742751243e-07, "3.673469387755102": 0.5150629648470478, "3.2653061224489797": 0.36414017393926523, "1.836734693877551": 1.6895121184638028e-06, "2.2448979591836737": 3.428671956100549e-06, "0.0": 5e-07, "3.0612244897959187": 0.26620840780364025, "2.4489795918367347": 6.969590582164908e-06, "2.0408163265306123": 2.266854437877767e-06, "4.285714285714286": 0.6669183725202551, "5.1020408163265305": 0.7894718592594379, "4.4897959183673475": 0.7041737126374882, "4.8979591836734695": 0.7647554598381321, "4.081632653061225": 0.6238190594186973, "2.6530612244897958": 0.003962935385457122, "5.3061224489795915": 0.811193750491673, "5.510204081632653": 0.8303464510309442, "4.6938775510204085": 0.7365309417879878, "6.938775510204081": 0.9161955495240087, "6.122448979591837": 0.8756580640300748, "6.73469387755102": 0.90768210553039, "6.530612244897959": 0.8981795816034375, "7.551020408163265": 0.9368549780372069, "5.918367346938775": 0.8623048227927362, "7.142857142857143": 0.9238329903694891, "5.714285714285714": 0.847284426099202, "6.326530612244898": 0.887556206511994, "7.346938775510204": 0.9306916104737166, "7.755102040816327": 0.9423949093091141, "7.959183673469388": 0.9473729932403926, "8.16326530612245": 0.9518418424330384, "8.571428571428571": 0.9594233964781822, "8.979591836734695": 0.9654157870899215, "8.775510204081632": 0.9626048338161477, "8.36734693877551": 0.9558461217771503, "9.183673469387756": 0.9678762856538039, "9.795918367346939": 0.9732838505447312, "9.591836734693878": 0.9718018580298815, "9.387755102040817": 0.9700014512721906, "10.0": 0.9744498331001031}