{"0.0": 0.0, "0.20408163265306123": 2.2021763857897542e-08, "0.6122448979591837": 7.219862852327239e-08, "0.40816326530612246": 4.5997685870135706e-08, "0.8163265306122449": 1.0094790201131882e-07, "1.0204081632653061": 1.326345870610689e-07, "1.2244897959183674": 1.6773116999027753e-07, "2.0408163265306123": 3.561783821155875e-07, "1.4285714285714286": 2.0681697235665937e-07, "1.6326530612244898": 2.5061110658326327e-07, "2.2448979591836737": 4.205851906497858e-07, "1.836734693877551": 3.0001554486734024e-07, "2.6530612244897958": 5.826145494877433e-07, "2.4489795918367347": 4.9518858106739e-07, "2.857142857142857": 6.864708727960948e-07, "3.0612244897959187": 8.118600810605052e-07, "3.2653061224489797": 9.662449555421467e-07, "3.4693877551020407": 1.1609791940814754e-06, "3.673469387755102": 1.4142447035920877e-06, "3.8775510204081636": 1.7570605448382775e-06, "4.081632653061225": 2.247092098917331e-06, "4.285714285714286": 3.0050002879628638e-06, "4.6938775510204085": 7.2611810062601416e-06, "4.4897959183673475": 4.332955849118246e-06, "4.8979591836734695": 1.9062575040064314e-05, "5.510204081632653": 0.17343255179347336, "5.3061224489795915": 0.10457221297465161, "5.1020408163265305": 0.028045762595975073, "5.714285714285714": 0.23557271376886268, "5.918367346938775": 0.29181449343933896, "6.73469387755102": 0.47036212053013116, "6.122448979591837": 0.3428556643202458, "6.326530612244898": 0.3892955313182054, "6.530612244897959": 0.431649855959856, "7.142857142857143": 0.5383556270310942, "6.938775510204081": 0.505819100309456, "7.551020408163265": 0.5958043080453054, "7.346938775510204": 0.5682653779051023, "7.755102040816327": 0.6211976331421977, "8.16326530612245": 0.666315043111957, "7.959183673469388": 0.6446433865314246, "8.36734693877551": 0.6863661594184466, "8.775510204081632": 0.7221288644319162, "8.571428571428571": 0.7049312116908772, "9.387755102040817": 0.7664944203720573, "9.183673469387756": 0.7528253609904162, "8.979591836734695": 0.7380633351196587, "9.591836734693878": 0.7791394652986223, "9.795918367346939": 0.7908193967261243, "10.0": 0.8015849233568965}