{"0.0": 0.0, "0.20408163265306123": 1.576355493322634e-08, "0.6122448979591837": 5.145761658378815e-08, "0.40816326530612246": 3.285515254849885e-08, "0.8163265306122449": 7.17891413340836e-08, "1.0204081632653061": 9.411227555392893e-08, "1.2244897959183674": 1.1874581430814205e-07, "2.0408163265306123": 2.498027225856428e-07, "1.4285714285714286": 1.4608059758452975e-07, "1.6326530612244898": 1.7660173583900564e-07, "2.2448979591836737": 2.9425892511841675e-07, "1.836734693877551": 2.1091764776777914e-07, "2.6530612244897958": 4.0560639704902685e-07, "2.4489795918367347": 3.4560315406904004e-07, "2.857142857142857": 4.7670167641751436e-07, "3.0612244897959187": 5.623299644183306e-07, "3.2653061224489797": 6.67523808466567e-07, "3.4693877551020407": 7.999394825707812e-07, "3.673469387755102": 9.718376766820439e-07, "3.8775510204081636": 1.2041354434157597e-06, "4.081632653061225": 1.5357180277926647e-06, "4.285714285714286": 2.0479499203349725e-06, "4.6938775510204085": 4.920345398832712e-06, "4.4897959183673475": 2.9445916657942114e-06, "4.8979591836734695": 1.287950541749665e-05, "5.510204081632653": 0.12108133577193929, "5.3061224489795915": 0.07197111516474332, "5.1020408163265305": 0.019013172204881152, "5.714285714285714": 0.16670604374047346, "5.918367346938775": 0.20917636273710996, "6.73469387755102": 0.3528238438955889, "6.122448979591837": 0.248781366175274, "6.326530612244898": 0.28577740226890125, "6.530612244897959": 0.32039158464392253, "7.142857142857143": 0.41184105993102216, "6.938775510204081": 0.38325401304908646, "7.551020408163265": 0.46404321084670747, "7.346938775510204": 0.4387283398315613, "7.755102040816327": 0.48790041818214813, "7.959183673469388": 0.5104029358959217, "8.16326530612245": 0.5316422717610548, "8.36734693877551": 0.5517011285821117, "8.775510204081632": 0.5885623051783179, "8.571428571428571": 0.5706526445961457, "9.387755102040817": 0.6365848968309119, "9.183673469387756": 0.6214808446275564, "8.979591836734695": 0.6054881750962884, "9.591836734693878": 0.6508389277807055, "9.795918367346939": 0.6642753435377401, "10.0": 0.6769218462255286}