{"0.0": 0.0, "0.20408163265306123": 1.9205569841795503e-08, "0.6122448979591837": 6.28651731505045e-08, "0.40816326530612246": 4.0083545875399135e-08, "0.8163265306122449": 8.782645970656297e-08, "1.0204081632653061": 1.1529954688285593e-07, "1.2244897959183674": 1.456877599333165e-07, "2.0408163265306123": 3.0830933532711243e-07, "1.4285714285714286": 1.794856037092011e-07, "1.6326530612244898": 2.1730688974834733e-07, "2.2448979591836737": 3.6373837116066973e-07, "1.836734693877551": 2.599214911725377e-07, "2.6530612244897958": 5.029608808903207e-07, "2.4489795918367347": 4.2787513891813245e-07, "2.857142857142857": 5.920747344257335e-07, "3.0612244897959187": 6.995715285715268e-07, "3.2653061224489797": 8.318204393581361e-07, "3.4693877551020407": 9.98511323901663e-07, "3.673469387755102": 1.2151615414825678e-06, "3.8775510204081636": 1.5082442491981444e-06, "4.081632653061225": 1.926973766911231e-06, "4.285714285714286": 2.5743276225303126e-06, "4.6938775510204085": 6.207804982917796e-06, "4.4897959183673475": 3.7081919666224314e-06, "4.8979591836734695": 1.628019370990886e-05, "5.510204081632653": 0.14987450458378304, "5.3061224489795915": 0.0899017189601929, "5.1020408163265305": 0.02398109691998281, "5.714285714285714": 0.20458271225608757, "5.918367346938775": 0.25462733462333603, "6.73469387755102": 0.4174698960445872, "6.122448979591837": 0.30052223015500845, "6.326530612244898": 0.34271237324601866, "6.530612244897959": 0.381583633867686, "7.142857142857143": 0.48142407183606173, "6.938775510204081": 0.45066481104228967, "7.551020408163265": 0.5365118143059364, "7.346938775510204": 0.5099737107720087, "7.755102040816327": 0.5612138864101754, "8.16326530612245": 0.605712296004051, "7.959183673469388": 0.5842351837454481, "8.36734693877551": 0.6257668955420962, "8.775510204081632": 0.6620239127677969, "8.571428571428571": 0.6445058564982481, "9.387755102040817": 0.708035134778542, "9.183673469387756": 0.6937203286271292, "8.979591836734695": 0.6784045131091422, "9.591836734693878": 0.7214042234155597, "9.795918367346939": 0.7338745727913516, "10.0": 0.7454865386477811}