{"0.20408163265306123": 1.0320133370304496e-08, "0.6122448979591837": 3.500844730925736e-08, "0.40816326530612246": 2.1870748722496046e-08, "3.8775510204081636": 0.12234663968042303, "3.673469387755102": 0.10473999155993971, "0.8163265306122449": 5.025216964632909e-08, "3.4693877551020407": 0.08653759647302131, "3.2653061224489797": 0.067663110794654, "3.0612244897959187": 0.04802375248040812, "1.0204081632653061": 6.838811530271652e-08, "1.2244897959183674": 9.066816868019185e-08, "1.6326530612244898": 1.579482087215892e-07, "1.4285714285714286": 1.192160192145494e-07, "2.857142857142857": 0.02750570069279216, "2.2448979591836737": 5.09983436371634e-07, "1.836734693877551": 2.1497590838826676e-07, "2.0408163265306123": 3.102812100231301e-07, "0.0": 0.0, "2.4489795918367347": 1.2414025599598147e-06, "2.6530612244897958": 0.0059695782688929675, "4.081632653061225": 0.13942089011256284, "4.4897959183673475": 0.17217557472117076, "5.3061224489795915": 0.2331388104652667, "5.714285714285714": 0.26175873009308126, "5.510204081632653": 0.24758789727844843, "4.6938775510204085": 0.18793817865082002, "4.285714285714286": 0.15601569202026921, "6.122448979591837": 0.28932067416067836, "6.73469387755102": 0.3288657492807796, "4.8979591836734695": 0.2033354521534604, "7.142857142857143": 0.3541058133401324, "5.1020408163265305": 0.21839459551373375, "5.918367346938775": 0.2756656330751793, "6.938775510204081": 0.3415955222079662, "6.530612244897959": 0.3159134439994174, "6.326530612244898": 0.30273388880764174, "7.755102040816327": 0.39032488787208075, "7.346938775510204": 0.3663979963349098, "7.551020408163265": 0.37847172859997463, "7.959183673469388": 0.4019534907723722, "8.36734693877551": 0.42451122273527414, "8.979591836734695": 0.45644648890554385, "8.16326530612245": 0.41335159943169575, "8.571428571428571": 0.4354222189136874, "9.183673469387756": 0.46652800341957223, "9.591836734693878": 0.4857325151165594, "9.795918367346939": 0.49480948244093814, "8.775510204081632": 0.4460722062911938, "9.387755102040817": 0.4762972932465598, "10.0": 0.5035017488205952}