{"0.20408163265306123": 4.3193513707969794e-08, "0.6122448979591837": 1.562513345571614e-07, "0.40816326530612246": 9.444878768870123e-08, "3.8775510204081636": 0.5788232608353582, "3.673469387755102": 0.5227377535480234, "0.8163265306122449": 2.3222524999836365e-07, "3.4693877551020407": 0.4569837390006959, "3.2653061224489797": 0.3793402779975643, "3.0612244897959187": 0.28691215691749855, "1.0204081632653061": 3.2786948466691903e-07, "1.2244897959183674": 4.519503202460571e-07, "1.6326530612244898": 8.57537413233718e-07, "1.4285714285714286": 6.19351400580549e-07, "2.857142857142857": 0.1758657531247227, "2.2448979591836737": 3.222820466971102e-06, "1.836734693877551": 1.2234092189742655e-06, "2.0408163265306123": 1.8571743841110952e-06, "0.0": 0.0, "2.4489795918367347": 8.319151387518787e-06, "2.6530612244897958": 0.0410464170732094, "4.081632653061225": 0.6269678828923011, "4.4897959183673475": 0.7046005179626008, "5.3061224489795915": 0.8090969295068526, "5.714285714285714": 0.8447142400889525, "5.510204081632653": 0.8279697376017847, "4.6938775510204085": 0.7360444157924013, "4.285714285714286": 0.6685323570670397, "6.122448979591837": 0.8728927796697454, "6.73469387755102": 0.9049288673656682, "4.8979591836734695": 0.7635721580703541, "7.142857142857143": 0.9212013484563408, "5.1020408163265305": 0.7877635425917314, "5.918367346938775": 0.8596098533347852, "6.938775510204081": 0.9134954220831317, "6.530612244897959": 0.8953935121956473, "6.326530612244898": 0.8847636330401555, "7.755102040816327": 0.9400247781541621, "7.346938775510204": 0.928139848537105, "7.551020408163265": 0.9343912599315567, "7.959183673469388": 0.9450998687046323, "8.36734693877551": 0.9537707342273184, "8.979591836734695": 0.9636293673149654, "8.16326530612245": 0.9496674271563696, "8.571428571428571": 0.9574462441352664, "9.183673469387756": 0.966181113551289, "9.591836734693878": 0.9702788121084057, "9.795918367346939": 0.9718411352884992, "8.775510204081632": 0.9607242378144916, "9.387755102040817": 0.9683941762360816, "10.0": 0.973083391631204}