{"0.0": 0.0, "0.20408163265306123": 0.0, "0.40816326530612246": 0.0, "0.6122448979591837": 0.0, "0.8163265306122449": 0.0, "1.0204081632653061": 0.0, "1.2244897959183674": 0.0, "1.4285714285714286": 0.0, "2.0408163265306123": 0.0, "1.6326530612244898": 0.0, "3.8775510204081636": 0.2669109744161941, "3.673469387755102": 0.17928473564051012, "3.4693877551020407": 0.07739114361243543, "1.836734693877551": 0.0, "4.081632653061225": 0.3427600440610074, "4.285714285714286": 0.40879730379036683, "4.4897959183673475": 0.4665959260133637, "4.8979591836734695": 0.5623179544205508, "4.6938775510204085": 0.5174245285347508, "2.2448979591836737": 0.0, "2.4489795918367347": -1.5e-323, "5.3061224489795915": 0.6375546720059245, "5.1020408163265305": 0.6021269142005322, "2.6530612244897958": 0.0, "5.510204081632653": 0.6691891053410091, "5.714285714285714": 0.6975225926454511, "2.857142857142857": 1e-323, "6.122448979591837": 0.7458896706584925, "6.326530612244898": 0.7665779267742288, "5.918367346938775": 0.7229717730683995, "3.0612244897959187": 6.4e-323, "6.530612244897959": 0.7852951800536692, "6.73469387755102": 0.8022634711461363, "7.142857142857143": 0.8316963680311082, "6.938775510204081": 0.8176751528584444, "3.2653061224489797": 4.4e-323, "7.755102040816327": 0.8667711525516869, "7.346938775510204": 0.8444717729112766, "7.551020408163265": 0.8561268776894955, "7.959183673469388": 0.8764999497363045, "8.16326530612245": 0.8853959704026296, "8.571428571428571": 0.9009677537561508, "8.36734693877551": 0.89353122885511, "8.775510204081632": 0.9077589587474812, "9.183673469387756": 0.919580136667943, "8.979591836734695": 0.9139503634650596, "9.387755102040817": 0.9246800018031949, "9.591836734693878": 0.9292756467980943, "9.795918367346939": 0.9333870327818308, "10.0": 0.9370291343812078}