{"mask": [0.0, 0.0, 0.0, 0.0, 0.0015363105228636427, 0.005875635848981821, 0.0008547836812996115, 0.00022363972945154266, 0.0001845912336508413, 0.00016535336398751802, 0.00015419660624701548, 0.00014843004198095863, 0.000147729121680458, 0.0001443518053498791, 0.00014438230182468265, 0.00014756442654199694, 0.000148720390121243, 0.00014972276043369163, 0.00015374955015326995, 0.00016044833724413086, 0.00016389623691086554, 0.00016654015370891676, 0.00017211097951398994, 0.00018121298316107573, 0.00018837678896199738, 0.0001923976416154493, 0.00020338486129540257, 0.00020364127556255906, 0.00021337104754078626, 0.0002252988309594706, 0.00022224136262423145, 0.00023799039014278756, 0.00024412770605600738, 0.0002538454270107497, 0.0002647355100244791, 0.0002829757757045815, 0.00028777805005993117, 0.0003023806720404555, 0.00031246507132358316, 0.00032173307616163396, 0.000333676394289615, 0.0003402981638333828, 0.00036468935801407587, 0.0003660768895124871, 0.0003810886139059637, 0.00039189052427293793, 0.00040071322692424873, 0.0004152669074152214, 0.00043327359171214914, 0.0004358194227591003], "mutation": [0.0, 0.0, 0.0, 0.0, 0.0015386083491753196, 0.005858650280669462, 0.0008350216184796924, 0.00022185580187554223, 0.00018082780783897526, 0.0001622841001075961, 0.00014979859484604222, 0.00014514207380629488, 0.00014218726154132421, 0.0001400001647670635, 0.00013869902847637902, 0.00013953972534566804, 0.00013968825632819633, 0.00013887348280438165, 0.00014272990337988324, 0.00014511201118055003, 0.00014565673274428225, 0.00014956462046619468, 0.00015246761661786337, 0.00015426729099370199, 0.00015972137820992734, 0.00016524749828628312, 0.00016503975579289384, 0.00016796396333558812, 0.00017368560716075033, 0.00017549144137064446, 0.0001785362017819865, 0.00018427314307668553, 0.00019022912809786176, 0.00019458389233851866, 0.00020003406454232716, 0.00020570412457388993, 0.00021003634728002858, 0.0002159541215493456, 0.00022129587602712176, 0.00022673059681211654, 0.0002321366585849846, 0.00023768563266960774, 0.00024058494090012936, 0.0002504683706210618, 0.0002560219662379601, 0.00025616685551862117, 0.00026635213998930956, 0.00026731787999752677, 0.0002788057094237676, 0.00027850215770350165]}