{"0.20408163265306123": 2.5751068647595088e-08, "0.0": 0.0, "0.6122448979591837": 8.612433447015338e-08, "0.40816326530612246": 5.429861122715384e-08, "1.0204081632653061": 1.6216204875414605e-07, "0.8163265306122449": 1.2182731658472667e-07, "1.4285714285714286": 2.608690803301629e-07, "1.6326530612244898": 3.221472039851311e-07, "1.2244897959183674": 2.0809235184677885e-07, "2.0408163265306123": 4.799987717517368e-07, "2.4489795918367347": 7.128682204550047e-07, "1.836734693877551": 3.941601125428032e-07, "2.2448979591836737": 5.840695782948688e-07, "2.6530612244897958": 8.764013819087032e-07, "2.857142857142857": 1.0909051312088145e-06, "3.0612244897959187": 1.384606564701399e-06, "3.4693877551020407": 2.4877700212497753e-06, "3.2653061224489797": 1.8113074184627338e-06, "3.673469387755102": 3.7240554125849682e-06, "3.8775510204081636": 6.705445865723552e-06, "4.285714285714286": 0.05505154745820724, "4.4897959183673475": 0.14040553057646957, "4.8979591836734695": 0.28295484407996735, "5.3061224489795915": 0.396294489038269, "4.6938775510204085": 0.21589714812038843, "4.081632653061225": 2.398494734731626e-05, "5.1020408163265305": 0.34276088771649477, "5.714285714285714": 0.4876992923243364, "5.510204081632653": 0.44437752155404675, "6.326530612244898": 0.5945263081830336, "6.122448979591837": 0.562312231662253, "5.918367346938775": 0.5268452309840286, "6.73469387755102": 0.6506099793764379, "6.530612244897959": 0.6238538254037498, "6.938775510204081": 0.6750690268813639, "7.142857142857143": 0.6974684713353408, "7.346938775510204": 0.7180161255305378, "7.551020408163265": 0.7368929933978832, "7.755102040816327": 0.754257897216792, "7.959183673469388": 0.7702500954004207, "8.16326530612245": 0.7849912398213869, "8.571428571428571": 0.8111348754167049, "8.775510204081632": 0.8227122847854639, "8.36734693877551": 0.7985884042753404, "8.979591836734695": 0.8333916057733953, "9.183673469387756": 0.8432338765933546, "9.387755102040817": 0.8522916420007777, "9.591836734693878": 0.8606095039009846, "9.795918367346939": 0.8682245012111016, "10.0": 0.875167311923159}