{"0.0": 0.0, "0.20408163265306123": 1.928798889937894e-08, "0.6122448979591837": 6.309381979171234e-08, "1.2244897959183674": 1.4597848237914183e-07, "0.40816326530612246": 4.024388397380035e-08, "0.8163265306122449": 8.810674310952299e-08, "1.4285714285714286": 1.7970272472781304e-07, "1.0204081632653061": 1.1560503397280451e-07, "1.6326530612244898": 2.173650540428809e-07, "1.836734693877551": 2.596977195619675e-07, "2.0408163265306123": 3.076265882490268e-07, "2.2448979591836737": 3.6234071575097613e-07, "2.4489795918367347": 4.253894920508674e-07, "2.857142857142857": 5.854827909443386e-07, "2.6530612244897958": 4.988362016880204e-07, "3.0612244897959187": 6.892384465173076e-07, "3.2653061224489797": 8.157280317942739e-07, "3.4693877551020407": 9.733394672151813e-07, "3.8775510204081636": 1.4428764430636642e-06, "4.081632653061225": 1.8149845860162118e-06, "3.673469387755102": 1.175174469787424e-06, "4.285714285714286": 2.367357058233074e-06, "4.4897959183673475": 3.272881088598429e-06, "4.6938775510204085": 5.029281445520816e-06, "4.8979591836734695": 9.898373394769225e-06, "5.3061224489795915": 0.0561236636389856, "5.714285714285714": 0.16963074856431187, "5.510204081632653": 0.11533110969456524, "5.1020408163265305": 8.97938957045086e-05, "5.918367346938775": 0.21955372317156485, "6.326530612244898": 0.3080442797970387, "6.122448979591837": 0.2655583393996083, "6.530612244897959": 0.34736024216119527, "6.73469387755102": 0.38380936799358073, "6.938775510204081": 0.4176600597563825, "7.142857142857143": 0.44914702240749665, "7.346938775510204": 0.4784790179218226, "7.755102040816327": 0.5313928921293392, "7.551020408163265": 0.5058397552820703, "7.959183673469388": 0.5552839056565793, "8.16326530612245": 0.5776412467802117, "8.36734693877551": 0.5985799628955408, "8.571428571428571": 0.6182014306544183, "8.775510204081632": 0.6365959334553855, "8.979591836734695": 0.6538433175270832, "9.387755102040817": 0.68516736398721, "9.183673469387756": 0.670013305737289, "9.591836734693878": 0.699358978653396, "9.795918367346939": 0.7126336887060866, "10.0": 0.7250308205792679}