{"0.20408163265306123": 2.9454216843305403e-13, "0.6122448979591837": 1.441013974812222e-11, "0.8163265306122449": 5.327960295176126e-13, "0.40816326530612246": 7.083222897108499e-14, "3.4693877551020407": 0.4615475366359739, "3.673469387755102": 0.4979969662050744, "3.0612244897959187": 0.3773308951602613, "1.0204081632653061": 2.975164559160248e-11, "2.4489795918367347": 0.21212759308245888, "1.4285714285714286": 7.356770748145891e-11, "1.2244897959183674": 2.2144508449173372e-12, "3.8775510204081636": 0.5313120631354313, "2.2448979591836737": 0.14239834196608692, "3.2653061224489797": 0.4215102906624887, "2.857142857142857": 0.32832277394804643, "1.6326530612244898": 1.873106114658185e-10, "2.6530612244897958": 0.27362284048304186, "2.0408163265306123": 0.06251618446389262, "1.836734693877551": 2.9433122605837525e-11, "0.0": 0.0, "4.081632653061225": 0.5618681881868702, "4.285714285714286": 0.5899793337337877, "5.3061224489795915": 0.7019105511027557, "6.326530612244898": 0.7801136338104266, "5.714285714285714": 0.7364284646501847, "5.510204081632653": 0.7197720578578214, "6.530612244897959": 0.7928473801783001, "4.4897959183673475": 0.6159106771646305, "5.918367346938775": 0.751979749650596, "4.8979591836734695": 0.6621056675183206, "5.1020408163265305": 0.6827311011486088, "7.142857142857143": 0.8264740407127168, "6.122448979591837": 0.7665149314338385, "6.938775510204081": 0.8159718851388199, "6.73469387755102": 0.8047806708626026, "4.6938775510204085": 0.6398881257822366, "7.346938775510204": 0.8363354366088553, "7.551020408163265": 0.8456002001591669, "7.755102040816327": 0.8543087546945728, "7.959183673469388": 0.8624982213411236, "8.571428571428571": 0.8842807387187642, "8.36734693877551": 0.8774538989673983, "8.16326530612245": 0.8702027657975528, "8.775510204081632": 0.8907102387598228, "8.979591836734695": 0.8967673895808982, "9.591836734693878": 0.9129287829025594, "9.795918367346939": 0.9177129677036746, "9.387755102040817": 0.9078558317436947, "9.183673469387756": 0.9024753955725658, "10.0": 0.9222258495835753}