{"0.20408163265306123": 7.146505609512133e-13, "0.6122448979591837": 3.486555488763088e-11, "0.8163265306122449": 1.2920775560587572e-12, "0.40816326530612246": 1.7141843500212417e-13, "3.4693877551020407": 0.7872505625212852, "3.673469387755102": 0.8214475332120561, "3.0612244897959187": 0.694055046238456, "1.0204081632653061": 7.245015698487123e-11, "2.4489795918367347": 0.4490150620027863, "1.4285714285714286": 1.8112333854958251e-10, "1.2244897959183674": 5.420663917732327e-12, "3.8775510204081636": 0.8496132964757093, "2.2448979591836737": 0.3188950603567251, "3.2653061224489797": 0.7454699314689714, "2.857142857142857": 0.6302556398107484, "1.6326530612244898": 4.640644535314209e-10, "2.6530612244897958": 0.5503180567798434, "2.0408163265306123": 0.14903941006987775, "1.836734693877551": 7.335598795066289e-11, "0.0": 0.0, "4.081632653061225": 0.872939087643154, "4.285714285714286": 0.892349917034146, "5.3061224489795915": 0.9514860612246953, "6.326530612244898": 0.9773276757703153, "5.714285714285714": 0.964334662646305, "5.510204081632653": 0.9584301328685931, "6.530612244897959": 0.9804689081914104, "4.4897959183673475": 0.9085717117582321, "5.918367346938775": 0.9693649941077308, "4.8979591836734695": 0.9336329862335774, "5.1020408163265305": 0.9433018657811256, "7.142857142857143": 0.987456675595052, "6.938775510204081": 0.9854718114530806, "6.122448979591837": 0.9736580473749138, "6.73469387755102": 0.9831613325180947, "4.6938775510204085": 0.9221795730276474, "7.346938775510204": 0.9891635042195629, "7.551020408163265": 0.9906325787271417, "7.755102040816327": 0.9918980745867528, "7.959183673469388": 0.992989043141185, "8.36734693877551": 0.9947427172921962, "8.571428571428571": 0.9954445490225442, "8.16326530612245": 0.9939302236249047, "8.775510204081632": 0.9960511366909699, "8.979591836734695": 0.9965756846159128, "9.591836734693878": 0.9977625191313152, "9.795918367346939": 0.9980572217467347, "9.387755102040817": 0.9974223429419055, "9.183673469387756": 0.9970295142676179, "10.0": 0.9983126290727813}