{"0.0": 0.0, "0.6122448979591837": -8.038014698286133e-13, "3.2653061224489797": -3.6942215952961988e-09, "0.8163265306122449": -1.6984635919925495e-11, "0.40816326530612246": -9.992007221626409e-15, "1.836734693877551": 2.691069589388917e-12, "1.4285714285714286": -7.209144392561484e-11, "0.20408163265306123": 0.0, "2.0408163265306123": 3.2891800394452275e-11, "1.2244897959183674": -2.1327828392259107e-11, "1.6326530612244898": -3.328171072070063e-10, "2.4489795918367347": -1.7282255404538205e-08, "4.081632653061225": 4.110423463821178e-07, "2.6530612244897958": 8.302625253975293e-11, "3.673469387755102": 3.964529426969676e-08, "2.857142857142857": 4.0764736031206894e-10, "1.0204081632653061": -1.9157542219261359e-10, "2.2448979591836737": 4.3847758757209476e-10, "4.285714285714286": 1.6246933562946708e-06, "3.4693877551020407": 5.025464044905448e-09, "3.0612244897959187": 3.182026975245833e-09, "3.8775510204081636": 1.2450035424826922e-07, "4.4897959183673475": 2.0766400570360055e-05, "4.6938775510204085": 0.03142927833718345, "4.8979591836734695": 0.06852307794758083, "5.1020408163265305": 0.10379100415330678, "5.3061224489795915": 0.1373763984438896, "6.122448979591837": 0.25721774328796043, "5.510204081632653": 0.16940608021574566, "6.530612244897959": 0.3097253106766148, "6.326530612244898": 0.2840248426292815, "5.918367346938775": 0.22923308295380806, "7.346938775510204": 0.40265720600320987, "5.714285714285714": 0.19999194045107882, "6.938775510204081": 0.35805658957024655, "6.73469387755102": 0.33438319367291625, "7.142857142857143": 0.3807984403848852, "8.16326530612245": 0.48210367972392776, "7.551020408163265": 0.4236774387015465, "7.959183673469388": 0.46336385339647723, "8.571428571428571": 0.5175427205386227, "7.755102040816327": 0.4439002744894667, "8.36734693877551": 0.50015293128472, "8.979591836734695": 0.5504593792026888, "9.183673469387756": 0.5660400325241659, "9.387755102040817": 0.581069095403161, "9.591836734693878": 0.5955701527852193, "9.795918367346939": 0.6095656633359164, "10.0": 0.6230770417340386, "8.775510204081632": 0.5343023257434063}