{"0.0": 0.0, "0.6122448979591837": -2.6787461138155777e-12, "3.2653061224489797": -1.3136267629221265e-08, "0.8163265306122449": -5.661582314075986e-11, "0.40816326530612246": -3.26405569239796e-14, "1.836734693877551": 8.93818352665221e-12, "1.4285714285714286": -2.4030444301104126e-10, "0.20408163265306123": 0.0, "1.2244897959183674": -7.10931313818719e-11, "1.6326530612244898": -1.1093941321149714e-09, "2.0408163265306123": 1.0942269312863573e-10, "2.4489795918367347": -5.761316090868718e-08, "4.081632653061225": 1.3371291950337039e-06, "2.6530612244897958": 2.5369573108946497e-10, "3.673469387755102": 1.2625346956784966e-07, "2.857142857142857": 1.2751310007885763e-09, "2.2448979591836737": 1.4603908082833073e-09, "1.0204081632653061": -6.38585628820465e-10, "4.285714285714286": 5.3433659926716e-06, "3.4693877551020407": 1.4471990272824087e-08, "3.0612244897959187": 1.0332501965137908e-08, "4.8979591836734695": 0.21070278306634105, "3.8775510204081636": 4.0065657147536626e-07, "4.6938775510204085": 0.10097606800401182, "4.4897959183673475": 6.906846171195191e-05, "5.1020408163265305": 0.30599155861782423, "5.3061224489795915": 0.3889569045409511, "6.122448979591837": 0.6288554656659999, "6.530612244897959": 0.7093187181638552, "7.346938775510204": 0.8204753451255108, "5.510204081632653": 0.46136196815433883, "5.918367346938775": 0.5801637784296735, "5.714285714285714": 0.5246832451169006, "6.938775510204081": 0.7717845819899263, "8.16326530612245": 0.8884072878206726, "6.73469387755102": 0.7425083622822264, "6.326530612244898": 0.6716525911402654, "7.551020408163265": 0.8406757409938072, "7.142857142857143": 0.7976333469410384, "7.959183673469388": 0.8743820831039611, "8.571428571428571": 0.9118657594200549, "8.979591836734695": 0.9303305611294059, "7.755102040816327": 0.8585522843706579, "8.36734693877551": 0.9008398859148589, "9.183673469387756": 0.9380393711941546, "9.387755102040817": 0.9448859200636883, "9.591836734693878": 0.9509684259482425, "9.795918367346939": 0.9563735981909084, "10.0": 0.9611780438549133, "8.775510204081632": 0.9216481414237561}