{"0.0": 0.0, "0.6122448979591837": -3.482547583644191e-12, "3.2653061224489797": -1.6830489224517464e-08, "0.8163265306122449": -7.360045906068535e-11, "1.836734693877551": 1.1629253116041127e-11, "0.40816326530612246": -4.263256414560601e-14, "1.4285714285714286": -3.123958869366561e-10, "0.20408163265306123": 0.0, "1.2244897959183674": -9.2420959774131e-11, "1.6326530612244898": -1.4422112393219777e-09, "2.0408163265306123": 1.42314493523088e-10, "4.081632653061225": 1.7481715413047993e-06, "2.4489795918367347": -7.489541631322538e-08, "2.6530612244897958": 3.367219836292179e-10, "3.673469387755102": 1.6589876372652412e-07, "2.857142857142857": 1.6827784721229477e-09, "1.0204081632653061": -8.301610510130786e-10, "2.2448979591836737": 1.8988685068777045e-09, "4.285714285714286": 6.9680593490772935e-06, "3.0612244897959187": 1.3514528940383741e-08, "3.4693877551020407": 1.9497454317729535e-08, "4.8979591836734695": 0.2792258610139219, "3.8775510204081636": 5.251569257236355e-07, "4.6938775510204085": 0.13240534634119538, "4.4897959183673475": 8.983486228231197e-05, "5.3061224489795915": 0.5263333029848407, "5.1020408163265305": 0.4097825627711309, "6.530612244897959": 1.01904402884047, "6.122448979591837": 0.8860732089539604, "7.346938775510204": 1.2231325511287208, "5.510204081632653": 0.6307680483700845, "5.918367346938775": 0.8093968613834814, "5.714285714285714": 0.7246751855679794, "8.16326530612245": 1.3705109675446003, "6.938775510204081": 1.1298411715601728, "6.73469387755102": 1.0768915559551426, "8.571428571428571": 1.4294084799586777, "7.551020408163265": 1.2643531796953535, "8.979591836734695": 1.4807899403320948, "6.326530612244898": 0.9556774337695471, "7.142857142857143": 1.1784317873259236, "9.387755102040817": 1.5259550154668493, "9.591836734693878": 1.5465385787334618, "9.795918367346939": 1.5659392615268248, "10.0": 1.584255085588952, "7.755102040816327": 1.3024525588601246, "7.959183673469388": 1.3377459365004385, "8.36734693877551": 1.4009928171995787, "9.183673469387756": 1.5040794037183205, "8.775510204081632": 1.4559504671671624}