{"0.6122448979591837": 6.257584238416091e-07, "0.40816326530612246": 5.775184800836048e-07, "0.20408163265306123": 5.360391714478472e-07, "1.4285714285714286": 9.34763001152315e-07, "1.0204081632653061": 7.503438835845056e-07, "2.857142857142857": 5.75931835857518e-06, "0.8163265306122449": 6.825432377925992e-07, "1.6326530612244898": 1.0645963633035472e-06, "3.8775510204081636": 0.366289031744183, "2.0408163265306123": 1.4692626658943584e-06, "3.673469387755102": 0.2851259156368281, "1.836734693877551": 1.2352063018392406e-06, "0.0": 5e-07, "2.4489795918367347": 2.3517321344992964e-06, "1.2244897959183674": 8.326833695695909e-07, "3.2653061224489797": 0.07746969256632064, "3.4693877551020407": 0.18995193184706105, "2.2448979591836737": 1.8100431361916779e-06, "2.6530612244897958": 3.345440892203956e-06, "6.938775510204081": 0.8564421713151179, "3.0612244897959187": 2.0219223178384946e-05, "4.285714285714286": 0.4962234599513915, "5.1020408163265305": 0.6697622989343467, "4.4897959183673475": 0.5485686915579201, "6.326530612244898": 0.8130873172784455, "4.081632653061225": 0.4359900578237282, "5.510204081632653": 0.7287884283207678, "6.122448979591837": 0.7953434766102198, "7.551020408163265": 0.8885086991203035, "5.3061224489795915": 0.7010323928231412, "6.73469387755102": 0.8434436985398309, "4.6938775510204085": 0.5942901730743997, "7.142857142857143": 0.8682004767848841, "5.918367346938775": 0.7755773425275396, "4.8979591836734695": 0.6344101110803019, "5.714285714285714": 0.7535041981864355, "6.530612244897959": 0.8290515127377188, "7.755102040816327": 0.8972722183584493, "7.346938775510204": 0.8788511380881281, "8.16326530612245": 0.9124478848995713, "8.36734693877551": 0.9189974536972879, "8.571428571428571": 0.9249303883201476, "8.775510204081632": 0.9302928442263635, "9.387755102040817": 0.9433120463174504, "7.959183673469388": 0.9052273197694222, "8.979591836734695": 0.9351235849463916, "9.591836734693878": 0.9467160491021299, "9.183673469387756": 0.9394546707295913, "9.795918367346939": 0.9496818556510856, "10.0": 0.9522198818345498}