{"0.20408163265306123": 5.181152932678699e-07, "1.0204081632653061": 6.330957281713492e-07, "1.2244897959183674": 6.80950773343795e-07, "0.40816326530612246": 5.393753350652419e-07, "0.6122448979591837": 5.646768328228978e-07, "3.2653061224489797": 0.1368005006375938, "0.8163265306122449": 5.952932226099912e-07, "3.4693877551020407": 0.18342483908017065, "3.673469387755102": 0.22613704293916853, "3.8775510204081636": 0.2654414296309347, "2.0408163265306123": 1.1441977882933987e-06, "1.4285714285714286": 7.434830549723523e-07, "1.836734693877551": 9.5153682864778e-07, "1.6326530612244898": 8.286678909549069e-07, "0.0": 5e-07, "2.6530612244897958": 6.158922819553882e-06, "2.857142857142857": 0.029198689013279606, "2.4489795918367347": 2.2895106272160243e-06, "3.0612244897959187": 0.08564640086762522, "2.2448979591836737": 1.489702833338944e-06, "6.530612244897959": 0.591445858469468, "4.081632653061225": 0.30175442155755694, "4.285714285714286": 0.33542337523112636, "5.3061224489795915": 0.4729560420659315, "6.122448979591837": 0.5562291458003492, "4.4897959183673475": 0.36674070273717985, "5.714285714285714": 0.5169691341023254, "5.1020408163265305": 0.44889172317705933, "5.918367346938775": 0.5371448589892396, "4.8979591836734695": 0.4232773592839941, "4.6938775510204085": 0.39595460874235444, "6.326530612244898": 0.5743049483774888, "7.551020408163265": 0.6651750737628696, "6.938775510204081": 0.6231772029525863, "5.510204081632653": 0.4956082573718927, "6.73469387755102": 0.6077172480405633, "7.142857142857143": 0.6378772853455538, "7.959183673469388": 0.6899134987791282, "7.346938775510204": 0.6518631548958451, "7.755102040816327": 0.6778483159579677, "8.16326530612245": 0.701396851538616, "8.775510204081632": 0.7325567561807319, "8.36734693877551": 0.7123204349088604, "9.387755102040817": 0.7590430692219965, "9.183673469387756": 0.7507218746878903, "8.571428571428571": 0.72270232265269, "10.0": 0.7809546736231394, "8.979591836734695": 0.7418942812062866, "9.591836734693878": 0.7668580810497441, "9.795918367346939": 0.7741639468618323}