{"0.0": 0.0, "0.8163265306122449": 0.0, "0.40816326530612246": 0.0, "0.20408163265306123": 0.0, "2.4489795918367347": 0.3859600679948273, "2.2448979591836737": 0.25754284446544795, "0.6122448979591837": 0.0, "1.0204081632653061": 0.0, "2.6530612244897958": 0.4874112885890384, "3.4693877551020407": 0.7333219619263417, "2.0408163265306123": 0.09219618751497326, "3.8775510204081636": 0.8018082498717216, "1.2244897959183674": 0.0, "3.0612244897959187": 0.6346223288475175, "2.857142857142857": 0.5686957163423915, "3.673469387755102": 0.7705565139332231, "3.2653061224489797": 0.6886461231026294, "1.6326530612244898": 1.5e-323, "1.4285714285714286": 0.0, "1.836734693877551": -5.4e-323, "4.6938775510204085": 0.8861098154476419, "4.081632653061225": 0.8281979909896865, "4.4897959183673475": 0.8697250779373338, "4.285714285714286": 0.8506060928971457, "4.8979591836734695": 0.900207831425864, "5.1020408163265305": 0.9123801225784143, "5.3061224489795915": 0.9229248223164178, "6.326530612244898": 0.9584795927578111, "5.714285714285714": 0.9400655620924895, "5.510204081632653": 0.9320854327208271, "6.122448979591837": 0.9531317257842987, "5.918367346938775": 0.9470336493718345, "6.530612244897959": 0.9631777130147621, "6.938775510204081": 0.9709567682631176, "6.73469387755102": 0.9673124712370568, "7.551020408163265": 0.9795327041874982, "7.142857142857143": 0.9741735048086524, "7.755102040816327": 0.9817615573963103, "7.346938775510204": 0.9770167804380346, "8.16326530612245": 0.9854928315620568, "7.959183673469388": 0.9837382918713526, "8.571428571428571": 0.9884377176497849, "8.36734693877551": 0.9870517142201963, "8.979591836734695": 0.9907691964557482, "8.775510204081632": 0.9896709890303491, "9.183673469387756": 0.9917476200648551, "9.387755102040817": 0.9926198846808679, "9.591836734693878": 0.9933979972739418, "9.795918367346939": 0.9940923596772068, "10.0": 0.9947123560115826}