{"0.0": 0.0, "0.8163265306122449": 0.0, "0.40816326530612246": 0.0, "0.20408163265306123": 0.0, "2.4489795918367347": 0.28921602073671965, "2.2448979591836737": 0.18816087394247447, "0.6122448979591837": 0.0, "1.0204081632653061": 0.0, "2.6530612244897958": 0.37361935981645833, "3.4693877551020407": 0.6035475774519545, "2.0408163265306123": 0.0654675165925417, "3.8775510204081636": 0.6779228601408593, "1.2244897959183674": 0.0, "3.0612244897959187": 0.5057810401357066, "2.857142857142857": 0.4449288695012477, "3.673469387755102": 0.6431604255599502, "3.2653061224489797": 0.5581468103062659, "1.6326530612244898": 5e-324, "1.4285714285714286": 0.0, "1.836734693877551": -3.5e-323, "4.6938775510204085": 0.7814552351068312, "4.081632653061225": 0.7085797230141263, "4.4897959183673475": 0.7598942417933741, "4.285714285714286": 0.7357390329903769, "4.8979591836734695": 0.8007641338253543, "5.1020408163265305": 0.8181045444317667, "5.3061224489795915": 0.8337199393606041, "6.326530612244898": 0.8921591944824616, "5.714285714285714": 0.8605644527004763, "5.510204081632653": 0.847814226307585, "6.122448979591837": 0.8826142785266358, "5.918367346938775": 0.8721207631622303, "6.530612244897959": 0.9008534672893486, "6.938775510204081": 0.9160285876019528, "6.73469387755102": 0.9087847480923056, "7.551020408163265": 0.9342732245265748, "7.142857142857143": 0.9226525800480389, "7.755102040816327": 0.9393694614932963, "7.346938775510204": 0.9287167312875942, "8.16326530612245": 0.9483455362278249, "7.959183673469388": 0.9440479100252617, "8.571428571428571": 0.955931273601606, "8.36734693877551": 0.9522966813565592, "8.979591836734695": 0.9623584363717551, "8.775510204081632": 0.9592768731546147, "9.183673469387756": 0.9651979000376893, "9.387755102040817": 0.9678156899342257, "9.591836734693878": 0.9702304006689466, "9.795918367346939": 0.972458357780763, "10.0": 0.9745150641473976}