{"0.0": 0.0, "0.8163265306122449": 0.0, "0.20408163265306123": 0.0, "0.40816326530612246": 0.0, "2.4489795918367347": 0.36661125854320575, "2.2448979591836737": 0.2436664503608534, "0.6122448979591837": 0.0, "1.0204081632653061": 0.0, "2.6530612244897958": 0.46465290283452243, "3.4693877551020407": 0.7073670850314644, "2.0408163265306123": 0.08685045333048695, "3.8775510204081636": 0.7770311719255492, "1.2244897959183674": 0.0, "3.0612244897959187": 0.6088540711051555, "2.857142857142857": 0.5439423469741628, "3.673469387755102": 0.7450772962585687, "3.2653061224489797": 0.6625462605433569, "1.6326530612244898": 1.5e-323, "1.4285714285714286": 0.0, "1.836734693877551": -5.4e-323, "4.6938775510204085": 0.8651788993794799, "4.081632653061225": 0.8042743373945742, "4.4897959183673475": 0.847758910708542, "4.285714285714286": 0.8276326809157923, "4.8979591836734695": 0.8803190919057623, "5.1020408163265305": 0.8935250069490852, "5.3061224489795915": 0.9050838457252552, "6.326530612244898": 0.9452155131027411, "5.714285714285714": 0.9241653402140867, "5.510204081632653": 0.9152311914381787, "6.122448979591837": 0.939028236332766, "5.918367346938775": 0.9320510721299137, "6.530612244897959": 0.9507128638696792, "6.938775510204081": 0.9599711321308849, "6.73469387755102": 0.9556069266081068, "7.551020408163265": 0.9704808082553138, "7.142857142857143": 0.9638693198565297, "7.755102040816327": 0.9732831382157078, "7.346938775510204": 0.9673567706079464, "8.16326530612245": 0.9780633724952105, "7.959183673469388": 0.975800215502135, "8.571428571428571": 0.981936428840149, "8.36734693877551": 0.9801007076474688, "8.979591836734695": 0.9850870444389497, "8.775510204081632": 0.9835921658552023, "9.183673469387756": 0.9864376760594218, "9.387755102040817": 0.9876590457315395, "9.591836734693878": 0.9887644779529432, "9.795918367346939": 0.9897655592979182, "10.0": 0.9906728976387462}