{"0.20408163265306123": 4.216867110883952e-08, "0.40816326530612246": 9.179554373486675e-08, "0.6122448979591837": 1.5105122185687915e-07, "1.0204081632653061": 3.1235673284774507e-07, "0.8163265306122449": 2.2303909833103903e-07, "1.4285714285714286": 5.759483643603862e-07, "3.673469387755102": 0.2415246642543587, "1.2244897959183674": 4.2611812872296067e-07, "3.4693877551020407": 0.2050710098195227, "1.836734693877551": 1.0842848189358962e-06, "2.0408163265306123": 1.5689534784533582e-06, "1.6326530612244898": 7.822328699643741e-07, "3.2653061224489797": 0.16210156766796058, "2.2448979591836737": 2.4736005206335786e-06, "3.0612244897959187": 0.11103843665925599, "0.0": 0.0, "2.857142857142857": 0.04979622727300468, "3.8775510204081636": 0.2726739857651397, "4.081632653061225": 0.29946204153634104, "4.4897959183673475": 0.3427768413425422, "5.3061224489795915": 0.4014129837597359, "5.1020408163265305": 0.3894012500018127, "4.8979591836734695": 0.3758087283452116, "4.285714285714286": 0.32263216223975, "2.4489795918367347": 4.761380887515456e-06, "4.6938775510204085": 0.36037314293943074, "5.714285714285714": 0.42153074497355253, "5.510204081632653": 0.4120619944868601, "5.918367346938775": 0.4299727965827589, "6.326530612244898": 0.44427700617841714, "6.122448979591837": 0.43751806973418883, "6.530612244897959": 0.450343885665386, "2.6530612244897958": 2.1886738442348732e-05, "6.73469387755102": 0.4557994855632239, "7.142857142857143": 0.46514490569281214, "7.346938775510204": 0.4691461205728516, "7.551020408163265": 0.4727614145612775, "6.938775510204081": 0.46071322557020483, "7.755102040816327": 0.47602922791547037, "8.16326530612245": 0.48165017853624464, "8.36734693877551": 0.48405600850462643, "8.979591836734695": 0.4898924002336007, "9.183673469387756": 0.49142485086041116, "8.571428571428571": 0.48622070810631796, "8.775510204081632": 0.4881614623169353, "7.959183673469388": 0.4789826739027148, "9.387755102040817": 0.4927675613702087, "10.0": 0.4957098294063752, "9.591836734693878": 0.4939268864853117, "9.795918367346939": 0.49490695637532467}