{"0.20408163265306123": 8.232931026011529e-08, "0.40816326530612246": 1.7921987110140657e-07, "0.6122448979591837": 2.949095283872403e-07, "1.0204081632653061": 6.098393355598834e-07, "0.8163265306122449": 4.3545728721774296e-07, "1.4285714285714286": 1.1244706161321832e-06, "3.673469387755102": 0.4715481540204148, "1.2244897959183674": 8.319449179829232e-07, "3.4693877551020407": 0.4003767334571634, "1.836734693877551": 2.1169370274462735e-06, "2.0408163265306123": 3.0631948865041752e-06, "1.6326530612244898": 1.527216555644731e-06, "3.2653061224489797": 0.3164840130660183, "2.2448979591836737": 4.829410540284603e-06, "3.0612244897959187": 0.21678932871569023, "0.0": 0.0, "2.857142857142857": 0.09722120562824725, "3.8775510204081636": 0.5323634960176539, "4.081632653061225": 0.5846639858566659, "4.4897959183673475": 0.6692309759544874, "5.3061224489795915": 0.7837110635309129, "5.1020408163265305": 0.7602595833368727, "4.8979591836734695": 0.733721802959699, "4.285714285714286": 0.6299008881823693, "2.4489795918367347": 9.296029351815893e-06, "4.6938775510204085": 0.703585660024603, "5.714285714285714": 0.8229885973293168, "5.510204081632653": 0.8045019892362507, "5.918367346938775": 0.8394706980901486, "6.326530612244898": 0.8673979644435766, "6.122448979591837": 0.8542019456715115, "6.530612244897959": 0.8792428243943252, "2.6530612244897958": 4.273125124458561e-05, "6.73469387755102": 0.8898942337186754, "7.142857142857143": 0.9081400539716813, "7.346938775510204": 0.9159519496898534, "7.551020408163265": 0.9230103808101133, "6.938775510204081": 0.8994877261132572, "7.755102040816327": 0.9293903973587756, "8.16326530612245": 0.9403646342850492, "8.36734693877551": 0.945061730889985, "8.979591836734695": 0.9564565909322681, "9.183673469387756": 0.9594485183465172, "8.571428571428571": 0.9492880491599541, "8.775510204081632": 0.9530771407140166, "7.959183673469388": 0.9351566490481577, "9.387755102040817": 0.9620700007704076, "10.0": 0.9678144288410184, "9.591836734693878": 0.9643334450427514, "9.795918367346939": 0.9662469148280151}