{"0.20408163265306123": 4.0160639151275755e-08, "0.40816326530612246": 8.742432736653981e-08, "0.6122448979591837": 1.4385830653036122e-07, "1.0204081632653061": 2.9748260271213824e-07, "0.8163265306122449": 2.1241818888670396e-07, "1.4285714285714286": 5.485222517717969e-07, "3.673469387755102": 0.23002348976605605, "1.2244897959183674": 4.0582678925996254e-07, "3.4693877551020407": 0.19530572363764062, "1.836734693877551": 1.032652208510378e-06, "2.0408163265306123": 1.4942414080508174e-06, "1.6326530612244898": 7.449836856803567e-07, "3.2653061224489797": 0.1543824453980578, "2.2448979591836737": 2.355810019651027e-06, "3.0612244897959187": 0.10575089205643427, "0.0": 0.0, "2.857142857142857": 0.04742497835524258, "3.8775510204081636": 0.259689510252514, "4.081632653061225": 0.28520194432032475, "4.4897959183673475": 0.326454134611945, "5.3061224489795915": 0.38229807977117714, "4.8979591836734695": 0.35791307461448746, "5.1020408163265305": 0.37085833333505996, "4.285714285714286": 0.3072687259426192, "2.4489795918367347": 4.534648464300436e-06, "4.6938775510204085": 0.34321251708517225, "5.714285714285714": 0.40145785235576437, "5.510204081632653": 0.3924399947493906, "5.918367346938775": 0.40949790150738963, "6.326530612244898": 0.42312095826515933, "6.122448979591837": 0.4166838759373228, "6.530612244897959": 0.42889893872893914, "6.73469387755102": 0.4340947481554516, "2.6530612244897958": 2.0844512802236888e-05, "7.142857142857143": 0.44299514827886904, "7.346938775510204": 0.4468058291170018, "7.551020408163265": 0.4502489662488359, "6.938775510204081": 0.4387745005430524, "7.755102040816327": 0.4533611694433053, "8.16326530612245": 0.45871445574880454, "8.36734693877551": 0.46100572238535853, "8.979591836734695": 0.4665641906986676, "9.183673469387756": 0.46802366748610597, "8.571428571428571": 0.4630673410536363, "8.775510204081632": 0.4649156783970814, "7.959183673469388": 0.45617397514544283, "9.387755102040817": 0.469302439400199, "10.0": 0.4721045994346432, "9.591836734693878": 0.4704065585574398, "9.795918367346939": 0.4713399584526903}