{"0.6122448979591837": 1.184607967275042e-13, "0.8163265306122449": 5.918709966579172e-12, "0.40816326530612246": 5.147882120581926e-12, "0.20408163265306123": 8.326672684688674e-15, "1.0204081632653061": 1.1869472071879272e-10, "1.4285714285714286": 4.275113596463598e-11, "1.2244897959183674": 2.159272760593467e-12, "3.8775510204081636": 0.24695285978800174, "1.6326530612244898": 4.1410652684703564e-10, "3.673469387755102": 0.21070899809868215, "3.4693877551020407": 0.1719004430020954, "3.2653061224489797": 0.13019127677131748, "1.836734693877551": 1.953270878374269e-11, "3.0612244897959187": 0.08517330581366922, "2.0408163265306123": -2.377100738470972e-10, "2.2448979591836737": -1.9732926404003592e-10, "2.4489795918367347": 1.0416001394730756e-10, "0.0": 0.0, "2.857142857142857": 0.036344374201060514, "2.6530612244897958": 1.494040779981276e-09, "4.6938775510204085": 0.37125269268046457, "4.081632653061225": 0.28091151688874816, "4.8979591836734695": 0.3980939703770213, "5.510204081632653": 0.4706025376144618, "5.1020408163265305": 0.4235276989854213, "6.326530612244898": 0.5519445202295089, "4.285714285714286": 0.3128198059746726, "6.530612244897959": 0.5700032630195063, "4.4897959183673475": 0.34287681245834367, "5.918367346938775": 0.5132145510443678, "5.3061224489795915": 0.4476647650549548, "5.714285714285714": 0.4924270108298975, "6.122448979591837": 0.5330333317040519, "6.73469387755102": 0.5872595141790928, "6.938775510204081": 0.6037587268083451, "7.142857142857143": 0.6195424395353832, "7.755102040816327": 0.6629671662449599, "7.346938775510204": 0.6346487729879984, "7.959183673469388": 0.6762418777252435, "8.16326530612245": 0.68896508575173, "7.551020408163265": 0.6491128520714166, "8.775510204081632": 0.7240802876277674, "8.36734693877551": 0.7011630536238511, "9.795918367346939": 0.7737416439534134, "10.0": 0.7825164613611204, "9.387755102040817": 0.7550874726482042, "9.183673469387756": 0.745173746629538, "8.979591836734695": 0.7348445278206299, "8.571428571428571": 0.7128604040752009, "9.591836734693878": 0.7646042349659807}