{"0.6122448979591837": 4.234390615920347e-13, "0.8163265306122449": 2.080458028075327e-11, "0.40816326530612246": 1.8754331421177994e-11, "0.20408163265306123": 3.108624468950438e-14, "1.0204081632653061": 4.1186254406966327e-10, "1.4285714285714286": 1.4580925356000307e-10, "1.2244897959183674": 7.419176384360071e-12, "3.8775510204081636": 0.6114855130187568, "1.6326530612244898": 1.4043732843305179e-09, "3.673469387755102": 0.5455802742136782, "3.4693877551020407": 0.4667365202442575, "3.2653061224489797": 0.3718270997767441, "1.836734693877551": 6.587175249705979e-11, "3.0612244897959187": 0.25675939365340505, "2.0408163265306123": -8.012115415567678e-10, "2.2448979591836737": -6.667197904874911e-10, "2.4489795918367347": 3.292105477115115e-10, "0.0": 0.0, "2.857142857142857": 0.11609375169729441, "2.6530612244897958": 4.9062718332493205e-09, "4.6938775510204085": 0.7870616590954701, "4.081632653061225": 0.666874568998369, "4.8979591836734695": 0.8158822012696835, "5.510204081632653": 0.8799745167255335, "5.1020408163265305": 0.8405608260308789, "6.326530612244898": 0.9311702190524562, "4.285714285714286": 0.713646738714445, "6.530612244897959": 0.9399901091086673, "4.4897959183673475": 0.7533074617020593, "5.918367346938775": 0.9092610959257003, "5.3061224489795915": 0.8617464788901563, "5.714285714285714": 0.895689186384768, "6.122448979591837": 0.9210009166021075, "6.73469387755102": 0.9476481624531228, "6.938775510204081": 0.9543040279659623, "7.142857142857143": 0.9600939867189549, "7.755102040816327": 0.9733545575517829, "7.346938775510204": 0.9651346822980464, "7.959183673469388": 0.9766939121738112, "8.16326530612245": 0.9796082262576632, "7.551020408163265": 0.9695261903404743, "8.775510204081632": 0.9863177420388548, "8.36734693877551": 0.9821527934626385, "9.795918367346939": 0.9929296690109233, "10.0": 0.9938002580514843, "9.387755102040817": 0.9907989126563995, "9.183673469387756": 0.9895002534702617, "8.979591836734695": 0.9880155849152588, "8.571428571428571": 0.9843754732178096, "9.591836734693878": 0.9919351938517453}