{"0.6122448979591837": 2.404521026733164e-13, "0.8163265306122449": 1.1873058092248812e-11, "0.40816326530612246": 1.0590461840820354e-11, "0.20408163265306123": 1.7430501486614958e-14, "1.0204081632653061": 2.35961850059141e-10, "1.4285714285714286": 8.397438300278282e-11, "1.2244897959183674": 4.263234210100109e-12, "3.8775510204081636": 0.3927659210803037, "1.6326530612244898": 8.102132298404285e-10, "3.673469387755102": 0.3446575085446806, "3.4693877551020407": 0.28983487389896023, "3.2653061224489797": 0.22684560597348813, "1.836734693877551": 3.806832626906953e-11, "3.0612244897959187": 0.15380774094956357, "2.0408163265306123": -4.631106609309654e-10, "2.2448979591836737": -3.85085474619018e-10, "2.4489795918367347": 1.9418022745298913e-10, "0.0": 0.0, "2.857142857142857": 0.06824412519955408, "2.6530612244897958": 2.858933201288494e-09, "4.6938775510204085": 0.5375762792464668, "4.8979591836734695": 0.5652092627340862, "4.081632653061225": 0.4352967377325965, "5.510204081632653": 0.6343513292588905, "5.1020408163265305": 0.5903409498036043, "6.326530612244898": 0.7036347997586878, "4.285714285714286": 0.47315057907058156, "6.530612244897959": 0.7179980014551708, "4.4897959183673475": 0.50704907215583, "5.918367346938775": 0.6716331689969007, "5.3061224489795915": 0.6132974505890354, "5.714285714285714": 0.6537318810518458, "6.122448979591837": 0.6882203656632742, "6.73469387755102": 0.7314149734887048, "6.938775510204081": 0.7439768472713919, "7.142857142857143": 0.755763058408812, "7.755102040816327": 0.7871221227676891, "7.346938775510204": 0.7668431367120176, "7.959183673469388": 0.7964226915046706, "8.16326530612245": 0.8052223419541034, "7.551020408163265": 0.7772781873790396, "8.775510204081632": 0.8289752693922023, "8.36734693877551": 0.813558949559366, "9.795918367346939": 0.8614168539764173, "10.0": 0.867029980037266, "9.387755102040817": 0.8493720486514823, "9.183673469387756": 0.8429043493658275, "8.979591836734695": 0.8361129506584815, "8.571428571428571": 0.8214664317322444, "9.591836734693878": 0.8555366185202866}