{"3.673469387755102": 0.541043776598776, "3.4693877551020407": 0.5002805868508365, "0.20408163265306123": 3.386390594318038e-08, "0.6122448979591837": 1.2957995181903785e-07, "0.40816326530612246": 7.587584564022749e-08, "3.8775510204081636": 0.5776545844601049, "1.2244897959183674": 4.5123139628770917e-07, "0.8163265306122449": 2.009351497997658e-07, "3.0612244897959187": 0.40346535071195994, "1.6326530612244898": 1.2282838518664536e-06, "3.2653061224489797": 0.45469567213653467, "2.2448979591836737": 0.11681049768324592, "2.6530612244897958": 0.27968831022780716, "2.857142857142857": 0.3455627128220696, "1.4285714285714286": 7.050877001200679e-07, "2.4489795918367347": 0.2041695164560786, "0.0": 0.0, "1.0204081632653061": 3.007947821312151e-07, "2.0408163265306123": 0.014676307127552782, "1.836734693877551": 2.950250695551708e-06, "4.081632653061225": 0.6106632366824853, "4.6938775510204085": 0.6922907181326744, "4.285714285714286": 0.6405266979950279, "4.4897959183673475": 0.6676279708754709, "5.1020408163265305": 0.7353634609019464, "5.510204081632653": 0.771516474699706, "5.3061224489795915": 0.7542132688425142, "5.714285714285714": 0.7874269078800907, "6.122448979591837": 0.8155915384114745, "4.8979591836734695": 0.7147904918242273, "6.73469387755102": 0.8502721566885679, "5.918367346938775": 0.8020791803685446, "6.530612244897959": 0.8396012208858269, "6.326530612244898": 0.8280681911141005, "7.142857142857143": 0.8693086656823127, "7.959183673469388": 0.8997143988142001, "6.938775510204081": 0.8601532732060372, "7.346938775510204": 0.8777951400879, "7.551020408163265": 0.8856629506118896, "7.755102040816327": 0.8929564106307548, "8.16326530612245": 0.9059707785588478, "8.36734693877551": 0.9117547462371589, "8.979591836734695": 0.9264999212117704, "8.775510204081632": 0.9220005921328094, "8.571428571428571": 0.9170911216202839, "9.591836734693878": 0.9376495242222477, "9.387755102040817": 0.9343166597006987, "9.795918367346939": 0.9406034555654114, "9.183673469387756": 0.9306021298862898, "10.0": 0.9431780515987283}