{"0.20408163265306123": 2.24201156686002e-08, "2.0408163265306123": 3.648609315404933e-07, "0.40816326530612246": 4.685325035158737e-08, "2.4489795918367347": 5.083925470390141e-07, "3.673469387755102": 1.4711102561462831e-06, "1.2244897959183674": 1.7125691659108238e-07, "0.8163265306122449": 1.0293910986417964e-07, "1.0204081632653061": 1.3533348673857575e-07, "1.4285714285714286": 2.1131507091173284e-07, "0.6122448979591837": 7.358080694370944e-08, "3.4693877551020407": 1.2034954289807559e-06, "1.836734693877551": 3.070397911746509e-07, "1.6326530612244898": 2.562604593483567e-07, "2.857142857142857": 7.068240809580806e-07, "3.8775510204081636": 1.8361298677231854e-06, "0.0": 0.0, "3.2653061224489797": 9.989144691913769e-07, "2.2448979591836737": 4.312896110026442e-07, "2.6530612244897958": 5.989552225003542e-07, "3.0612244897959187": 8.374647912292207e-07, "5.714285714285714": 0.2482917785250198, "6.122448979591837": 0.3550368483381547, "4.081632653061225": 2.3634604693283286e-06, "6.73469387755102": 0.4815683505879137, "5.510204081632653": 0.1863733817721845, "7.959183673469388": 0.6534065716229014, "7.551020408163265": 0.6054614115900753, "7.142857142857143": 0.5488228565034887, "4.285714285714286": 3.1921335945092557e-06, "4.4897959183673475": 4.683402415774086e-06, "6.326530612244898": 0.401171430219428, "7.755102040816327": 0.630419539480156, "6.938775510204081": 0.5166641430296122, "6.530612244897959": 0.44319968121253944, "5.3061224489795915": 0.117695230659762, "5.1020408163265305": 0.041290026898239705, "5.918367346938775": 0.304277955249192, "4.6938775510204085": 8.16015387737899e-06, "7.346938775510204": 0.5783368852935064, "4.8979591836734695": 2.546638212288142e-05, "8.775510204081632": 0.7287619547478329, "8.36734693877551": 0.6941304521342019, "8.16326530612245": 0.6745935877291449, "8.571428571428571": 0.7121483527982285, "9.387755102040817": 0.771112526602182, "10.0": 0.8037051817127474, "9.591836734693878": 0.782984163818747, "9.183673469387756": 0.7581630580421254, "8.979591836734695": 0.7440712355214402, "9.795918367346939": 0.7938329400612013}