{"0.20408163265306123": 6.892778489865821e-08, "1.0204081632653061": 4.846150845555408e-07, "0.6122448979591837": 2.416879123407915e-07, "2.0408163265306123": 1.9687420346493097e-06, "0.8163265306122449": 3.5195515760392824e-07, "1.2244897959183674": 6.472597030126357e-07, "0.40816326530612246": 1.4858488133895984e-07, "3.4693877551020407": 0.24196765880741034, "1.6326530612244898": 1.1150422486766237e-06, "1.836734693877551": 1.468908047832413e-06, "2.2448979591836737": 2.7283281971635666e-06, "2.6530612244897958": 6.712910130593661e-06, "2.4489795918367347": 4.021225976792185e-06, "3.8775510204081636": 0.4025904225374219, "3.673469387755102": 0.32843545524255763, "3.2653061224489797": 0.14041166298357416, "0.0": 0.0, "1.4285714285714286": 8.513502860756557e-07, "2.857142857142857": 1.5747699700856347e-05, "4.081632653061225": 0.46659780040399207, "3.0612244897959187": 0.02022557591642804, "4.4897959183673475": 0.5706633845495562, "4.285714285714286": 0.522167158182093, "5.1020408163265305": 0.6837410105518196, "4.6938775510204085": 0.6131872439911495, "4.8979591836734695": 0.6506346721103906, "5.714285714285714": 0.7626064469656622, "5.918367346938775": 0.7835075127219362, "6.122448979591837": 0.802267941336762, "6.326530612244898": 0.8191460924718146, "5.510204081632653": 0.7392613858705821, "6.530612244897959": 0.8343629515577443, "5.3061224489795915": 0.7131144169212333, "6.73469387755102": 0.8481082525499425, "7.346938775510204": 0.8820409104804338, "6.938775510204081": 0.8605454235077167, "7.755102040816327": 0.8997659449961879, "7.551020408163265": 0.891327138024084, "8.571428571428571": 0.926479082199318, "8.36734693877551": 0.9207385332409191, "8.775510204081632": 0.931672326375867, "8.16326530612245": 0.9144078836409316, "7.142857142857143": 0.8718156020397206, "8.979591836734695": 0.9363541333888923, "7.959183673469388": 0.9074366801822173, "9.387755102040817": 0.9442958825787187, "9.591836734693878": 0.9475980528889519, "9.795918367346939": 0.9504741068287353, "9.183673469387756": 0.9405540603257609, "10.0": 0.9529330285416141}