{"0.6122448979591837": 6.50312782796206e-07, "1.0204081632653061": 8.204813563575504e-07, "3.8775510204081636": 0.5891724915707826, "0.20408163265306123": 5.411264804129683e-07, "0.8163265306122449": 7.249724246152231e-07, "0.40816326530612246": 5.903472615776813e-07, "3.4693877551020407": 0.47937335736928555, "1.4285714285714286": 1.1225164570177844e-06, "3.2653061224489797": 0.4103647822478425, "3.673469387755102": 0.5383782952310079, "3.0612244897959187": 0.32903624511139345, "1.6326530612244898": 1.3823925431331267e-06, "1.2244897959183674": 9.469904106111342e-07, "1.836734693877551": 1.8066507057105325e-06, "2.857142857142857": 0.23234907959882403, "2.0408163265306123": 2.6234017500526964e-06, "2.6530612244897958": 0.11624824915357963, "0.0": 5e-07, "2.2448979591836737": 4.846056966522921e-06, "4.8979591836734695": 0.7604148851485251, "4.6938775510204085": 0.7344309833710975, "4.285714285714286": 0.6714660858378217, "5.1020408163265305": 0.7834222330878203, "4.081632653061225": 0.6331626799654971, "2.4489795918367347": 3.449128356486419e-05, "4.4897959183673475": 0.7049797361531724, "5.510204081632653": 0.8220718067734926, "5.3061224489795915": 0.8038608276327515, "6.122448979591837": 0.8659977371971929, "5.714285714285714": 0.8383423058284034, "6.938775510204081": 0.9066010566750736, "7.551020408163265": 0.9279610581047048, "6.530612244897959": 0.8883721023342553, "5.918367346938775": 0.852915363361692, "6.326530612244898": 0.8777661180068198, "7.142857142857143": 0.9144341231862628, "6.73469387755102": 0.8979461964589848, "7.346938775510204": 0.9215297689614541, "7.755102040816327": 0.9337911881352772, "8.16326530612245": 0.9438583304520277, "8.571428571428571": 0.9520795514857345, "8.36734693877551": 0.9481820639522455, "9.183673469387756": 0.9614687694349848, "9.591836734693878": 0.9659782190677549, "7.959183673469388": 0.9390746753056742, "8.775510204081632": 0.9555787869383064, "9.387755102040817": 0.96389091161529, "8.979591836734695": 0.958702544596108, "10.0": 0.9691658669033114, "9.795918367346939": 0.9677360001736994}