{"0.6122448979591837": 6.594985632000069e-07, "1.0204081632653061": 8.40066324647944e-07, "3.8775510204081636": 0.6104381477826353, "0.20408163265306123": 5.436397652696704e-07, "0.8163265306122449": 7.387207377344904e-07, "0.40816326530612246": 5.958684828414133e-07, "3.4693877551020407": 0.49940521453798914, "1.4285714285714286": 1.1605591162343127e-06, "3.2653061224489797": 0.42885153649959207, "3.673469387755102": 0.5592748027294835, "3.0612244897959187": 0.3450407799744644, "1.6326530612244898": 1.4363165054456168e-06, "1.2244897959183674": 9.743064844762404e-07, "1.836734693877551": 1.886501524205456e-06, "2.857142857142857": 0.24457308608472186, "2.0408163265306123": 2.7531650372557907e-06, "2.6530612244897958": 0.1228767519386246, "0.0": 5e-07, "2.2448979591836737": 5.1116486954317476e-06, "4.8979591836734695": 0.7797589102025985, "4.6938775510204085": 0.7544390109205192, "4.285714285714286": 0.6924874272060454, "5.1020408163265305": 0.802042339153993, "4.081632653061225": 0.654436842876234, "2.4489795918367347": 3.656848944439817e-05, "4.4897959183673475": 0.7255606641465417, "5.510204081632653": 0.8391527104299026, "5.3061224489795915": 0.8217206378299736, "6.122448979591837": 0.8807480831813514, "5.714285714285714": 0.8546390719019931, "6.938775510204081": 0.9184944745907462, "7.551020408163265": 0.9379914706586803, "6.530612244897959": 0.901645470266877, "5.918367346938775": 0.8684327902176328, "6.326530612244898": 0.8917671246343408, "7.142857142857143": 0.925678283239683, "6.73469387755102": 0.9105164094920746, "7.346938775510204": 0.9321528498290441, "7.755102040816327": 0.9432572653618532, "8.16326530612245": 0.9522793220898946, "8.571428571428571": 0.959563099179107, "8.36734693877551": 0.9561212153315963, "9.183673469387756": 0.9677351829366769, "9.591836734693878": 0.9715497702858445, "7.959183673469388": 0.948004439732915, "8.775510204081632": 0.9626322111481735, "9.387755102040817": 0.9697987906489222, "8.979591836734695": 0.9653505301498988, "10.0": 0.9741280863373263, "9.795918367346939": 0.9729926038747447}