{"0.6122448979591837": 6.670142017122075e-07, "1.0204081632653061": 8.560903896128115e-07, "3.8775510204081636": 0.6278373210468783, "0.20408163265306123": 5.456960892433359e-07, "0.8163265306122449": 7.499693575593453e-07, "0.40816326530612246": 6.003858456935576e-07, "3.4693877551020407": 0.5157949158578374, "1.4285714285714286": 1.191684928320563e-06, "3.2653061224489797": 0.44397706270556897, "3.673469387755102": 0.5763719452282362, "3.0612244897959187": 0.3581353994078861, "1.6326530612244898": 1.4804361109740178e-06, "1.2244897959183674": 9.966559994567814e-07, "1.836734693877551": 1.9518340120649384e-06, "2.857142857142857": 0.25457454593682005, "2.0408163265306123": 2.8593349995128673e-06, "2.6530612244897958": 0.12830007239911592, "0.0": 5e-07, "2.2448979591836737": 5.328951019084423e-06, "4.8979591836734695": 0.7955858397922948, "4.6938775510204085": 0.770809215279137, "4.285714285714286": 0.7096867065073192, "5.1020408163265305": 0.8172769713899526, "4.081632653061225": 0.6718429761668369, "2.4489795918367347": 3.8268021527653236e-05, "4.4897959183673475": 0.7423996052320255, "5.510204081632653": 0.8531279952396925, "5.3061224489795915": 0.8363332098095189, "6.122448979591837": 0.8928165480774811, "5.714285714285714": 0.8679727895985664, "6.938775510204081": 0.9282254528853874, "7.551020408163265": 0.9461981718392055, "6.530612244897959": 0.9125054985753855, "5.918367346938775": 0.8811288667361294, "6.326530612244898": 0.9032224936932216, "7.142857142857143": 0.9348780505561175, "6.73469387755102": 0.9208011292464207, "7.346938775510204": 0.9408444614479812, "7.755102040816327": 0.9510022376381426, "8.16326530612245": 0.9591692243390583, "8.571428571428571": 0.9656860018373207, "8.36734693877551": 0.9626168846419744, "9.591836734693878": 0.976108312191554, "9.183673469387756": 0.9728622485289704, "7.959183673469388": 0.95531061062793, "8.775510204081632": 0.9684031945926102, "9.387755102040817": 0.9746325098582576, "8.979591836734695": 0.9707897910575456, "10.0": 0.9781880840560657, "9.795918367346939": 0.977293461448327}